97 26 115 2664 133 111
45 41 23
45 40 24
45 39 25
45 38 26
45 37 27
45 36 28
45 35 29
45 34 30
45 33 31
45 32 32
44 42 23
44 41 24
44 40 25
44 39 26
44 38 27
44 37 28
44 36 29
44 35 30
44 34 31
44 33 32
43 43 23
43 42 24
43 41 25
43 40 26
43 39 27
43 38 28
43 37 29
43 36 30
43 35 31
43 34 32
43 33 33
45 38 25
45 37 26
45 36 27
45 35 28
45 34 29
45 33 30
45 32 31
44 40 24
44 39 25
44 38 26
44 37 27
44 36 28
44 35 29
44 34 30
44 33 31
44 32 32
43 40 25
43 39 26
43 38 27
43 37 28
43 36 29
43 35 30
43 34 31
43 33 32
45 35 27
45 34 28
45 33 29
45 32 30
44 38 25
44 37 26
44 36 27
44 35 28
44 34 29
44 33 30
44 32 31
43 35 29
45 33 28
42 35 32
42 42 25
42 36 31
42 41 26
42 40 27
42 39 28
42 38 29
42 37 30
42 34 33
43 42 23
43 41 24
42 42 24
42 40 26
42 38 28
42 37 29
42 34 32
43 38 26
43 37 27
43 36 28
43 34 30
43 33 31
43 32 32
42 41 25
42 39 27
42 35 31
42 33 33
44 41 23
42 36 30
45 39 24
45 45 7
45 43 15
44 44 15
45 42 20
44 43 22
41 41 27
41 40 28
41 39 29
41 38 30
41 37 31
41 36 32
41 35 33
41 34 34
45 40 23
44 42 22
45 31 31
44 39 24
43 39 25
42 42 23
42 38 27
42 37 28
42 34 31
42 33 32
44 34 28
45 36 26
42 35 30
42 13
14 14 14
15 14 13
15 15 12
16 14 12
16 15 11
17 16 9
17 17 8
18 12 12
18 15 9
18 16 8
18 17 7
18 18 6
20 16 6
43 6
15 14 14
15 15 13
17 17 9
18 16 9
18 17 8
18 18 7
44 3
15 15 14
18 17 9
18 18 8
45 2
15 15 15
18 18 9
17 -4000000000000000 13
6 6 5 -100000000000000
7 5 5 -100000000000000
7 6 4 -100000000000000
7 7 3 -100000000000000
8 5 4 -100000000000000
8 6 3 -100000000000000
8 7 2 -100000000000000
8 8 1 -100000000000000
9 4 4 -100000000000000
9 5 3 -100000000000000
9 6 2 -100000000000000
9 7 1 -100000000000000
9 8 0 -100000000000000
16 -4000000000000000 14
9 7 0 -100000000000000
9 6 1 -100000000000000
9 5 2 -100000000000000
9 4 3 -100000000000000
8 8 0 -100000000000000
8 7 1 -100000000000000
8 6 2 -100000000000000
8 5 3 -100000000000000
8 4 4 -100000000000000
7 7 2 -100000000000000
7 6 3 -100000000000000
7 5 4 -100000000000000
6 6 4 -100000000000000
6 5 5 -100000000000000
18 -3999215716553074 12
6 6 6 -100000000000000
7 6 5 -100000000000000
7 7 4 -100000000000000
8 5 5 -100000000000000
8 6 4 -100000000000000
8 7 3 -100000000000000
8 8 2 -100000000000000
9 5 4 -99607858276537
9 6 3 -99934797755770
9 7 2 -100000000000000
9 8 1 -100000000000000
9 9 0 -100000000000000
17 -3999683335746818 13
6 6 5 -100000000000000
7 5 5 -100000000000000
7 6 4 -100000000000000
7 7 3 -100000000000000
8 5 4 -100000000000000
8 6 3 -100000000000000
8 7 2 -100000000000000
8 8 1 -100000000000000
9 4 4 -100000000000000
9 5 3 -99842905320302
9 6 2 -99997525106214
9 7 1 -100000000000000
9 8 0 -100000000000000
16 -4000000000000000 14
9 7 0 -100000000000000
9 6 1 -100000000000000
9 5 2 -100000000000000
9 4 3 -100000000000000
8 8 0 -100000000000000
8 7 1 -100000000000000
8 6 2 -100000000000000
8 5 3 -100000000000000
8 4 4 -100000000000000
7 7 2 -100000000000000
7 6 3 -100000000000000
7 5 4 -100000000000000
6 6 4 -100000000000000
6 5 5 -100000000000000
18 -3995594680435918 12
6 6 6 -100000000000000
7 6 5 -99887565753450
7 7 4 -99856409350672
8 5 5 -99848276010319
8 6 4 -99969498352318
8 7 3 -100000000000000
8 8 2 -100000000000000
9 5 4 -99297385961554
9 6 3 -99481166046645
9 7 2 -99654308101583
9 8 1 -100000000000000
9 9 0 -100000000000000
17 -3999700221343377 13
6 6 5 -100000000000000
7 5 5 -99999134166920
7 6 4 -99989941409878
7 7 3 -99990065100318
8 5 4 -100000000000000
8 6 3 -100000000000000
8 7 2 -100000000000000
8 8 1 -100000000000000
9 4 4 -99994401256506
9 5 3 -100000000000000
9 6 2 -100000000000000
9 7 1 -99931692606625
9 8 0 -99888697391976
18 -3995298998026537 12
6 6 6 -99987778030565
7 6 5 -100000000000000
7 7 4 -100000000000000
8 5 5 -99858705193636
8 6 4 -99716490907713
8 7 3 -99783137495793
8 8 2 -100000000000000
9 5 4 -98989354634994
9 6 3 -99249091589584
9 7 2 -99367976349384
9 8 1 -100000000000000
9 9 0 -100000000000000
16 -3998459526585159 14
9 7 0 -100000000000000
9 6 1 -100000000000000
9 5 2 -100000000000000
9 4 3 -100000000000000
8 8 0 -100000000000000
8 7 1 -99903618174302
8 6 2 -99950961663631
8 5 3 -100000000000000
8 4 4 -99912682181407
7 7 2 -99960004536293
7 6 3 -99960416002648
7 5 4 -99975595314490
6 6 4 -99969208775518
6 5 5 -100000000000000
18 -3982402961641252 12
6 6 6 -99950602150041
7 6 5 -99984239320617
7 7 4 -100000000000000
8 5 5 -99385431362733
8 6 4 -99391765226126
8 7 3 -99290307761409
8 8 2 -99339774590174
9 5 4 -98028892877720
9 6 3 -98189225988172
9 7 2 -98314974196015
9 8 1 -99173872911083
9 9 0 -100000000000000
18 -3997345040190862 12
6 6 6 -100000000000000
7 6 5 -100000000000000
7 7 4 -99937621790932
8 5 5 -99918450637515
8 6 4 -100000000000000
8 7 3 -100000000000000
8 8 2 -100000000000000
9 5 4 -99532592338451
9 6 3 -99651074012079
9 7 2 -100000000000000
9 8 1 -100000000000000
9 9 0 -100000000000000
18 -3995798895232714 12
6 6 6 -99896897487489
7 6 5 -100000000000000
7 7 4 -100000000000000
8 5 5 -99835340299047
8 6 4 -99876500200060
8 7 3 -99808936075415
8 8 2 -100000000000000
9 5 4 -99378641483830
9 6 3 -99574755905483
9 7 2 -99983529736644
9 8 1 -100000000000000
9 9 0 -100000000000000
18 -3997296092036534 12
6 6 6 -99999163192064
7 6 5 -100000000000000
7 7 4 -100000000000000
8 5 5 -99850340762876
8 6 4 -99904720829328
8 7 3 -99873695662246
8 8 2 -100000000000000
9 5 4 -99030836316827
9 6 3 -99551580160586
9 7 2 -99997796330575
9 8 1 -100000000000000
9 9 0 -100000000000000
18 -3997657507205998 12
6 6 6 -100000000000000
7 6 5 -100000000000000
7 7 4 -99920719270724
8 5 5 -100000000000000
8 6 4 -100000000000000
8 7 3 -100000000000000
8 8 2 -100000000000000
9 5 4 -99562975490545
9 6 3 -99728505628247
9 7 2 -100000000000000
9 8 1 -100000000000000
9 9 0 -100000000000000
17 -3999954006944032 13
6 6 5 -100000000000000
7 5 5 -100000000000000
7 6 4 -100000000000000
7 7 3 -100000000000000
8 5 4 -100000000000000
8 6 3 -99996714781717
8 7 2 -100000000000000
8 8 1 -100000000000000
9 4 4 -99980288690299
9 5 3 -100000000000000
9 6 2 -100000000000000
9 7 1 -100000000000000
9 8 0 -100000000000000
17 -3999764814383446 13
6 6 5 -100000000000000
7 5 5 -100000000000000
7 6 4 -100000000000000
7 7 3 -99991120563599
8 5 4 -100000000000000
8 6 3 -100000000000000
8 7 2 -100000000000000
8 8 1 -100000000000000
9 4 4 -99886846909924
9 5 3 -99913485219126
9 6 2 -100000000000000
9 7 1 -100000000000000
9 8 0 -100000000000000
17 -3999328657816272 13
6 6 5 -100000000000000
7 5 5 -100000000000000
7 6 4 -99958041113517
7 7 3 -100000000000000
8 5 4 -100000000000000
8 6 3 -100000000000000
8 7 2 -100000000000000
8 8 1 -100000000000000
9 4 4 -100000000000000
9 5 3 -99927818594661
9 6 2 -100000000000000
9 7 1 -100000000000000
9 8 0 -100000000000000
16 -4000000000000000 14
9 7 0 -100000000000000
9 6 1 -100000000000000
9 5 2 -100000000000000
9 4 3 -100000000000000
8 8 0 -100000000000000
8 7 1 -100000000000000
8 6 2 -100000000000000
8 5 3 -100000000000000
8 4 4 -100000000000000
7 7 2 -100000000000000
7 6 3 -100000000000000
7 5 4 -100000000000000
6 6 4 -100000000000000
6 5 5 -100000000000000
17 -3999023889059224 13
6 6 5 -100000000000000
7 5 5 -99952892101967
7 6 4 -99980343554511
7 7 3 -99991257791907
8 5 4 -99960206643381
8 6 3 -100000000000000
8 7 2 -99974835726210
8 8 1 -100000000000000
9 4 4 -100000000000000
9 5 3 -100000000000000
9 6 2 -100000000000000
9 7 1 -100000000000000
9 8 0 -100000000000000
17 -3997151672083890 13
6 6 5 -100000000000000
7 5 5 -100000000000000
7 6 4 -100000000000000
7 7 3 -99715167208389
8 5 4 -100000000000000
8 6 3 -100000000000000
8 7 2 -100000000000000
8 8 1 -100000000000000
9 4 4 -100000000000000
9 5 3 -100000000000000
9 6 2 -100000000000000
9 7 1 -100000000000000
9 8 0 -100000000000000
17 -4000000000000000 13
6 6 5 -100000000000000
7 5 5 -100000000000000
7 6 4 -100000000000000
7 7 3 -100000000000000
8 5 4 -100000000000000
8 6 3 -100000000000000
8 7 2 -100000000000000
8 8 1 -100000000000000
9 4 4 -100000000000000
9 5 3 -100000000000000
9 6 2 -100000000000000
9 7 1 -100000000000000
9 8 0 -100000000000000
17 -4000000000000000 13
6 6 5 -100000000000000
7 5 5 -100000000000000
7 6 4 -100000000000000
7 7 3 -100000000000000
8 5 4 -100000000000000
8 6 3 -100000000000000
8 7 2 -100000000000000
8 8 1 -100000000000000
9 4 4 -100000000000000
9 5 3 -100000000000000
9 6 2 -100000000000000
9 7 1 -100000000000000
9 8 0 -100000000000000
16 -4000000000000000 14
9 7 0 -100000000000000
9 6 1 -100000000000000
9 5 2 -100000000000000
9 4 3 -100000000000000
8 8 0 -100000000000000
8 7 1 -100000000000000
8 6 2 -100000000000000
8 5 3 -100000000000000
8 4 4 -100000000000000
7 7 2 -100000000000000
7 6 3 -100000000000000
7 5 4 -100000000000000
6 6 4 -100000000000000
6 5 5 -100000000000000
16 -4000000000000000 14
9 7 0 -100000000000000
9 6 1 -100000000000000
9 5 2 -100000000000000
9 4 3 -100000000000000
8 8 0 -100000000000000
8 7 1 -100000000000000
8 6 2 -100000000000000
8 5 3 -100000000000000
8 4 4 -100000000000000
7 7 2 -100000000000000
7 6 3 -100000000000000
7 5 4 -100000000000000
6 6 4 -100000000000000
6 5 5 -100000000000000
16 -4000000000000000 14
9 7 0 -100000000000000
9 6 1 -100000000000000
9 5 2 -100000000000000
9 4 3 -100000000000000
8 8 0 -100000000000000
8 7 1 -100000000000000
8 6 2 -100000000000000
8 5 3 -100000000000000
8 4 4 -100000000000000
7 7 2 -100000000000000
7 6 3 -100000000000000
7 5 4 -100000000000000
6 6 4 -100000000000000
6 5 5 -100000000000000
16 -4000000000000000 14
9 7 0 -100000000000000
9 6 1 -100000000000000
9 5 2 -100000000000000
9 4 3 -100000000000000
8 8 0 -100000000000000
8 7 1 -100000000000000
8 6 2 -100000000000000
8 5 3 -100000000000000
8 4 4 -100000000000000
7 7 2 -100000000000000
7 6 3 -100000000000000
7 5 4 -100000000000000
6 6 4 -100000000000000
6 5 5 -100000000000000
16 -4000000000000000 14
9 7 0 -100000000000000
9 6 1 -100000000000000
9 5 2 -100000000000000
9 4 3 -100000000000000
8 8 0 -100000000000000
8 7 1 -100000000000000
8 6 2 -100000000000000
8 5 3 -100000000000000
8 4 4 -100000000000000
7 7 2 -100000000000000
7 6 3 -100000000000000
7 5 4 -100000000000000
6 6 4 -100000000000000
6 5 5 -100000000000000
16 -4000000000000000 14
9 7 0 -100000000000000
9 6 1 -100000000000000
9 5 2 -100000000000000
9 4 3 -100000000000000
8 8 0 -100000000000000
8 7 1 -100000000000000
8 6 2 -100000000000000
8 5 3 -100000000000000
8 4 4 -100000000000000
7 7 2 -100000000000000
7 6 3 -100000000000000
7 5 4 -100000000000000
6 6 4 -100000000000000
6 5 5 -100000000000000
17 -4000000000000000 13
6 6 5 -100000000000000
7 5 5 -100000000000000
7 6 4 -100000000000000
7 7 3 -100000000000000
8 5 4 -100000000000000
8 6 3 -100000000000000
8 7 2 -100000000000000
8 8 1 -100000000000000
9 4 4 -100000000000000
9 5 3 -100000000000000
9 6 2 -100000000000000
9 7 1 -100000000000000
9 8 0 -100000000000000
16 -4000000000000000 14
9 7 0 -100000000000000
9 6 1 -100000000000000
9 5 2 -100000000000000
9 4 3 -100000000000000
8 8 0 -100000000000000
8 7 1 -100000000000000
8 6 2 -100000000000000
8 5 3 -100000000000000
8 4 4 -100000000000000
7 7 2 -100000000000000
7 6 3 -100000000000000
7 5 4 -100000000000000
6 6 4 -100000000000000
6 5 5 -100000000000000
18 -4000000000000000 12
6 6 6 -100000000000000
7 6 5 -100000000000000
7 7 4 -100000000000000
8 5 5 -100000000000000
8 6 4 -100000000000000
8 7 3 -100000000000000
8 8 2 -100000000000000
9 5 4 -100000000000000
9 6 3 -100000000000000
9 7 2 -100000000000000
9 8 1 -100000000000000
9 9 0 -100000000000000
17 -4000000000000000 13
6 6 5 -100000000000000
7 5 5 -100000000000000
7 6 4 -100000000000000
7 7 3 -100000000000000
8 5 4 -100000000000000
8 6 3 -100000000000000
8 7 2 -100000000000000
8 8 1 -100000000000000
9 4 4 -100000000000000
9 5 3 -100000000000000
9 6 2 -100000000000000
9 7 1 -100000000000000
9 8 0 -100000000000000
16 -4000000000000000 14
9 7 0 -100000000000000
9 6 1 -100000000000000
9 5 2 -100000000000000
9 4 3 -100000000000000
8 8 0 -100000000000000
8 7 1 -100000000000000
8 6 2 -100000000000000
8 5 3 -100000000000000
8 4 4 -100000000000000
7 7 2 -100000000000000
7 6 3 -100000000000000
7 5 4 -100000000000000
6 6 4 -100000000000000
6 5 5 -100000000000000
18 -3996936327299200 12
6 6 6 -100000000000000
7 6 5 -100000000000000
7 7 4 -100000000000000
8 5 5 -99829795961067
8 6 4 -99898662157954
8 7 3 -100000000000000
8 8 2 -100000000000000
9 5 4 -99324166398186
9 6 3 -99489387883200
9 7 2 -99573509176025
9 8 1 -100000000000000
9 9 0 -100000000000000
17 -4000000000000000 13
6 6 5 -100000000000000
7 5 5 -100000000000000
7 6 4 -100000000000000
7 7 3 -100000000000000
8 5 4 -100000000000000
8 6 3 -100000000000000
8 7 2 -100000000000000
8 8 1 -100000000000000
9 4 4 -100000000000000
9 5 3 -100000000000000
9 6 2 -100000000000000
9 7 1 -100000000000000
9 8 0 -100000000000000
18 -3995801359191634 12
6 6 6 -100000000000000
7 6 5 -100000000000000
7 7 4 -100000000000000
8 5 5 -100000000000000
8 6 4 -100000000000000
8 7 3 -100000000000000
8 8 2 -100000000000000
9 5 4 -99200678548478
9 6 3 -99300226531939
9 7 2 -99931536735140
9 8 1 -100000000000000
9 9 0 -100000000000000
16 -4000000000000000 14
9 7 0 -100000000000000
9 6 1 -100000000000000
9 5 2 -100000000000000
9 4 3 -100000000000000
8 8 0 -100000000000000
8 7 1 -100000000000000
8 6 2 -100000000000000
8 5 3 -100000000000000
8 4 4 -100000000000000
7 7 2 -100000000000000
7 6 3 -100000000000000
7 5 4 -100000000000000
6 6 4 -100000000000000
6 5 5 -100000000000000
18 -3997541972421372 12
6 6 6 -99944344874105
7 6 5 -100000000000000
7 7 4 -100000000000000
8 5 5 -100000000000000
8 6 4 -100000000000000
8 7 3 -100000000000000
8 8 2 -100000000000000
9 5 4 -99047304553550
9 6 3 -99738742405949
9 7 2 -99669983817852
9 8 1 -100000000000000
9 9 0 -100000000000000
18 -3995169154362062 12
6 6 6 -100000000000000
7 6 5 -100000000000000
7 7 4 -100000000000000
8 5 5 -99836474021234
8 6 4 -99634437734549
8 7 3 -100000000000000
8 8 2 -100000000000000
9 5 4 -99046826242835
9 6 3 -99669824724270
9 7 2 -100000000000000
9 8 1 -100000000000000
9 9 0 -100000000000000
18 -3989976181558226 12
6 6 6 -99488494485056
7 6 5 -100000000000000
7 7 4 -100000000000000
8 5 5 -100000000000000
8 6 4 -100000000000000
8 7 3 -100000000000000
8 8 2 -100000000000000
9 5 4 -99257722720031
9 6 3 -99693378299555
9 7 2 -100000000000000
9 8 1 -100000000000000
9 9 0 -100000000000000
18 -3997985729110992 12
6 6 6 -99967740636522
7 6 5 -100000000000000
7 7 4 -100000000000000
8 5 5 -100000000000000
8 6 4 -100000000000000
8 7 3 -100000000000000
8 8 2 -100000000000000
9 5 4 -99057383282453
9 6 3 -99750313154440
9 7 2 -100000000000000
9 8 1 -100000000000000
9 9 0 -100000000000000
18 -3997703096319035 12
6 6 6 -99969566793443
7 6 5 -100000000000000
7 7 4 -99879157174737
8 5 5 -100000000000000
8 6 4 -100000000000000
8 7 3 -100000000000000
8 8 2 -100000000000000
9 5 4 -100000000000000
9 6 3 -99879602175219
9 7 2 -100000000000000
9 8 1 -99456207286318
9 9 0 -100000000000000
17 -3991437898747704 13
6 6 5 -100000000000000
7 5 5 -99382652885137
7 6 4 -100000000000000
7 7 3 -100000000000000
8 5 4 -99711516031515
8 6 3 -100000000000000
8 7 2 -100000000000000
8 8 1 -100000000000000
9 4 4 -98188337833304
9 5 3 -98513466612865
9 6 2 -100000000000000
9 7 1 -100000000000000
9 8 0 -100000000000000
17 -3998814201350905 13
6 6 5 -100000000000000
7 5 5 -99970539380583
7 6 4 -100000000000000
7 7 3 -99963767781792
8 5 4 -100000000000000
8 6 3 -100000000000000
8 7 2 -100000000000000
8 8 1 -99941362936498
9 4 4 -100000000000000
9 5 3 -99472651425412
9 6 2 -100000000000000
9 7 1 -100000000000000
9 8 0 -100000000000000
17 -3997689108241064 13
6 6 5 -100000000000000
7 5 5 -100000000000000
7 6 4 -99953782164821
7 7 3 -100000000000000
8 5 4 -99768910824107
8 6 3 -100000000000000
8 7 2 -100000000000000
8 8 1 -100000000000000
9 4 4 -100000000000000
9 5 3 -99439336199250
9 6 2 -100000000000000
9 7 1 -100000000000000
9 8 0 -100000000000000
16 -4000000000000000 14
9 7 0 -100000000000000
9 6 1 -100000000000000
9 5 2 -100000000000000
9 4 3 -100000000000000
8 8 0 -100000000000000
8 7 1 -100000000000000
8 6 2 -100000000000000
8 5 3 -100000000000000
8 4 4 -100000000000000
7 7 2 -100000000000000
7 6 3 -100000000000000
7 5 4 -100000000000000
6 6 4 -100000000000000
6 5 5 -100000000000000
17 -3999903570796552 13
6 6 5 -100000000000000
7 5 5 -99993425281583
7 6 4 -100000000000000
7 7 3 -100000000000000
8 5 4 -99995616854389
8 6 3 -100000000000000
8 7 2 -100000000000000
8 8 1 -100000000000000
9 4 4 -100000000000000
9 5 3 -100000000000000
9 6 2 -100000000000000
9 7 1 -100000000000000
9 8 0 -100000000000000
17 -3995998595593268 13
6 6 5 -99949885152834
7 5 5 -100000000000000
7 6 4 -100000000000000
7 7 3 -100000000000000
8 5 4 -100000000000000
8 6 3 -100000000000000
8 7 2 -100000000000000
8 8 1 -100000000000000
9 4 4 -98274929456047
9 5 3 -100000000000000
9 6 2 -100000000000000
9 7 1 -100000000000000
9 8 0 -100000000000000
17 -3998352958104880 13
6 6 5 -100000000000000
7 5 5 -100000000000000
7 6 4 -100000000000000
7 7 3 -100000000000000
8 5 4 -99835295810488
8 6 3 -100000000000000
8 7 2 -100000000000000
8 8 1 -100000000000000
9 4 4 -99176479052441
9 5 3 -100000000000000
9 6 2 -100000000000000
9 7 1 -100000000000000
9 8 0 -100000000000000
17 -3998372068515416 13
6 6 5 -100000000000000
7 5 5 -100000000000000
7 6 4 -100000000000000
7 7 3 -100000000000000
8 5 4 -99837206851542
8 6 3 -99902324110925
8 7 2 -100000000000000
8 8 1 -100000000000000
9 4 4 -99283710146783
9 5 3 -100000000000000
9 6 2 -100000000000000
9 7 1 -100000000000000
9 8 0 -100000000000000
16 -4000000000000000 14
9 7 0 -100000000000000
9 6 1 -100000000000000
9 5 2 -100000000000000
9 4 3 -100000000000000
8 8 0 -100000000000000
8 7 1 -100000000000000
8 6 2 -100000000000000
8 5 3 -100000000000000
8 4 4 -100000000000000
7 7 2 -100000000000000
7 6 3 -100000000000000
7 5 4 -100000000000000
6 6 4 -100000000000000
6 5 5 -100000000000000
16 -4000000000000000 14
9 7 0 -100000000000000
9 6 1 -100000000000000
9 5 2 -100000000000000
9 4 3 -100000000000000
8 8 0 -100000000000000
8 7 1 -100000000000000
8 6 2 -100000000000000
8 5 3 -100000000000000
8 4 4 -100000000000000
7 7 2 -100000000000000
7 6 3 -100000000000000
7 5 4 -100000000000000
6 6 4 -100000000000000
6 5 5 -100000000000000
16 -4000000000000000 14
9 7 0 -100000000000000
9 6 1 -100000000000000
9 5 2 -100000000000000
9 4 3 -100000000000000
8 8 0 -100000000000000
8 7 1 -100000000000000
8 6 2 -100000000000000
8 5 3 -100000000000000
8 4 4 -100000000000000
7 7 2 -100000000000000
7 6 3 -100000000000000
7 5 4 -100000000000000
6 6 4 -100000000000000
6 5 5 -100000000000000
16 -4000000000000000 14
9 7 0 -100000000000000
9 6 1 -100000000000000
9 5 2 -100000000000000
9 4 3 -100000000000000
8 8 0 -100000000000000
8 7 1 -100000000000000
8 6 2 -100000000000000
8 5 3 -100000000000000
8 4 4 -100000000000000
7 7 2 -100000000000000
7 6 3 -100000000000000
7 5 4 -100000000000000
6 6 4 -100000000000000
6 5 5 -100000000000000
16 -4000000000000000 14
9 7 0 -100000000000000
9 6 1 -100000000000000
9 5 2 -100000000000000
9 4 3 -100000000000000
8 8 0 -100000000000000
8 7 1 -100000000000000
8 6 2 -100000000000000
8 5 3 -100000000000000
8 4 4 -100000000000000
7 7 2 -100000000000000
7 6 3 -100000000000000
7 5 4 -100000000000000
6 6 4 -100000000000000
6 5 5 -100000000000000
16 -4000000000000000 14
9 7 0 -100000000000000
9 6 1 -100000000000000
9 5 2 -100000000000000
9 4 3 -100000000000000
8 8 0 -100000000000000
8 7 1 -100000000000000
8 6 2 -100000000000000
8 5 3 -100000000000000
8 4 4 -100000000000000
7 7 2 -100000000000000
7 6 3 -100000000000000
7 5 4 -100000000000000
6 6 4 -100000000000000
6 5 5 -100000000000000
17 -4000000000000000 13
6 6 5 -100000000000000
7 5 5 -100000000000000
7 6 4 -100000000000000
7 7 3 -100000000000000
8 5 4 -100000000000000
8 6 3 -100000000000000
8 7 2 -100000000000000
8 8 1 -100000000000000
9 4 4 -100000000000000
9 5 3 -100000000000000
9 6 2 -100000000000000
9 7 1 -100000000000000
9 8 0 -100000000000000
16 -4000000000000000 14
9 7 0 -100000000000000
9 6 1 -100000000000000
9 5 2 -100000000000000
9 4 3 -100000000000000
8 8 0 -100000000000000
8 7 1 -100000000000000
8 6 2 -100000000000000
8 5 3 -100000000000000
8 4 4 -100000000000000
7 7 2 -100000000000000
7 6 3 -100000000000000
7 5 4 -100000000000000
6 6 4 -100000000000000
6 5 5 -100000000000000
18 -4000000000000000 12
6 6 6 -100000000000000
7 6 5 -100000000000000
7 7 4 -100000000000000
8 5 5 -100000000000000
8 6 4 -100000000000000
8 7 3 -100000000000000
8 8 2 -100000000000000
9 5 4 -100000000000000
9 6 3 -100000000000000
9 7 2 -100000000000000
9 8 1 -100000000000000
9 9 0 -100000000000000
17 -3993845652284128 13
6 6 5 -100000000000000
7 5 5 -99487137690344
7 6 4 -100000000000000
7 7 3 -100000000000000
8 5 4 -100000000000000
8 6 3 -100000000000000
8 7 2 -100000000000000
8 8 1 -100000000000000
9 4 4 -100000000000000
9 5 3 -100000000000000
9 6 2 -99622852523131
9 7 1 -100000000000000
9 8 0 -100000000000000
16 -4000000000000000 14
9 7 0 -100000000000000
9 6 1 -100000000000000
9 5 2 -100000000000000
9 4 3 -100000000000000
8 8 0 -100000000000000
8 7 1 -100000000000000
8 6 2 -100000000000000
8 5 3 -100000000000000
8 4 4 -100000000000000
7 7 2 -100000000000000
7 6 3 -100000000000000
7 5 4 -100000000000000
6 6 4 -100000000000000
6 5 5 -100000000000000
18 -3943939897943380 12
6 6 6 -97956269815147
7 6 5 -99674203512190
7 7 4 -100000000000000
8 5 5 -98439326083305
8 6 4 -97732134928768
8 7 3 -98262134869602
8 8 2 -100000000000000
9 5 4 -91604904849030
9 6 3 -96106596816838
9 7 2 -95670270048746
9 8 1 -98455949718172
9 9 0 -100000000000000
17 -3961729654691753 13
6 6 5 -99883023870657
7 5 5 -99101689760183
7 6 4 -100000000000000
7 7 3 -99587968839712
8 5 4 -99376796539333
8 6 3 -97366532835880
8 7 2 -98981097724877
8 8 1 -100000000000000
9 4 4 -92586276016503
9 5 3 -95862865962376
9 6 2 -97456733487097
9 7 1 -95592477672474
9 8 0 -96598964119285
18 -3929629524643830 12
6 6 6 -98062219601334
7 6 5 -100000000000000
7 7 4 -98676382428480
8 5 5 -97704181935527
8 6 4 -97250447561551
8 7 3 -97920880369255
8 8 2 -100000000000000
9 5 4 -92972642960764
9 6 3 -95424428194361
9 7 2 -95554209406922
9 8 1 -96629392877911
9 9 0 -98896050904452
16 -3956427676797237 14
9 7 0 -100000000000000
9 6 1 -97084386714665
9 5 2 -99149775507733
9 4 3 -93947259606051
8 8 0 -100000000000000
8 7 1 -99286808187107
8 6 2 -99223184633269
8 5 3 -97543061537827
8 4 4 -98223664053725
7 7 2 -100000000000000
7 6 3 -98167559560743
7 5 4 -100000000000000
6 6 4 -100000000000000
6 5 5 -99337703405081
18 -3961853222600038 12
6 6 6 -99490291073416
7 6 5 -100000000000000
7 7 4 -99151992383357
8 5 5 -98757059368122
8 6 4 -97984690323990
8 7 3 -99005716348165
8 8 2 -98926962343650
9 5 4 -94835937310805
9 6 3 -97882995480387
9 7 2 -98363426172594
9 8 1 -100000000000000
9 9 0 -100000000000000
18 -3998316299976308 12
6 6 6 -100000000000000
7 6 5 -100000000000000
7 7 4 -100000000000000
8 5 5 -100000000000000
8 6 4 -100000000000000
8 7 3 -100000000000000
8 8 2 -100000000000000
9 5 4 -99158149988154
9 6 3 -100000000000000
9 7 2 -100000000000000
9 8 1 -100000000000000
9 9 0 -100000000000000
18 -3998036745603582 12
6 6 6 -100000000000000
7 6 5 -100000000000000
7 7 4 -100000000000000
8 5 5 -100000000000000
8 6 4 -99978730915913
8 7 3 -100000000000000
8 8 2 -100000000000000
9 5 4 -99103449138139
9 6 3 -100000000000000
9 7 2 -100000000000000
9 8 1 -100000000000000
9 9 0 -100000000000000
18 -3993980026144160 12
6 6 6 -99623751634010
7 6 5 -100000000000000
7 7 4 -100000000000000
8 5 5 -100000000000000
8 6 4 -100000000000000
8 7 3 -100000000000000
8 8 2 -100000000000000
9 5 4 -97844468373936
9 6 3 -100000000000000
9 7 2 -99796082860254
9 8 1 -100000000000000
9 9 0 -100000000000000
18 -3998120221478033 12
6 6 6 -100000000000000
7 6 5 -100000000000000
7 7 4 -99973552656861
8 5 5 -99920657970582
8 6 4 -100000000000000
8 7 3 -100000000000000
8 8 2 -100000000000000
9 5 4 -99534221751325
9 6 3 -100000000000000
9 7 2 -99629232906282
9 8 1 -100000000000000
9 9 0 -99548378007557
17 -3984413576355272 13
6 6 5 -100000000000000
7 5 5 -100000000000000
7 6 4 -100000000000000
7 7 3 -100000000000000
8 5 4 -98764186688651
8 6 3 -99957104434739
8 7 2 -100000000000000
8 8 1 -100000000000000
9 4 4 -92249683742897
9 5 3 -94268679165189
9 6 2 -100000000000000
9 7 1 -100000000000000
9 8 0 -100000000000000
17 -3997341768165610 13
6 6 5 -100000000000000
7 5 5 -100000000000000
7 6 4 -100000000000000
7 7 3 -100000000000000
8 5 4 -100000000000000
8 6 3 -100000000000000
8 7 2 -100000000000000
8 8 1 -100000000000000
9 4 4 -99948040175918
9 5 3 -100000000000000
9 6 2 -98670884082805
9 7 1 -100000000000000
9 8 0 -100000000000000
17 -3997465637415220 13
6 6 5 -100000000000000
7 5 5 -100000000000000
7 6 4 -100000000000000
7 7 3 -100000000000000
8 5 4 -100000000000000
8 6 3 -100000000000000
8 7 2 -100000000000000
8 8 1 -100000000000000
9 4 4 -98732818707610
9 5 3 -100000000000000
9 6 2 -100000000000000
9 7 1 -100000000000000
9 8 0 -100000000000000
16 -4000000000000000 14
9 7 0 -100000000000000
9 6 1 -100000000000000
9 5 2 -100000000000000
9 4 3 -100000000000000
8 8 0 -100000000000000
8 7 1 -100000000000000
8 6 2 -100000000000000
8 5 3 -100000000000000
8 4 4 -100000000000000
7 7 2 -100000000000000
7 6 3 -100000000000000
7 5 4 -100000000000000
6 6 4 -100000000000000
6 5 5 -100000000000000
17 -3996698086230044 13
6 6 5 -100000000000000
7 5 5 -100000000000000
7 6 4 -100000000000000
7 7 3 -99968814908122
8 5 4 -100000000000000
8 6 3 -100000000000000
8 7 2 -100000000000000
8 8 1 -100000000000000
9 4 4 -98364635660961
9 5 3 -100000000000000
9 6 2 -100000000000000
9 7 1 -100000000000000
9 8 0 -100000000000000
17 -3990767759953446 13
6 6 5 -100000000000000
7 5 5 -100000000000000
7 6 4 -100000000000000
7 7 3 -100000000000000
8 5 4 -100000000000000
8 6 3 -100000000000000
8 7 2 -100000000000000
8 8 1 -100000000000000
9 4 4 -95383879976723
9 5 3 -100000000000000
9 6 2 -100000000000000
9 7 1 -100000000000000
9 8 0 -100000000000000
17 -3994601013207215 13
6 6 5 -99875596200733
7 5 5 -100000000000000
7 6 4 -100000000000000
7 7 3 -100000000000000
8 5 4 -99609385879842
8 6 3 -100000000000000
8 7 2 -100000000000000
8 8 1 -100000000000000
9 4 4 -97984727499576
9 5 3 -100000000000000
9 6 2 -100000000000000
9 7 1 -100000000000000
9 8 0 -100000000000000
17 -3990162289238306 13
6 6 5 -100000000000000
7 5 5 -100000000000000
7 6 4 -100000000000000
7 7 3 -100000000000000
8 5 4 -99016228923831
8 6 3 -100000000000000
8 7 2 -100000000000000
8 8 1 -100000000000000
9 4 4 -95081144619153
9 5 3 -100000000000000
9 6 2 -100000000000000
9 7 1 -100000000000000
9 8 0 -100000000000000
16 -4000000000000000 14
9 7 0 -100000000000000
9 6 1 -100000000000000
9 5 2 -100000000000000
9 4 3 -100000000000000
8 8 0 -100000000000000
8 7 1 -100000000000000
8 6 2 -100000000000000
8 5 3 -100000000000000
8 4 4 -100000000000000
7 7 2 -100000000000000
7 6 3 -100000000000000
7 5 4 -100000000000000
6 6 4 -100000000000000
6 5 5 -100000000000000
16 -4000000000000000 14
9 7 0 -100000000000000
9 6 1 -100000000000000
9 5 2 -100000000000000
9 4 3 -100000000000000
8 8 0 -100000000000000
8 7 1 -100000000000000
8 6 2 -100000000000000
8 5 3 -100000000000000
8 4 4 -100000000000000
7 7 2 -100000000000000
7 6 3 -100000000000000
7 5 4 -100000000000000
6 6 4 -100000000000000
6 5 5 -100000000000000
16 -4000000000000000 14
9 7 0 -100000000000000
9 6 1 -100000000000000
9 5 2 -100000000000000
9 4 3 -100000000000000
8 8 0 -100000000000000
8 7 1 -100000000000000
8 6 2 -100000000000000
8 5 3 -100000000000000
8 4 4 -100000000000000
7 7 2 -100000000000000
7 6 3 -100000000000000
7 5 4 -100000000000000
6 6 4 -100000000000000
6 5 5 -100000000000000
16 -4000000000000000 14
9 7 0 -100000000000000
9 6 1 -100000000000000
9 5 2 -100000000000000
9 4 3 -100000000000000
8 8 0 -100000000000000
8 7 1 -100000000000000
8 6 2 -100000000000000
8 5 3 -100000000000000
8 4 4 -100000000000000
7 7 2 -100000000000000
7 6 3 -100000000000000
7 5 4 -100000000000000
6 6 4 -100000000000000
6 5 5 -100000000000000
16 -4000000000000000 14
9 7 0 -100000000000000
9 6 1 -100000000000000
9 5 2 -100000000000000
9 4 3 -100000000000000
8 8 0 -100000000000000
8 7 1 -100000000000000
8 6 2 -100000000000000
8 5 3 -100000000000000
8 4 4 -100000000000000
7 7 2 -100000000000000
7 6 3 -100000000000000
7 5 4 -100000000000000
6 6 4 -100000000000000
6 5 5 -100000000000000
16 -4000000000000000 14
9 7 0 -100000000000000
9 6 1 -100000000000000
9 5 2 -100000000000000
9 4 3 -100000000000000
8 8 0 -100000000000000
8 7 1 -100000000000000
8 6 2 -100000000000000
8 5 3 -100000000000000
8 4 4 -100000000000000
7 7 2 -100000000000000
7 6 3 -100000000000000
7 5 4 -100000000000000
6 6 4 -100000000000000
6 5 5 -100000000000000
41 -11927957165126592 40
14 14 13 -98969405386423
15 13 13 -100000000000000
15 14 12 -99954222590042
15 15 11 -98850313425100
16 13 12 -98864752823382
16 14 11 -99156358294346
16 15 10 -98449842998867
16 16 9 -98672196140511
17 12 12 -97709355639893
17 13 11 -97884706812077
17 14 10 -98788634463538
17 15 9 -97453109010863
17 16 8 -98597659059397
17 17 7 -97376763684955
18 12 11 -96192775242366
18 13 10 -96965689322896
18 14 9 -97797045680006
18 15 8 -96908480554102
18 16 7 -96381339262824
18 17 6 -96755416940553
18 18 5 -95275992540910
19 11 11 -100000000000000
19 12 10 -100000000000000
19 13 9 -100000000000000
19 14 8 -100000000000000
19 15 7 -100000000000000
19 16 6 -100000000000000
19 17 5 -100000000000000
19 18 4 -100000000000000
19 19 3 -100000000000000
20 11 10 -100000000000000
20 12 9 -100000000000000
20 13 8 -100000000000000
20 14 7 -100000000000000
20 15 6 -100000000000000
20 16 5 -100000000000000
20 17 4 -100000000000000
20 18 3 -100000000000000
20 19 2 -100000000000000
20 20 1 -100000000000000
41 -11950089274656823 40
14 14 13 -99024392178455
15 13 13 -100000000000000
15 14 12 -100000000000000
15 15 11 -99094313233569
16 13 12 -99087398809786
16 14 11 -99229141293882
16 15 10 -98529152272021
16 16 9 -98797800710085
17 12 12 -97955149274504
17 13 11 -98138698572096
17 14 10 -99067220599781
17 15 9 -97772685774144
17 16 8 -98974622700530
17 17 7 -97827510454754
18 12 11 -96473290349289
18 13 10 -97263565165978
18 14 9 -98129642995406
18 15 8 -97290422333220
18 16 7 -96835461731322
18 17 6 -97296343089834
18 18 5 -95921083107133
19 11 11 -100000000000000
19 12 10 -100000000000000
19 13 9 -100000000000000
19 14 8 -100000000000000
19 15 7 -100000000000000
19 16 6 -100000000000000
19 17 5 -100000000000000
19 18 4 -100000000000000
19 19 3 -100000000000000
20 11 10 -100000000000000
20 12 9 -100000000000000
20 13 8 -100000000000000
20 14 7 -100000000000000
20 15 6 -100000000000000
20 16 5 -100000000000000
20 17 4 -100000000000000
20 18 3 -100000000000000
20 19 2 -100000000000000
20 20 1 -100000000000000
42 -12080775131508436 13
14 14 14 -100000000000000
15 14 13 -100000000000000
15 15 12 -99913968382755
16 14 12 -99565118793723
16 15 11 -100000000000000
17 16 9 -100000000000000
17 17 8 -99875043680598
18 12 12 -100000000000000
18 15 9 -98993687616334
18 16 8 -99161872461289
18 17 7 -99816052765897
18 18 6 -100000000000000
20 16 6 -100000000000000
41 -12063666476145337 40
14 14 13 -99992764441747
15 13 13 -100000000000000
15 14 12 -100000000000000
15 15 11 -99345543189508
16 13 12 -99745535263158
16 14 11 -100000000000000
16 15 10 -99401468721736
16 16 9 -100000000000000
17 12 12 -98852251734265
17 13 11 -98910743663388
17 14 10 -100000000000000
17 15 9 -99179489203116
17 16 8 -100000000000000
17 17 7 -100000000000000
18 12 11 -99211002628584
18 13 10 -98968207822261
18 14 9 -99563980844895
18 15 8 -98312920164593
18 16 7 -99466574904045
18 17 6 -98996767726854
18 18 5 -98504084941766
19 11 11 -100000000000000
19 12 10 -100000000000000
19 13 9 -100000000000000
19 14 8 -100000000000000
19 15 7 -100000000000000
19 16 6 -100000000000000
19 17 5 -100000000000000
19 18 4 -100000000000000
19 19 3 -100000000000000
20 11 10 -100000000000000
20 12 9 -100000000000000
20 13 8 -100000000000000
20 14 7 -100000000000000
20 15 6 -100000000000000
20 16 5 -100000000000000
20 17 4 -100000000000000
20 18 3 -100000000000000
20 19 2 -100000000000000
20 20 1 -100000000000000
42 -12089864370041164 13
14 14 14 -100000000000000
15 14 13 -100000000000000
15 15 12 -99667692398044
16 14 12 -99746147023529
16 15 11 -100000000000000
17 16 9 -100000000000000
17 17 8 -99321517971075
18 12 12 -100000000000000
18 15 9 -100000000000000
18 16 8 -100000000000000
18 17 7 -100000000000000
18 18 6 -100000000000000
20 16 6 -100000000000000
42 -12082338401805371 13
14 14 14 -100000000000000
15 14 13 -100000000000000
15 15 12 -98771906590724
16 14 12 -99611741167589
16 15 11 -100000000000000
17 16 9 -100000000000000
17 17 8 -99231598364689
18 12 12 -100000000000000
18 15 9 -99846825983537
18 16 8 -100000000000000
18 17 7 -100000000000000
18 18 6 -100000000000000
20 16 6 -100000000000000
41 -12094116282108544 40
14 14 13 -100000000000000
15 13 13 -100000000000000
15 14 12 -100000000000000
15 15 11 -100000000000000
16 13 12 -100000000000000
16 14 11 -100000000000000
16 15 10 -100000000000000
16 16 9 -100000000000000
17 12 12 -100000000000000
17 13 11 -100000000000000
17 14 10 -100000000000000
17 15 9 -100000000000000
17 16 8 -100000000000000
17 17 7 -100000000000000
18 12 11 -100000000000000
18 13 10 -100000000000000
18 14 9 -100000000000000
18 15 8 -99346253567616
18 16 7 -100000000000000
18 17 6 -100000000000000
18 18 5 -99436570859888
19 11 11 -100000000000000
19 12 10 -100000000000000
19 13 9 -100000000000000
19 14 8 -100000000000000
19 15 7 -100000000000000
19 16 6 -100000000000000
19 17 5 -100000000000000
19 18 4 -100000000000000
19 19 3 -100000000000000
20 11 10 -100000000000000
20 12 9 -100000000000000
20 13 8 -100000000000000
20 14 7 -100000000000000
20 15 6 -100000000000000
20 16 5 -100000000000000
20 17 4 -100000000000000
20 18 3 -100000000000000
20 19 2 -100000000000000
20 20 1 -100000000000000
42 -11938012521789191 13
14 14 14 -99406194352574
15 14 13 -99839812484488
15 15 12 -100000000000000
16 14 12 -98848450286546
16 15 11 -98725560139850
17 16 9 -97902486075561
17 17 8 -97332162035227
18 12 12 -92513771209381
18 15 9 -95435239823798
18 16 8 -96867579571342
18 17 7 -98389166296742
18 18 6 -100000000000000
20 16 6 -100000000000000
41 -11851774917526760 40
14 14 13 -96520729615948
15 13 13 -97594181813657
15 14 12 -98318721474866
15 15 11 -100000000000000
16 13 12 -98287014150565
16 14 11 -98910135369104
16 15 10 -99800995355007
16 16 9 -98870017125255
17 12 12 -98131945669430
17 13 11 -98376123013860
17 14 10 -98843429751917
17 15 9 -99297127401791
17 16 8 -98207670487506
17 17 7 -97770363536579
18 12 11 -98766688349004
18 13 10 -98817573352418
18 14 9 -99855222852704
18 15 8 -99384854350502
18 16 7 -99023234596146
18 17 6 -98775758266978
18 18 5 -97468612013871
19 11 11 -100000000000000
19 12 10 -100000000000000
19 13 9 -100000000000000
19 14 8 -100000000000000
19 15 7 -100000000000000
19 16 6 -100000000000000
19 17 5 -100000000000000
19 18 4 -100000000000000
19 19 3 -100000000000000
20 11 10 -100000000000000
20 12 9 -100000000000000
20 13 8 -100000000000000
20 14 7 -100000000000000
20 15 6 -100000000000000
20 16 5 -100000000000000
20 17 4 -100000000000000
20 18 3 -100000000000000
20 19 2 -100000000000000
20 20 1 -100000000000000
42 -12078262479352213 13
14 14 14 -100000000000000
15 14 13 -99641663552229
15 15 12 -100000000000000
16 14 12 -99422080585189
16 15 11 -100000000000000
17 16 9 -100000000000000
17 17 8 -99920181568237
18 12 12 -100000000000000
18 15 9 -100000000000000
18 16 8 -99612120056922
18 17 7 -100000000000000
18 18 6 -100000000000000
20 16 6 -100000000000000
41 -12068319859599382 40
14 14 13 -100000000000000
15 13 13 -100000000000000
15 14 12 -100000000000000
15 15 11 -100000000000000
16 13 12 -100000000000000
16 14 11 -100000000000000
16 15 10 -100000000000000
16 16 9 -100000000000000
17 12 12 -100000000000000
17 13 11 -100000000000000
17 14 10 -100000000000000
17 15 9 -100000000000000
17 16 8 -100000000000000
17 17 7 -100000000000000
18 12 11 -100000000000000
18 13 10 -100000000000000
18 14 9 -100000000000000
18 15 8 -97338601927825
18 16 7 -99102090813691
18 17 6 -97692226853563
18 18 5 -95233291382624
19 11 11 -100000000000000
19 12 10 -100000000000000
19 13 9 -100000000000000
19 14 8 -100000000000000
19 15 7 -100000000000000
19 16 6 -100000000000000
19 17 5 -100000000000000
19 18 4 -100000000000000
19 19 3 -100000000000000
20 11 10 -100000000000000
20 12 9 -100000000000000
20 13 8 -100000000000000
20 14 7 -100000000000000
20 15 6 -100000000000000
20 16 5 -100000000000000
20 17 4 -100000000000000
20 18 3 -100000000000000
20 19 2 -100000000000000
20 20 1 -100000000000000
42 -12075009695782060 13
14 14 14 -100000000000000
15 14 13 -99444659906268
15 15 12 -100000000000000
16 14 12 -100000000000000
16 15 11 -100000000000000
17 16 9 -100000000000000
17 17 8 -100000000000000
18 12 12 -100000000000000
18 15 9 -100000000000000
18 16 8 -100000000000000
18 17 7 -100000000000000
18 18 6 -100000000000000
20 16 6 -100000000000000
18 0 12
6 6 6 -99881982196764
7 6 5 -100000000000000
7 7 4 -99843102853112
8 5 5 -99592547339833
8 6 4 -99550940590530
8 7 3 -99514094933127
8 8 2 -99491326459565
9 5 4 -98282840627807
9 6 3 -99091666275321
9 7 2 -98838707982547
9 8 1 -99053035203463
9 9 0 -100000000000000
18 0 12
6 6 6 -99881982196764
7 6 5 -100000000000000
7 7 4 -99843102853112
8 5 5 -99592547339833
8 6 4 -99550940590531
8 7 3 -99514094933127
8 8 2 -99491326459564
9 5 4 -98282840627807
9 6 3 -99091666275321
9 7 2 -98838707982546
9 8 1 -99053035203462
9 9 0 -100000000000000
18 0 12
6 6 6 -100000000000000
7 6 5 -100000000000000
7 7 4 -100000000000000
8 5 5 -100000000000000
8 6 4 -100000000000000
8 7 3 -100000000000000
8 8 2 -100000000000000
9 5 4 -100000000000000
9 6 3 -100000000000000
9 7 2 -100000000000000
9 8 1 -100000000000000
9 9 0 -100000000000000
18 0 12
6 6 6 -99811483978586
7 6 5 -100000000000000
7 7 4 -100000000000000
8 5 5 -100000000000000
8 6 4 -99782132888852
8 7 3 -99836856628581
8 8 2 -100000000000000
9 5 4 -98401541157262
9 6 3 -99326150294069
9 7 2 -99153488530150
9 8 1 -99535526860483
9 9 0 -100000000000000
18 0 12
6 6 6 -100000000000000
7 6 5 -100000000000000
7 7 4 -100000000000000
8 5 5 -100000000000000
8 6 4 -100000000000000
8 7 3 -100000000000000
8 8 2 -100000000000000
9 5 4 -98619161871869
9 6 3 -99407824047251
9 7 2 -99282185106397
9 8 1 -99208620539768
9 9 0 -100000000000000
18 0 12
6 6 6 -100000000000000
7 6 5 -100000000000000
7 7 4 -100000000000000
8 5 5 -100000000000000
8 6 4 -100000000000000
8 7 3 -100000000000000
8 8 2 -100000000000000
9 5 4 -99919683163037
9 6 3 -100000000000000
9 7 2 -100000000000000
9 8 1 -100000000000000
9 9 0 -100000000000000
18 0 12
6 6 6 -98243743934166
7 6 5 -98856509331900
7 7 4 -100000000000000
8 5 5 -98619177129857
8 6 4 -98896049062451
8 7 3 -97992695768296
8 8 2 -98387961096171
9 5 4 -96842144792632
9 6 3 -97028368766793
9 7 2 -97287908028492
9 8 1 -98301440419197
9 9 0 -100000000000000
18 0 12
6 6 6 -98243743934162
7 6 5 -98856509331900
7 7 4 -100000000000000
8 5 5 -98619177129856
8 6 4 -98896049062439
8 7 3 -97992695768297
8 8 2 -98387961096173
9 5 4 -96842144792633
9 6 3 -97028368766792
9 7 2 -97287908028487
9 8 1 -98301440419198
9 9 0 -100000000000000
18 0 12
6 6 6 -100000000000000
7 6 5 -100000000000000
7 7 4 -100000000000000
8 5 5 -100000000000000
8 6 4 -100000000000000
8 7 3 -100000000000000
8 8 2 -100000000000000
9 5 4 -100000000000000
9 6 3 -100000000000000
9 7 2 -100000000000000
9 8 1 -100000000000000
9 9 0 -100000000000000
106 -3591640984 79
36 35 35 -9983147
36 36 34 -9990785
37 35 34 -10000000
37 36 33 -10000000
37 37 32 -10000000
38 34 34 -10000000
38 35 33 -10000000
38 36 32 -9968579
38 37 31 -10000000
38 38 30 -9839416
39 34 33 -10000000
39 35 32 -10000000
39 36 31 -9878915
39 37 30 -9826407
39 38 29 -9720417
39 39 28 -9680528
40 33 33 -10000000
40 34 32 -9973634
40 35 31 -9783564
40 36 30 -9742135
40 37 29 -9667163
40 38 28 -9663587
40 39 27 -9613310
40 40 26 -9582415
41 33 32 -9727037
41 34 31 -9581588
41 35 30 -9546357
41 36 29 -9541747
41 37 28 -9549502
41 38 27 -9590733
41 39 26 -9574631
41 40 25 -9580702
41 41 24 -9599913
42 32 32 -9453950
42 33 31 -9347118
42 34 30 -9323995
42 35 29 -9341420
42 36 28 -9355491
42 37 27 -9393613
42 38 26 -9558163
42 39 25 -9523458
42 40 24 -9569002
42 41 23 -9642062
42 42 22 -9724727
43 32 31 -9020433
43 33 30 -9000511
43 34 29 -9078628
43 35 28 -9081546
43 36 27 -9162434
43 37 26 -9473305
43 38 25 -9520897
43 39 24 -9566410
43 40 23 -9571209
43 41 22 -9700595
43 42 21 -9839138
43 43 20 -9897087
44 31 31 -8734924
44 32 30 -8675615
44 33 29 -8709989
44 35 27 -8996391
44 36 26 -9222233
44 37 25 -9378232
44 38 24 -9465191
44 39 23 -9537124
44 40 22 -9629436
44 41 21 -9792097
44 42 20 -9890680
44 43 19 -10000000
45 31 30 -8249935
45 32 29 -8277881
45 34 27 -8582204
45 35 26 -8885840
45 36 25 -9063418
45 37 24 -9240341
45 38 23 -9376513
45 39 22 -9505071
45 40 21 -9585916
45 41 20 -9744454
45 42 19 -9948755
106 -33592598595 79
36 35 35 -92355348
36 36 34 -92508910
37 35 34 -92620488
37 36 33 -92706756
37 37 32 -92293893
38 34 34 -92736938
38 35 33 -93086625
38 36 32 -92261603
38 37 31 -92267242
38 38 30 -91544330
39 34 33 -92878474
39 35 32 -92321477
39 36 31 -91828219
39 37 30 -92334597
39 38 29 -91100769
39 39 28 -90797679
40 33 33 -90472345
40 34 32 -91091574
40 35 31 -91463768
40 36 30 -90463738
40 37 29 -90083529
40 38 28 -90428964
40 39 27 -90551996
40 40 26 -90761402
41 33 32 -89382065
41 34 31 -89132330
41 35 30 -88848744
41 36 29 -88835414
41 37 28 -89284745
41 38 27 -89741734
41 39 26 -90400977
41 40 25 -91179655
41 41 24 -92198595
42 32 32 -86856255
42 33 31 -87395204
42 34 30 -87178352
42 35 29 -87233195
42 36 28 -87499679
42 37 27 -88343584
42 38 26 -89343531
42 39 25 -90460697
42 40 24 -91666052
42 41 23 -93078970
42 42 22 -94571645
43 32 31 -84296724
43 33 30 -84468141
43 34 29 -85019866
43 35 28 -85137238
43 36 27 -86189014
43 37 26 -87139663
43 38 25 -88432727
43 39 24 -90258558
43 40 23 -92048441
43 41 22 -94072959
43 42 21 -96299112
43 43 20 -98182222
44 31 31 -81256845
44 32 30 -81726283
44 33 29 -82156858
44 35 27 -83144003
44 36 26 -84406642
44 37 25 -85871220
44 38 24 -87757378
44 39 23 -89997608
44 40 22 -92603479
44 41 21 -95399127
44 42 20 -97923823
44 43 19 -100000000
45 31 30 -77622598
45 32 29 -78056738
45 34 27 -79291034
45 35 26 -80682168
45 36 25 -82143051
45 37 24 -89058692
45 38 23 -91578462
45 39 22 -93829642
45 40 21 -95466281
45 41 20 -96583419
45 42 19 -99131095
106 -383098965937752 79
36 35 35 -1053788184020
36 36 34 -1054538930620
37 35 34 -1055550358476
37 36 33 -1056118896790
37 37 32 -1057226357640
38 34 34 -1058584642044
38 35 33 -1058794221050
38 36 32 -1058169190776
38 37 31 -1058069148663
38 38 30 -1055318688756
39 34 33 -1058758491360
39 35 32 -1059431226848
39 36 31 -1057495132702
39 37 30 -1055534806663
39 38 29 -1053630435030
39 39 28 -1051308013228
40 33 33 -1055096969508
40 34 32 -1057250445252
40 35 31 -1056810654666
40 36 30 -1055451530596
40 37 29 -1054449195945
40 38 28 -1051520588962
40 39 27 -1050593153377
40 40 26 -1050117521476
41 33 32 -1053524840273
41 34 31 -1054074719482
41 35 30 -1053611358436
41 36 29 -1055080426057
41 37 28 -1053752489146
41 38 27 -1051745479404
41 39 26 -1050873874385
41 40 25 -1050435705766
41 41 24 -1051746506408
42 32 32 -1050638108342
42 33 31 -1050706322275
42 34 30 -1050576606838
42 35 29 -1052170398314
42 36 28 -1052755311678
42 37 27 -1051287285072
42 38 26 -1052580394436
42 39 25 -1053672946400
42 40 24 -1052107898168
42 41 23 -1052161808969
42 42 22 -1052887709020
43 32 31 -1046455886612
43 33 30 -1046500666465
43 34 29 -1049660865961
43 35 28 -1054053629251
43 36 27 -1055984920107
43 37 26 -1053063940181
43 38 25 -1054592645554
43 39 24 -1057251798620
43 40 23 -1054647334848
43 41 22 -1052367703945
43 42 21 -1053434340553
43 43 20 -1054479221786
44 31 31 -1041441794726
44 32 30 -1041370354814
44 33 29 -1043661856921
44 35 27 -1059612958520
44 36 26 -1056936127500
44 37 25 -1050620769330
44 38 24 -1057133370184
44 39 23 -1055341726549
44 40 22 -1054593948800
44 41 21 -1053571469208
44 42 20 -1057122747844
44 43 19 -1053900481607
45 31 30 -1038976177302
45 32 29 -1039142039447
45 34 27 -1051620303179
45 35 26 -1053045771215
45 36 25 -1054697143750
45 37 24 -1060000000000
45 38 23 -1051153973564
45 39 22 -1054114229317
45 40 21 -1054779776215
45 41 20 -1056392337755
45 42 19 -1055361104293
106 9050179505963232 79
36 35 35 25000000000000
36 36 34 24992042484104
37 35 34 24982931635749
37 36 33 24968169936415
37 37 32 24938646537747
38 34 34 24955599090685
38 35 33 24948794907248
38 36 32 24932411761875
38 37 31 24907774917142
38 38 30 24873918741291
39 34 33 24921062879624
39 35 32 24904243796985
39 36 31 24896788304305
39 37 30 24867635432438
39 38 29 24825274677812
39 39 28 24778506843216
40 33 33 24867273769995
40 34 32 24876199291261
40 35 31 24873407830802
40 36 30 24849712346885
40 37 29 24809792371083
40 38 28 24768582242308
40 39 27 24716901724436
40 40 26 24653969424840
41 33 32 24836407035075
41 34 31 24837296785475
41 35 30 24818220090039
41 36 29 24782345067175
41 37 28 24737751243116
41 38 27 24694546011692
41 39 26 24642079220283
41 40 25 24578425011787
41 41 24 24503402873149
42 32 32 24783410392239
42 33 31 24788455168325
42 34 30 24773059683747
42 35 29 24742693400725
42 36 28 24698102698651
42 37 27 24651367236155
42 38 26 24609600419042
42 39 25 24552749626632
42 40 24 24490052129639
42 41 23 24414120045023
42 42 22 24328796072176
43 32 31 24726882979352
43 33 30 24716819257056
43 34 29 24690421041281
43 35 28 24644952396506
43 36 27 24612125181963
43 37 26 24568730668700
43 38 25 24534880061280
43 39 24 24455164937422
43 40 23 24385670916164
43 41 22 24314037535018
43 42 21 24234602150044
43 43 20 24145598095041
44 31 31 24642723059557
44 32 30 24641734422831
44 33 29 24624325224509
44 35 27 24560830905633
44 36 26 24527133227859
44 37 25 24476841315319
44 38 24 24393204086046
44 39 23 24354677858263
44 40 22 24268746352709
44 41 21 24204349996229
44 42 20 24131220703849
44 43 19 24051197886695
45 31 30 24555569568206
45 32 29 24543623680672
45 34 27 24493303603647
45 35 26 24465849141999
45 36 25 24380340876990
45 37 24 24364427769362
45 38 23 24297769150905
45 39 22 24201873702017
45 40 21 24157097985830
45 41 20 24096034113841
45 42 19 24024744803874
106 905017950596 79
36 35 35 2500000000
36 36 34 2499204248
37 35 34 2498293163
37 36 33 2496816993
37 37 32 2493864653
38 34 34 2495559909
38 35 33 2494879490
38 36 32 2493241176
38 37 31 2490777491
38 38 30 2487391874
39 34 33 2492106287
39 35 32 2490424379
39 36 31 2489678830
39 37 30 2486763543
39 38 29 2482527467
39 39 28 2477850684
40 33 33 2486727376
40 34 32 2487619929
40 35 31 2487340783
40 36 30 2484971234
40 37 29 2480979237
40 38 28 2476858224
40 39 27 2471690172
40 40 26 2465396942
41 33 32 2483640703
41 34 31 2483729678
41 35 30 2481822009
41 36 29 2478234506
41 37 28 2473775124
41 38 27 2469454601
41 39 26 2464207922
41 40 25 2457842501
41 41 24 2450340287
42 32 32 2478341039
42 33 31 2478845516
42 34 30 2477305968
42 35 29 2474269340
42 36 28 2469810269
42 37 27 2465136723
42 38 26 2460960041
42 39 25 2455274962
42 40 24 2449005212
42 41 23 2441412004
42 42 22 2432879607
43 32 31 2472688297
43 33 30 2471681925
43 34 29 2469042104
43 35 28 2464495239
43 36 27 2461212518
43 37 26 2456873066
43 38 25 2453488006
43 39 24 2445516493
43 40 23 2438567091
43 41 22 2431403753
43 42 21 2423460215
43 43 20 2414559809
44 31 31 2464272305
44 32 30 2464173442
44 33 29 2462432522
44 35 27 2456083090
44 36 26 2452713322
44 37 25 2447684131
44 38 24 2439320408
44 39 23 2435467785
44 40 22 2426874635
44 41 21 2420434999
44 42 20 2413122070
44 43 19 2405119788
45 31 30 2455556956
45 32 29 2454362368
45 34 27 2449330360
45 35 26 2446584914
45 36 25 2438034087
45 37 24 2436442776
45 38 23 2429776915
45 39 22 2420187370
45 40 21 2415709798
45 41 20 2409603411
45 42 19 2402474480
106 961503442264 79
36 35 35 2649017575
36 36 34 2647621661
37 35 34 2646004800
37 36 33 2643423263
37 37 32 2638274829
38 34 34 2641112813
38 35 33 2639927780
38 36 32 2636492324
38 37 31 2632807214
38 38 30 2630727587
39 34 33 2633842264
39 35 32 2632821023
39 36 31 2631390383
39 37 30 2629899634
39 38 29 2624394516
39 39 28 2617281679
40 33 33 2628364282
40 34 32 2628726478
40 35 31 2630107466
40 36 30 2628036158
40 37 29 2622953094
40 38 28 2616373260
40 39 27 2608804605
40 40 26 2599776721
41 33 32 2625700472
41 34 31 2627801118
41 35 30 2625904907
41 36 29 2620374971
41 37 28 2614372277
41 38 27 2606727785
41 39 26 2597910514
41 40 25 2588689432
41 41 24 2577652724
42 32 32 2623455968
42 33 31 2624480489
42 34 30 2622786964
42 35 29 2616644380
42 36 28 2610565246
42 37 27 2604953708
42 38 26 2594205932
42 39 25 2584370762
42 40 24 2575282260
42 41 23 2564244323
42 42 22 2550803270
43 32 31 2619353104
43 33 30 2618603387
43 34 29 2613616684
43 35 28 2608524755
43 36 27 2606364194
43 37 26 2595035411
43 38 25 2580609362
43 39 24 2568275460
43 40 23 2559202222
43 41 22 2548195006
43 42 21 2536243614
43 43 20 2523129811
44 31 31 2613271268
44 32 30 2613210733
44 33 29 2608725038
44 35 27 2601559534
44 36 26 2590973425
44 37 25 2580379049
44 38 24 2562472278
44 39 23 2550910369
44 40 22 2543399931
44 41 21 2533306776
44 42 20 2520207638
44 43 19 2508583061
45 31 30 2603773574
45 32 29 2601764547
45 34 27 2594567423
45 35 26 2583644590
45 36 25 2575460855
45 37 24 2561375715
45 38 23 2542408692
45 39 22 2535842369
45 40 21 2530313777
45 41 20 2518740274
45 42 19 2504705547
40 -9829345995830952 44
14 13 13 -100000000000000
14 14 12 -98509575558885
15 13 12 -96917519794434
15 14 11 -93317239625737
15 15 10 -86442470776747
16 12 12 -92005393924146
16 13 11 -90219305896983
16 14 10 -85182326836855
16 15 9 -76966149101358
16 16 8 -64962348765001
17 12 11 -83138923772718
17 13 10 -79935444260289
17 14 9 -72969035538924
17 15 8 -61982465030307
17 16 7 -48789500214780
17 17 6 -31076050241765
18 11 11 -73249774645096
18 12 10 -71409311496396
18 13 9 -66267697134586
18 14 8 -57902684071551
18 15 7 -44591284454615
18 16 6 -29209628434143
18 17 5 -9165278249500
18 18 4 14772666242897
19 11 10 -100000000000000
19 12 9 -100000000000000
19 13 8 -100000000000000
19 14 7 -100000000000000
19 15 6 -100000000000000
19 16 5 -100000000000000
19 17 4 -100000000000000
19 18 3 -100000000000000
19 19 2 -100000000000000
20 10 10 -100000000000000
20 11 9 -100000000000000
20 12 8 -100000000000000
20 13 7 -100000000000000
20 14 6 -100000000000000
20 15 5 -100000000000000
20 16 4 -100000000000000
20 17 3 -100000000000000
20 18 2 -100000000000000
20 19 1 -100000000000000
20 20 0 -100000000000000
40 -9618859046048364 44
14 13 13 -100000000000000
14 14 12 -98869520966725
15 13 12 -97990135488042
15 14 11 -94653130761194
15 15 10 -86908388443455
16 12 12 -92139894874422
16 13 11 -90399679576726
16 14 10 -85366423420103
16 15 9 -74978807765710
16 16 8 -61549202437562
17 12 11 -82083526239278
17 13 10 -79051300477657
17 14 9 -70743949182542
17 15 8 -59278576432781
17 16 7 -43385859327474
17 17 6 -23461470864213
18 11 11 -71239912121293
18 12 10 -69150190195054
18 13 9 -63733359948746
18 14 8 -53270224394603
18 15 7 -40180068501915
18 16 6 -22191579809959
18 17 5 215369062124
18 18 4 26872361963074
19 11 10 -100000000000000
19 12 9 -100000000000000
19 13 8 -100000000000000
19 14 7 -100000000000000
19 15 6 -100000000000000
19 16 5 -100000000000000
19 17 4 -100000000000000
19 18 3 -100000000000000
19 19 2 -100000000000000
20 10 10 -100000000000000
20 11 9 -100000000000000
20 12 8 -100000000000000
20 13 7 -100000000000000
20 14 6 -100000000000000
20 15 5 -100000000000000
20 16 4 -100000000000000
20 17 3 -100000000000000
20 18 2 -100000000000000
20 19 1 -100000000000000
20 20 0 -100000000000000
40 -10564264755104425 44
14 13 13 -100000000000000
14 14 12 -99755202906444
15 13 12 -99815987955407
15 14 11 -98546456827016
15 15 10 -94599721969316
16 12 12 -94254951867393
16 13 11 -93574411206760
16 14 10 -92954708019051
16 15 9 -86964983292644
16 16 8 -79320807339488
17 12 11 -87168156956348
17 13 10 -87684316544769
17 14 9 -84598944854029
17 15 8 -79444430229193
17 16 7 -70290874995977
17 17 6 -58167361847688
18 11 11 -79428811828003
18 12 10 -76707149067181
18 13 9 -76362612569524
18 14 8 -70827181804919
18 15 7 -60078603614113
18 16 6 -54821893766702
18 17 5 -43354795795419
18 18 4 -27884772005177
19 11 10 -100000000000000
19 12 9 -100000000000000
19 13 8 -100000000000000
19 14 7 -100000000000000
19 15 6 -100000000000000
19 16 5 -100000000000000
19 17 4 -100000000000000
19 18 3 -100000000000000
19 19 2 -100000000000000
20 10 10 -100000000000000
20 11 9 -100000000000000
20 12 8 -100000000000000
20 13 7 -100000000000000
20 14 6 -100000000000000
20 15 5 -100000000000000
20 16 4 -100000000000000
20 17 3 -100000000000000
20 18 2 -100000000000000
20 19 1 -100000000000000
20 20 0 -100000000000000
106 -35039780423844643 79
36 35 35 -99263610446096
36 36 34 -99331860443947
37 35 34 -99428600470288
37 36 33 -99490734025072
37 37 32 -99570760869566
38 34 34 -99657564602556
38 35 33 -99651185968936
38 36 32 -99649852321415
38 37 31 -99538217152541
38 38 30 -97738782092843
39 34 33 -99928373972695
39 35 32 -99868902813501
39 36 31 -99346587575808
39 37 30 -97367266432360
39 38 29 -95396824048507
39 39 28 -93954703574676
40 33 33 -100000000000000
40 34 32 -100000000000000
40 35 31 -97524246092288
40 36 30 -95947206160430
40 37 29 -94673718011597
40 38 28 -93703924473868
40 39 27 -92136042247971
40 40 26 -90835042856438
41 33 32 -96249226966085
41 34 31 -94844203631065
41 35 30 -93686352080751
41 36 29 -92604679155504
41 37 28 -92466741476629
41 38 27 -91539071691200
41 39 26 -90705030990083
41 40 25 -89464329356738
41 41 24 -88569021398658
42 32 32 -92511904836287
42 33 31 -91306460192137
42 34 30 -90393271646813
42 35 29 -90194663337968
42 36 28 -89887265275779
42 37 27 -90255635436037
42 38 26 -89887738369593
42 39 25 -89260605084575
42 40 24 -88528776187127
42 41 23 -87682510173313
42 42 22 -87034484502414
43 32 31 -86662676488125
43 33 30 -86133090830992
43 34 29 -86489828437867
43 35 28 -86231534983172
43 36 27 -86171620926573
43 37 26 -88107428719458
43 38 25 -88090180561088
43 39 24 -88092694294119
43 40 23 -87672754110404
43 41 22 -86911113968248
43 42 21 -86714197228574
43 43 20 -86012868514059
44 31 31 -82799744959250
44 32 30 -81859026995388
44 33 29 -81737996471351
44 35 27 -82927715187667
44 36 26 -82401829210239
44 37 25 -85760865416507
44 38 24 -86334167967946
44 39 23 -86585357272259
44 40 22 -86152600295101
44 41 21 -86074569055568
44 42 20 -85774099809558
44 43 19 -85252871357722
45 31 30 -76234997684811
45 32 29 -76162277867086
45 34 27 -77881462277483
45 35 26 -77641306551147
45 36 25 -78645730559719
45 37 24 -83737340918747
45 38 23 -83773661251891
45 39 22 -84414914424271
45 40 21 -83463262094601
45 41 20 -84314974114207
45 42 19 -84660993192720
12
6 6 6
7 6 5
7 7 4
8 5 5
8 6 4
8 7 3
8 8 2
9 5 4
9 6 3
9 7 2
9 8 1
9 9 0
1 1 -1 1 9 9 -1 9 -1
1 1 -1 9 1 9 9 -1 -1
1 1 -1 9 9 1 -1 -1 9
1 1 -1 9 -1 -1 9 1 9
1 1 -1 -1 9 -1 1 9 9
1 1 -1 -1 -1 9 9 9 1
1 2 -1 2 8 9 -1 9 -1
1 2 -1 8 9 2 -1 -1 9
1 2 -1 9 2 8 9 -1 -1
1 2 -1 9 -1 -1 9 2 8
1 2 -1 -1 9 -1 2 8 9
1 2 -1 -1 -1 9 8 9 2
1 5 -1 5 6 8 -1 8 -1
1 5 -1 6 8 5 -1 -1 8
1 5 -1 6 8 -1 -1 6 8
1 5 -1 8 5 6 8 -1 -1
1 5 -1 8 -1 6 8 -1 6
1 5 -1 8 -1 -1 8 5 6
1 5 -1 -1 6 8 6 8 -1
1 5 -1 -1 8 -1 5 6 8
1 5 -1 -1 -1 8 6 8 5
1 6 -1 5 8 6 -1 -1 8
1 6 -1 5 8 -1 -1 5 8
1 6 -1 6 5 8 -1 8 -1
1 6 -1 8 6 5 8 -1 -1
1 6 -1 8 -1 5 8 -1 5
1 6 -1 8 -1 -1 8 6 5
1 6 -1 -1 5 8 5 8 -1
1 6 -1 -1 8 -1 6 5 8
1 6 -1 -1 -1 8 5 8 6
1 8 8 5 5 -1 -1 6 -1
1 8 8 5 -1 5 -1 -1 6
1 8 8 5 -1 -1 -1 6 6
1 8 8 6 6 -1 -1 5 -1
1 8 8 6 -1 6 -1 -1 5
1 8 8 6 -1 -1 -1 5 5
1 8 8 -1 5 5 6 -1 -1
1 8 8 -1 5 -1 6 6 -1
1 8 8 -1 6 6 5 -1 -1
1 8 8 -1 6 -1 5 5 -1
1 8 8 -1 -1 5 6 -1 6
1 8 8 -1 -1 6 5 -1 5
1 8 -1 2 9 -1 -1 2 9
1 8 -1 9 -1 2 9 -1 2
1 8 -1 -1 2 9 2 9 -1
1 9 9 1 1 -1 -1 9 -1
1 9 9 1 -1 1 -1 -1 9
1 9 9 2 2 -1 -1 8 -1
1 9 9 2 -1 2 -1 -1 8
1 9 9 8 -1 -1 -1 2 2
1 9 9 9 -1 -1 -1 1 1
1 9 9 -1 1 1 9 -1 -1
1 9 9 -1 2 2 8 -1 -1
1 9 9 -1 8 -1 2 2 -1
1 9 9 -1 9 -1 1 1 -1
1 9 9 -1 -1 8 2 -1 2
1 9 9 -1 -1 9 1 -1 1
1 9 -1 1 9 -1 -1 1 9
1 9 -1 9 -1 1 9 -1 1
1 9 -1 -1 1 9 1 9 -1
1 -1 1 1 9 9 -1 -1 9
1 -1 1 9 1 9 -1 9 -1
1 -1 1 9 9 1 9 -1 -1
1 -1 1 9 -1 -1 9 9 1
1 -1 1 -1 9 -1 9 1 9
1 -1 1 -1 -1 9 1 9 9
1 -1 2 2 9 8 -1 -1 9
1 -1 2 8 2 9 -1 9 -1
1 -1 2 9 8 2 9 -1 -1
1 -1 2 9 -1 -1 9 8 2
1 -1 2 -1 9 -1 8 2 9
1 -1 2 -1 -1 9 2 9 8
1 -1 5 5 8 6 -1 -1 8
1 -1 5 6 5 8 -1 8 -1
1 -1 5 6 -1 8 -1 8 6
1 -1 5 8 6 5 8 -1 -1
1 -1 5 8 6 -1 8 6 -1
1 -1 5 8 -1 -1 8 6 5
1 -1 5 -1 8 6 6 -1 8
1 -1 5 -1 8 -1 6 5 8
1 -1 5 -1 -1 8 5 8 6
1 -1 6 5 6 8 -1 8 -1
1 -1 6 5 -1 8 -1 8 5
1 -1 6 6 8 5 -1 -1 8
1 -1 6 8 5 6 8 -1 -1
1 -1 6 8 5 -1 8 5 -1
1 -1 6 8 -1 -1 8 5 6
1 -1 6 -1 8 5 5 -1 8
1 -1 6 -1 8 -1 5 6 8
1 -1 6 -1 -1 8 6 8 5
1 -1 8 2 -1 9 -1 9 2
1 -1 8 9 2 -1 9 2 -1
1 -1 8 -1 9 2 2 -1 9
1 -1 9 1 -1 9 -1 9 1
1 -1 9 9 1 -1 9 1 -1
1 -1 9 -1 9 1 1 -1 9
2 1 -1 2 9 8 -1 9 -1
2 1 -1 8 2 9 9 -1 -1
2 1 -1 9 8 2 -1 -1 9
2 1 -1 9 -1 -1 8 2 9
2 1 -1 -1 9 -1 2 9 8
2 1 -1 -1 -1 9 9 8 2
2 2 -1 1 9 9 -1 8 -1
2 2 -1 8 -1 -1 9 1 9
2 2 -1 9 1 9 8 -1 -1
2 2 -1 9 9 1 -1 -1 8
2 2 -1 -1 8 -1 1 9 9
2 2 -1 -1 -1 8 9 9 1
2 5 -1 6 9 -1 -1 -1 8
2 5 -1 8 -1 -1 9 -1 6
2 5 -1 9 -1 6 8 -1 -1
2 5 -1 -1 6 9 -1 8 -1
2 5 -1 -1 8 -1 -1 6 9
2 5 -1 -1 -1 8 6 9 -1
2 6 -1 5 9 -1 -1 -1 8
2 6 -1 6 9 -1 -1 -1 8
2 6 -1 8 -1 -1 9 -1 5
2 6 -1 8 -1 -1 9 -1 6
2 6 -1 9 -1 5 8 -1 -1
2 6 -1 9 -1 6 8 -1 -1
2 6 -1 -1 5 9 -1 8 -1
2 6 -1 -1 6 9 -1 8 -1
2 6 -1 -1 8 -1 -1 5 9
2 6 -1 -1 8 -1 -1 6 9
2 6 -1 -1 -1 8 5 9 -1
2 6 -1 -1 -1 8 6 9 -1
2 8 9 1 2 -1 -1 9 -1
2 8 9 2 -1 1 -1 -1 9
2 8 9 5 -1 -1 -1 -1 6
2 8 9 6 -1 -1 -1 -1 5
2 8 9 6 -1 -1 -1 -1 6
2 8 9 9 -1 -1 -1 1 2
2 8 9 -1 1 2 9 -1 -1
2 8 9 -1 5 -1 -1 6 -1
2 8 9 -1 6 -1 -1 5 -1
2 8 9 -1 6 -1 -1 6 -1
2 8 9 -1 9 -1 1 2 -1
2 8 9 -1 -1 5 6 -1 -1
2 8 9 -1 -1 6 5 -1 -1
2 8 9 -1 -1 6 6 -1 -1
2 8 9 -1 -1 9 2 -1 1
2 9 8 1 -1 2 -1 -1 9
2 9 8 2 1 -1 -1 9 -1
2 9 8 5 -1 -1 -1 6 -1
2 9 8 6 -1 -1 -1 5 -1
2 9 8 6 -1 -1 -1 6 -1
2 9 8 9 -1 -1 -1 2 1
2 9 8 -1 2 1 9 -1 -1
2 9 8 -1 5 -1 6 -1 -1
2 9 8 -1 6 -1 5 -1 -1
2 9 8 -1 6 -1 6 -1 -1
2 9 8 -1 9 -1 2 1 -1
2 9 8 -1 -1 5 -1 -1 6
2 9 8 -1 -1 6 -1 -1 5
2 9 8 -1 -1 6 -1 -1 6
2 9 8 -1 -1 9 1 -1 2
2 9 -1 1 8 -1 -1 2 9
2 9 -1 2 9 -1 -1 1 8
2 9 -1 8 -1 1 9 -1 2
2 9 -1 9 -1 2 8 -1 1
2 9 -1 -1 1 8 2 9 -1
2 9 -1 -1 2 9 1 8 -1
2 -1 1 2 8 9 -1 -1 9
2 -1 1 8 9 2 9 -1 -1
2 -1 1 9 2 8 -1 9 -1
2 -1 1 9 -1 -1 8 9 2
2 -1 1 -1 9 -1 9 2 8
2 -1 1 -1 -1 9 2 8 9
2 -1 2 1 9 9 -1 -1 8
2 -1 2 8 -1 -1 9 9 1
2 -1 2 9 1 9 -1 8 -1
2 -1 2 9 9 1 8 -1 -1
2 -1 2 -1 8 -1 9 1 9
2 -1 2 -1 -1 8 1 9 9
2 -1 5 6 -1 9 -1 8 -1
2 -1 5 8 -1 -1 9 6 -1
2 -1 5 9 6 -1 8 -1 -1
2 -1 5 -1 8 -1 6 -1 9
2 -1 5 -1 9 6 -1 -1 8
2 -1 5 -1 -1 8 -1 9 6
2 -1 6 5 -1 9 -1 8 -1
2 -1 6 6 -1 9 -1 8 -1
2 -1 6 8 -1 -1 9 5 -1
2 -1 6 8 -1 -1 9 6 -1
2 -1 6 9 5 -1 8 -1 -1
2 -1 6 9 6 -1 8 -1 -1
2 -1 6 -1 8 -1 5 -1 9
2 -1 6 -1 8 -1 6 -1 9
2 -1 6 -1 9 5 -1 -1 8
2 -1 6 -1 9 6 -1 -1 8
2 -1 6 -1 -1 8 -1 9 5
2 -1 6 -1 -1 8 -1 9 6
2 -1 9 1 -1 8 -1 9 2
2 -1 9 2 -1 9 -1 8 1
2 -1 9 8 1 -1 9 2 -1
2 -1 9 9 2 -1 8 1 -1
2 -1 9 -1 8 1 2 -1 9
2 -1 9 -1 9 2 1 -1 8
2 -1 -1 5 6 8 -1 9 -1
2 -1 -1 5 8 6 -1 -1 9
2 -1 -1 6 5 8 -1 9 -1
2 -1 -1 6 6 8 -1 9 -1
2 -1 -1 6 8 5 -1 -1 9
2 -1 -1 6 8 6 -1 -1 9
2 -1 -1 8 5 6 9 -1 -1
2 -1 -1 8 6 5 9 -1 -1
2 -1 -1 8 6 6 9 -1 -1
2 -1 -1 9 -1 -1 8 5 6
2 -1 -1 9 -1 -1 8 6 5
2 -1 -1 9 -1 -1 8 6 6
2 -1 -1 -1 9 -1 5 6 8
2 -1 -1 -1 9 -1 6 5 8
2 -1 -1 -1 9 -1 6 6 8
2 -1 -1 -1 -1 9 5 8 6
2 -1 -1 -1 -1 9 6 8 5
2 -1 -1 -1 -1 9 6 8 6
3 5 -1 6 -1 -1 9 -1 8
3 5 -1 8 9 -1 -1 -1 6
3 5 -1 9 -1 8 6 -1 -1
3 5 -1 -1 6 -1 -1 8 9
3 5 -1 -1 8 9 -1 6 -1
3 5 -1 -1 -1 6 8 9 -1
3 6 9 5 -1 -1 -1 -1 8
3 6 9 6 -1 -1 -1 -1 7
3 6 9 6 -1 -1 -1 -1 8
3 6 9 7 -1 -1 -1 -1 6
3 6 9 8 -1 -1 -1 -1 5
3 6 9 8 -1 -1 -1 -1 6
3 6 9 -1 5 -1 -1 8 -1
3 6 9 -1 6 -1 -1 7 -1
3 6 9 -1 6 -1 -1 8 -1
3 6 9 -1 7 -1 -1 6 -1
3 6 9 -1 8 -1 -1 5 -1
3 6 9 -1 8 -1 -1 6 -1
3 6 9 -1 -1 5 8 -1 -1
3 6 9 -1 -1 6 7 -1 -1
3 6 9 -1 -1 6 8 -1 -1
3 6 9 -1 -1 7 6 -1 -1
3 6 9 -1 -1 8 5 -1 -1
3 6 9 -1 -1 8 6 -1 -1
3 6 -1 6 -1 -1 9 -1 7
3 6 -1 6 -1 -1 9 -1 8
3 6 -1 7 9 -1 -1 -1 6
3 6 -1 8 9 -1 -1 -1 6
3 6 -1 9 -1 7 6 -1 -1
3 6 -1 9 -1 8 6 -1 -1
3 6 -1 -1 6 -1 -1 7 9
3 6 -1 -1 6 -1 -1 8 9
3 6 -1 -1 7 9 -1 6 -1
3 6 -1 -1 8 9 -1 6 -1
3 6 -1 -1 -1 6 7 9 -1
3 6 -1 -1 -1 6 8 9 -1
3 7 -1 6 9 -1 -1 -1 6
3 7 -1 6 -1 -1 9 -1 6
3 7 -1 9 -1 6 6 -1 -1
3 7 -1 -1 6 9 -1 6 -1
3 7 -1 -1 6 -1 -1 6 9
3 7 -1 -1 -1 6 6 9 -1
3 8 -1 5 9 -1 -1 -1 6
3 8 -1 6 9 -1 -1 -1 6
3 8 -1 6 -1 -1 9 -1 5
3 8 -1 6 -1 -1 9 -1 6
3 8 -1 9 -1 5 6 -1 -1
3 8 -1 9 -1 6 6 -1 -1
3 8 -1 -1 5 9 -1 6 -1
3 8 -1 -1 6 9 -1 6 -1
3 8 -1 -1 6 -1 -1 5 9
3 8 -1 -1 6 -1 -1 6 9
3 8 -1 -1 -1 6 5 9 -1
3 8 -1 -1 -1 6 6 9 -1
3 9 6 5 -1 -1 -1 8 -1
3 9 6 6 -1 -1 -1 7 -1
3 9 6 6 -1 -1 -1 8 -1
3 9 6 7 -1 -1 -1 6 -1
3 9 6 8 -1 -1 -1 5 -1
3 9 6 8 -1 -1 -1 6 -1
3 9 6 -1 5 -1 8 -1 -1
3 9 6 -1 6 -1 7 -1 -1
3 9 6 -1 6 -1 8 -1 -1
3 9 6 -1 7 -1 6 -1 -1
3 9 6 -1 8 -1 5 -1 -1
3 9 6 -1 8 -1 6 -1 -1
3 9 6 -1 -1 5 -1 -1 8
3 9 6 -1 -1 6 -1 -1 7
3 9 6 -1 -1 6 -1 -1 8
3 9 6 -1 -1 7 -1 -1 6
3 9 6 -1 -1 8 -1 -1 5
3 9 6 -1 -1 8 -1 -1 6
3 -1 5 6 -1 -1 9 8 -1
3 -1 5 8 -1 9 -1 6 -1
3 -1 5 9 8 -1 6 -1 -1
3 -1 5 -1 6 -1 8 -1 9
3 -1 5 -1 9 8 -1 -1 6
3 -1 5 -1 -1 6 -1 9 8
3 -1 6 6 -1 -1 9 7 -1
3 -1 6 6 -1 -1 9 8 -1
3 -1 6 7 -1 9 -1 6 -1
3 -1 6 8 -1 9 -1 6 -1
3 -1 6 9 7 -1 6 -1 -1
3 -1 6 9 8 -1 6 -1 -1
3 -1 6 -1 6 -1 7 -1 9
3 -1 6 -1 6 -1 8 -1 9
3 -1 6 -1 9 7 -1 -1 6
3 -1 6 -1 9 8 -1 -1 6
3 -1 6 -1 -1 6 -1 9 7
3 -1 6 -1 -1 6 -1 9 8
3 -1 7 6 -1 9 -1 6 -1
3 -1 7 6 -1 -1 9 6 -1
3 -1 7 9 6 -1 6 -1 -1
3 -1 7 -1 6 -1 6 -1 9
3 -1 7 -1 9 6 -1 -1 6
3 -1 7 -1 -1 6 -1 9 6
3 -1 8 5 -1 9 -1 6 -1
3 -1 8 6 -1 9 -1 6 -1
3 -1 8 6 -1 -1 9 5 -1
3 -1 8 6 -1 -1 9 6 -1
3 -1 8 9 5 -1 6 -1 -1
3 -1 8 9 6 -1 6 -1 -1
3 -1 8 -1 6 -1 5 -1 9
3 -1 8 -1 6 -1 6 -1 9
3 -1 8 -1 9 5 -1 -1 6
3 -1 8 -1 9 6 -1 -1 6
3 -1 8 -1 -1 6 -1 9 5
3 -1 8 -1 -1 6 -1 9 6
3 -1 -1 5 6 8 -1 -1 9
3 -1 -1 5 8 6 -1 9 -1
3 -1 -1 6 5 8 9 -1 -1
3 -1 -1 6 6 7 9 -1 -1
3 -1 -1 6 6 7 -1 -1 9
3 -1 -1 6 6 8 9 -1 -1
3 -1 -1 6 6 8 -1 -1 9
3 -1 -1 6 7 6 9 -1 -1
3 -1 -1 6 7 6 -1 9 -1
3 -1 -1 6 8 5 9 -1 -1
3 -1 -1 6 8 6 9 -1 -1
3 -1 -1 6 8 6 -1 9 -1
3 -1 -1 7 6 6 -1 9 -1
3 -1 -1 7 6 6 -1 -1 9
3 -1 -1 8 5 6 -1 9 -1
3 -1 -1 8 6 5 -1 -1 9
3 -1 -1 8 6 6 -1 9 -1
3 -1 -1 8 6 6 -1 -1 9
3 -1 -1 9 -1 -1 6 5 8
3 -1 -1 9 -1 -1 6 6 7
3 -1 -1 9 -1 -1 6 6 8
3 -1 -1 9 -1 -1 6 7 6
3 -1 -1 9 -1 -1 6 8 5
3 -1 -1 9 -1 -1 6 8 6
3 -1 -1 -1 9 -1 5 8 6
3 -1 -1 -1 9 -1 6 7 6
3 -1 -1 -1 9 -1 6 8 6
3 -1 -1 -1 9 -1 7 6 6
3 -1 -1 -1 9 -1 8 5 6
3 -1 -1 -1 9 -1 8 6 6
3 -1 -1 -1 -1 9 5 6 8
3 -1 -1 -1 -1 9 6 6 7
3 -1 -1 -1 -1 9 6 6 8
3 -1 -1 -1 -1 9 7 6 6
3 -1 -1 -1 -1 9 8 6 5
3 -1 -1 -1 -1 9 8 6 6
5 1 -1 5 8 6 -1 8 -1
5 1 -1 6 5 8 8 -1 -1
5 1 -1 6 -1 8 8 6 -1
5 1 -1 8 6 5 -1 -1 8
5 1 -1 8 6 -1 6 -1 8
5 1 -1 8 -1 -1 6 5 8
5 1 -1 -1 8 6 -1 8 6
5 1 -1 -1 8 -1 5 8 6
5 1 -1 -1 -1 8 8 6 5
5 2 -1 6 -1 9 8 -1 -1
5 2 -1 8 -1 -1 6 -1 9
5 2 -1 9 6 -1 -1 -1 8
5 2 -1 -1 8 -1 -1 9 6
5 2 -1 -1 9 6 -1 8 -1
5 2 -1 -1 -1 8 9 6 -1
5 3 -1 6 -1 -1 8 -1 9
5 3 -1 8 -1 9 6 -1 -1
5 3 -1 9 8 -1 -1 -1 6
5 3 -1 -1 6 -1 -1 9 8
5 3 -1 -1 9 8 -1 6 -1
5 3 -1 -1 -1 6 9 8 -1
5 5 -1 1 8 8 -1 6 -1
5 5 -1 6 -1 -1 8 1 8
5 5 -1 8 1 8 6 -1 -1
5 5 -1 8 8 1 -1 -1 6
5 5 -1 -1 6 -1 1 8 8
5 5 -1 -1 -1 6 8 8 1
5 6 8 1 5 -1 -1 8 -1
5 6 8 1 -1 6 -1 8 -1
5 6 8 2 -1 -1 -1 9 -1
5 6 8 3 -1 -1 -1 -1 9
5 6 8 5 -1 1 -1 -1 8
5 6 8 6 1 -1 8 -1 -1
5 6 8 8 -1 -1 6 1 -1
5 6 8 8 -1 -1 -1 1 5
5 6 8 9 -1 -1 -1 2 -1
5 6 8 9 -1 -1 -1 -1 3
5 6 8 -1 1 5 8 -1 -1
5 6 8 -1 2 -1 9 -1 -1
5 6 8 -1 3 -1 -1 9 -1
5 6 8 -1 6 1 -1 -1 8
5 6 8 -1 8 -1 1 5 -1
5 6 8 -1 8 -1 1 -1 6
5 6 8 -1 9 -1 2 -1 -1
5 6 8 -1 9 -1 -1 3 -1
5 6 8 -1 -1 2 -1 -1 9
5 6 8 -1 -1 3 9 -1 -1
5 6 8 -1 -1 8 5 -1 1
5 6 8 -1 -1 8 -1 6 1
5 6 8 -1 -1 9 3 -1 -1
5 6 8 -1 -1 9 -1 -1 2
5 8 6 1 6 -1 -1 -1 8
5 8 6 1 -1 5 -1 -1 8
5 8 6 2 -1 -1 -1 -1 9
5 8 6 3 -1 -1 -1 9 -1
5 8 6 5 1 -1 -1 8 -1
5 8 6 6 -1 1 8 -1 -1
5 8 6 8 -1 -1 6 -1 1
5 8 6 8 -1 -1 -1 5 1
5 8 6 9 -1 -1 -1 3 -1
5 8 6 9 -1 -1 -1 -1 2
5 8 6 -1 1 6 -1 8 -1
5 8 6 -1 2 -1 -1 9 -1
5 8 6 -1 3 -1 9 -1 -1
5 8 6 -1 5 1 8 -1 -1
5 8 6 -1 8 -1 5 1 -1
5 8 6 -1 8 -1 -1 1 6
5 8 6 -1 9 -1 3 -1 -1
5 8 6 -1 9 -1 -1 2 -1
5 8 6 -1 -1 2 9 -1 -1
5 8 6 -1 -1 3 -1 -1 9
5 8 6 -1 -1 8 1 6 -1
5 8 6 -1 -1 8 1 -1 5
5 8 6 -1 -1 9 2 -1 -1
5 8 6 -1 -1 9 -1 -1 3
5 8 -1 1 6 -1 -1 5 8
5 8 -1 5 8 -1 -1 1 6
5 8 -1 6 -1 1 8 -1 5
5 8 -1 8 -1 5 6 -1 1
5 8 -1 -1 1 6 5 8 -1
5 8 -1 -1 5 8 1 6 -1
5 9 -1 2 6 -1 -1 -1 8
5 9 -1 3 8 -1 -1 -1 6
5 9 -1 6 -1 2 8 -1 -1
5 9 -1 6 -1 -1 8 -1 3
5 9 -1 8 -1 3 6 -1 -1
5 9 -1 8 -1 -1 6 -1 2
5 9 -1 -1 2 6 -1 8 -1
5 9 -1 -1 3 8 -1 6 -1
5 9 -1 -1 6 -1 -1 3 8
5 9 -1 -1 8 -1 -1 2 6
5 9 -1 -1 -1 6 3 8 -1
5 9 -1 -1 -1 8 2 6 -1
5 -1 1 5 6 8 -1 -1 8
5 -1 1 6 8 5 8 -1 -1
5 -1 1 6 8 -1 8 -1 6
5 -1 1 8 5 6 -1 8 -1
5 -1 1 8 -1 6 6 8 -1
5 -1 1 8 -1 -1 6 8 5
5 -1 1 -1 6 8 -1 6 8
5 -1 1 -1 8 -1 8 5 6
5 -1 1 -1 -1 8 5 6 8
5 -1 2 6 9 -1 8 -1 -1
5 -1 2 8 -1 -1 6 9 -1
5 -1 2 9 -1 6 -1 8 -1
5 -1 2 -1 6 9 -1 -1 8
5 -1 2 -1 8 -1 9 -1 6
5 -1 2 -1 -1 8 -1 6 9
5 -1 3 6 -1 -1 8 9 -1
5 -1 3 8 9 -1 6 -1 -1
5 -1 3 9 -1 8 -1 6 -1
5 -1 3 -1 6 -1 9 -1 8
5 -1 3 -1 8 9 -1 -1 6
5 -1 3 -1 -1 6 -1 8 9
5 -1 5 1 8 8 -1 -1 6
5 -1 5 6 -1 -1 8 8 1
5 -1 5 8 1 8 -1 6 -1
5 -1 5 8 8 1 6 -1 -1
5 -1 5 -1 6 -1 8 1 8
5 -1 5 -1 -1 6 1 8 8
5 -1 8 1 -1 6 -1 8 5
5 -1 8 5 -1 8 -1 6 1
5 -1 8 6 1 -1 8 5 -1
5 -1 8 8 5 -1 6 1 -1
5 -1 8 -1 6 1 5 -1 8
5 -1 8 -1 8 5 1 -1 6
5 -1 9 2 -1 6 -1 8 -1
5 -1 9 3 -1 8 -1 6 -1
5 -1 9 6 2 -1 8 -1 -1
5 -1 9 6 -1 -1 8 3 -1
5 -1 9 8 3 -1 6 -1 -1
5 -1 9 8 -1 -1 6 2 -1
5 -1 9 -1 6 2 -1 -1 8
5 -1 9 -1 6 -1 3 -1 8
5 -1 9 -1 8 3 -1 -1 6
5 -1 9 -1 8 -1 2 -1 6
5 -1 9 -1 -1 6 -1 8 3
5 -1 9 -1 -1 8 -1 6 2
5 -1 -1 1 8 8 -1 6 6
5 -1 -1 2 8 9 -1 -1 6
5 -1 -1 2 9 8 -1 6 -1
5 -1 -1 3 6 9 -1 -1 8
5 -1 -1 3 9 6 -1 8 -1
5 -1 -1 6 3 9 8 -1 -1
5 -1 -1 6 6 -1 8 1 8
5 -1 -1 6 9 3 8 -1 -1
5 -1 -1 6 -1 6 8 8 1
5 -1 -1 6 -1 -1 8 2 9
5 -1 -1 6 -1 -1 8 9 2
5 -1 -1 8 1 8 6 6 -1
5 -1 -1 8 2 9 6 -1 -1
5 -1 -1 8 8 1 6 -1 6
5 -1 -1 8 9 2 6 -1 -1
5 -1 -1 8 -1 -1 6 3 9
5 -1 -1 8 -1 -1 6 9 3
5 -1 -1 9 2 8 -1 6 -1
5 -1 -1 9 3 6 -1 8 -1
5 -1 -1 9 6 3 -1 -1 8
5 -1 -1 9 8 2 -1 -1 6
5 -1 -1 -1 6 6 1 8 8
5 -1 -1 -1 6 -1 2 9 8
5 -1 -1 -1 6 -1 9 2 8
5 -1 -1 -1 8 -1 3 9 6
5 -1 -1 -1 8 -1 9 3 6
5 -1 -1 -1 -1 6 2 8 9
5 -1 -1 -1 -1 6 9 8 2
5 -1 -1 -1 -1 8 3 6 9
5 -1 -1 -1 -1 8 9 6 3
6 1 -1 5 6 8 8 -1 -1
6 1 -1 5 -1 8 8 5 -1
6 1 -1 6 8 5 -1 8 -1
6 1 -1 8 5 6 -1 -1 8
6 1 -1 8 5 -1 5 -1 8
6 1 -1 8 -1 -1 5 6 8
6 1 -1 -1 8 5 -1 8 5
6 1 -1 -1 8 -1 6 8 5
6 1 -1 -1 -1 8 8 5 6
6 2 -1 5 -1 9 8 -1 -1
6 2 -1 6 -1 9 8 -1 -1
6 2 -1 8 -1 -1 5 -1 9
6 2 -1 8 -1 -1 6 -1 9
6 2 -1 9 5 -1 -1 -1 8
6 2 -1 9 6 -1 -1 -1 8
6 2 -1 -1 8 -1 -1 9 5
6 2 -1 -1 8 -1 -1 9 6
6 2 -1 -1 9 5 -1 8 -1
6 2 -1 -1 9 6 -1 8 -1
6 2 -1 -1 -1 8 9 5 -1
6 2 -1 -1 -1 8 9 6 -1
6 3 9 5 -1 -1 8 -1 -1
6 3 9 6 -1 -1 7 -1 -1
6 3 9 6 -1 -1 8 -1 -1
6 3 9 7 -1 -1 6 -1 -1
6 3 9 8 -1 -1 5 -1 -1
6 3 9 8 -1 -1 6 -1 -1
6 3 9 -1 5 -1 -1 -1 8
6 3 9 -1 6 -1 -1 -1 7
6 3 9 -1 6 -1 -1 -1 8
6 3 9 -1 7 -1 -1 -1 6
6 3 9 -1 8 -1 -1 -1 5
6 3 9 -1 8 -1 -1 -1 6
6 3 9 -1 -1 5 -1 8 -1
6 3 9 -1 -1 6 -1 7 -1
6 3 9 -1 -1 6 -1 8 -1
6 3 9 -1 -1 7 -1 6 -1
6 3 9 -1 -1 8 -1 5 -1
6 3 9 -1 -1 8 -1 6 -1
6 3 -1 6 -1 -1 7 -1 9
6 3 -1 6 -1 -1 8 -1 9
6 3 -1 7 -1 9 6 -1 -1
6 3 -1 8 -1 9 6 -1 -1
6 3 -1 9 7 -1 -1 -1 6
6 3 -1 9 8 -1 -1 -1 6
6 3 -1 -1 6 -1 -1 9 7
6 3 -1 -1 6 -1 -1 9 8
6 3 -1 -1 9 7 -1 6 -1
6 3 -1 -1 9 8 -1 6 -1
6 3 -1 -1 -1 6 9 7 -1
6 3 -1 -1 -1 6 9 8 -1
6 5 8 1 6 -1 -1 8 -1
6 5 8 1 -1 5 -1 8 -1
6 5 8 2 -1 -1 -1 9 -1
6 5 8 3 -1 -1 9 -1 -1
6 5 8 5 1 -1 8 -1 -1
6 5 8 6 -1 1 -1 -1 8
6 5 8 8 -1 -1 5 1 -1
6 5 8 8 -1 -1 -1 1 6
6 5 8 9 -1 -1 3 -1 -1
6 5 8 9 -1 -1 -1 2 -1
6 5 8 -1 1 6 8 -1 -1
6 5 8 -1 2 -1 9 -1 -1
6 5 8 -1 3 -1 -1 -1 9
6 5 8 -1 5 1 -1 -1 8
6 5 8 -1 8 -1 1 6 -1
6 5 8 -1 8 -1 1 -1 5
6 5 8 -1 9 -1 2 -1 -1
6 5 8 -1 9 -1 -1 -1 3
6 5 8 -1 -1 2 -1 -1 9
6 5 8 -1 -1 3 -1 9 -1
6 5 8 -1 -1 8 6 -1 1
6 5 8 -1 -1 8 -1 5 1
6 5 8 -1 -1 9 -1 3 -1
6 5 8 -1 -1 9 -1 -1 2
6 6 7 3 -1 -1 9 -1 -1
6 6 7 3 -1 -1 -1 -1 9
6 6 7 9 -1 -1 3 -1 -1
6 6 7 9 -1 -1 -1 -1 3
6 6 7 -1 3 -1 -1 9 -1
6 6 7 -1 3 -1 -1 -1 9
6 6 7 -1 9 -1 -1 3 -1
6 6 7 -1 9 -1 -1 -1 3
6 6 7 -1 -1 3 9 -1 -1
6 6 7 -1 -1 3 -1 9 -1
6 6 7 -1 -1 9 3 -1 -1
6 6 7 -1 -1 9 -1 3 -1
6 6 8 2 -1 -1 -1 9 -1
6 6 8 3 -1 -1 9 -1 -1
6 6 8 3 -1 -1 -1 -1 9
6 6 8 9 -1 -1 3 -1 -1
6 6 8 9 -1 -1 -1 2 -1
6 6 8 9 -1 -1 -1 -1 3
6 6 8 -1 2 -1 9 -1 -1
6 6 8 -1 3 -1 -1 9 -1
6 6 8 -1 3 -1 -1 -1 9
6 6 8 -1 9 -1 2 -1 -1
6 6 8 -1 9 -1 -1 3 -1
6 6 8 -1 9 -1 -1 -1 3
6 6 8 -1 -1 2 -1 -1 9
6 6 8 -1 -1 3 9 -1 -1
6 6 8 -1 -1 3 -1 9 -1
6 6 8 -1 -1 9 3 -1 -1
6 6 8 -1 -1 9 -1 3 -1
6 6 8 -1 -1 9 -1 -1 2
6 6 -1 1 8 8 -1 5 -1
6 6 -1 5 -1 -1 8 1 8
6 6 -1 8 1 8 5 -1 -1
6 6 -1 8 8 1 -1 -1 5
6 6 -1 -1 5 -1 1 8 8
6 6 -1 -1 -1 5 8 8 1
6 7 6 3 -1 -1 9 -1 -1
6 7 6 3 -1 -1 -1 9 -1
6 7 6 9 -1 -1 3 -1 -1
6 7 6 9 -1 -1 -1 3 -1
6 7 6 -1 3 -1 9 -1 -1
6 7 6 -1 3 -1 -1 -1 9
6 7 6 -1 9 -1 3 -1 -1
6 7 6 -1 9 -1 -1 -1 3
6 7 6 -1 -1 3 -1 9 -1
6 7 6 -1 -1 3 -1 -1 9
6 7 6 -1 -1 9 -1 3 -1
6 7 6 -1 -1 9 -1 -1 3
6 8 5 1 5 -1 -1 -1 8
6 8 5 1 -1 6 -1 -1 8
6 8 5 2 -1 -1 -1 -1 9
6 8 5 3 -1 -1 9 -1 -1
6 8 5 5 -1 1 8 -1 -1
6 8 5 6 1 -1 -1 8 -1
6 8 5 8 -1 -1 5 -1 1
6 8 5 8 -1 -1 -1 6 1
6 8 5 9 -1 -1 3 -1 -1
6 8 5 9 -1 -1 -1 -1 2
6 8 5 -1 1 5 -1 8 -1
6 8 5 -1 2 -1 -1 9 -1
6 8 5 -1 3 -1 -1 -1 9
6 8 5 -1 6 1 8 -1 -1
6 8 5 -1 8 -1 6 1 -1
6 8 5 -1 8 -1 -1 1 5
6 8 5 -1 9 -1 -1 2 -1
6 8 5 -1 9 -1 -1 -1 3
6 8 5 -1 -1 2 9 -1 -1
6 8 5 -1 -1 3 -1 9 -1
6 8 5 -1 -1 8 1 5 -1
6 8 5 -1 -1 8 1 -1 6
6 8 5 -1 -1 9 2 -1 -1
6 8 5 -1 -1 9 -1 3 -1
6 8 6 2 -1 -1 -1 -1 9
6 8 6 3 -1 -1 9 -1 -1
6 8 6 3 -1 -1 -1 9 -1
6 8 6 9 -1 -1 3 -1 -1
6 8 6 9 -1 -1 -1 3 -1
6 8 6 9 -1 -1 -1 -1 2
6 8 6 -1 2 -1 -1 9 -1
6 8 6 -1 3 -1 9 -1 -1
6 8 6 -1 3 -1 -1 -1 9
6 8 6 -1 9 -1 3 -1 -1
6 8 6 -1 9 -1 -1 2 -1
6 8 6 -1 9 -1 -1 -1 3
6 8 6 -1 -1 2 9 -1 -1
6 8 6 -1 -1 3 -1 9 -1
6 8 6 -1 -1 3 -1 -1 9
6 8 6 -1 -1 9 2 -1 -1
6 8 6 -1 -1 9 -1 3 -1
6 8 6 -1 -1 9 -1 -1 3
6 8 -1 1 5 -1 -1 6 8
6 8 -1 5 -1 1 8 -1 6
6 8 -1 6 8 -1 -1 1 5
6 8 -1 8 -1 6 5 -1 1
6 8 -1 -1 1 5 6 8 -1
6 8 -1 -1 6 8 1 5 -1
6 9 3 5 -1 -1 8 -1 -1
6 9 3 6 -1 -1 7 -1 -1
6 9 3 6 -1 -1 8 -1 -1
6 9 3 7 -1 -1 6 -1 -1
6 9 3 8 -1 -1 5 -1 -1
6 9 3 8 -1 -1 6 -1 -1
6 9 3 -1 5 -1 -1 -1 8
6 9 3 -1 6 -1 -1 -1 7
6 9 3 -1 6 -1 -1 -1 8
6 9 3 -1 7 -1 -1 -1 6
6 9 3 -1 8 -1 -1 -1 5
6 9 3 -1 8 -1 -1 -1 6
6 9 3 -1 -1 5 -1 8 -1
6 9 3 -1 -1 6 -1 7 -1
6 9 3 -1 -1 6 -1 8 -1
6 9 3 -1 -1 7 -1 6 -1
6 9 3 -1 -1 8 -1 5 -1
6 9 3 -1 -1 8 -1 6 -1
6 9 -1 2 5 -1 -1 -1 8
6 9 -1 2 6 -1 -1 -1 8
6 9 -1 3 7 -1 -1 -1 6
6 9 -1 3 8 -1 -1 -1 6
6 9 -1 5 -1 2 8 -1 -1
6 9 -1 6 -1 2 8 -1 -1
6 9 -1 6 -1 -1 7 -1 3
6 9 -1 6 -1 -1 8 -1 3
6 9 -1 7 -1 3 6 -1 -1
6 9 -1 8 -1 3 6 -1 -1
6 9 -1 8 -1 -1 5 -1 2
6 9 -1 8 -1 -1 6 -1 2
6 9 -1 -1 2 5 -1 8 -1
6 9 -1 -1 2 6 -1 8 -1
6 9 -1 -1 3 7 -1 6 -1
6 9 -1 -1 3 8 -1 6 -1
6 9 -1 -1 6 -1 -1 3 7
6 9 -1 -1 6 -1 -1 3 8
6 9 -1 -1 8 -1 -1 2 5
6 9 -1 -1 8 -1 -1 2 6
6 9 -1 -1 -1 6 3 7 -1
6 9 -1 -1 -1 6 3 8 -1
6 9 -1 -1 -1 8 2 5 -1
6 9 -1 -1 -1 8 2 6 -1
6 -1 1 5 8 6 8 -1 -1
6 -1 1 5 8 -1 8 -1 5
6 -1 1 6 5 8 -1 -1 8
6 -1 1 8 6 5 -1 8 -1
6 -1 1 8 -1 5 5 8 -1
6 -1 1 8 -1 -1 5 8 6
6 -1 1 -1 5 8 -1 5 8
6 -1 1 -1 8 -1 8 6 5
6 -1 1 -1 -1 8 6 5 8
6 -1 2 5 9 -1 8 -1 -1
6 -1 2 6 9 -1 8 -1 -1
6 -1 2 8 -1 -1 5 9 -1
6 -1 2 8 -1 -1 6 9 -1
6 -1 2 9 -1 5 -1 8 -1
6 -1 2 9 -1 6 -1 8 -1
6 -1 2 -1 5 9 -1 -1 8
6 -1 2 -1 6 9 -1 -1 8
6 -1 2 -1 8 -1 9 -1 5
6 -1 2 -1 8 -1 9 -1 6
6 -1 2 -1 -1 8 -1 5 9
6 -1 2 -1 -1 8 -1 6 9
6 -1 3 6 -1 -1 7 9 -1
6 -1 3 6 -1 -1 8 9 -1
6 -1 3 7 9 -1 6 -1 -1
6 -1 3 8 9 -1 6 -1 -1
6 -1 3 9 -1 7 -1 6 -1
6 -1 3 9 -1 8 -1 6 -1
6 -1 3 -1 6 -1 9 -1 7
6 -1 3 -1 6 -1 9 -1 8
6 -1 3 -1 7 9 -1 -1 6
6 -1 3 -1 8 9 -1 -1 6
6 -1 3 -1 -1 6 -1 7 9
6 -1 3 -1 -1 6 -1 8 9
6 -1 6 1 8 8 -1 -1 5
6 -1 6 5 -1 -1 8 8 1
6 -1 6 8 1 8 -1 5 -1
6 -1 6 8 8 1 5 -1 -1
6 -1 6 -1 5 -1 8 1 8
6 -1 6 -1 -1 5 1 8 8
6 -1 8 1 -1 5 -1 8 6
6 -1 8 5 1 -1 8 6 -1
6 -1 8 6 -1 8 -1 5 1
6 -1 8 8 6 -1 5 1 -1
6 -1 8 -1 5 1 6 -1 8
6 -1 8 -1 8 6 1 -1 5
6 -1 9 2 -1 5 -1 8 -1
6 -1 9 2 -1 6 -1 8 -1
6 -1 9 3 -1 7 -1 6 -1
6 -1 9 3 -1 8 -1 6 -1
6 -1 9 5 2 -1 8 -1 -1
6 -1 9 6 2 -1 8 -1 -1
6 -1 9 6 -1 -1 7 3 -1
6 -1 9 6 -1 -1 8 3 -1
6 -1 9 7 3 -1 6 -1 -1
6 -1 9 8 3 -1 6 -1 -1
6 -1 9 8 -1 -1 5 2 -1
6 -1 9 8 -1 -1 6 2 -1
6 -1 9 -1 5 2 -1 -1 8
6 -1 9 -1 6 2 -1 -1 8
6 -1 9 -1 6 -1 3 -1 7
6 -1 9 -1 6 -1 3 -1 8
6 -1 9 -1 7 3 -1 -1 6
6 -1 9 -1 8 3 -1 -1 6
6 -1 9 -1 8 -1 2 -1 5
6 -1 9 -1 8 -1 2 -1 6
6 -1 9 -1 -1 6 -1 7 3
6 -1 9 -1 -1 6 -1 8 3
6 -1 9 -1 -1 8 -1 5 2
6 -1 9 -1 -1 8 -1 6 2
6 -1 -1 1 8 8 -1 5 5
6 -1 -1 2 8 9 -1 -1 5
6 -1 -1 2 8 9 -1 -1 6
6 -1 -1 2 9 8 -1 5 -1
6 -1 -1 2 9 8 -1 6 -1
6 -1 -1 3 5 -1 9 -1 8
6 -1 -1 3 6 9 -1 -1 7
6 -1 -1 3 6 9 -1 -1 8
6 -1 -1 3 6 -1 9 -1 7
6 -1 -1 3 6 -1 9 -1 8
6 -1 -1 3 7 -1 9 -1 6
6 -1 -1 3 8 -1 9 -1 5
6 -1 -1 3 8 -1 9 -1 6
6 -1 -1 3 9 6 -1 7 -1
6 -1 -1 3 9 6 -1 8 -1
6 -1 -1 3 -1 5 9 8 -1
6 -1 -1 3 -1 6 9 7 -1
6 -1 -1 3 -1 6 9 8 -1
6 -1 -1 3 -1 7 9 6 -1
6 -1 -1 3 -1 8 9 5 -1
6 -1 -1 3 -1 8 9 6 -1
6 -1 -1 5 3 -1 8 -1 9
6 -1 -1 5 5 -1 8 1 8
6 -1 -1 5 9 -1 8 -1 3
6 -1 -1 5 -1 3 8 9 -1
6 -1 -1 5 -1 5 8 8 1
6 -1 -1 5 -1 9 8 3 -1
6 -1 -1 5 -1 -1 8 2 9
6 -1 -1 5 -1 -1 8 9 2
6 -1 -1 6 3 9 7 -1 -1
6 -1 -1 6 3 9 8 -1 -1
6 -1 -1 6 3 -1 7 -1 9
6 -1 -1 6 3 -1 8 -1 9
6 -1 -1 6 9 3 7 -1 -1
6 -1 -1 6 9 3 8 -1 -1
6 -1 -1 6 9 -1 7 -1 3
6 -1 -1 6 9 -1 8 -1 3
6 -1 -1 6 -1 3 7 9 -1
6 -1 -1 6 -1 3 8 9 -1
6 -1 -1 6 -1 9 7 3 -1
6 -1 -1 6 -1 9 8 3 -1
6 -1 -1 6 -1 -1 8 2 9
6 -1 -1 6 -1 -1 8 9 2
6 -1 -1 7 3 -1 6 -1 9
6 -1 -1 7 9 -1 6 -1 3
6 -1 -1 7 -1 3 6 9 -1
6 -1 -1 7 -1 9 6 3 -1
6 -1 -1 7 -1 -1 6 3 9
6 -1 -1 7 -1 -1 6 9 3
6 -1 -1 8 1 8 5 5 -1
6 -1 -1 8 2 9 5 -1 -1
6 -1 -1 8 2 9 6 -1 -1
6 -1 -1 8 3 -1 5 -1 9
6 -1 -1 8 3 -1 6 -1 9
6 -1 -1 8 8 1 5 -1 5
6 -1 -1 8 9 2 5 -1 -1
6 -1 -1 8 9 2 6 -1 -1
6 -1 -1 8 9 -1 5 -1 3
6 -1 -1 8 9 -1 6 -1 3
6 -1 -1 8 -1 3 5 9 -1
6 -1 -1 8 -1 3 6 9 -1
6 -1 -1 8 -1 9 5 3 -1
6 -1 -1 8 -1 9 6 3 -1
6 -1 -1 8 -1 -1 6 3 9
6 -1 -1 8 -1 -1 6 9 3
6 -1 -1 9 2 8 -1 5 -1
6 -1 -1 9 2 8 -1 6 -1
6 -1 -1 9 3 6 -1 7 -1
6 -1 -1 9 3 6 -1 8 -1
6 -1 -1 9 5 -1 3 -1 8
6 -1 -1 9 6 3 -1 -1 7
6 -1 -1 9 6 3 -1 -1 8
6 -1 -1 9 6 -1 3 -1 7
6 -1 -1 9 6 -1 3 -1 8
6 -1 -1 9 7 -1 3 -1 6
6 -1 -1 9 8 2 -1 -1 5
6 -1 -1 9 8 2 -1 -1 6
6 -1 -1 9 8 -1 3 -1 5
6 -1 -1 9 8 -1 3 -1 6
6 -1 -1 9 -1 5 3 8 -1
6 -1 -1 9 -1 6 3 7 -1
6 -1 -1 9 -1 6 3 8 -1
6 -1 -1 9 -1 7 3 6 -1
6 -1 -1 9 -1 8 3 5 -1
6 -1 -1 9 -1 8 3 6 -1
6 -1 -1 -1 3 5 -1 8 9
6 -1 -1 -1 3 6 -1 7 9
6 -1 -1 -1 3 6 -1 8 9
6 -1 -1 -1 3 7 -1 6 9
6 -1 -1 -1 3 8 -1 5 9
6 -1 -1 -1 3 8 -1 6 9
6 -1 -1 -1 5 3 -1 9 8
6 -1 -1 -1 5 5 1 8 8
6 -1 -1 -1 5 9 -1 3 8
6 -1 -1 -1 5 -1 2 9 8
6 -1 -1 -1 5 -1 9 2 8
6 -1 -1 -1 6 3 -1 9 7
6 -1 -1 -1 6 3 -1 9 8
6 -1 -1 -1 6 9 -1 3 7
6 -1 -1 -1 6 9 -1 3 8
6 -1 -1 -1 6 -1 2 9 8
6 -1 -1 -1 6 -1 9 2 8
6 -1 -1 -1 7 3 -1 9 6
6 -1 -1 -1 7 9 -1 3 6
6 -1 -1 -1 7 -1 3 9 6
6 -1 -1 -1 7 -1 9 3 6
6 -1 -1 -1 8 3 -1 9 5
6 -1 -1 -1 8 3 -1 9 6
6 -1 -1 -1 8 9 -1 3 5
6 -1 -1 -1 8 9 -1 3 6
6 -1 -1 -1 8 -1 3 9 6
6 -1 -1 -1 8 -1 9 3 6
6 -1 -1 -1 9 5 -1 8 3
6 -1 -1 -1 9 6 -1 7 3
6 -1 -1 -1 9 6 -1 8 3
6 -1 -1 -1 9 7 -1 6 3
6 -1 -1 -1 9 8 -1 5 3
6 -1 -1 -1 9 8 -1 6 3
6 -1 -1 -1 -1 5 2 8 9
6 -1 -1 -1 -1 5 9 8 2
6 -1 -1 -1 -1 6 2 8 9
6 -1 -1 -1 -1 6 9 8 2
6 -1 -1 -1 -1 7 3 6 9
6 -1 -1 -1 -1 7 9 6 3
6 -1 -1 -1 -1 8 3 6 9
6 -1 -1 -1 -1 8 9 6 3
7 3 -1 6 -1 9 6 -1 -1
7 3 -1 6 -1 -1 6 -1 9
7 3 -1 9 6 -1 -1 -1 6
7 3 -1 -1 6 -1 -1 9 6
7 3 -1 -1 9 6 -1 6 -1
7 3 -1 -1 -1 6 9 6 -1
7 6 6 3 -1 -1 -1 9 -1
7 6 6 3 -1 -1 -1 -1 9
7 6 6 9 -1 -1 -1 3 -1
7 6 6 9 -1 -1 -1 -1 3
7 6 6 -1 3 -1 9 -1 -1
7 6 6 -1 3 -1 -1 9 -1
7 6 6 -1 9 -1 3 -1 -1
7 6 6 -1 9 -1 -1 3 -1
7 6 6 -1 -1 3 9 -1 -1
7 6 6 -1 -1 3 -1 -1 9
7 6 6 -1 -1 9 3 -1 -1
7 6 6 -1 -1 9 -1 -1 3
7 9 -1 3 6 -1 -1 -1 6
7 9 -1 6 -1 3 6 -1 -1
7 9 -1 6 -1 -1 6 -1 3
7 9 -1 -1 3 6 -1 6 -1
7 9 -1 -1 6 -1 -1 3 6
7 9 -1 -1 -1 6 3 6 -1
7 -1 3 6 9 -1 6 -1 -1
7 -1 3 6 -1 -1 6 9 -1
7 -1 3 9 -1 6 -1 6 -1
7 -1 3 -1 6 9 -1 -1 6
7 -1 3 -1 6 -1 9 -1 6
7 -1 3 -1 -1 6 -1 6 9
7 -1 9 3 -1 6 -1 6 -1
7 -1 9 6 3 -1 6 -1 -1
7 -1 9 6 -1 -1 6 3 -1
7 -1 9 -1 6 3 -1 -1 6
7 -1 9 -1 6 -1 3 -1 6
7 -1 9 -1 -1 6 -1 6 3
7 -1 -1 3 6 9 -1 -1 6
7 -1 -1 3 9 6 -1 6 -1
7 -1 -1 6 3 9 6 -1 -1
7 -1 -1 6 9 3 6 -1 -1
7 -1 -1 6 -1 -1 6 3 9
7 -1 -1 6 -1 -1 6 9 3
7 -1 -1 9 3 6 -1 6 -1
7 -1 -1 9 6 3 -1 -1 6
7 -1 -1 -1 6 -1 3 9 6
7 -1 -1 -1 6 -1 9 3 6
7 -1 -1 -1 -1 6 3 6 9
7 -1 -1 -1 -1 6 9 6 3
8 1 8 5 5 -1 6 -1 -1
8 1 8 5 -1 5 -1 6 -1
8 1 8 5 -1 -1 6 6 -1
8 1 8 6 6 -1 5 -1 -1
8 1 8 6 -1 6 -1 5 -1
8 1 8 6 -1 -1 5 5 -1
8 1 8 -1 5 5 -1 -1 6
8 1 8 -1 5 -1 6 -1 6
8 1 8 -1 6 6 -1 -1 5
8 1 8 -1 6 -1 5 -1 5
8 1 8 -1 -1 5 -1 6 6
8 1 8 -1 -1 6 -1 5 5
8 1 -1 2 -1 9 9 2 -1
8 1 -1 9 2 -1 2 -1 9
8 1 -1 -1 9 2 -1 9 2
8 2 9 1 -1 2 -1 9 -1
8 2 9 2 1 -1 9 -1 -1
8 2 9 5 -1 -1 6 -1 -1
8 2 9 6 -1 -1 5 -1 -1
8 2 9 6 -1 -1 6 -1 -1
8 2 9 9 -1 -1 2 1 -1
8 2 9 -1 2 1 -1 -1 9
8 2 9 -1 5 -1 -1 -1 6
8 2 9 -1 6 -1 -1 -1 5
8 2 9 -1 6 -1 -1 -1 6
8 2 9 -1 9 -1 1 -1 2
8 2 9 -1 -1 5 -1 6 -1
8 2 9 -1 -1 6 -1 5 -1
8 2 9 -1 -1 6 -1 6 -1
8 2 9 -1 -1 9 -1 2 1
8 3 -1 5 -1 9 6 -1 -1
8 3 -1 6 -1 9 6 -1 -1
8 3 -1 6 -1 -1 5 -1 9
8 3 -1 6 -1 -1 6 -1 9
8 3 -1 9 5 -1 -1 -1 6
8 3 -1 9 6 -1 -1 -1 6
8 3 -1 -1 6 -1 -1 9 5
8 3 -1 -1 6 -1 -1 9 6
8 3 -1 -1 9 5 -1 6 -1
8 3 -1 -1 9 6 -1 6 -1
8 3 -1 -1 -1 6 9 5 -1
8 3 -1 -1 -1 6 9 6 -1
8 5 6 1 5 -1 8 -1 -1
8 5 6 1 -1 6 8 -1 -1
8 5 6 2 -1 -1 9 -1 -1
8 5 6 3 -1 -1 -1 9 -1
8 5 6 5 -1 1 -1 8 -1
8 5 6 6 1 -1 -1 -1 8
8 5 6 8 -1 -1 1 5 -1
8 5 6 8 -1 -1 1 -1 6
8 5 6 9 -1 -1 2 -1 -1
8 5 6 9 -1 -1 -1 3 -1
8 5 6 -1 1 5 -1 -1 8
8 5 6 -1 2 -1 -1 -1 9
8 5 6 -1 3 -1 9 -1 -1
8 5 6 -1 6 1 -1 8 -1
8 5 6 -1 8 -1 5 -1 1
8 5 6 -1 8 -1 -1 6 1
8 5 6 -1 9 -1 3 -1 -1
8 5 6 -1 9 -1 -1 -1 2
8 5 6 -1 -1 2 -1 9 -1
8 5 6 -1 -1 3 -1 -1 9
8 5 6 -1 -1 8 6 1 -1
8 5 6 -1 -1 8 -1 1 5
8 5 6 -1 -1 9 -1 2 -1
8 5 6 -1 -1 9 -1 -1 3
8 5 -1 1 -1 6 8 5 -1
8 5 -1 5 -1 8 6 1 -1
8 5 -1 6 1 -1 5 -1 8
8 5 -1 8 5 -1 1 -1 6
8 5 -1 -1 6 1 -1 8 5
8 5 -1 -1 8 5 -1 6 1
8 6 5 1 6 -1 8 -1 -1
8 6 5 1 -1 5 8 -1 -1
8 6 5 2 -1 -1 9 -1 -1
8 6 5 3 -1 -1 -1 -1 9
8 6 5 5 1 -1 -1 -1 8
8 6 5 6 -1 1 -1 8 -1
8 6 5 8 -1 -1 1 6 -1
8 6 5 8 -1 -1 1 -1 5
8 6 5 9 -1 -1 2 -1 -1
8 6 5 9 -1 -1 -1 -1 3
8 6 5 -1 1 6 -1 -1 8
8 6 5 -1 2 -1 -1 -1 9
8 6 5 -1 3 -1 -1 9 -1
8 6 5 -1 5 1 -1 8 -1
8 6 5 -1 8 -1 6 -1 1
8 6 5 -1 8 -1 -1 5 1
8 6 5 -1 9 -1 -1 3 -1
8 6 5 -1 9 -1 -1 -1 2
8 6 5 -1 -1 2 -1 9 -1
8 6 5 -1 -1 3 9 -1 -1
8 6 5 -1 -1 8 5 1 -1
8 6 5 -1 -1 8 -1 1 6
8 6 5 -1 -1 9 3 -1 -1
8 6 5 -1 -1 9 -1 2 -1
8 6 6 2 -1 -1 9 -1 -1
8 6 6 3 -1 -1 -1 9 -1
8 6 6 3 -1 -1 -1 -1 9
8 6 6 9 -1 -1 2 -1 -1
8 6 6 9 -1 -1 -1 3 -1
8 6 6 9 -1 -1 -1 -1 3
8 6 6 -1 2 -1 -1 -1 9
8 6 6 -1 3 -1 9 -1 -1
8 6 6 -1 3 -1 -1 9 -1
8 6 6 -1 9 -1 3 -1 -1
8 6 6 -1 9 -1 -1 3 -1
8 6 6 -1 9 -1 -1 -1 2
8 6 6 -1 -1 2 -1 9 -1
8 6 6 -1 -1 3 9 -1 -1
8 6 6 -1 -1 3 -1 -1 9
8 6 6 -1 -1 9 3 -1 -1
8 6 6 -1 -1 9 -1 2 -1
8 6 6 -1 -1 9 -1 -1 3
8 6 -1 1 -1 5 8 6 -1
8 6 -1 5 1 -1 6 -1 8
8 6 -1 6 -1 8 5 1 -1
8 6 -1 8 6 -1 1 -1 5
8 6 -1 -1 5 1 -1 8 6
8 6 -1 -1 8 6 -1 5 1
8 8 1 5 5 -1 -1 -1 6
8 8 1 5 -1 5 6 -1 -1
8 8 1 5 -1 -1 6 -1 6
8 8 1 6 6 -1 -1 -1 5
8 8 1 6 -1 6 5 -1 -1
8 8 1 6 -1 -1 5 -1 5
8 8 1 -1 5 5 -1 6 -1
8 8 1 -1 5 -1 -1 6 6
8 8 1 -1 6 6 -1 5 -1
8 8 1 -1 6 -1 -1 5 5
8 8 1 -1 -1 5 6 6 -1
8 8 1 -1 -1 6 5 5 -1
8 9 2 1 2 -1 -1 -1 9
8 9 2 2 -1 1 9 -1 -1
8 9 2 5 -1 -1 6 -1 -1
8 9 2 6 -1 -1 5 -1 -1
8 9 2 6 -1 -1 6 -1 -1
8 9 2 9 -1 -1 2 -1 1
8 9 2 -1 1 2 -1 9 -1
8 9 2 -1 5 -1 -1 -1 6
8 9 2 -1 6 -1 -1 -1 5
8 9 2 -1 6 -1 -1 -1 6
8 9 2 -1 9 -1 -1 1 2
8 9 2 -1 -1 5 -1 6 -1
8 9 2 -1 -1 6 -1 5 -1
8 9 2 -1 -1 6 -1 6 -1
8 9 2 -1 -1 9 1 2 -1
8 9 -1 3 5 -1 -1 -1 6
8 9 -1 3 6 -1 -1 -1 6
8 9 -1 5 -1 3 6 -1 -1
8 9 -1 6 -1 3 6 -1 -1
8 9 -1 6 -1 -1 5 -1 3
8 9 -1 6 -1 -1 6 -1 3
8 9 -1 -1 3 5 -1 6 -1
8 9 -1 -1 3 6 -1 6 -1
8 9 -1 -1 6 -1 -1 3 5
8 9 -1 -1 6 -1 -1 3 6
8 9 -1 -1 -1 6 3 5 -1
8 9 -1 -1 -1 6 3 6 -1
8 -1 1 2 9 -1 9 -1 2
8 -1 1 9 -1 2 2 9 -1
8 -1 1 -1 2 9 -1 2 9
8 -1 3 5 9 -1 6 -1 -1
8 -1 3 6 9 -1 6 -1 -1
8 -1 3 6 -1 -1 5 9 -1
8 -1 3 6 -1 -1 6 9 -1
8 -1 3 9 -1 5 -1 6 -1
8 -1 3 9 -1 6 -1 6 -1
8 -1 3 -1 5 9 -1 -1 6
8 -1 3 -1 6 9 -1 -1 6
8 -1 3 -1 6 -1 9 -1 5
8 -1 3 -1 6 -1 9 -1 6
8 -1 3 -1 -1 6 -1 5 9
8 -1 3 -1 -1 6 -1 6 9
8 -1 5 1 6 -1 8 -1 5
8 -1 5 5 8 -1 6 -1 1
8 -1 5 6 -1 1 5 8 -1
8 -1 5 8 -1 5 1 6 -1
8 -1 5 -1 1 6 -1 5 8
8 -1 5 -1 5 8 -1 1 6
8 -1 6 1 5 -1 8 -1 6
8 -1 6 5 -1 1 6 8 -1
8 -1 6 6 8 -1 5 -1 1
8 -1 6 8 -1 6 1 5 -1
8 -1 6 -1 1 5 -1 6 8
8 -1 6 -1 6 8 -1 1 5
8 -1 9 3 -1 5 -1 6 -1
8 -1 9 3 -1 6 -1 6 -1
8 -1 9 5 3 -1 6 -1 -1
8 -1 9 6 3 -1 6 -1 -1
8 -1 9 6 -1 -1 5 3 -1
8 -1 9 6 -1 -1 6 3 -1
8 -1 9 -1 5 3 -1 -1 6
8 -1 9 -1 6 3 -1 -1 6
8 -1 9 -1 6 -1 3 -1 5
8 -1 9 -1 6 -1 3 -1 6
8 -1 9 -1 -1 6 -1 5 3
8 -1 9 -1 -1 6 -1 6 3
8 -1 -1 1 5 -1 8 5 6
8 -1 -1 1 6 -1 8 6 5
8 -1 -1 1 9 9 -1 2 2
8 -1 -1 1 -1 5 8 6 5
8 -1 -1 1 -1 6 8 5 6
8 -1 -1 2 2 -1 9 1 9
8 -1 -1 2 5 -1 9 -1 6
8 -1 -1 2 6 -1 9 -1 5
8 -1 -1 2 6 -1 9 -1 6
8 -1 -1 2 -1 2 9 9 1
8 -1 -1 2 -1 5 9 6 -1
8 -1 -1 2 -1 6 9 5 -1
8 -1 -1 2 -1 6 9 6 -1
8 -1 -1 3 6 9 -1 -1 5
8 -1 -1 3 6 9 -1 -1 6
8 -1 -1 3 9 6 -1 5 -1
8 -1 -1 3 9 6 -1 6 -1
8 -1 -1 5 1 -1 6 5 8
8 -1 -1 5 2 -1 6 -1 9
8 -1 -1 5 6 8 6 1 -1
8 -1 -1 5 6 8 -1 1 5
8 -1 -1 5 8 6 6 -1 1
8 -1 -1 5 8 6 -1 5 1
8 -1 -1 5 9 -1 6 -1 2
8 -1 -1 5 -1 1 6 8 5
8 -1 -1 5 -1 2 6 9 -1
8 -1 -1 5 -1 9 6 2 -1
8 -1 -1 5 -1 -1 6 3 9
8 -1 -1 5 -1 -1 6 9 3
8 -1 -1 6 1 -1 5 6 8
8 -1 -1 6 2 -1 5 -1 9
8 -1 -1 6 2 -1 6 -1 9
8 -1 -1 6 3 9 5 -1 -1
8 -1 -1 6 3 9 6 -1 -1
8 -1 -1 6 5 8 5 1 -1
8 -1 -1 6 5 8 -1 1 6
8 -1 -1 6 8 5 5 -1 1
8 -1 -1 6 8 5 -1 6 1
8 -1 -1 6 9 3 5 -1 -1
8 -1 -1 6 9 3 6 -1 -1
8 -1 -1 6 9 -1 5 -1 2
8 -1 -1 6 9 -1 6 -1 2
8 -1 -1 6 -1 1 5 8 6
8 -1 -1 6 -1 2 5 9 -1
8 -1 -1 6 -1 2 6 9 -1
8 -1 -1 6 -1 9 5 2 -1
8 -1 -1 6 -1 9 6 2 -1
8 -1 -1 6 -1 -1 6 3 9
8 -1 -1 6 -1 -1 6 9 3
8 -1 -1 8 5 6 1 5 -1
8 -1 -1 8 5 6 1 -1 6
8 -1 -1 8 6 5 1 6 -1
8 -1 -1 8 6 5 1 -1 5
8 -1 -1 9 1 9 2 2 -1
8 -1 -1 9 3 6 -1 5 -1
8 -1 -1 9 3 6 -1 6 -1
8 -1 -1 9 5 -1 2 -1 6
8 -1 -1 9 6 3 -1 -1 5
8 -1 -1 9 6 3 -1 -1 6
8 -1 -1 9 6 -1 2 -1 5
8 -1 -1 9 6 -1 2 -1 6
8 -1 -1 9 9 1 2 -1 2
8 -1 -1 9 -1 5 2 6 -1
8 -1 -1 9 -1 6 2 5 -1
8 -1 -1 9 -1 6 2 6 -1
8 -1 -1 -1 1 5 5 6 8
8 -1 -1 -1 1 6 6 5 8
8 -1 -1 -1 2 2 1 9 9
8 -1 -1 -1 2 5 -1 6 9
8 -1 -1 -1 2 6 -1 5 9
8 -1 -1 -1 2 6 -1 6 9
8 -1 -1 -1 5 1 5 8 6
8 -1 -1 -1 5 2 -1 9 6
8 -1 -1 -1 5 9 -1 2 6
8 -1 -1 -1 5 -1 3 9 6
8 -1 -1 -1 5 -1 9 3 6
8 -1 -1 -1 6 1 6 8 5
8 -1 -1 -1 6 2 -1 9 5
8 -1 -1 -1 6 2 -1 9 6
8 -1 -1 -1 6 9 -1 2 5
8 -1 -1 -1 6 9 -1 2 6
8 -1 -1 -1 6 -1 3 9 6
8 -1 -1 -1 6 -1 9 3 6
8 -1 -1 -1 9 5 -1 6 2
8 -1 -1 -1 9 6 -1 5 2
8 -1 -1 -1 9 6 -1 6 2
8 -1 -1 -1 -1 5 3 6 9
8 -1 -1 -1 -1 5 9 6 3
8 -1 -1 -1 -1 6 3 6 9
8 -1 -1 -1 -1 6 9 6 3
9 1 9 1 1 -1 9 -1 -1
9 1 9 1 -1 1 -1 9 -1
9 1 9 2 2 -1 8 -1 -1
9 1 9 2 -1 2 -1 8 -1
9 1 9 8 -1 -1 2 2 -1
9 1 9 9 -1 -1 1 1 -1
9 1 9 -1 1 1 -1 -1 9
9 1 9 -1 2 2 -1 -1 8
9 1 9 -1 8 -1 2 -1 2
9 1 9 -1 9 -1 1 -1 1
9 1 9 -1 -1 8 -1 2 2
9 1 9 -1 -1 9 -1 1 1
9 1 -1 1 -1 9 9 1 -1
9 1 -1 9 1 -1 1 -1 9
9 1 -1 -1 9 1 -1 9 1
9 2 8 1 2 -1 9 -1 -1
9 2 8 2 -1 1 -1 9 -1
9 2 8 5 -1 -1 -1 6 -1
9 2 8 6 -1 -1 -1 5 -1
9 2 8 6 -1 -1 -1 6 -1
9 2 8 9 -1 -1 1 2 -1
9 2 8 -1 1 2 -1 -1 9
9 2 8 -1 5 -1 6 -1 -1
9 2 8 -1 6 -1 5 -1 -1
9 2 8 -1 6 -1 6 -1 -1
9 2 8 -1 9 -1 2 -1 1
9 2 8 -1 -1 5 -1 -1 6
9 2 8 -1 -1 6 -1 -1 5
9 2 8 -1 -1 6 -1 -1 6
9 2 8 -1 -1 9 -1 1 2
9 2 -1 1 -1 8 9 2 -1
9 2 -1 2 -1 9 8 1 -1
9 2 -1 8 1 -1 2 -1 9
9 2 -1 9 2 -1 1 -1 8
9 2 -1 -1 8 1 -1 9 2
9 2 -1 -1 9 2 -1 8 1
9 3 6 5 -1 -1 -1 8 -1
9 3 6 6 -1 -1 -1 7 -1
9 3 6 6 -1 -1 -1 8 -1
9 3 6 7 -1 -1 -1 6 -1
9 3 6 8 -1 -1 -1 5 -1
9 3 6 8 -1 -1 -1 6 -1
9 3 6 -1 5 -1 8 -1 -1
9 3 6 -1 6 -1 7 -1 -1
9 3 6 -1 6 -1 8 -1 -1
9 3 6 -1 7 -1 6 -1 -1
9 3 6 -1 8 -1 5 -1 -1
9 3 6 -1 8 -1 6 -1 -1
9 3 6 -1 -1 5 -1 -1 8
9 3 6 -1 -1 6 -1 -1 7
9 3 6 -1 -1 6 -1 -1 8
9 3 6 -1 -1 7 -1 -1 6
9 3 6 -1 -1 8 -1 -1 5
9 3 6 -1 -1 8 -1 -1 6
9 5 -1 2 -1 6 8 -1 -1
9 5 -1 3 -1 8 6 -1 -1
9 5 -1 6 2 -1 -1 -1 8
9 5 -1 6 -1 -1 3 -1 8
9 5 -1 8 3 -1 -1 -1 6
9 5 -1 8 -1 -1 2 -1 6
9 5 -1 -1 6 2 -1 8 -1
9 5 -1 -1 6 -1 -1 8 3
9 5 -1 -1 8 3 -1 6 -1
9 5 -1 -1 8 -1 -1 6 2
9 5 -1 -1 -1 6 8 3 -1
9 5 -1 -1 -1 8 6 2 -1
9 6 3 5 -1 -1 -1 -1 8
9 6 3 6 -1 -1 -1 -1 7
9 6 3 6 -1 -1 -1 -1 8
9 6 3 7 -1 -1 -1 -1 6
9 6 3 8 -1 -1 -1 -1 5
9 6 3 8 -1 -1 -1 -1 6
9 6 3 -1 5 -1 -1 8 -1
9 6 3 -1 6 -1 -1 7 -1
9 6 3 -1 6 -1 -1 8 -1
9 6 3 -1 7 -1 -1 6 -1
9 6 3 -1 8 -1 -1 5 -1
9 6 3 -1 8 -1 -1 6 -1
9 6 3 -1 -1 5 8 -1 -1
9 6 3 -1 -1 6 7 -1 -1
9 6 3 -1 -1 6 8 -1 -1
9 6 3 -1 -1 7 6 -1 -1
9 6 3 -1 -1 8 5 -1 -1
9 6 3 -1 -1 8 6 -1 -1
9 6 -1 2 -1 5 8 -1 -1
9 6 -1 2 -1 6 8 -1 -1
9 6 -1 3 -1 7 6 -1 -1
9 6 -1 3 -1 8 6 -1 -1
9 6 -1 5 2 -1 -1 -1 8
9 6 -1 6 2 -1 -1 -1 8
9 6 -1 6 -1 -1 3 -1 7
9 6 -1 6 -1 -1 3 -1 8
9 6 -1 7 3 -1 -1 -1 6
9 6 -1 8 3 -1 -1 -1 6
9 6 -1 8 -1 -1 2 -1 5
9 6 -1 8 -1 -1 2 -1 6
9 6 -1 -1 5 2 -1 8 -1
9 6 -1 -1 6 2 -1 8 -1
9 6 -1 -1 6 -1 -1 7 3
9 6 -1 -1 6 -1 -1 8 3
9 6 -1 -1 7 3 -1 6 -1
9 6 -1 -1 8 3 -1 6 -1
9 6 -1 -1 8 -1 -1 5 2
9 6 -1 -1 8 -1 -1 6 2
9 6 -1 -1 -1 6 7 3 -1
9 6 -1 -1 -1 6 8 3 -1
9 6 -1 -1 -1 8 5 2 -1
9 6 -1 -1 -1 8 6 2 -1
9 7 -1 3 -1 6 6 -1 -1
9 7 -1 6 3 -1 -1 -1 6
9 7 -1 6 -1 -1 3 -1 6
9 7 -1 -1 6 3 -1 6 -1
9 7 -1 -1 6 -1 -1 6 3
9 7 -1 -1 -1 6 6 3 -1
9 8 2 1 -1 2 9 -1 -1
9 8 2 2 1 -1 -1 -1 9
9 8 2 5 -1 -1 -1 -1 6
9 8 2 6 -1 -1 -1 -1 5
9 8 2 6 -1 -1 -1 -1 6
9 8 2 9 -1 -1 1 -1 2
9 8 2 -1 2 1 -1 9 -1
9 8 2 -1 5 -1 -1 6 -1
9 8 2 -1 6 -1 -1 5 -1
9 8 2 -1 6 -1 -1 6 -1
9 8 2 -1 9 -1 -1 2 1
9 8 2 -1 -1 5 6 -1 -1
9 8 2 -1 -1 6 5 -1 -1
9 8 2 -1 -1 6 6 -1 -1
9 8 2 -1 -1 9 2 1 -1
9 8 -1 3 -1 5 6 -1 -1
9 8 -1 3 -1 6 6 -1 -1
9 8 -1 5 3 -1 -1 -1 6
9 8 -1 6 3 -1 -1 -1 6
9 8 -1 6 -1 -1 3 -1 5
9 8 -1 6 -1 -1 3 -1 6
9 8 -1 -1 5 3 -1 6 -1
9 8 -1 -1 6 3 -1 6 -1
9 8 -1 -1 6 -1 -1 5 3
9 8 -1 -1 6 -1 -1 6 3
9 8 -1 -1 -1 6 5 3 -1
9 8 -1 -1 -1 6 6 3 -1
9 9 1 1 1 -1 -1 -1 9
9 9 1 1 -1 1 9 -1 -1
9 9 1 2 2 -1 -1 -1 8
9 9 1 2 -1 2 8 -1 -1
9 9 1 8 -1 -1 2 -1 2
9 9 1 9 -1 -1 1 -1 1
9 9 1 -1 1 1 -1 9 -1
9 9 1 -1 2 2 -1 8 -1
9 9 1 -1 8 -1 -1 2 2
9 9 1 -1 9 -1 -1 1 1
9 9 1 -1 -1 8 2 2 -1
9 9 1 -1 -1 9 1 1 -1
9 -1 1 1 9 -1 9 -1 1
9 -1 1 9 -1 1 1 9 -1
9 -1 1 -1 1 9 -1 1 9
9 -1 2 1 8 -1 9 -1 2
9 -1 2 2 9 -1 8 -1 1
9 -1 2 8 -1 1 2 9 -1
9 -1 2 9 -1 2 1 8 -1
9 -1 2 -1 1 8 -1 2 9
9 -1 2 -1 2 9 -1 1 8
9 -1 5 2 6 -1 8 -1 -1
9 -1 5 3 8 -1 6 -1 -1
9 -1 5 6 -1 2 -1 8 -1
9 -1 5 6 -1 -1 3 8 -1
9 -1 5 8 -1 3 -1 6 -1
9 -1 5 8 -1 -1 2 6 -1
9 -1 5 -1 2 6 -1 -1 8
9 -1 5 -1 3 8 -1 -1 6
9 -1 5 -1 6 -1 8 -1 3
9 -1 5 -1 8 -1 6 -1 2
9 -1 5 -1 -1 6 -1 3 8
9 -1 5 -1 -1 8 -1 2 6
9 -1 6 2 5 -1 8 -1 -1
9 -1 6 2 6 -1 8 -1 -1
9 -1 6 3 7 -1 6 -1 -1
9 -1 6 3 8 -1 6 -1 -1
9 -1 6 5 -1 2 -1 8 -1
9 -1 6 6 -1 2 -1 8 -1
9 -1 6 6 -1 -1 3 7 -1
9 -1 6 6 -1 -1 3 8 -1
9 -1 6 7 -1 3 -1 6 -1
9 -1 6 8 -1 3 -1 6 -1
9 -1 6 8 -1 -1 2 5 -1
9 -1 6 8 -1 -1 2 6 -1
9 -1 6 -1 2 5 -1 -1 8
9 -1 6 -1 2 6 -1 -1 8
9 -1 6 -1 3 7 -1 -1 6
9 -1 6 -1 3 8 -1 -1 6
9 -1 6 -1 6 -1 7 -1 3
9 -1 6 -1 6 -1 8 -1 3
9 -1 6 -1 8 -1 5 -1 2
9 -1 6 -1 8 -1 6 -1 2
9 -1 6 -1 -1 6 -1 3 7
9 -1 6 -1 -1 6 -1 3 8
9 -1 6 -1 -1 8 -1 2 5
9 -1 6 -1 -1 8 -1 2 6
9 -1 7 3 6 -1 6 -1 -1
9 -1 7 6 -1 3 -1 6 -1
9 -1 7 6 -1 -1 3 6 -1
9 -1 7 -1 3 6 -1 -1 6
9 -1 7 -1 6 -1 6 -1 3
9 -1 7 -1 -1 6 -1 3 6
9 -1 8 3 5 -1 6 -1 -1
9 -1 8 3 6 -1 6 -1 -1
9 -1 8 5 -1 3 -1 6 -1
9 -1 8 6 -1 3 -1 6 -1
9 -1 8 6 -1 -1 3 5 -1
9 -1 8 6 -1 -1 3 6 -1
9 -1 8 -1 3 5 -1 -1 6
9 -1 8 -1 3 6 -1 -1 6
9 -1 8 -1 6 -1 5 -1 3
9 -1 8 -1 6 -1 6 -1 3
9 -1 8 -1 -1 6 -1 3 5
9 -1 8 -1 -1 6 -1 3 6
9 -1 -1 1 1 -1 9 1 9
9 -1 -1 1 2 -1 9 2 8
9 -1 -1 1 9 9 -1 1 1
9 -1 -1 1 -1 1 9 9 1
9 -1 -1 1 -1 2 9 8 2
9 -1 -1 2 1 -1 8 2 9
9 -1 -1 2 8 9 -1 1 2
9 -1 -1 2 9 8 -1 2 1
9 -1 -1 2 -1 1 8 9 2
9 -1 -1 2 -1 -1 8 5 6
9 -1 -1 2 -1 -1 8 6 5
9 -1 -1 2 -1 -1 8 6 6
9 -1 -1 3 -1 -1 6 5 8
9 -1 -1 3 -1 -1 6 6 7
9 -1 -1 3 -1 -1 6 6 8
9 -1 -1 3 -1 -1 6 7 6
9 -1 -1 3 -1 -1 6 8 5
9 -1 -1 3 -1 -1 6 8 6
9 -1 -1 5 6 8 -1 2 -1
9 -1 -1 5 6 8 -1 -1 3
9 -1 -1 5 8 6 -1 3 -1
9 -1 -1 5 8 6 -1 -1 2
9 -1 -1 6 5 8 3 -1 -1
9 -1 -1 6 5 8 -1 2 -1
9 -1 -1 6 6 7 3 -1 -1
9 -1 -1 6 6 7 -1 -1 3
9 -1 -1 6 6 8 3 -1 -1
9 -1 -1 6 6 8 -1 2 -1
9 -1 -1 6 6 8 -1 -1 3
9 -1 -1 6 7 6 3 -1 -1
9 -1 -1 6 7 6 -1 3 -1
9 -1 -1 6 8 5 3 -1 -1
9 -1 -1 6 8 5 -1 -1 2
9 -1 -1 6 8 6 3 -1 -1
9 -1 -1 6 8 6 -1 3 -1
9 -1 -1 6 8 6 -1 -1 2
9 -1 -1 7 6 6 -1 3 -1
9 -1 -1 7 6 6 -1 -1 3
9 -1 -1 8 2 9 2 1 -1
9 -1 -1 8 5 6 2 -1 -1
9 -1 -1 8 5 6 -1 3 -1
9 -1 -1 8 6 5 2 -1 -1
9 -1 -1 8 6 5 -1 -1 3
9 -1 -1 8 6 6 2 -1 -1
9 -1 -1 8 6 6 -1 3 -1
9 -1 -1 8 6 6 -1 -1 3
9 -1 -1 8 9 2 2 -1 1
9 -1 -1 9 1 9 1 1 -1
9 -1 -1 9 2 8 1 2 -1
9 -1 -1 9 8 2 1 -1 2
9 -1 -1 9 9 1 1 -1 1
9 -1 -1 -1 1 1 1 9 9
9 -1 -1 -1 1 2 2 8 9
9 -1 -1 -1 2 1 2 9 8
9 -1 -1 -1 2 -1 5 6 8
9 -1 -1 -1 2 -1 6 5 8
9 -1 -1 -1 2 -1 6 6 8
9 -1 -1 -1 3 -1 5 8 6
9 -1 -1 -1 3 -1 6 7 6
9 -1 -1 -1 3 -1 6 8 6
9 -1 -1 -1 3 -1 7 6 6
9 -1 -1 -1 3 -1 8 5 6
9 -1 -1 -1 3 -1 8 6 6
9 -1 -1 -1 -1 2 5 8 6
9 -1 -1 -1 -1 2 6 8 5
9 -1 -1 -1 -1 2 6 8 6
9 -1 -1 -1 -1 3 5 6 8
9 -1 -1 -1 -1 3 6 6 7
9 -1 -1 -1 -1 3 6 6 8
9 -1 -1 -1 -1 3 7 6 6
9 -1 -1 -1 -1 3 8 6 5
9 -1 -1 -1 -1 3 8 6 6
-1 1 1 1 9 9 9 -1 -1
-1 1 1 9 1 9 -1 -1 9
-1 1 1 9 9 1 -1 9 -1
-1 1 1 9 -1 -1 1 9 9
-1 1 1 -1 9 -1 9 9 1
-1 1 1 -1 -1 9 9 1 9
-1 1 2 2 8 9 9 -1 -1
-1 1 2 8 9 2 -1 9 -1
-1 1 2 9 2 8 -1 -1 9
-1 1 2 9 -1 -1 2 8 9
-1 1 2 -1 9 -1 8 9 2
-1 1 2 -1 -1 9 9 2 8
-1 1 5 5 6 8 8 -1 -1
-1 1 5 6 8 5 -1 8 -1
-1 1 5 6 8 -1 6 8 -1
-1 1 5 8 5 6 -1 -1 8
-1 1 5 8 -1 6 -1 6 8
-1 1 5 8 -1 -1 5 6 8
-1 1 5 -1 6 8 8 -1 6
-1 1 5 -1 8 -1 6 8 5
-1 1 5 -1 -1 8 8 5 6
-1 1 6 5 8 6 -1 8 -1
-1 1 6 5 8 -1 5 8 -1
-1 1 6 6 5 8 8 -1 -1
-1 1 6 8 6 5 -1 -1 8
-1 1 6 8 -1 5 -1 5 8
-1 1 6 8 -1 -1 6 5 8
-1 1 6 -1 5 8 8 -1 5
-1 1 6 -1 8 -1 5 8 6
-1 1 6 -1 -1 8 8 6 5
-1 1 8 2 9 -1 2 9 -1
-1 1 8 9 -1 2 -1 2 9
-1 1 8 -1 2 9 9 -1 2
-1 1 9 1 9 -1 1 9 -1
-1 1 9 9 -1 1 -1 1 9
-1 1 9 -1 1 9 9 -1 1
-1 2 1 2 9 8 9 -1 -1
-1 2 1 8 2 9 -1 -1 9
-1 2 1 9 8 2 -1 9 -1
-1 2 1 9 -1 -1 2 9 8
-1 2 1 -1 9 -1 9 8 2
-1 2 1 -1 -1 9 8 2 9
-1 2 2 1 9 9 8 -1 -1
-1 2 2 8 -1 -1 1 9 9
-1 2 2 9 1 9 -1 -1 8
-1 2 2 9 9 1 -1 8 -1
-1 2 2 -1 8 -1 9 9 1
-1 2 2 -1 -1 8 9 1 9
-1 2 5 6 9 -1 -1 8 -1
-1 2 5 8 -1 -1 -1 6 9
-1 2 5 9 -1 6 -1 -1 8
-1 2 5 -1 6 9 8 -1 -1
-1 2 5 -1 8 -1 6 9 -1
-1 2 5 -1 -1 8 9 -1 6
-1 2 6 5 9 -1 -1 8 -1
-1 2 6 6 9 -1 -1 8 -1
-1 2 6 8 -1 -1 -1 5 9
-1 2 6 8 -1 -1 -1 6 9
-1 2 6 9 -1 5 -1 -1 8
-1 2 6 9 -1 6 -1 -1 8
-1 2 6 -1 5 9 8 -1 -1
-1 2 6 -1 6 9 8 -1 -1
-1 2 6 -1 8 -1 5 9 -1
-1 2 6 -1 8 -1 6 9 -1
-1 2 6 -1 -1 8 9 -1 5
-1 2 6 -1 -1 8 9 -1 6
-1 2 9 1 8 -1 2 9 -1
-1 2 9 2 9 -1 1 8 -1
-1 2 9 8 -1 1 -1 2 9
-1 2 9 9 -1 2 -1 1 8
-1 2 9 -1 1 8 9 -1 2
-1 2 9 -1 2 9 8 -1 1
-1 2 -1 5 6 8 9 -1 -1
-1 2 -1 5 8 6 -1 9 -1
-1 2 -1 6 5 8 9 -1 -1
-1 2 -1 6 6 8 9 -1 -1
-1 2 -1 6 8 5 -1 9 -1
-1 2 -1 6 8 6 -1 9 -1
-1 2 -1 8 5 6 -1 -1 9
-1 2 -1 8 6 5 -1 -1 9
-1 2 -1 8 6 6 -1 -1 9
-1 2 -1 9 -1 -1 5 6 8
-1 2 -1 9 -1 -1 6 5 8
-1 2 -1 9 -1 -1 6 6 8
-1 2 -1 -1 9 -1 5 8 6
-1 2 -1 -1 9 -1 6 8 5
-1 2 -1 -1 9 -1 6 8 6
-1 2 -1 -1 -1 9 8 5 6
-1 2 -1 -1 -1 9 8 6 5
-1 2 -1 -1 -1 9 8 6 6
-1 3 5 6 -1 -1 -1 8 9
-1 3 5 8 9 -1 -1 6 -1
-1 3 5 9 -1 8 -1 -1 6
-1 3 5 -1 6 -1 8 9 -1
-1 3 5 -1 8 9 6 -1 -1
-1 3 5 -1 -1 6 9 -1 8
-1 3 6 6 -1 -1 -1 7 9
-1 3 6 6 -1 -1 -1 8 9
-1 3 6 7 9 -1 -1 6 -1
-1 3 6 8 9 -1 -1 6 -1
-1 3 6 9 -1 7 -1 -1 6
-1 3 6 9 -1 8 -1 -1 6
-1 3 6 -1 6 -1 7 9 -1
-1 3 6 -1 6 -1 8 9 -1
-1 3 6 -1 7 9 6 -1 -1
-1 3 6 -1 8 9 6 -1 -1
-1 3 6 -1 -1 6 9 -1 7
-1 3 6 -1 -1 6 9 -1 8
-1 3 7 6 9 -1 -1 6 -1
-1 3 7 6 -1 -1 -1 6 9
-1 3 7 9 -1 6 -1 -1 6
-1 3 7 -1 6 9 6 -1 -1
-1 3 7 -1 6 -1 6 9 -1
-1 3 7 -1 -1 6 9 -1 6
-1 3 8 5 9 -1 -1 6 -1
-1 3 8 6 9 -1 -1 6 -1
-1 3 8 6 -1 -1 -1 5 9
-1 3 8 6 -1 -1 -1 6 9
-1 3 8 9 -1 5 -1 -1 6
-1 3 8 9 -1 6 -1 -1 6
-1 3 8 -1 5 9 6 -1 -1
-1 3 8 -1 6 9 6 -1 -1
-1 3 8 -1 6 -1 5 9 -1
-1 3 8 -1 6 -1 6 9 -1
-1 3 8 -1 -1 6 9 -1 5
-1 3 8 -1 -1 6 9 -1 6
-1 3 -1 5 6 8 -1 9 -1
-1 3 -1 5 8 6 9 -1 -1
-1 3 -1 6 5 8 -1 -1 9
-1 3 -1 6 6 7 -1 9 -1
-1 3 -1 6 6 7 -1 -1 9
-1 3 -1 6 6 8 -1 9 -1
-1 3 -1 6 6 8 -1 -1 9
-1 3 -1 6 7 6 9 -1 -1
-1 3 -1 6 7 6 -1 -1 9
-1 3 -1 6 8 5 -1 -1 9
-1 3 -1 6 8 6 9 -1 -1
-1 3 -1 6 8 6 -1 -1 9
-1 3 -1 7 6 6 9 -1 -1
-1 3 -1 7 6 6 -1 9 -1
-1 3 -1 8 5 6 9 -1 -1
-1 3 -1 8 6 5 -1 9 -1
-1 3 -1 8 6 6 9 -1 -1
-1 3 -1 8 6 6 -1 9 -1
-1 3 -1 9 -1 -1 5 8 6
-1 3 -1 9 -1 -1 6 7 6
-1 3 -1 9 -1 -1 6 8 6
-1 3 -1 9 -1 -1 7 6 6
-1 3 -1 9 -1 -1 8 5 6
-1 3 -1 9 -1 -1 8 6 6
-1 3 -1 -1 9 -1 5 6 8
-1 3 -1 -1 9 -1 6 6 7
-1 3 -1 -1 9 -1 6 6 8
-1 3 -1 -1 9 -1 7 6 6
-1 3 -1 -1 9 -1 8 6 5
-1 3 -1 -1 9 -1 8 6 6
-1 3 -1 -1 -1 9 6 5 8
-1 3 -1 -1 -1 9 6 6 7
-1 3 -1 -1 -1 9 6 6 8
-1 3 -1 -1 -1 9 6 7 6
-1 3 -1 -1 -1 9 6 8 5
-1 3 -1 -1 -1 9 6 8 6
-1 5 1 5 8 6 8 -1 -1
-1 5 1 6 5 8 -1 -1 8
-1 5 1 6 -1 8 6 -1 8
-1 5 1 8 6 5 -1 8 -1
-1 5 1 8 6 -1 -1 8 6
-1 5 1 8 -1 -1 5 8 6
-1 5 1 -1 8 6 8 6 -1
-1 5 1 -1 8 -1 8 6 5
-1 5 1 -1 -1 8 6 5 8
-1 5 2 6 -1 9 -1 -1 8
-1 5 2 8 -1 -1 -1 9 6
-1 5 2 9 6 -1 -1 8 -1
-1 5 2 -1 8 -1 9 6 -1
-1 5 2 -1 9 6 8 -1 -1
-1 5 2 -1 -1 8 6 -1 9
-1 5 3 6 -1 -1 -1 9 8
-1 5 3 8 -1 9 -1 -1 6
-1 5 3 9 8 -1 -1 6 -1
-1 5 3 -1 6 -1 9 8 -1
-1 5 3 -1 9 8 6 -1 -1
-1 5 3 -1 -1 6 8 -1 9
-1 5 5 1 8 8 6 -1 -1
-1 5 5 6 -1 -1 1 8 8
-1 5 5 8 1 8 -1 -1 6
-1 5 5 8 8 1 -1 6 -1
-1 5 5 -1 6 -1 8 8 1
-1 5 5 -1 -1 6 8 1 8
-1 5 8 1 6 -1 5 8 -1
-1 5 8 5 8 -1 1 6 -1
-1 5 8 6 -1 1 -1 5 8
-1 5 8 8 -1 5 -1 1 6
-1 5 8 -1 1 6 8 -1 5
-1 5 8 -1 5 8 6 -1 1
-1 5 9 2 6 -1 -1 8 -1
-1 5 9 3 8 -1 -1 6 -1
-1 5 9 6 -1 2 -1 -1 8
-1 5 9 6 -1 -1 -1 3 8
-1 5 9 8 -1 3 -1 -1 6
-1 5 9 8 -1 -1 -1 2 6
-1 5 9 -1 2 6 8 -1 -1
-1 5 9 -1 3 8 6 -1 -1
-1 5 9 -1 6 -1 3 8 -1
-1 5 9 -1 8 -1 2 6 -1
-1 5 9 -1 -1 6 8 -1 3
-1 5 9 -1 -1 8 6 -1 2
-1 5 -1 1 8 8 6 6 -1
-1 5 -1 2 8 9 -1 6 -1
-1 5 -1 2 9 8 6 -1 -1
-1 5 -1 3 6 9 -1 8 -1
-1 5 -1 3 9 6 8 -1 -1
-1 5 -1 6 3 9 -1 -1 8
-1 5 -1 6 6 -1 1 8 8
-1 5 -1 6 9 3 -1 -1 8
-1 5 -1 6 -1 6 8 1 8
-1 5 -1 6 -1 -1 2 9 8
-1 5 -1 6 -1 -1 9 2 8
-1 5 -1 8 1 8 6 -1 6
-1 5 -1 8 2 9 -1 -1 6
-1 5 -1 8 8 1 -1 6 6
-1 5 -1 8 9 2 -1 -1 6
-1 5 -1 8 -1 -1 3 9 6
-1 5 -1 8 -1 -1 9 3 6
-1 5 -1 9 2 8 6 -1 -1
-1 5 -1 9 3 6 8 -1 -1
-1 5 -1 9 6 3 -1 8 -1
-1 5 -1 9 8 2 -1 6 -1
-1 5 -1 -1 6 6 8 8 1
-1 5 -1 -1 6 -1 2 8 9
-1 5 -1 -1 6 -1 9 8 2
-1 5 -1 -1 8 -1 3 6 9
-1 5 -1 -1 8 -1 9 6 3
-1 5 -1 -1 -1 6 8 2 9
-1 5 -1 -1 -1 6 8 9 2
-1 5 -1 -1 -1 8 6 3 9
-1 5 -1 -1 -1 8 6 9 3
-1 6 1 5 6 8 -1 -1 8
-1 6 1 5 -1 8 5 -1 8
-1 6 1 6 8 5 8 -1 -1
-1 6 1 8 5 6 -1 8 -1
-1 6 1 8 5 -1 -1 8 5
-1 6 1 8 -1 -1 6 8 5
-1 6 1 -1 8 5 8 5 -1
-1 6 1 -1 8 -1 8 5 6
-1 6 1 -1 -1 8 5 6 8
-1 6 2 5 -1 9 -1 -1 8
-1 6 2 6 -1 9 -1 -1 8
-1 6 2 8 -1 -1 -1 9 5
-1 6 2 8 -1 -1 -1 9 6
-1 6 2 9 5 -1 -1 8 -1
-1 6 2 9 6 -1 -1 8 -1
-1 6 2 -1 8 -1 9 5 -1
-1 6 2 -1 8 -1 9 6 -1
-1 6 2 -1 9 5 8 -1 -1
-1 6 2 -1 9 6 8 -1 -1
-1 6 2 -1 -1 8 5 -1 9
-1 6 2 -1 -1 8 6 -1 9
-1 6 3 6 -1 -1 -1 9 7
-1 6 3 6 -1 -1 -1 9 8
-1 6 3 7 -1 9 -1 -1 6
-1 6 3 8 -1 9 -1 -1 6
-1 6 3 9 7 -1 -1 6 -1
-1 6 3 9 8 -1 -1 6 -1
-1 6 3 -1 6 -1 9 7 -1
-1 6 3 -1 6 -1 9 8 -1
-1 6 3 -1 9 7 6 -1 -1
-1 6 3 -1 9 8 6 -1 -1
-1 6 3 -1 -1 6 7 -1 9
-1 6 3 -1 -1 6 8 -1 9
-1 6 6 1 8 8 5 -1 -1
-1 6 6 5 -1 -1 1 8 8
-1 6 6 8 1 8 -1 -1 5
-1 6 6 8 8 1 -1 5 -1
-1 6 6 -1 5 -1 8 8 1
-1 6 6 -1 -1 5 8 1 8
-1 6 8 1 5 -1 6 8 -1
-1 6 8 5 -1 1 -1 6 8
-1 6 8 6 8 -1 1 5 -1
-1 6 8 8 -1 6 -1 1 5
-1 6 8 -1 1 5 8 -1 6
-1 6 8 -1 6 8 5 -1 1
-1 6 9 2 5 -1 -1 8 -1
-1 6 9 2 6 -1 -1 8 -1
-1 6 9 3 7 -1 -1 6 -1
-1 6 9 3 8 -1 -1 6 -1
-1 6 9 5 -1 2 -1 -1 8
-1 6 9 6 -1 2 -1 -1 8
-1 6 9 6 -1 -1 -1 3 7
-1 6 9 6 -1 -1 -1 3 8
-1 6 9 7 -1 3 -1 -1 6
-1 6 9 8 -1 3 -1 -1 6
-1 6 9 8 -1 -1 -1 2 5
-1 6 9 8 -1 -1 -1 2 6
-1 6 9 -1 2 5 8 -1 -1
-1 6 9 -1 2 6 8 -1 -1
-1 6 9 -1 3 7 6 -1 -1
-1 6 9 -1 3 8 6 -1 -1
-1 6 9 -1 6 -1 3 7 -1
-1 6 9 -1 6 -1 3 8 -1
-1 6 9 -1 8 -1 2 5 -1
-1 6 9 -1 8 -1 2 6 -1
-1 6 9 -1 -1 6 7 -1 3
-1 6 9 -1 -1 6 8 -1 3
-1 6 9 -1 -1 8 5 -1 2
-1 6 9 -1 -1 8 6 -1 2
-1 6 -1 1 8 8 5 5 -1
-1 6 -1 2 8 9 -1 5 -1
-1 6 -1 2 8 9 -1 6 -1
-1 6 -1 2 9 8 5 -1 -1
-1 6 -1 2 9 8 6 -1 -1
-1 6 -1 3 5 -1 -1 8 9
-1 6 -1 3 6 9 -1 7 -1
-1 6 -1 3 6 9 -1 8 -1
-1 6 -1 3 6 -1 -1 7 9
-1 6 -1 3 6 -1 -1 8 9
-1 6 -1 3 7 -1 -1 6 9
-1 6 -1 3 8 -1 -1 5 9
-1 6 -1 3 8 -1 -1 6 9
-1 6 -1 3 9 6 7 -1 -1
-1 6 -1 3 9 6 8 -1 -1
-1 6 -1 3 -1 5 8 -1 9
-1 6 -1 3 -1 6 7 -1 9
-1 6 -1 3 -1 6 8 -1 9
-1 6 -1 3 -1 7 6 -1 9
-1 6 -1 3 -1 8 5 -1 9
-1 6 -1 3 -1 8 6 -1 9
-1 6 -1 5 3 -1 -1 9 8
-1 6 -1 5 5 -1 1 8 8
-1 6 -1 5 9 -1 -1 3 8
-1 6 -1 5 -1 3 9 -1 8
-1 6 -1 5 -1 5 8 1 8
-1 6 -1 5 -1 9 3 -1 8
-1 6 -1 5 -1 -1 2 9 8
-1 6 -1 5 -1 -1 9 2 8
-1 6 -1 6 3 9 -1 -1 7
-1 6 -1 6 3 9 -1 -1 8
-1 6 -1 6 3 -1 -1 9 7
-1 6 -1 6 3 -1 -1 9 8
-1 6 -1 6 9 3 -1 -1 7
-1 6 -1 6 9 3 -1 -1 8
-1 6 -1 6 9 -1 -1 3 7
-1 6 -1 6 9 -1 -1 3 8
-1 6 -1 6 -1 3 9 -1 7
-1 6 -1 6 -1 3 9 -1 8
-1 6 -1 6 -1 9 3 -1 7
-1 6 -1 6 -1 9 3 -1 8
-1 6 -1 6 -1 -1 2 9 8
-1 6 -1 6 -1 -1 9 2 8
-1 6 -1 7 3 -1 -1 9 6
-1 6 -1 7 9 -1 -1 3 6
-1 6 -1 7 -1 3 9 -1 6
-1 6 -1 7 -1 9 3 -1 6
-1 6 -1 7 -1 -1 3 9 6
-1 6 -1 7 -1 -1 9 3 6
-1 6 -1 8 1 8 5 -1 5
-1 6 -1 8 2 9 -1 -1 5
-1 6 -1 8 2 9 -1 -1 6
-1 6 -1 8 3 -1 -1 9 5
-1 6 -1 8 3 -1 -1 9 6
-1 6 -1 8 8 1 -1 5 5
-1 6 -1 8 9 2 -1 -1 5
-1 6 -1 8 9 2 -1 -1 6
-1 6 -1 8 9 -1 -1 3 5
-1 6 -1 8 9 -1 -1 3 6
-1 6 -1 8 -1 3 9 -1 5
-1 6 -1 8 -1 3 9 -1 6
-1 6 -1 8 -1 9 3 -1 5
-1 6 -1 8 -1 9 3 -1 6
-1 6 -1 8 -1 -1 3 9 6
-1 6 -1 8 -1 -1 9 3 6
-1 6 -1 9 2 8 5 -1 -1
-1 6 -1 9 2 8 6 -1 -1
-1 6 -1 9 3 6 7 -1 -1
-1 6 -1 9 3 6 8 -1 -1
-1 6 -1 9 5 -1 -1 8 3
-1 6 -1 9 6 3 -1 7 -1
-1 6 -1 9 6 3 -1 8 -1
-1 6 -1 9 6 -1 -1 7 3
-1 6 -1 9 6 -1 -1 8 3
-1 6 -1 9 7 -1 -1 6 3
-1 6 -1 9 8 2 -1 5 -1
-1 6 -1 9 8 2 -1 6 -1
-1 6 -1 9 8 -1 -1 5 3
-1 6 -1 9 8 -1 -1 6 3
-1 6 -1 9 -1 5 8 -1 3
-1 6 -1 9 -1 6 7 -1 3
-1 6 -1 9 -1 6 8 -1 3
-1 6 -1 9 -1 7 6 -1 3
-1 6 -1 9 -1 8 5 -1 3
-1 6 -1 9 -1 8 6 -1 3
-1 6 -1 -1 3 5 8 9 -1
-1 6 -1 -1 3 6 7 9 -1
-1 6 -1 -1 3 6 8 9 -1
-1 6 -1 -1 3 7 6 9 -1
-1 6 -1 -1 3 8 5 9 -1
-1 6 -1 -1 3 8 6 9 -1
-1 6 -1 -1 5 3 9 8 -1
-1 6 -1 -1 5 5 8 8 1
-1 6 -1 -1 5 9 3 8 -1
-1 6 -1 -1 5 -1 2 8 9
-1 6 -1 -1 5 -1 9 8 2
-1 6 -1 -1 6 3 9 7 -1
-1 6 -1 -1 6 3 9 8 -1
-1 6 -1 -1 6 9 3 7 -1
-1 6 -1 -1 6 9 3 8 -1
-1 6 -1 -1 6 -1 2 8 9
-1 6 -1 -1 6 -1 9 8 2
-1 6 -1 -1 7 3 9 6 -1
-1 6 -1 -1 7 9 3 6 -1
-1 6 -1 -1 7 -1 3 6 9
-1 6 -1 -1 7 -1 9 6 3
-1 6 -1 -1 8 3 9 5 -1
-1 6 -1 -1 8 3 9 6 -1
-1 6 -1 -1 8 9 3 5 -1
-1 6 -1 -1 8 9 3 6 -1
-1 6 -1 -1 8 -1 3 6 9
-1 6 -1 -1 8 -1 9 6 3
-1 6 -1 -1 9 5 8 3 -1
-1 6 -1 -1 9 6 7 3 -1
-1 6 -1 -1 9 6 8 3 -1
-1 6 -1 -1 9 7 6 3 -1
-1 6 -1 -1 9 8 5 3 -1
-1 6 -1 -1 9 8 6 3 -1
-1 6 -1 -1 -1 5 8 2 9
-1 6 -1 -1 -1 5 8 9 2
-1 6 -1 -1 -1 6 8 2 9
-1 6 -1 -1 -1 6 8 9 2
-1 6 -1 -1 -1 7 6 3 9
-1 6 -1 -1 -1 7 6 9 3
-1 6 -1 -1 -1 8 6 3 9
-1 6 -1 -1 -1 8 6 9 3
-1 7 3 6 -1 9 -1 -1 6
-1 7 3 6 -1 -1 -1 9 6
-1 7 3 9 6 -1 -1 6 -1
-1 7 3 -1 6 -1 9 6 -1
-1 7 3 -1 9 6 6 -1 -1
-1 7 3 -1 -1 6 6 -1 9
-1 7 9 3 6 -1 -1 6 -1
-1 7 9 6 -1 3 -1 -1 6
-1 7 9 6 -1 -1 -1 3 6
-1 7 9 -1 3 6 6 -1 -1
-1 7 9 -1 6 -1 3 6 -1
-1 7 9 -1 -1 6 6 -1 3
-1 7 -1 3 6 9 -1 6 -1
-1 7 -1 3 9 6 6 -1 -1
-1 7 -1 6 3 9 -1 -1 6
-1 7 -1 6 9 3 -1 -1 6
-1 7 -1 6 -1 -1 3 9 6
-1 7 -1 6 -1 -1 9 3 6
-1 7 -1 9 3 6 6 -1 -1
-1 7 -1 9 6 3 -1 6 -1
-1 7 -1 -1 6 -1 3 6 9
-1 7 -1 -1 6 -1 9 6 3
-1 7 -1 -1 -1 6 6 3 9
-1 7 -1 -1 -1 6 6 9 3
-1 8 1 2 -1 9 2 -1 9
-1 8 1 9 2 -1 -1 9 2
-1 8 1 -1 9 2 9 2 -1
-1 8 3 5 -1 9 -1 -1 6
-1 8 3 6 -1 9 -1 -1 6
-1 8 3 6 -1 -1 -1 9 5
-1 8 3 6 -1 -1 -1 9 6
-1 8 3 9 5 -1 -1 6 -1
-1 8 3 9 6 -1 -1 6 -1
-1 8 3 -1 6 -1 9 5 -1
-1 8 3 -1 6 -1 9 6 -1
-1 8 3 -1 9 5 6 -1 -1
-1 8 3 -1 9 6 6 -1 -1
-1 8 3 -1 -1 6 5 -1 9
-1 8 3 -1 -1 6 6 -1 9
-1 8 5 1 -1 6 5 -1 8
-1 8 5 5 -1 8 1 -1 6
-1 8 5 6 1 -1 -1 8 5
-1 8 5 8 5 -1 -1 6 1
-1 8 5 -1 6 1 8 5 -1
-1 8 5 -1 8 5 6 1 -1
-1 8 6 1 -1 5 6 -1 8
-1 8 6 5 1 -1 -1 8 6
-1 8 6 6 -1 8 1 -1 5
-1 8 6 8 6 -1 -1 5 1
-1 8 6 -1 5 1 8 6 -1
-1 8 6 -1 8 6 5 1 -1
-1 8 9 3 5 -1 -1 6 -1
-1 8 9 3 6 -1 -1 6 -1
-1 8 9 5 -1 3 -1 -1 6
-1 8 9 6 -1 3 -1 -1 6
-1 8 9 6 -1 -1 -1 3 5
-1 8 9 6 -1 -1 -1 3 6
-1 8 9 -1 3 5 6 -1 -1
-1 8 9 -1 3 6 6 -1 -1
-1 8 9 -1 6 -1 3 5 -1
-1 8 9 -1 6 -1 3 6 -1
-1 8 9 -1 -1 6 5 -1 3
-1 8 9 -1 -1 6 6 -1 3
-1 8 -1 1 5 -1 5 6 8
-1 8 -1 1 6 -1 6 5 8
-1 8 -1 1 9 9 2 2 -1
-1 8 -1 1 -1 5 6 5 8
-1 8 -1 1 -1 6 5 6 8
-1 8 -1 2 2 -1 1 9 9
-1 8 -1 2 5 -1 -1 6 9
-1 8 -1 2 6 -1 -1 5 9
-1 8 -1 2 6 -1 -1 6 9
-1 8 -1 2 -1 2 9 1 9
-1 8 -1 2 -1 5 6 -1 9
-1 8 -1 2 -1 6 5 -1 9
-1 8 -1 2 -1 6 6 -1 9
-1 8 -1 3 6 9 -1 5 -1
-1 8 -1 3 6 9 -1 6 -1
-1 8 -1 3 9 6 5 -1 -1
-1 8 -1 3 9 6 6 -1 -1
-1 8 -1 5 1 -1 5 8 6
-1 8 -1 5 2 -1 -1 9 6
-1 8 -1 5 6 8 1 5 -1
-1 8 -1 5 6 8 1 -1 6
-1 8 -1 5 8 6 5 1 -1
-1 8 -1 5 8 6 -1 1 6
-1 8 -1 5 9 -1 -1 2 6
-1 8 -1 5 -1 1 8 5 6
-1 8 -1 5 -1 2 9 -1 6
-1 8 -1 5 -1 9 2 -1 6
-1 8 -1 5 -1 -1 3 9 6
-1 8 -1 5 -1 -1 9 3 6
-1 8 -1 6 1 -1 6 8 5
-1 8 -1 6 2 -1 -1 9 5
-1 8 -1 6 2 -1 -1 9 6
-1 8 -1 6 3 9 -1 -1 5
-1 8 -1 6 3 9 -1 -1 6
-1 8 -1 6 5 8 1 6 -1
-1 8 -1 6 5 8 1 -1 5
-1 8 -1 6 8 5 6 1 -1
-1 8 -1 6 8 5 -1 1 5
-1 8 -1 6 9 3 -1 -1 5
-1 8 -1 6 9 3 -1 -1 6
-1 8 -1 6 9 -1 -1 2 5
-1 8 -1 6 9 -1 -1 2 6
-1 8 -1 6 -1 1 8 6 5
-1 8 -1 6 -1 2 9 -1 5
-1 8 -1 6 -1 2 9 -1 6
-1 8 -1 6 -1 9 2 -1 5
-1 8 -1 6 -1 9 2 -1 6
-1 8 -1 6 -1 -1 3 9 6
-1 8 -1 6 -1 -1 9 3 6
-1 8 -1 8 5 6 5 -1 1
-1 8 -1 8 5 6 -1 6 1
-1 8 -1 8 6 5 6 -1 1
-1 8 -1 8 6 5 -1 5 1
-1 8 -1 9 1 9 2 -1 2
-1 8 -1 9 3 6 5 -1 -1
-1 8 -1 9 3 6 6 -1 -1
-1 8 -1 9 5 -1 -1 6 2
-1 8 -1 9 6 3 -1 5 -1
-1 8 -1 9 6 3 -1 6 -1
-1 8 -1 9 6 -1 -1 5 2
-1 8 -1 9 6 -1 -1 6 2
-1 8 -1 9 9 1 -1 2 2
-1 8 -1 9 -1 5 6 -1 2
-1 8 -1 9 -1 6 5 -1 2
-1 8 -1 9 -1 6 6 -1 2
-1 8 -1 -1 1 5 6 8 5
-1 8 -1 -1 1 6 5 8 6
-1 8 -1 -1 2 2 9 9 1
-1 8 -1 -1 2 5 6 9 -1
-1 8 -1 -1 2 6 5 9 -1
-1 8 -1 -1 2 6 6 9 -1
-1 8 -1 -1 5 1 8 6 5
-1 8 -1 -1 5 2 9 6 -1
-1 8 -1 -1 5 9 2 6 -1
-1 8 -1 -1 5 -1 3 6 9
-1 8 -1 -1 5 -1 9 6 3
-1 8 -1 -1 6 1 8 5 6
-1 8 -1 -1 6 2 9 5 -1
-1 8 -1 -1 6 2 9 6 -1
-1 8 -1 -1 6 9 2 5 -1
-1 8 -1 -1 6 9 2 6 -1
-1 8 -1 -1 6 -1 3 6 9
-1 8 -1 -1 6 -1 9 6 3
-1 8 -1 -1 9 5 6 2 -1
-1 8 -1 -1 9 6 5 2 -1
-1 8 -1 -1 9 6 6 2 -1
-1 8 -1 -1 -1 5 6 3 9
-1 8 -1 -1 -1 5 6 9 3
-1 8 -1 -1 -1 6 6 3 9
-1 8 -1 -1 -1 6 6 9 3
-1 9 1 1 -1 9 1 -1 9
-1 9 1 9 1 -1 -1 9 1
-1 9 1 -1 9 1 9 1 -1
-1 9 2 1 -1 8 2 -1 9
-1 9 2 2 -1 9 1 -1 8
-1 9 2 8 1 -1 -1 9 2
-1 9 2 9 2 -1 -1 8 1
-1 9 2 -1 8 1 9 2 -1
-1 9 2 -1 9 2 8 1 -1
-1 9 5 2 -1 6 -1 -1 8
-1 9 5 3 -1 8 -1 -1 6
-1 9 5 6 2 -1 -1 8 -1
-1 9 5 6 -1 -1 -1 8 3
-1 9 5 8 3 -1 -1 6 -1
-1 9 5 8 -1 -1 -1 6 2
-1 9 5 -1 6 2 8 -1 -1
-1 9 5 -1 6 -1 8 3 -1
-1 9 5 -1 8 3 6 -1 -1
-1 9 5 -1 8 -1 6 2 -1
-1 9 5 -1 -1 6 3 -1 8
-1 9 5 -1 -1 8 2 -1 6
-1 9 6 2 -1 5 -1 -1 8
-1 9 6 2 -1 6 -1 -1 8
-1 9 6 3 -1 7 -1 -1 6
-1 9 6 3 -1 8 -1 -1 6
-1 9 6 5 2 -1 -1 8 -1
-1 9 6 6 2 -1 -1 8 -1
-1 9 6 6 -1 -1 -1 7 3
-1 9 6 6 -1 -1 -1 8 3
-1 9 6 7 3 -1 -1 6 -1
-1 9 6 8 3 -1 -1 6 -1
-1 9 6 8 -1 -1 -1 5 2
-1 9 6 8 -1 -1 -1 6 2
-1 9 6 -1 5 2 8 -1 -1
-1 9 6 -1 6 2 8 -1 -1
-1 9 6 -1 6 -1 7 3 -1
-1 9 6 -1 6 -1 8 3 -1
-1 9 6 -1 7 3 6 -1 -1
-1 9 6 -1 8 3 6 -1 -1
-1 9 6 -1 8 -1 5 2 -1
-1 9 6 -1 8 -1 6 2 -1
-1 9 6 -1 -1 6 3 -1 7
-1 9 6 -1 -1 6 3 -1 8
-1 9 6 -1 -1 8 2 -1 5
-1 9 6 -1 -1 8 2 -1 6
-1 9 7 3 -1 6 -1 -1 6
-1 9 7 6 3 -1 -1 6 -1
-1 9 7 6 -1 -1 -1 6 3
-1 9 7 -1 6 3 6 -1 -1
-1 9 7 -1 6 -1 6 3 -1
-1 9 7 -1 -1 6 3 -1 6
-1 9 8 3 -1 5 -1 -1 6
-1 9 8 3 -1 6 -1 -1 6
-1 9 8 5 3 -1 -1 6 -1
-1 9 8 6 3 -1 -1 6 -1
-1 9 8 6 -1 -1 -1 5 3
-1 9 8 6 -1 -1 -1 6 3
-1 9 8 -1 5 3 6 -1 -1
-1 9 8 -1 6 3 6 -1 -1
-1 9 8 -1 6 -1 5 3 -1
-1 9 8 -1 6 -1 6 3 -1
-1 9 8 -1 -1 6 3 -1 5
-1 9 8 -1 -1 6 3 -1 6
-1 9 -1 1 1 -1 1 9 9
-1 9 -1 1 2 -1 2 8 9
-1 9 -1 1 9 9 1 1 -1
-1 9 -1 1 -1 1 9 1 9
-1 9 -1 1 -1 2 8 2 9
-1 9 -1 2 1 -1 2 9 8
-1 9 -1 2 8 9 1 2 -1
-1 9 -1 2 9 8 2 1 -1
-1 9 -1 2 -1 1 9 2 8
-1 9 -1 2 -1 -1 5 6 8
-1 9 -1 2 -1 -1 6 5 8
-1 9 -1 2 -1 -1 6 6 8
-1 9 -1 3 -1 -1 5 8 6
-1 9 -1 3 -1 -1 6 7 6
-1 9 -1 3 -1 -1 6 8 6
-1 9 -1 3 -1 -1 7 6 6
-1 9 -1 3 -1 -1 8 5 6
-1 9 -1 3 -1 -1 8 6 6
-1 9 -1 5 6 8 2 -1 -1
-1 9 -1 5 6 8 -1 3 -1
-1 9 -1 5 8 6 3 -1 -1
-1 9 -1 5 8 6 -1 2 -1
-1 9 -1 6 5 8 2 -1 -1
-1 9 -1 6 5 8 -1 -1 3
-1 9 -1 6 6 7 -1 3 -1
-1 9 -1 6 6 7 -1 -1 3
-1 9 -1 6 6 8 2 -1 -1
-1 9 -1 6 6 8 -1 3 -1
-1 9 -1 6 6 8 -1 -1 3
-1 9 -1 6 7 6 3 -1 -1
-1 9 -1 6 7 6 -1 -1 3
-1 9 -1 6 8 5 -1 2 -1
-1 9 -1 6 8 5 -1 -1 3
-1 9 -1 6 8 6 3 -1 -1
-1 9 -1 6 8 6 -1 2 -1
-1 9 -1 6 8 6 -1 -1 3
-1 9 -1 7 6 6 3 -1 -1
-1 9 -1 7 6 6 -1 3 -1
-1 9 -1 8 2 9 1 -1 2
-1 9 -1 8 5 6 3 -1 -1
-1 9 -1 8 5 6 -1 -1 2
-1 9 -1 8 6 5 -1 3 -1
-1 9 -1 8 6 5 -1 -1 2
-1 9 -1 8 6 6 3 -1 -1
-1 9 -1 8 6 6 -1 3 -1
-1 9 -1 8 6 6 -1 -1 2
-1 9 -1 8 9 2 -1 1 2
-1 9 -1 9 1 9 1 -1 1
-1 9 -1 9 2 8 2 -1 1
-1 9 -1 9 8 2 -1 2 1
-1 9 -1 9 9 1 -1 1 1
-1 9 -1 -1 1 1 9 9 1
-1 9 -1 -1 1 2 8 9 2
-1 9 -1 -1 2 1 9 8 2
-1 9 -1 -1 2 -1 5 8 6
-1 9 -1 -1 2 -1 6 8 5
-1 9 -1 -1 2 -1 6 8 6
-1 9 -1 -1 3 -1 5 6 8
-1 9 -1 -1 3 -1 6 6 7
-1 9 -1 -1 3 -1 6 6 8
-1 9 -1 -1 3 -1 7 6 6
-1 9 -1 -1 3 -1 8 6 5
-1 9 -1 -1 3 -1 8 6 6
-1 9 -1 -1 -1 2 8 5 6
-1 9 -1 -1 -1 2 8 6 5
-1 9 -1 -1 -1 2 8 6 6
-1 9 -1 -1 -1 3 6 5 8
-1 9 -1 -1 -1 3 6 6 7
-1 9 -1 -1 -1 3 6 6 8
-1 9 -1 -1 -1 3 6 7 6
-1 9 -1 -1 -1 3 6 8 5
-1 9 -1 -1 -1 3 6 8 6
-1 -1 2 5 6 8 -1 -1 9
-1 -1 2 5 8 6 9 -1 -1
-1 -1 2 6 5 8 -1 -1 9
-1 -1 2 6 6 8 -1 -1 9
-1 -1 2 6 8 5 9 -1 -1
-1 -1 2 6 8 6 9 -1 -1
-1 -1 2 8 5 6 -1 9 -1
-1 -1 2 8 6 5 -1 9 -1
-1 -1 2 8 6 6 -1 9 -1
-1 -1 2 9 -1 -1 5 8 6
-1 -1 2 9 -1 -1 6 8 5
-1 -1 2 9 -1 -1 6 8 6
-1 -1 2 -1 9 -1 8 5 6
-1 -1 2 -1 9 -1 8 6 5
-1 -1 2 -1 9 -1 8 6 6
-1 -1 2 -1 -1 9 5 6 8
-1 -1 2 -1 -1 9 6 5 8
-1 -1 2 -1 -1 9 6 6 8
-1 -1 3 5 6 8 9 -1 -1
-1 -1 3 5 8 6 -1 -1 9
-1 -1 3 6 5 8 -1 9 -1
-1 -1 3 6 6 7 9 -1 -1
-1 -1 3 6 6 7 -1 9 -1
-1 -1 3 6 6 8 9 -1 -1
-1 -1 3 6 6 8 -1 9 -1
-1 -1 3 6 7 6 -1 9 -1
-1 -1 3 6 7 6 -1 -1 9
-1 -1 3 6 8 5 -1 9 -1
-1 -1 3 6 8 6 -1 9 -1
-1 -1 3 6 8 6 -1 -1 9
-1 -1 3 7 6 6 9 -1 -1
-1 -1 3 7 6 6 -1 -1 9
-1 -1 3 8 5 6 -1 -1 9
-1 -1 3 8 6 5 9 -1 -1
-1 -1 3 8 6 6 9 -1 -1
-1 -1 3 8 6 6 -1 -1 9
-1 -1 3 9 -1 -1 5 6 8
-1 -1 3 9 -1 -1 6 6 7
-1 -1 3 9 -1 -1 6 6 8
-1 -1 3 9 -1 -1 7 6 6
-1 -1 3 9 -1 -1 8 6 5
-1 -1 3 9 -1 -1 8 6 6
-1 -1 3 -1 9 -1 6 5 8
-1 -1 3 -1 9 -1 6 6 7
-1 -1 3 -1 9 -1 6 6 8
-1 -1 3 -1 9 -1 6 7 6
-1 -1 3 -1 9 -1 6 8 5
-1 -1 3 -1 9 -1 6 8 6
-1 -1 3 -1 -1 9 5 8 6
-1 -1 3 -1 -1 9 6 7 6
-1 -1 3 -1 -1 9 6 8 6
-1 -1 3 -1 -1 9 7 6 6
-1 -1 3 -1 -1 9 8 5 6
-1 -1 3 -1 -1 9 8 6 6
-1 -1 5 1 8 8 6 -1 6
-1 -1 5 2 8 9 6 -1 -1
-1 -1 5 2 9 8 -1 -1 6
-1 -1 5 3 6 9 8 -1 -1
-1 -1 5 3 9 6 -1 -1 8
-1 -1 5 6 3 9 -1 8 -1
-1 -1 5 6 6 -1 8 8 1
-1 -1 5 6 9 3 -1 8 -1
-1 -1 5 6 -1 6 1 8 8
-1 -1 5 6 -1 -1 2 8 9
-1 -1 5 6 -1 -1 9 8 2
-1 -1 5 8 1 8 -1 6 6
-1 -1 5 8 2 9 -1 6 -1
-1 -1 5 8 8 1 6 6 -1
-1 -1 5 8 9 2 -1 6 -1
-1 -1 5 8 -1 -1 3 6 9
-1 -1 5 8 -1 -1 9 6 3
-1 -1 5 9 2 8 -1 -1 6
-1 -1 5 9 3 6 -1 -1 8
-1 -1 5 9 6 3 8 -1 -1
-1 -1 5 9 8 2 6 -1 -1
-1 -1 5 -1 6 6 8 1 8
-1 -1 5 -1 6 -1 8 2 9
-1 -1 5 -1 6 -1 8 9 2
-1 -1 5 -1 8 -1 6 3 9
-1 -1 5 -1 8 -1 6 9 3
-1 -1 5 -1 -1 6 2 9 8
-1 -1 5 -1 -1 6 9 2 8
-1 -1 5 -1 -1 8 3 9 6
-1 -1 5 -1 -1 8 9 3 6
-1 -1 6 1 8 8 5 -1 5
-1 -1 6 2 8 9 5 -1 -1
-1 -1 6 2 8 9 6 -1 -1
-1 -1 6 2 9 8 -1 -1 5
-1 -1 6 2 9 8 -1 -1 6
-1 -1 6 3 5 -1 8 9 -1
-1 -1 6 3 6 9 7 -1 -1
-1 -1 6 3 6 9 8 -1 -1
-1 -1 6 3 6 -1 7 9 -1
-1 -1 6 3 6 -1 8 9 -1
-1 -1 6 3 7 -1 6 9 -1
-1 -1 6 3 8 -1 5 9 -1
-1 -1 6 3 8 -1 6 9 -1
-1 -1 6 3 9 6 -1 -1 7
-1 -1 6 3 9 6 -1 -1 8
-1 -1 6 3 -1 5 -1 9 8
-1 -1 6 3 -1 6 -1 9 7
-1 -1 6 3 -1 6 -1 9 8
-1 -1 6 3 -1 7 -1 9 6
-1 -1 6 3 -1 8 -1 9 5
-1 -1 6 3 -1 8 -1 9 6
-1 -1 6 5 3 -1 9 8 -1
-1 -1 6 5 5 -1 8 8 1
-1 -1 6 5 9 -1 3 8 -1
-1 -1 6 5 -1 3 -1 8 9
-1 -1 6 5 -1 5 1 8 8
-1 -1 6 5 -1 9 -1 8 3
-1 -1 6 5 -1 -1 2 8 9
-1 -1 6 5 -1 -1 9 8 2
-1 -1 6 6 3 9 -1 7 -1
-1 -1 6 6 3 9 -1 8 -1
-1 -1 6 6 3 -1 9 7 -1
-1 -1 6 6 3 -1 9 8 -1
-1 -1 6 6 9 3 -1 7 -1
-1 -1 6 6 9 3 -1 8 -1
-1 -1 6 6 9 -1 3 7 -1
-1 -1 6 6 9 -1 3 8 -1
-1 -1 6 6 -1 3 -1 7 9
-1 -1 6 6 -1 3 -1 8 9
-1 -1 6 6 -1 9 -1 7 3
-1 -1 6 6 -1 9 -1 8 3
-1 -1 6 6 -1 -1 2 8 9
-1 -1 6 6 -1 -1 9 8 2
-1 -1 6 7 3 -1 9 6 -1
-1 -1 6 7 9 -1 3 6 -1
-1 -1 6 7 -1 3 -1 6 9
-1 -1 6 7 -1 9 -1 6 3
-1 -1 6 7 -1 -1 3 6 9
-1 -1 6 7 -1 -1 9 6 3
-1 -1 6 8 1 8 -1 5 5
-1 -1 6 8 2 9 -1 5 -1
-1 -1 6 8 2 9 -1 6 -1
-1 -1 6 8 3 -1 9 5 -1
-1 -1 6 8 3 -1 9 6 -1
-1 -1 6 8 8 1 5 5 -1
-1 -1 6 8 9 2 -1 5 -1
-1 -1 6 8 9 2 -1 6 -1
-1 -1 6 8 9 -1 3 5 -1
-1 -1 6 8 9 -1 3 6 -1
-1 -1 6 8 -1 3 -1 5 9
-1 -1 6 8 -1 3 -1 6 9
-1 -1 6 8 -1 9 -1 5 3
-1 -1 6 8 -1 9 -1 6 3
-1 -1 6 8 -1 -1 3 6 9
-1 -1 6 8 -1 -1 9 6 3
-1 -1 6 9 2 8 -1 -1 5
-1 -1 6 9 2 8 -1 -1 6
-1 -1 6 9 3 6 -1 -1 7
-1 -1 6 9 3 6 -1 -1 8
-1 -1 6 9 5 -1 8 3 -1
-1 -1 6 9 6 3 7 -1 -1
-1 -1 6 9 6 3 8 -1 -1
-1 -1 6 9 6 -1 7 3 -1
-1 -1 6 9 6 -1 8 3 -1
-1 -1 6 9 7 -1 6 3 -1
-1 -1 6 9 8 2 5 -1 -1
-1 -1 6 9 8 2 6 -1 -1
-1 -1 6 9 8 -1 5 3 -1
-1 -1 6 9 8 -1 6 3 -1
-1 -1 6 9 -1 5 -1 3 8
-1 -1 6 9 -1 6 -1 3 7
-1 -1 6 9 -1 6 -1 3 8
-1 -1 6 9 -1 7 -1 3 6
-1 -1 6 9 -1 8 -1 3 5
-1 -1 6 9 -1 8 -1 3 6
-1 -1 6 -1 3 5 9 -1 8
-1 -1 6 -1 3 6 9 -1 7
-1 -1 6 -1 3 6 9 -1 8
-1 -1 6 -1 3 7 9 -1 6
-1 -1 6 -1 3 8 9 -1 5
-1 -1 6 -1 3 8 9 -1 6
-1 -1 6 -1 5 3 8 -1 9
-1 -1 6 -1 5 5 8 1 8
-1 -1 6 -1 5 9 8 -1 3
-1 -1 6 -1 5 -1 8 2 9
-1 -1 6 -1 5 -1 8 9 2
-1 -1 6 -1 6 3 7 -1 9
-1 -1 6 -1 6 3 8 -1 9
-1 -1 6 -1 6 9 7 -1 3
-1 -1 6 -1 6 9 8 -1 3
-1 -1 6 -1 6 -1 8 2 9
-1 -1 6 -1 6 -1 8 9 2
-1 -1 6 -1 7 3 6 -1 9
-1 -1 6 -1 7 9 6 -1 3
-1 -1 6 -1 7 -1 6 3 9
-1 -1 6 -1 7 -1 6 9 3
-1 -1 6 -1 8 3 5 -1 9
-1 -1 6 -1 8 3 6 -1 9
-1 -1 6 -1 8 9 5 -1 3
-1 -1 6 -1 8 9 6 -1 3
-1 -1 6 -1 8 -1 6 3 9
-1 -1 6 -1 8 -1 6 9 3
-1 -1 6 -1 9 5 3 -1 8
-1 -1 6 -1 9 6 3 -1 7
-1 -1 6 -1 9 6 3 -1 8
-1 -1 6 -1 9 7 3 -1 6
-1 -1 6 -1 9 8 3 -1 5
-1 -1 6 -1 9 8 3 -1 6
-1 -1 6 -1 -1 5 2 9 8
-1 -1 6 -1 -1 5 9 2 8
-1 -1 6 -1 -1 6 2 9 8
-1 -1 6 -1 -1 6 9 2 8
-1 -1 6 -1 -1 7 3 9 6
-1 -1 6 -1 -1 7 9 3 6
-1 -1 6 -1 -1 8 3 9 6
-1 -1 6 -1 -1 8 9 3 6
-1 -1 7 3 6 9 6 -1 -1
-1 -1 7 3 9 6 -1 -1 6
-1 -1 7 6 3 9 -1 6 -1
-1 -1 7 6 9 3 -1 6 -1
-1 -1 7 6 -1 -1 3 6 9
-1 -1 7 6 -1 -1 9 6 3
-1 -1 7 9 3 6 -1 -1 6
-1 -1 7 9 6 3 6 -1 -1
-1 -1 7 -1 6 -1 6 3 9
-1 -1 7 -1 6 -1 6 9 3
-1 -1 7 -1 -1 6 3 9 6
-1 -1 7 -1 -1 6 9 3 6
-1 -1 8 1 5 -1 6 8 5
-1 -1 8 1 6 -1 5 8 6
-1 -1 8 1 9 9 2 -1 2
-1 -1 8 1 -1 5 5 8 6
-1 -1 8 1 -1 6 6 8 5
-1 -1 8 2 2 -1 9 9 1
-1 -1 8 2 5 -1 6 9 -1
-1 -1 8 2 6 -1 5 9 -1
-1 -1 8 2 6 -1 6 9 -1
-1 -1 8 2 -1 2 1 9 9
-1 -1 8 2 -1 5 -1 9 6
-1 -1 8 2 -1 6 -1 9 5
-1 -1 8 2 -1 6 -1 9 6
-1 -1 8 3 6 9 5 -1 -1
-1 -1 8 3 6 9 6 -1 -1
-1 -1 8 3 9 6 -1 -1 5
-1 -1 8 3 9 6 -1 -1 6
-1 -1 8 5 1 -1 8 6 5
-1 -1 8 5 2 -1 9 6 -1
-1 -1 8 5 6 8 5 -1 1
-1 -1 8 5 6 8 -1 6 1
-1 -1 8 5 8 6 1 6 -1
-1 -1 8 5 8 6 1 -1 5
-1 -1 8 5 9 -1 2 6 -1
-1 -1 8 5 -1 1 5 6 8
-1 -1 8 5 -1 2 -1 6 9
-1 -1 8 5 -1 9 -1 6 2
-1 -1 8 5 -1 -1 3 6 9
-1 -1 8 5 -1 -1 9 6 3
-1 -1 8 6 1 -1 8 5 6
-1 -1 8 6 2 -1 9 5 -1
-1 -1 8 6 2 -1 9 6 -1
-1 -1 8 6 3 9 -1 5 -1
-1 -1 8 6 3 9 -1 6 -1
-1 -1 8 6 5 8 6 -1 1
-1 -1 8 6 5 8 -1 5 1
-1 -1 8 6 8 5 1 5 -1
-1 -1 8 6 8 5 1 -1 6
-1 -1 8 6 9 3 -1 5 -1
-1 -1 8 6 9 3 -1 6 -1
-1 -1 8 6 9 -1 2 5 -1
-1 -1 8 6 9 -1 2 6 -1
-1 -1 8 6 -1 1 6 5 8
-1 -1 8 6 -1 2 -1 5 9
-1 -1 8 6 -1 2 -1 6 9
-1 -1 8 6 -1 9 -1 5 2
-1 -1 8 6 -1 9 -1 6 2
-1 -1 8 6 -1 -1 3 6 9
-1 -1 8 6 -1 -1 9 6 3
-1 -1 8 8 5 6 6 1 -1
-1 -1 8 8 5 6 -1 1 5
-1 -1 8 8 6 5 5 1 -1
-1 -1 8 8 6 5 -1 1 6
-1 -1 8 9 1 9 -1 2 2
-1 -1 8 9 3 6 -1 -1 5
-1 -1 8 9 3 6 -1 -1 6
-1 -1 8 9 5 -1 6 2 -1
-1 -1 8 9 6 3 5 -1 -1
-1 -1 8 9 6 3 6 -1 -1
-1 -1 8 9 6 -1 5 2 -1
-1 -1 8 9 6 -1 6 2 -1
-1 -1 8 9 9 1 2 2 -1
-1 -1 8 9 -1 5 -1 2 6
-1 -1 8 9 -1 6 -1 2 5
-1 -1 8 9 -1 6 -1 2 6
-1 -1 8 -1 1 5 8 5 6
-1 -1 8 -1 1 6 8 6 5
-1 -1 8 -1 2 2 9 1 9
-1 -1 8 -1 2 5 9 -1 6
-1 -1 8 -1 2 6 9 -1 5
-1 -1 8 -1 2 6 9 -1 6
-1 -1 8 -1 5 1 6 5 8
-1 -1 8 -1 5 2 6 -1 9
-1 -1 8 -1 5 9 6 -1 2
-1 -1 8 -1 5 -1 6 3 9
-1 -1 8 -1 5 -1 6 9 3
-1 -1 8 -1 6 1 5 6 8
-1 -1 8 -1 6 2 5 -1 9
-1 -1 8 -1 6 2 6 -1 9
-1 -1 8 -1 6 9 5 -1 2
-1 -1 8 -1 6 9 6 -1 2
-1 -1 8 -1 6 -1 6 3 9
-1 -1 8 -1 6 -1 6 9 3
-1 -1 8 -1 9 5 2 -1 6
-1 -1 8 -1 9 6 2 -1 5
-1 -1 8 -1 9 6 2 -1 6
-1 -1 8 -1 -1 5 3 9 6
-1 -1 8 -1 -1 5 9 3 6
-1 -1 8 -1 -1 6 3 9 6
-1 -1 8 -1 -1 6 9 3 6
-1 -1 9 1 1 -1 9 9 1
-1 -1 9 1 2 -1 8 9 2
-1 -1 9 1 9 9 1 -1 1
-1 -1 9 1 -1 1 1 9 9
-1 -1 9 1 -1 2 2 9 8
-1 -1 9 2 1 -1 9 8 2
-1 -1 9 2 8 9 2 -1 1
-1 -1 9 2 9 8 1 -1 2
-1 -1 9 2 -1 1 2 8 9
-1 -1 9 2 -1 -1 5 8 6
-1 -1 9 2 -1 -1 6 8 5
-1 -1 9 2 -1 -1 6 8 6
-1 -1 9 3 -1 -1 5 6 8
-1 -1 9 3 -1 -1 6 6 7
-1 -1 9 3 -1 -1 6 6 8
-1 -1 9 3 -1 -1 7 6 6
-1 -1 9 3 -1 -1 8 6 5
-1 -1 9 3 -1 -1 8 6 6
-1 -1 9 5 6 8 3 -1 -1
-1 -1 9 5 6 8 -1 -1 2
-1 -1 9 5 8 6 2 -1 -1
-1 -1 9 5 8 6 -1 -1 3
-1 -1 9 6 5 8 -1 3 -1
-1 -1 9 6 5 8 -1 -1 2
-1 -1 9 6 6 7 3 -1 -1
-1 -1 9 6 6 7 -1 3 -1
-1 -1 9 6 6 8 3 -1 -1
-1 -1 9 6 6 8 -1 3 -1
-1 -1 9 6 6 8 -1 -1 2
-1 -1 9 6 7 6 -1 3 -1
-1 -1 9 6 7 6 -1 -1 3
-1 -1 9 6 8 5 2 -1 -1
-1 -1 9 6 8 5 -1 3 -1
-1 -1 9 6 8 6 2 -1 -1
-1 -1 9 6 8 6 -1 3 -1
-1 -1 9 6 8 6 -1 -1 3
-1 -1 9 7 6 6 3 -1 -1
-1 -1 9 7 6 6 -1 -1 3
-1 -1 9 8 2 9 -1 2 1
-1 -1 9 8 5 6 -1 2 -1
-1 -1 9 8 5 6 -1 -1 3
-1 -1 9 8 6 5 3 -1 -1
-1 -1 9 8 6 5 -1 2 -1
-1 -1 9 8 6 6 3 -1 -1
-1 -1 9 8 6 6 -1 2 -1
-1 -1 9 8 6 6 -1 -1 3
-1 -1 9 8 9 2 1 2 -1
-1 -1 9 9 1 9 -1 1 1
-1 -1 9 9 2 8 -1 1 2
-1 -1 9 9 8 2 2 1 -1
-1 -1 9 9 9 1 1 1 -1
-1 -1 9 -1 1 1 9 1 9
-1 -1 9 -1 1 2 9 2 8
-1 -1 9 -1 2 1 8 2 9
-1 -1 9 -1 2 -1 8 5 6
-1 -1 9 -1 2 -1 8 6 5
-1 -1 9 -1 2 -1 8 6 6
-1 -1 9 -1 3 -1 6 5 8
-1 -1 9 -1 3 -1 6 6 7
-1 -1 9 -1 3 -1 6 6 8
-1 -1 9 -1 3 -1 6 7 6
-1 -1 9 -1 3 -1 6 8 5
-1 -1 9 -1 3 -1 6 8 6
-1 -1 9 -1 -1 2 5 6 8
-1 -1 9 -1 -1 2 6 5 8
-1 -1 9 -1 -1 2 6 6 8
-1 -1 9 -1 -1 3 5 8 6
-1 -1 9 -1 -1 3 6 7 6
-1 -1 9 -1 -1 3 6 8 6
-1 -1 9 -1 -1 3 7 6 6
-1 -1 9 -1 -1 3 8 5 6
-1 -1 9 -1 -1 3 8 6 6
40 111 20 20 0 0 0 4 0 11 4 0
0 0 9 9 2 -1 10
0 0 8 6 6 -1 30
1 0 9 9 2 -1 10
1 0 8 6 6 -1 30
-100000000000000 -8888888888889 -1058201058201 -8888888888889 -1058201058201 -100000000000000 -100000000000000 -62383910698929 100000000000000 -88049522462113 100000000000000
-2467165931148563 -9831982799953560 0
40 111 20 19 1 0 1 6 0 13 36 0
20 20 0
0 0 9 9 2 -1 10
0 0 8 6 6 -1 30
1 0 9 9 1 -1 1
1 0 9 8 2 -1 9
1 0 8 6 5 -1 18
1 0 7 6 6 -1 12
6172435753 -8888888888889 -1058201058201 -1075580329773 -729793833242 -100000000000000 -100000000000000 -89014785669598 100000000000000 -100000000000000 -100000000000000 -100000000000000 -99435863062586
-1497713321007048 -9831982799953525 0
40 111 20 18 2 0 2 2 1 9 218 -4000000000000000
20 20 0
20 19 1
0 0 9 9 2 -1 10
0 0 8 6 6 -1 30
1 98
-300141591620 -8888888888889 -1058201058201 -4489337822671 -148972235607 -7005590621799 -100000000000000 -85507692165763 100000000000000
-1780455496673762 -9831982799953462 0
40 111 20 17 3 0 3 3 1 10 317 -4000000000000000
20 20 0
20 19 1
20 18 2
0 0 9 9 2 -1 10
0 0 8 6 6 -1 30
1 2 0 0 0 -1 -1
1 0
-9515237055 0 0 -4970905624905 -33561627181 -5189215045530 -406247958030 0 -78680517790066 0
-387302584778027 -9977029449239280 0
40 111 20 16 4 0 4 2 1 9 398 -4000000000000000
20 20 0
20 19 1
20 18 2
20 17 3
0 0 9 9 2 -1 10
0 0 8 6 6 -1 30
1 1
-43690947388 -8888888888889 -1058201058201 -5555555555556 53509383595 -4903628117279 -318510126381 -77727755905595 100000000000000
-1694140545175324 -9831982799953694 0
40 111 20 15 5 0 5 2 0 9 503 0
20 20 0
20 19 1
20 18 2
20 17 3
20 16 4
0 0 9 9 2 -1 10
0 0 8 6 6 -1 30
1712149512 0 0 -4951083475660 -39968266667 -5796853105220 303364599585 0 -79882354594612
-206724754604515 -9931932768117975 0
40 111 20 14 6 0 6 2 0 9 588 0
20 20 0
20 19 1
20 18 2
20 17 3
20 16 4
20 15 5
0 0 9 9 2 -1 10
0 0 8 6 6 -1 30
78100595660 -8888888888889 -1058201058201 -5204197608802 -1604770107 -8633398951844 1191988843014 -82750014447856 100000000000000
-1473022063197634 -9831982799952976 0
40 111 20 13 7 0 7 2 0 9 682 0
20 20 0
20 19 1
20 18 2
20 17 3
20 16 4
20 15 5
20 14 6
0 0 9 9 2 -1 10
0 0 8 6 6 -1 30
158568249961 -8888888888889 -1058201058201 -6006006006006 126596995987 -7006721646547 544566873492 -78625756192670 100000000000000
-1422093835361483 -9831982799953217 0
40 111 20 12 8 0 8 2 0 9 790 0
20 20 0
20 19 1
20 18 2
20 17 3
20 16 4
20 15 5
20 14 6
20 13 7
0 0 9 9 2 -1 10
0 0 8 6 6 -1 30
56902765006 -8888888888889 -1058201058201 -5698005698006 54451988181 -5291005291005 24216848387 -80278635183448 100000000000000
-1428536983003413 -9831982799952074 0
40 111 20 11 9 0 9 2 0 9 771 0
20 20 0
20 19 1
20 18 2
20 17 3
20 16 4
20 15 5
20 14 6
20 13 7
20 12 8
0 0 9 9 2 -1 10
0 0 8 6 6 -1 30
-34475157068 -8888888888889 -1058201058201 -5006033194363 -36435301544 -4115226337449 -554180757541 -88354367014155 100000000000000
-1435078015984616 -9831982799953379 0
40 111 20 10 10 0 10 2 0 9 768 0
20 20 0
20 19 1
20 18 2
20 17 3
20 16 4
20 15 5
20 14 6
20 13 7
20 12 8
20 11 9
0 0 9 9 2 -1 10
0 0 8 6 6 -1 30
-31902966626 -8888888888889 -1058201058201 -4678362573099 -189062560459 -4678362573099 -189062560459 -85998502950610 100000000000000
-1429785460054840 -9831982799953340 0
40 111 19 19 2 0 11 8 0 15 118 0
20 20 0
20 19 1
20 18 2
20 17 3
20 16 4
20 15 5
20 14 6
20 13 7
20 12 8
20 11 9
20 10 10
0 0 9 9 1 -1 1
0 0 9 8 2 -1 9
0 0 8 6 5 -1 18
0 0 7 6 6 -1 12
1 0 9 9 1 -1 1
1 0 9 8 2 -1 9
1 0 8 6 5 -1 18
1 0 7 6 6 -1 12
-358504468492 -4450689937299 -114834145659 -6088280060883 89864619789 -7007135500065 -100000000000000 -100000000000000 -100000000000000 -100000000000000 -100000000000000 -100000000000000 -100000000000000 -100000000000000 -100000000000000
-1267457912913341 -9831982799952591 0
40 111 19 18 3 0 12 4 1 11 522 -3999215716553074
20 20 0
20 19 1
20 18 2
20 17 3
20 16 4
20 15 5
20 14 6
20 13 7
20 12 8
20 11 9
20 10 10
19 19 2
0 0 9 9 1 -1 1
0 0 9 8 2 -1 9
0 0 8 6 5 -1 18
0 0 7 6 6 -1 12
1 2
-10683144035 -6088280060883 -26255759120 -4489337822671 -87377090730 -5319607686749 -132906537666 -100000000000000 -100000000000000 -100000000000000 -97872574751117
-1158549934659379 -9831982799953163 0
40 111 19 17 4 0 13 5 1 12 654 -3999683335746818
20 20 0
20 19 1
20 18 2
20 17 3
20 16 4
20 15 5
20 14 6
20 13 7
20 12 8
20 11 9
20 10 10
19 19 2
19 18 3
0 0 9 9 1 -1 1
0 0 9 8 2 -1 9
0 0 8 6 5 -1 18
0 0 7 6 6 -1 12
1 2 0 0 0 -1 -1
1 3
-3641146624 -6088280060883 -12161346694 -4726318562820 -72292654339 -5147450853098 -110449598479 -100000000000000 -100000000000000 -100000000000000 -97869665786094 809004830424
-1128877160133643 -9831982799953379 0
40 111 19 16 5 0 14 4 1 11 817 -4000000000000000
20 20 0
20 19 1
20 18 2
20 17 3
20 16 4
20 15 5
20 14 6
20 13 7
20 12 8
20 11 9
20 10 10
19 19 2
19 18 3
19 17 4
0 0 9 9 1 -1 1
0 0 9 8 2 -1 9
0 0 8 6 5 -1 18
0 0 7 6 6 -1 12
1 4
-5619595283 380197119746 -729793833242 -5555555555556 48621508121 -10528481867539 2605207128653 -100000000000000 -100000000000000 -98149432202764 -100000000000000
-582952029051324 -9831982799953432 0
40 111 19 15 6 0 15 4 0 11 1053 0
20 20 0
20 19 1
20 18 2
20 17 3
20 16 4
20 15 5
20 14 6
20 13 7
20 12 8
20 11 9
20 10 10
19 19 2
19 18 3
19 17 4
19 16 5
0 0 9 9 1 -1 1
0 0 9 8 2 -1 9
0 0 8 6 5 -1 18
0 0 7 6 6 -1 12
27379338614 -1331442038 -729793833242 -4844531405180 -78640221465 -5061796293216 -203652531031 -100000000000000 -100000000000000 -99281844934901 -100000000000000
-404002254850029 -9831982799953301 0
40 111 19 14 7 0 16 4 0 11 1148 0
20 20 0
20 19 1
20 18 2
20 17 3
20 16 4
20 15 5
20 14 6
20 13 7
20 12 8
20 11 9
20 10 10
19 19 2
19 18 3
19 17 4
19 16 5
19 15 6
0 0 9 9 1 -1 1
0 0 9 8 2 -1 9
0 0 8 6 5 -1 18
0 0 7 6 6 -1 12
97634262585 35571801402 -729793833242 -5746945458253 54353649714 -6245961969177 242501382208 -100000000000000 -100000000000000 -98725873291103 -100000000000000
-387232497684434 -9831982799952828 0
40 111 19 13 8 0 17 4 0 11 1258 0
20 20 0
20 19 1
20 18 2
20 17 3
20 16 4
20 15 5
20 14 6
20 13 7
20 12 8
20 11 9
20 10 10
19 19 2
19 18 3
19 17 4
19 16 5
19 15 6
19 14 7
0 0 9 9 1 -1 1
0 0 9 8 2 -1 9
0 0 8 6 5 -1 18
0 0 7 6 6 -1 12
37786925307 329223513018 -729793833242 -6792380036970 248354872429 -4966727679234 -161320192446 -100000000000000 -100000000000000 -98232787350085 -100000000000000
-390357977950100 -9829345995830952 0
40 111 19 12 9 0 18 4 0 11 1384 0
20 20 0
20 19 1
20 18 2
20 17 3
20 16 4
20 15 5
20 14 6
20 13 7
20 12 8
20 11 9
20 10 10
19 19 2
19 18 3
19 17 4
19 16 5
19 15 6
19 14 7
19 13 8
0 0 9 9 1 -1 1
0 0 9 8 2 -1 9
0 0 8 6 5 -1 18
0 0 7 6 6 -1 12
30284967468 269509905661 -729793833242 -5952843623896 109701453899 -5092718326663 -50531368747 -100000000000000 -100000000000000 -98777150468661 -100000000000000
-348435282223162 -9831982799951515 0
40 111 19 11 10 0 19 4 0 11 1258 0
20 20 0
20 19 1
20 18 2
20 17 3
20 16 4
20 15 5
20 14 6
20 13 7
20 12 8
20 11 9
20 10 10
19 19 2
19 18 3
19 17 4
19 16 5
19 15 6
19 14 7
19 13 8
19 12 9
0 0 9 9 1 -1 1
0 0 9 8 2 -1 9
0 0 8 6 5 -1 18
0 0 7 6 6 -1 12
22940734817 269698057085 -729793833242 -6320446158217 212024340547 -5258700136631 -6141263417 -100000000000000 -100000000000000 -98356902812153 -100000000000000
-355035935139160 -9831982799953476 0
40 111 18 18 4 0 20 0 2 7 1811 -7973343153228477
20 20 0
20 19 1
20 18 2
20 17 3
20 16 4
20 15 5
20 14 6
20 13 7
20 12 8
20 11 9
20 10 10
19 19 2
19 18 3
19 17 4
19 16 5
19 15 6
19 14 7
19 13 8
19 12 9
19 11 10
0 96
1 97
-30249826716 -4489337822671 -89025324238 -4489337822671 -89025324238 -5167851208922 25920390575
-946775214566174 -9831982799949998 0
40 111 18 17 5 0 21 1 2 8 2197 -7995294901779295
20 20 0
20 19 1
20 18 2
20 17 3
20 16 4
20 15 5
20 14 6
20 13 7
20 12 8
20 11 9
20 10 10
19 19 2
19 18 3
19 17 4
19 16 5
19 15 6
19 14 7
19 13 8
19 12 9
19 11 10
18 18 4
1 2 0 0 0 -1 -1
0 5
1 6
-22560337312 -4489337822671 -94667254436 -5006436344041 -27940757821 -5109839614753 -49024502631 0
-945014848641190 -9831982799951932 0
40 111 18 16 6 0 22 0 2 7 2470 -7993758524611696
20 20 0
20 19 1
20 18 2
20 17 3
20 16 4
20 15 5
20 14 6
20 13 7
20 12 8
20 11 9
20 10 10
19 19 2
19 18 3
19 17 4
19 16 5
19 15 6
19 14 7
19 13 8
19 12 9
19 11 10
18 18 4
18 17 5
0 7
1 8
-3476427856 -4489337822671 -93946819247 -5174325383197 -4092612360 -5148634191945 -9023925877
-909418549417553 -9831982799953037 0
40 111 18 15 7 0 23 0 1 7 2707 -3982402961641252
20 20 0
20 19 1
20 18 2
20 17 3
20 16 4
20 15 5
20 14 6
20 13 7
20 12 8
20 11 9
20 10 10
19 19 2
19 18 3
19 17 4
19 16 5
19 15 6
19 14 7
19 13 8
19 12 9
19 11 10
18 18 4
18 17 5
18 16 6
0 9
33563254087 -4489337822671 -85572566423 -5463039431270 36471703187 -5453138418205 46838810052
-773995054688644 -9831982799952470 0
40 111 18 14 8 0 24 0 1 7 2390 -3997345040190862
20 20 0
20 19 1
20 18 2
20 17 3
20 16 4
20 15 5
20 14 6
20 13 7
20 12 8
20 11 9
20 10 10
19 19 2
19 18 3
19 17 4
19 16 5
19 15 6
19 14 7
19 13 8
19 12 9
19 11 10
18 18 4
18 17 5
18 16 6
18 15 7
0 10
-26519728346 -4489337822671 -93500303318 -4961976073661 -35325342238 -5012377270742 -55574829633
-756877067569875 -9831982799953423 0
40 111 18 13 9 0 25 0 1 7 2153 -3995798895232714
20 20 0
20 19 1
20 18 2
20 17 3
20 16 4
20 15 5
20 14 6
20 13 7
20 12 8
20 11 9
20 10 10
19 19 2
19 18 3
19 17 4
19 16 5
19 15 6
19 14 7
19 13 8
19 12 9
19 11 10
18 18 4
18 17 5
18 16 6
18 15 7
18 14 8
0 11
4014119362 -4489337822671 -91237845113 -5287910539024 19238790932 -5302558883233 -3345124877
-739478140218001 -9831982799953261 0
40 111 18 12 10 0 26 0 1 7 2039 -3997296092036534
20 20 0
20 19 1
20 18 2
20 17 3
20 16 4
20 15 5
20 14 6
20 13 7
20 12 8
20 11 9
20 10 10
19 19 2
19 18 3
19 17 4
19 16 5
19 15 6
19 14 7
19 13 8
19 12 9
19 11 10
18 18 4
18 17 5
18 16 6
18 15 7
18 14 8
18 13 9
0 12
-5432049133 -4489337822671 -92018949608 -5461714197465 49521869838 -5085001292245 -17179396982
-736051199275792 -9831982799952568 0
40 111 18 11 11 0 27 0 1 7 1514 -3997657507205998
20 20 0
20 19 1
20 18 2
20 17 3
20 16 4
20 15 5
20 14 6
20 13 7
20 12 8
20 11 9
20 10 10
19 19 2
19 18 3
19 17 4
19 16 5
19 15 6
19 14 7
19 13 8
19 12 9
19 11 10
18 18 4
18 17 5
18 16 6
18 15 7
18 14 8
18 13 9
18 12 10
0 13
-27975181507 -4489337822671 -91926246043 -5057974464826 -17284652306 -5057974464826 -17284652306
-733127356134066 -9831982799953385 0
40 111 17 17 6 0 28 2 2 9 1041 -7999718821327478
20 20 0
20 19 1
20 18 2
20 17 3
20 16 4
20 15 5
20 14 6
20 13 7
20 12 8
20 11 9
20 10 10
19 19 2
19 18 3
19 17 4
19 16 5
19 15 6
19 14 7
19 13 8
19 12 9
19 11 10
18 18 4
18 17 5
18 16 6
18 15 7
18 14 8
18 13 9
18 12 10
18 11 11
0 2 0 0 0 -1 -1
1 2 0 0 0 -1 -1
0 14
1 15
-35507600068 -4629671903228 -77394909420 -4597223018503 -81656346153 -5000696760803 -47032918173 351658361758 337944568287
-897205348634459 -9831982799953131 0
40 111 17 16 7 0 29 1 2 8 1043 -7999328657816272
20 20 0
20 19 1
20 18 2
20 17 3
20 16 4
20 15 5
20 14 6
20 13 7
20 12 8
20 11 9
20 10 10
19 19 2
19 18 3
19 17 4
19 16 5
19 15 6
19 14 7
19 13 8
19 12 9
19 11 10
18 18 4
18 17 5
18 16 6
18 15 7
18 14 8
18 13 9
18 12 10
18 11 11
17 17 6
0 2 0 0 0 -1 -1
0 16
1 17
12822510660 -4844794001080 -50852719305 -5555555555556 53079773007 -5848278629026 203733903838 516253441393
-924621169719257 -9831982799953137 0
40 111 17 15 8 0 30 1 1 8 1024 -3999023889059224
20 20 0
20 19 1
20 18 2
20 17 3
20 16 4
20 15 5
20 14 6
20 13 7
20 12 8
20 11 9
20 10 10
19 19 2
19 18 3
19 17 4
19 16 5
19 15 6
19 14 7
19 13 8
19 12 9
19 11 10
18 18 4
18 17 5
18 16 6
18 15 7
18 14 8
18 13 9
18 12 10
18 11 11
17 17 6
17 16 7
0 2 0 0 0 -1 -1
0 18
-38891556062 -4674915636760 -68836447372 -4789547025066 -59791057471 -4898046727123 -62283154688 0
-760138028226840 -9831982799953126 0
40 111 17 14 9 0 31 1 1 8 735 -3997151672083890
20 20 0
20 19 1
20 18 2
20 17 3
20 16 4
20 15 5
20 14 6
20 13 7
20 12 8
20 11 9
20 10 10
19 19 2
19 18 3
19 17 4
19 16 5
19 15 6
19 14 7
19 13 8
19 12 9
19 11 10
18 18 4
18 17 5
18 16 6
18 15 7
18 14 8
18 13 9
18 12 10
18 11 11
17 17 6
17 16 7
17 15 8
0 2 0 0 0 -1 -1
0 19
138365888458 -5574063735030 82500785942 -5349146553278 46896686990 -3535708331468 -978830432654 0
-687871139500469 -9831319662765832 0
40 111 17 13 10 0 32 1 1 8 564 -4000000000000000
20 20 0
20 19 1
20 18 2
20 17 3
20 16 4
20 15 5
20 14 6
20 13 7
20 12 8
20 11 9
20 10 10
19 19 2
19 18 3
19 17 4
19 16 5
19 15 6
19 14 7
19 13 8
19 12 9
19 11 10
18 18 4
18 17 5
18 16 6
18 15 7
18 14 8
18 13 9
18 12 10
18 11 11
17 17 6
17 16 7
17 15 8
17 14 9
0 2 0 0 0 -1 -1
0 20
44859613391 -4931010187013 -19824498510 -3719100444284 -418752303223 -5419423724152 95064789227 769477401082
-664503114580389 -9831982799952943 0
40 111 17 12 11 0 33 1 1 8 489 -4000000000000000
20 20 0
20 19 1
20 18 2
20 17 3
20 16 4
20 15 5
20 14 6
20 13 7
20 12 8
20 11 9
20 10 10
19 19 2
19 18 3
19 17 4
19 16 5
19 15 6
19 14 7
19 13 8
19 12 9
19 11 10
18 18 4
18 17 5
18 16 6
18 15 7
18 14 8
18 13 9
18 12 10
18 11 11
17 17 6
17 16 7
17 15 8
17 14 9
17 13 10
0 2 0 0 0 -1 -1
0 21
57476814472 -3813458661674 -257572831902 -5178615040224 26519231748 -6014361894003 213951639220 0
-648580039503025 -9831982799952585 0
40 111 16 16 8 0 34 0 2 7 277 -8000000000000000
20 20 0
20 19 1
20 18 2
20 17 3
20 16 4
20 15 5
20 14 6
20 13 7
20 12 8
20 11 9
20 10 10
19 19 2
19 18 3
19 17 4
19 16 5
19 15 6
19 14 7
19 13 8
19 12 9
19 11 10
18 18 4
18 17 5
18 16 6
18 15 7
18 14 8
18 13 9
18 12 10
18 11 11
17 17 6
17 16 7
17 15 8
17 14 9
17 13 10
17 12 11
0 22
1 23
519976746160 -10000000000000 690445417650 -10000000000000 690445417650 -3792806008775 -1212545537751
-1142697828569903 -9831982799953445 0
40 111 16 15 9 0 35 0 1 7 288 -4000000000000000
20 20 0
20 19 1
20 18 2
20 17 3
20 16 4
20 15 5
20 14 6
20 13 7
20 12 8
20 11 9
20 10 10
19 19 2
19 18 3
19 17 4
19 16 5
19 15 6
19 14 7
19 13 8
19 12 9
19 11 10
18 18 4
18 17 5
18 16 6
18 15 7
18 14 8
18 13 9
18 12 10
18 11 11
17 17 6
17 16 7
17 15 8
17 14 9
17 13 10
17 12 11
16 16 8
0 24
-24867308109 -10000000000000 760079223856 -4128270991463 -136855270295 -4819527633359 -28602577363
-1012099256175355 -9830745626320644 0
40 111 16 14 10 0 36 0 1 7 157 -4000000000000000
20 20 0
20 19 1
20 18 2
20 17 3
20 16 4
20 15 5
20 14 6
20 13 7
20 12 8
20 11 9
20 10 10
19 19 2
19 18 3
19 17 4
19 16 5
19 15 6
19 14 7
19 13 8
19 12 9
19 11 10
18 18 4
18 17 5
18 16 6
18 15 7
18 14 8
18 13 9
18 12 10
18 11 11
17 17 6
17 16 7
17 15 8
17 14 9
17 13 10
17 12 11
16 16 8
16 15 9
0 25
4166666666667 -25000000000000 2949255250518 -27972027972028 3782220447193 -13049951262147 -3703703703704
-381200726417675 -9831982799953548 0
40 111 16 13 11 0 37 0 1 7 94 -4000000000000000
20 20 0
20 19 1
20 18 2
20 17 3
20 16 4
20 15 5
20 14 6
20 13 7
20 12 8
20 11 9
20 10 10
19 19 2
19 18 3
19 17 4
19 16 5
19 15 6
19 14 7
19 13 8
19 12 9
19 11 10
18 18 4
18 17 5
18 16 6
18 15 7
18 14 8
18 13 9
18 12 10
18 11 11
17 17 6
17 16 7
17 15 8
17 14 9
17 13 10
17 12 11
16 16 8
16 15 9
16 14 10
0 26
4098360655738 -25000000000000 4166666666667 -29850746268657 5970149253731 -5224456076205 -7619047619048
26807309704762 -9831982799953464 0
40 111 16 12 12 0 38 0 1 7 68 -4000000000000000
20 20 0
20 19 1
20 18 2
20 17 3
20 16 4
20 15 5
20 14 6
20 13 7
20 12 8
20 11 9
20 10 10
19 19 2
19 18 3
19 17 4
19 16 5
19 15 6
19 14 7
19 13 8
19 12 9
19 11 10
18 18 4
18 17 5
18 16 6
18 15 7
18 14 8
18 13 9
18 12 10
18 11 11
17 17 6
17 16 7
17 15 8
17 14 9
17 13 10
17 12 11
16 16 8
16 15 9
16 14 10
16 13 11
0 27
3968253968254 -1658950443550 -3571428571429 -28985507246377 6896551724138 -28985507246377 6896551724138
630702945689190 -9831982799953246 0
40 111 15 15 10 0 39 0 0 7 63 0
20 20 0
20 19 1
20 18 2
20 17 3
20 16 4
20 15 5
20 14 6
20 13 7
20 12 8
20 11 9
20 10 10
19 19 2
19 18 3
19 17 4
19 16 5
19 15 6
19 14 7
19 13 8
19 12 9
19 11 10
18 18 4
18 17 5
18 16 6
18 15 7
18 14 8
18 13 9
18 12 10
18 11 11
17 17 6
17 16 7
17 15 8
17 14 9
17 13 10
17 12 11
16 16 8
16 15 9
16 14 10
16 13 11
16 12 12
5063291139241 24242424242424 4419889502762 24242424242424 4419889502762 -18604651162791 -3703703703704
7861880115733704 -19411591957952182 0
40 111 15 14 11 0 40 0 0 7 31 0
20 20 0
20 19 1
20 18 2
20 17 3
20 16 4
20 15 5
20 14 6
20 13 7
20 12 8
20 11 9
20 10 10
19 19 2
19 18 3
19 17 4
19 16 5
19 15 6
19 14 7
19 13 8
19 12 9
19 11 10
18 18 4
18 17 5
18 16 6
18 15 7
18 14 8
18 13 9
18 12 10
18 11 11
17 17 6
17 16 7
17 15 8
17 14 9
17 13 10
17 12 11
16 16 8
16 15 9
16 14 10
16 13 11
16 12 12
15 15 10
4938271604938 24242424242424 4419889502762 27972027972028 5524861878453 34782608695652 9195402298851
10465632225929982 -31461523171532668 0
40 111 15 13 12 0 41 0 0 7 12 0
20 20 0
20 19 1
20 18 2
20 17 3
20 16 4
20 15 5
20 14 6
20 13 7
20 12 8
20 11 9
20 10 10
19 19 2
19 18 3
19 17 4
19 16 5
19 15 6
19 14 7
19 13 8
19 12 9
19 11 10
18 18 4
18 17 5
18 16 6
18 15 7
18 14 8
18 13 9
18 12 10
18 11 11
17 17 6
17 16 7
17 15 8
17 14 9
17 13 10
17 12 11
16 16 8
16 15 9
16 14 10
16 13 11
16 12 12
15 15 10
15 14 11
4878048780488 24242424242424 4419889502762 29850746268657 6389776357827 28985507246377 6896551724138
10370986468632942 -35099109807909330 0
40 111 14 14 12 0 42 0 0 7 1 0
20 20 0
20 19 1
20 18 2
20 17 3
20 16 4
20 15 5
20 14 6
20 13 7
20 12 8
20 11 9
20 10 10
19 19 2
19 18 3
19 17 4
19 16 5
19 15 6
19 14 7
19 13 8
19 12 9
19 11 10
18 18 4
18 17 5
18 16 6
18 15 7
18 14 8
18 13 9
18 12 10
18 11 11
17 17 6
17 16 7
17 15 8
17 14 9
17 13 10
17 12 11
16 16 8
16 15 9
16 14 10
16 13 11
16 12 12
15 15 10
15 14 11
15 13 12
5102040816327 27972027972028 5524861878453 27972027972028 5524861878453 28985507246377 6896551724138
10872529245784421 -40038892597914671 0
40 111 14 13 13 1 43 0 0 0 0 0
20 20 0
20 19 1
20 18 2
20 17 3
20 16 4
20 15 5
20 14 6
20 13 7
20 12 8
20 11 9
20 10 10
19 19 2
19 18 3
19 17 4
19 16 5
19 15 6
19 14 7
19 13 8
19 12 9
19 11 10
18 18 4
18 17 5
18 16 6
18 15 7
18 14 8
18 13 9
18 12 10
18 11 11
17 17 6
17 16 7
17 15 8
17 14 9
17 13 10
17 12 11
16 16 8
16 15 9
16 14 10
16 13 11
16 12 12
15 15 10
15 14 11
15 13 12
14 14 12

0 0 0
40 112 20 20 0 0 0 4 0 11 4 0
0 0 9 9 2 -1 10
0 0 8 6 6 -1 30
1 0 9 9 2 -1 10
1 0 8 6 6 -1 30
-100000000000000 -8888888888889 -1058201058201 -8888888888889 -1058201058201 -100000000000000 -100000000000000 -82253271167811 100000000000000 -43450219539173 100000000000000
-2466311539382605 -9618859046051300 0
40 112 20 19 1 0 1 6 0 13 36 0
20 20 0
0 0 9 9 2 -1 10
0 0 8 6 6 -1 30
1 0 9 9 1 -1 1
1 0 9 8 2 -1 9
1 0 8 6 5 -1 18
1 0 7 6 6 -1 12
494880683107 -8888888888889 -1058201058201 -2465597281140 -729793833242 -100000000000000 -100000000000000 -75607975735507 100000000000000 -100000000000000 -100000000000000 -100000000000000 -96508365741021
-1598898701237928 -9618859046051314 0
40 112 20 18 2 0 2 2 1 9 218 -3999839366326074
20 20 0
20 19 1
0 0 9 9 2 -1 10
0 0 8 6 6 -1 30
1 101
38702997036 -8888888888889 -1058201058201 -4489337822671 -154514850552 -7195840295009 -100000000000000 -53125454696165 100000000000000
-1699540424199930 -9618859046049426 0
40 112 20 17 3 0 3 3 1 10 317 -4000000000000000
20 20 0
20 19 1
20 18 2
0 0 9 9 2 -1 10
0 0 8 6 6 -1 30
1 2 0 0 0 -1 -1
1 28
450237461493 -8888888888889 -1058201058201 -5050505050505 -200501675331 -7323151928736 660402237154 -52532408012040 100000000000000 0
-1571330390909699 -9618859046051400 0
40 112 20 16 4 0 4 2 1 9 398 -4000000000000000
20 20 0
20 19 1
20 18 2
20 17 3
0 0 9 9 2 -1 10
0 0 8 6 6 -1 30
1 29
297622563796 -8888888888889 -1058201058201 -5555555555556 -67952479718 -7127387044609 256933376325 -57072999567432 100000000000000
-1576111048566513 -9618859046050308 0
40 112 20 15 5 0 5 2 0 9 503 0
20 20 0
20 19 1
20 18 2
20 17 3
20 16 4
0 0 9 9 2 -1 10
0 0 8 6 6 -1 30
214933045071 -8888888888889 -1058201058201 -4459771925285 -322786170494 -14814814814815 4484263046996 -71916923675455 100000000000000
-1450698444277204 -9618859046051035 0
40 112 20 14 6 0 6 2 0 9 588 0
20 20 0
20 19 1
20 18 2
20 17 3
20 16 4
20 15 5
0 0 9 9 2 -1 10
0 0 8 6 6 -1 30
197455699901 -8888888888889 -1058201058201 -6088280060883 23479613578 -9876543209877 1435477720443 -63341725255012 100000000000000
-1472071687090808 -9618859046051238 0
40 112 20 13 7 0 7 2 0 9 682 0
20 20 0
20 19 1
20 18 2
20 17 3
20 16 4
20 15 5
20 14 6
0 0 9 9 2 -1 10
0 0 8 6 6 -1 30
131243571673 -8888888888889 -1058201058201 -6006006006006 -4437152626 -7054673721340 574718130808 -64105431286009 100000000000000
-1448828722161821 -9618859046050120 0
40 112 20 12 8 0 8 2 0 9 790 0
20 20 0
20 19 1
20 18 2
20 17 3
20 16 4
20 15 5
20 14 6
20 13 7
0 0 9 9 2 -1 10
0 0 8 6 6 -1 30
18863178855 -8888888888889 -1058201058201 -5698005698006 -13465118381 -5291005291005 -203036228713 -71157118809666 100000000000000
-1461546685062014 -9618859046050334 0
40 112 20 11 9 0 9 2 0 9 771 0
20 20 0
20 19 1
20 18 2
20 17 3
20 16 4
20 15 5
20 14 6
20 13 7
20 12 8
0 0 9 9 2 -1 10
0 0 8 6 6 -1 30
-71817532789 -8888888888889 -1058201058201 -5228758169935 -140699232545 -4115226337449 -741136825716 -82857946442348 100000000000000
-1478734756310762 -9618859046049214 0
40 112 20 10 10 0 10 2 0 9 768 0
20 20 0
20 19 1
20 18 2
20 17 3
20 16 4
20 15 5
20 14 6
20 13 7
20 12 8
20 11 9
0 0 9 9 2 -1 10
0 0 8 6 6 -1 30
-81404773324 -8888888888889 -1058201058201 -4678362573099 -415090992186 -4678362573099 -379022845633 -82687847650017 100000000000000
-1477693759787277 -9618859046051010 0
40 112 19 19 2 0 11 8 0 15 118 0
20 20 0
20 19 1
20 18 2
20 17 3
20 16 4
20 15 5
20 14 6
20 13 7
20 12 8
20 11 9
20 10 10
0 0 9 9 1 -1 1
0 0 9 8 2 -1 9
0 0 8 6 5 -1 18
0 0 7 6 6 -1 12
1 0 9 9 1 -1 1
1 0 9 8 2 -1 9
1 0 8 6 5 -1 18
1 0 7 6 6 -1 12
-475724989448 -387461354379 -729793833242 -172869381527 -729793833242 -9965091752657 -100000000000000 -100000000000000 -100000000000000 -96927840664470 -100000000000000 -100000000000000 -100000000000000 -99502944338686 -100000000000000
-461680458984287 -9618859046050961 0
40 112 19 18 3 0 12 4 1 11 522 -4000000000000000
20 20 0
20 19 1
20 18 2
20 17 3
20 16 4
20 15 5
20 14 6
20 13 7
20 12 8
20 11 9
20 10 10
19 19 2
0 0 9 9 1 -1 1
0 0 9 8 2 -1 9
0 0 8 6 5 -1 18
0 0 7 6 6 -1 12
1 30
255459627746 -6088280060883 -134670754962 -4489337822671 -192848822204 -7283385776646 3584955737014 -100000000000000 -100000000000000 -100000000000000 -100000000000000
-1121932476904714 -9618859046050982 0
40 112 19 17 4 0 13 5 1 12 654 -4000000000000000
20 20 0
20 19 1
20 18 2
20 17 3
20 16 4
20 15 5
20 14 6
20 13 7
20 12 8
20 11 9
20 10 10
19 19 2
19 18 3
0 0 9 9 1 -1 1
0 0 9 8 2 -1 9
0 0 8 6 5 -1 18
0 0 7 6 6 -1 12
1 2 0 0 0 -1 -1
1 31
40449841191 -1310899430317 -729793833242 -4993882478269 -104872979675 -6274303033147 169560291437 -100000000000000 -100000000000000 -100000000000000 -99726623126497 183432372687
-755132375934130 -9618859046051336 0
40 112 19 16 5 0 14 4 1 11 817 -4000000000000000
20 20 0
20 19 1
20 18 2
20 17 3
20 16 4
20 15 5
20 14 6
20 13 7
20 12 8
20 11 9
20 10 10
19 19 2
19 18 3
19 17 4
0 0 9 9 1 -1 1
0 0 9 8 2 -1 9
0 0 8 6 5 -1 18
0 0 7 6 6 -1 12
1 32
-21586324273 -6088280060883 36461658963 -5555555555556 -39694378316 -14814814814815 4156583144476 -100000000000000 -100000000000000 -100000000000000 -97820068797315
-1212477541103610 -9618859046049638 0
40 112 19 15 6 0 15 4 0 11 1053 0
20 20 0
20 19 1
20 18 2
20 17 3
20 16 4
20 15 5
20 14 6
20 13 7
20 12 8
20 11 9
20 10 10
19 19 2
19 18 3
19 17 4
19 16 5
0 0 9 9 1 -1 1
0 0 9 8 2 -1 9
0 0 8 6 5 -1 18
0 0 7 6 6 -1 12
-22830707046 -222089651051 -729793833242 -4065717817976 -383312338225 -5655326094700 82454669145 -100000000000000 -100000000000000 -99702871337130 -100000000000000
-443619461528981 -9618859046048364 0
40 112 19 14 7 0 16 4 0 11 1148 0
20 20 0
20 19 1
20 18 2
20 17 3
20 16 4
20 15 5
20 14 6
20 13 7
20 12 8
20 11 9
20 10 10
19 19 2
19 18 3
19 17 4
19 16 5
19 15 6
0 0 9 9 1 -1 1
0 0 9 8 2 -1 9
0 0 8 6 5 -1 18
0 0 7 6 6 -1 12
57707035451 -6088280060883 -65773371246 -6088280060883 3077100015 -5755472969970 -15270732301 -100000000000000 -100000000000000 -100000000000000 -97513354348100
-998865757558012 -9618859046051187 0
40 112 19 13 8 0 17 4 0 11 1258 0
20 20 0
20 19 1
20 18 2
20 17 3
20 16 4
20 15 5
20 14 6
20 13 7
20 12 8
20 11 9
20 10 10
19 19 2
19 18 3
19 17 4
19 16 5
19 15 6
19 14 7
0 0 9 9 1 -1 1
0 0 9 8 2 -1 9
0 0 8 6 5 -1 18
0 0 7 6 6 -1 12
23953204728 -6088280060883 28934299529 -7326007326007 268519049434 -4652891149501 -749625355520 -99189834072662 -100000000000000 -100000000000000 -98708691520574
-1008489461541316 -9618859046050910 0
40 112 19 12 9 0 18 4 0 11 1384 0
20 20 0
20 19 1
20 18 2
20 17 3
20 16 4
20 15 5
20 14 6
20 13 7
20 12 8
20 11 9
20 10 10
19 19 2
19 18 3
19 17 4
19 16 5
19 15 6
19 14 7
19 13 8
0 0 9 9 1 -1 1
0 0 9 8 2 -1 9
0 0 8 6 5 -1 18
0 0 7 6 6 -1 12
51974454298 -398344561545 -729793833242 -6430868167203 70427153723 -5592284381230 -52483279634 -100000000000000 -100000000000000 -100000000000000 -99443616173607
-452185543826960 -9618859046051253 0
40 112 19 11 10 0 19 4 0 11 1258 0
20 20 0
20 19 1
20 18 2
20 17 3
20 16 4
20 15 5
20 14 6
20 13 7
20 12 8
20 11 9
20 10 10
19 19 2
19 18 3
19 17 4
19 16 5
19 15 6
19 14 7
19 13 8
19 12 9
0 0 9 9 1 -1 1
0 0 9 8 2 -1 9
0 0 8 6 5 -1 18
0 0 7 6 6 -1 12
-54017617287 -6088280060883 62425795114 -4803525522754 -312429460967 -5072893905065 -284490063418 -98190301376398 -100000000000000 -100000000000000 -100000000000000
-939504302822304 -9618859046050745 0
40 112 18 18 4 0 20 0 2 7 1811 -7989387589705291
20 20 0
20 19 1
20 18 2
20 17 3
20 16 4
20 15 5
20 14 6
20 13 7
20 12 8
20 11 9
20 10 10
19 19 2
19 18 3
19 17 4
19 16 5
19 15 6
19 14 7
19 13 8
19 12 9
19 11 10
0 99
1 100
-58557080364 -4489337822671 -162546864346 -4489337822671 -158007085748 -5589614639651 -24708891639
-992042256594618 -9618859046050773 0
40 112 18 17 5 0 21 1 2 8 2197 -7996936327299200
20 20 0
20 19 1
20 18 2
20 17 3
20 16 4
20 15 5
20 14 6
20 13 7
20 12 8
20 11 9
20 10 10
19 19 2
19 18 3
19 17 4
19 16 5
19 15 6
19 14 7
19 13 8
19 12 9
19 11 10
18 18 4
1 2 0 0 0 -1 -1
0 33
1 34
-30026150133 -4489337822671 -159872498555 -4979174407842 -109679077756 -5534490254524 -189483934647 177148046137
-979023691638073 -9618859046049738 0
40 112 18 16 6 0 22 0 2 7 2470 -7995801359191634
20 20 0
20 19 1
20 18 2
20 17 3
20 16 4
20 15 5
20 14 6
20 13 7
20 12 8
20 11 9
20 10 10
19 19 2
19 18 3
19 17 4
19 16 5
19 15 6
19 14 7
19 13 8
19 12 9
19 11 10
18 18 4
18 17 5
0 35
1 36
-37859101679 -4489337822671 -155053358748 -5555555555556 -22268269739 -5497947105090 -37718487432
-981986428748804 -9618859046050912 0
40 112 18 15 7 0 23 0 1 7 2707 -3997541972421372
20 20 0
20 19 1
20 18 2
20 17 3
20 16 4
20 15 5
20 14 6
20 13 7
20 12 8
20 11 9
20 10 10
19 19 2
19 18 3
19 17 4
19 16 5
19 15 6
19 14 7
19 13 8
19 12 9
19 11 10
18 18 4
18 17 5
18 16 6
0 37
-7467611832 -4489337822671 -146968800902 -5829350088573 15134116896 -6031468952864 66760196260
-852254559093260 -9618859046050639 0
40 112 18 14 8 0 24 0 1 7 2390 -3995169154362062
20 20 0
20 19 1
20 18 2
20 17 3
20 16 4
20 15 5
20 14 6
20 13 7
20 12 8
20 11 9
20 10 10
19 19 2
19 18 3
19 17 4
19 16 5
19 15 6
19 14 7
19 13 8
19 12 9
19 11 10
18 18 4
18 17 5
18 16 6
18 15 7
0 38
-44879190403 -4489337822671 -159043578109 -5256461086011 -65789636625 -5388040359261 -84604265451
-814147388429376 -9618859046050993 0
40 112 18 13 9 0 25 0 1 7 2153 -3989976181558226
20 20 0
20 19 1
20 18 2
20 17 3
20 16 4
20 15 5
20 14 6
20 13 7
20 12 8
20 11 9
20 10 10
19 19 2
19 18 3
19 17 4
19 16 5
19 15 6
19 14 7
19 13 8
19 12 9
19 11 10
18 18 4
18 17 5
18 16 6
18 15 7
18 14 8
0 39
-36835502877 -4489337822671 -170874333453 -5239117411040 -92265222736 -5393692423637 -53073037435
-794938818665110 -9618859046050539 0
40 112 18 12 10 0 26 0 1 7 2039 -3997985729110992
20 20 0
20 19 1
20 18 2
20 17 3
20 16 4
20 15 5
20 14 6
20 13 7
20 12 8
20 11 9
20 10 10
19 19 2
19 18 3
19 17 4
19 16 5
19 15 6
19 14 7
19 13 8
19 12 9
19 11 10
18 18 4
18 17 5
18 16 6
18 15 7
18 14 8
18 13 9
0 40
-39013080935 -4489337822671 -146025569605 -5754062691303 11621532716 -5092564488555 -171401136401
-794123466914379 -9618859046050378 0
40 112 18 11 11 0 27 0 1 7 1514 -3997703096319035
20 20 0
20 19 1
20 18 2
20 17 3
20 16 4
20 15 5
20 14 6
20 13 7
20 12 8
20 11 9
20 10 10
19 19 2
19 18 3
19 17 4
19 16 5
19 15 6
19 14 7
19 13 8
19 12 9
19 11 10
18 18 4
18 17 5
18 16 6
18 15 7
18 14 8
18 13 9
18 12 10
0 41
34341493185 -4489337822671 -150669858064 -6377634127341 89046258585 -6037708450091 4064839273
-785705666364838 -9618859046050025 0
40 112 17 17 6 0 28 2 2 9 1041 -7990252100098609
20 20 0
20 19 1
20 18 2
20 17 3
20 16 4
20 15 5
20 14 6
20 13 7
20 12 8
20 11 9
20 10 10
19 19 2
19 18 3
19 17 4
19 16 5
19 15 6
19 14 7
19 13 8
19 12 9
19 11 10
18 18 4
18 17 5
18 16 6
18 15 7
18 14 8
18 13 9
18 12 10
18 11 11
0 2 0 0 0 -1 -1
1 2 0 0 0 -1 -1
0 42
1 43
-57289876638 -3528459832704 -340254730602 -4585776021763 -155619526553 -5249234181397 -125721347169 4470057952060 0
-866738679484634 -9618859046050947 0
40 112 17 16 7 0 29 1 2 8 1043 -7997689108241064
20 20 0
20 19 1
20 18 2
20 17 3
20 16 4
20 15 5
20 14 6
20 13 7
20 12 8
20 11 9
20 10 10
19 19 2
19 18 3
19 17 4
19 16 5
19 15 6
19 14 7
19 13 8
19 12 9
19 11 10
18 18 4
18 17 5
18 16 6
18 15 7
18 14 8
18 13 9
18 12 10
18 11 11
17 17 6
0 2 0 0 0 -1 -1
0 44
1 45
-13664393293 -5050505050505 -93063017265 -5555555555556 -13106031769 -8738350460275 1034719571369 0
-1014254991038349 -9618859046050964 0
40 112 17 15 8 0 30 1 1 8 1024 -3999903570796552
20 20 0
20 19 1
20 18 2
20 17 3
20 16 4
20 15 5
20 14 6
20 13 7
20 12 8
20 11 9
20 10 10
19 19 2
19 18 3
19 17 4
19 16 5
19 15 6
19 14 7
19 13 8
19 12 9
19 11 10
18 18 4
18 17 5
18 16 6
18 15 7
18 14 8
18 13 9
18 12 10
18 11 11
17 17 6
17 16 7
0 2 0 0 0 -1 -1
0 46
-60547966819 -4780874457458 -100584690889 -3667268245832 -393849288899 -5094423288488 -90981505330 0
-753094037425074 -9618859046051082 0
40 112 17 14 9 0 31 1 1 8 735 -3995998595593268
20 20 0
20 19 1
20 18 2
20 17 3
20 16 4
20 15 5
20 14 6
20 13 7
20 12 8
20 11 9
20 10 10
19 19 2
19 18 3
19 17 4
19 16 5
19 15 6
19 14 7
19 13 8
19 12 9
19 11 10
18 18 4
18 17 5
18 16 6
18 15 7
18 14 8
18 13 9
18 12 10
18 11 11
17 17 6
17 16 7
17 15 8
0 2 0 0 0 -1 -1
0 47
33695336016 -3370824483974 -431832234672 -5593346093688 21308345013 -5615557166972 -15890897534 0
-691836606303266 -9618859046050118 0
40 112 17 13 10 0 32 1 1 8 564 -3998352958104880
20 20 0
20 19 1
20 18 2
20 17 3
20 16 4
20 15 5
20 14 6
20 13 7
20 12 8
20 11 9
20 10 10
19 19 2
19 18 3
19 17 4
19 16 5
19 15 6
19 14 7
19 13 8
19 12 9
19 11 10
18 18 4
18 17 5
18 16 6
18 15 7
18 14 8
18 13 9
18 12 10
18 11 11
17 17 6
17 16 7
17 15 8
17 14 9
0 2 0 0 0 -1 -1
0 48
66025980556 -2744241412811 -582928377554 -5078078497357 -123061935792 -5201140433149 -123061935792 23531201864176
-592325334664722 -9618859046050270 0
40 112 17 12 11 0 33 1 1 8 489 -3998372068515416
20 20 0
20 19 1
20 18 2
20 17 3
20 16 4
20 15 5
20 14 6
20 13 7
20 12 8
20 11 9
20 10 10
19 19 2
19 18 3
19 17 4
19 16 5
19 15 6
19 14 7
19 13 8
19 12 9
19 11 10
18 18 4
18 17 5
18 16 6
18 15 7
18 14 8
18 13 9
18 12 10
18 11 11
17 17 6
17 16 7
17 15 8
17 14 9
17 13 10
0 2 0 0 0 -1 -1
0 49
643445620437 -4378273962607 -189447001658 -10471204188482 837561249004 -14035087719298 1404800654621 4665532596250
-717234874116111 -9618859046050553 0
40 112 16 16 8 0 34 0 2 7 277 -8000000000000000
20 20 0
20 19 1
20 18 2
20 17 3
20 16 4
20 15 5
20 14 6
20 13 7
20 12 8
20 11 9
20 10 10
19 19 2
19 18 3
19 17 4
19 16 5
19 15 6
19 14 7
19 13 8
19 12 9
19 11 10
18 18 4
18 17 5
18 16 6
18 15 7
18 14 8
18 13 9
18 12 10
18 11 11
17 17 6
17 16 7
17 15 8
17 14 9
17 13 10
17 12 11
0 50
1 51
92684216109 -10000000000000 666930830350 -7558711391399 315681904347 822187956939 -2695530935369
-1216247395198512 -9618859046051038 0
40 112 16 15 9 0 35 0 1 7 288 -4000000000000000
20 20 0
20 19 1
20 18 2
20 17 3
20 16 4
20 15 5
20 14 6
20 13 7
20 12 8
20 11 9
20 10 10
19 19 2
19 18 3
19 17 4
19 16 5
19 15 6
19 14 7
19 13 8
19 12 9
19 11 10
18 18 4
18 17 5
18 16 6
18 15 7
18 14 8
18 13 9
18 12 10
18 11 11
17 17 6
17 16 7
17 15 8
17 14 9
17 13 10
17 12 11
16 16 8
0 52
-255391379241 -10000000000000 694706639784 -2888048031962 -369887089461 -3598334208023 -384631090891
-1100421349578939 -9618859046051087 0
40 112 16 14 10 0 36 0 1 7 157 -4000000000000000
20 20 0
20 19 1
20 18 2
20 17 3
20 16 4
20 15 5
20 14 6
20 13 7
20 12 8
20 11 9
20 10 10
19 19 2
19 18 3
19 17 4
19 16 5
19 15 6
19 14 7
19 13 8
19 12 9
19 11 10
18 18 4
18 17 5
18 16 6
18 15 7
18 14 8
18 13 9
18 12 10
18 11 11
17 17 6
17 16 7
17 15 8
17 14 9
17 13 10
17 12 11
16 16 8
16 15 9
0 53
4166666666667 -25000000000000 759576100014 -27972027972028 3802645087393 -13170969928353 1457151912457
-525093057960598 -9618859046051246 0
40 112 16 13 11 0 37 0 1 7 94 -4000000000000000
20 20 0
20 19 1
20 18 2
20 17 3
20 16 4
20 15 5
20 14 6
20 13 7
20 12 8
20 11 9
20 10 10
19 19 2
19 18 3
19 17 4
19 16 5
19 15 6
19 14 7
19 13 8
19 12 9
19 11 10
18 18 4
18 17 5
18 16 6
18 15 7
18 14 8
18 13 9
18 12 10
18 11 11
17 17 6
17 16 7
17 15 8
17 14 9
17 13 10
17 12 11
16 16 8
16 15 9
16 14 10
0 54
4098360655738 -25000000000000 4166666666667 -13988997604922 2797799520984 -32000000000000 -1616006111961
-118724083861689 -9618859046051415 0
40 112 16 12 12 0 38 0 1 7 68 -4000000000000000
20 20 0
20 19 1
20 18 2
20 17 3
20 16 4
20 15 5
20 14 6
20 13 7
20 12 8
20 11 9
20 10 10
19 19 2
19 18 3
19 17 4
19 16 5
19 15 6
19 14 7
19 13 8
19 12 9
19 11 10
18 18 4
18 17 5
18 16 6
18 15 7
18 14 8
18 13 9
18 12 10
18 11 11
17 17 6
17 16 7
17 15 8
17 14 9
17 13 10
17 12 11
16 16 8
16 15 9
16 14 10
16 13 11
0 55
3968253968254 -3442266736919 -3571428571429 -28985507246377 6896551724138 -28985507246377 6896551724138
480922869554990 -9618859046051082 0
40 112 15 15 10 0 39 0 0 7 63 0
20 20 0
20 19 1
20 18 2
20 17 3
20 16 4
20 15 5
20 14 6
20 13 7
20 12 8
20 11 9
20 10 10
19 19 2
19 18 3
19 17 4
19 16 5
19 15 6
19 14 7
19 13 8
19 12 9
19 11 10
18 18 4
18 17 5
18 16 6
18 15 7
18 14 8
18 13 9
18 12 10
18 11 11
17 17 6
17 16 7
17 15 8
17 14 9
17 13 10
17 12 11
16 16 8
16 15 9
16 14 10
16 13 11
16 12 12
5063291139241 24242424242424 4419889502762 24242424242424 4419889502762 -18604651162791 -3703703703704
7863681924535869 -19484130227705490 0
40 112 15 14 11 0 40 0 0 7 31 0
20 20 0
20 19 1
20 18 2
20 17 3
20 16 4
20 15 5
20 14 6
20 13 7
20 12 8
20 11 9
20 10 10
19 19 2
19 18 3
19 17 4
19 16 5
19 15 6
19 14 7
19 13 8
19 12 9
19 11 10
18 18 4
18 17 5
18 16 6
18 15 7
18 14 8
18 13 9
18 12 10
18 11 11
17 17 6
17 16 7
17 15 8
17 14 9
17 13 10
17 12 11
16 16 8
16 15 9
16 14 10
16 13 11
16 12 12
15 15 10
4938271604938 24242424242424 4419889502762 27972027972028 5524861878453 34782608695652 9195402298851
10469376623894504 -31612634981249005 0
40 112 15 13 12 0 41 0 0 7 12 0
20 20 0
20 19 1
20 18 2
20 17 3
20 16 4
20 15 5
20 14 6
20 13 7
20 12 8
20 11 9
20 10 10
19 19 2
19 18 3
19 17 4
19 16 5
19 15 6
19 14 7
19 13 8
19 12 9
19 11 10
18 18 4
18 17 5
18 16 6
18 15 7
18 14 8
18 13 9
18 12 10
18 11 11
17 17 6
17 16 7
17 15 8
17 14 9
17 13 10
17 12 11
16 16 8
16 15 9
16 14 10
16 13 11
16 12 12
15 15 10
15 14 11
4878048780488 24242424242424 4419889502762 29850746268657 6389776357827 28985507246377 6896551724138
10374204315713766 -35228896306835898 0
40 112 14 14 12 0 42 0 0 7 1 0
20 20 0
20 19 1
20 18 2
20 17 3
20 16 4
20 15 5
20 14 6
20 13 7
20 12 8
20 11 9
20 10 10
19 19 2
19 18 3
19 17 4
19 16 5
19 15 6
19 14 7
19 13 8
19 12 9
19 11 10
18 18 4
18 17 5
18 16 6
18 15 7
18 14 8
18 13 9
18 12 10
18 11 11
17 17 6
17 16 7
17 15 8
17 14 9
17 13 10
17 12 11
16 16 8
16 15 9
16 14 10
16 13 11
16 12 12
15 15 10
15 14 11
15 13 12
5102040816327 27972027972028 5524861878453 27972027972028 5524861878453 28985507246377 6896551724138
10872889191192261 -40053650359636111 0
40 112 14 13 13 1 43 0 0 0 0 0
20 20 0
20 19 1
20 18 2
20 17 3
20 16 4
20 15 5
20 14 6
20 13 7
20 12 8
20 11 9
20 10 10
19 19 2
19 18 3
19 17 4
19 16 5
19 15 6
19 14 7
19 13 8
19 12 9
19 11 10
18 18 4
18 17 5
18 16 6
18 15 7
18 14 8
18 13 9
18 12 10
18 11 11
17 17 6
17 16 7
17 15 8
17 14 9
17 13 10
17 12 11
16 16 8
16 15 9
16 14 10
16 13 11
16 12 12
15 15 10
15 14 11
15 13 12
14 14 12

0 0 0
40 113 20 20 0 0 0 4 0 11 4 0
0 0 9 9 2 -1 10
0 0 8 6 6 -1 30
1 0 9 9 2 -1 10
1 0 8 6 6 -1 30
-100000000000000 -8888888888889 -848757475550 -8888888888889 -1058201058201 -100000000000000 -100000000000000 -100000000000000 100000000000000 -78308486708823 100000000000000
-2402105366706703 -10564264755106510 0
40 113 20 19 1 0 1 6 0 13 36 0
20 20 0
0 0 9 9 2 -1 10
0 0 8 6 6 -1 30
1 0 9 9 1 -1 1
1 0 9 8 2 -1 9
1 0 8 6 5 -1 18
1 0 7 6 6 -1 12
-847914829661 -8888888888889 -916279329002 2252956319542 -729793833242 -100000000000000 -100000000000000 -100000000000000 100000000000000 -100000000000000 -100000000000000 -95224191695897 -100000000000000
-1165053214047091 -10564264755107004 0
40 113 20 18 2 0 2 2 1 9 218 -4000000000000000
20 20 0
20 19 1
0 0 9 9 2 -1 10
0 0 8 6 6 -1 30
1 104
440447206346 -8888888888889 -1058201058201 -4243247951801 103610541321 -4399668331474 -100000000000000 -87206642921463 100000000000000
-1515727279955763 -10564264755106685 0
40 113 20 17 3 0 3 3 1 10 317 -4000000000000000
20 20 0
20 19 1
20 18 2
0 0 9 9 2 -1 10
0 0 8 6 6 -1 30
1 2 0 0 0 -1 -1
1 56
105694697226 -8888888888889 -943468363683 -2719169583288 -263017301798 -3658283169721 -2516138765310 -100000000000000 100000000000000 0
-1433190793838449 -10564264755105917 0
40 113 20 16 4 0 4 2 1 9 398 -4000000000000000
20 20 0
20 19 1
20 18 2
20 17 3
0 0 9 9 2 -1 10
0 0 8 6 6 -1 30
1 57
339093259484 -8888888888889 -1058201058201 -5555555555556 290049747591 -6438076902879 2786762098827 -93043910368882 100000000000000
-1494039991569116 -10564264755104676 0
40 113 20 15 5 0 5 2 0 9 503 0
20 20 0
20 19 1
20 18 2
20 17 3
20 16 4
0 0 9 9 2 -1 10
0 0 8 6 6 -1 30
401305662321 -8888888888889 -1046193491125 -2555288596762 -362548861939 -9189305428505 3091968360807 -100000000000000 100000000000000
-1174398403081537 -10564264755106285 0
40 113 20 14 6 0 6 2 0 9 588 0
20 20 0
20 19 1
20 18 2
20 17 3
20 16 4
20 15 5
0 0 9 9 2 -1 10
0 0 8 6 6 -1 30
512837764262 -8888888888889 -1058201058201 -4562764562325 37189246348 -9876543209877 2513396032934 -93098327768469 100000000000000
-1183998847022680 -10564264755106782 0
40 113 20 13 7 0 7 2 0 9 682 0
20 20 0
20 19 1
20 18 2
20 17 3
20 16 4
20 15 5
20 14 6
0 0 9 9 2 -1 10
0 0 8 6 6 -1 30
371951043600 -8888888888889 -1057114450796 -6006006006006 422010993598 -7054673721340 1027234166314 -100000000000000 100000000000000
-1260504535180571 -10564264755106944 0
40 113 20 12 8 0 8 2 0 9 790 0
20 20 0
20 19 1
20 18 2
20 17 3
20 16 4
20 15 5
20 14 6
20 13 7
0 0 9 9 2 -1 10
0 0 8 6 6 -1 30
264147655370 -8888888888889 -1027848931323 -5698005698006 254692808797 -5291005291005 580008462287 -100000000000000 100000000000000
-1261139248241714 -10564264755106554 0
40 113 20 11 9 0 9 2 0 9 771 0
20 20 0
20 19 1
20 18 2
20 17 3
20 16 4
20 15 5
20 14 6
20 13 7
20 12 8
0 0 9 9 2 -1 10
0 0 8 6 6 -1 30
184938053472 -8888888888889 -947716577586 -5228758169935 260574146390 -4115226337449 -278152491783 -100000000000000 100000000000000
-1242175959832741 -10564264755106711 0
40 113 20 10 10 0 10 2 0 9 768 0
20 20 0
20 19 1
20 18 2
20 17 3
20 16 4
20 15 5
20 14 6
20 13 7
20 12 8
20 11 9
0 0 9 9 2 -1 10
0 0 8 6 6 -1 30
163686139268 -8888888888889 -981637877655 -4678362573099 232937855437 -4678362573099 125022865862 -100000000000000 100000000000000
-1248333093057356 -10564264755106280 0
40 113 19 19 2 0 11 8 0 15 118 0
20 20 0
20 19 1
20 18 2
20 17 3
20 16 4
20 15 5
20 14 6
20 13 7
20 12 8
20 11 9
20 10 10
0 0 9 9 1 -1 1
0 0 9 8 2 -1 9
0 0 8 6 5 -1 18
0 0 7 6 6 -1 12
1 0 9 9 1 -1 1
1 0 9 8 2 -1 9
1 0 8 6 5 -1 18
1 0 7 6 6 -1 12
-162192672731 -6088280060883 289618595503 2002501929409 -729793833242 -9818428079835 -100000000000000 -100000000000000 -100000000000000 -100000000000000 -99299033748541 -100000000000000 -100000000000000 -98470322816635 -100000000000000
-549750833158037 -10564264755106430 0
40 113 19 18 3 0 12 4 1 11 522 -4000000000000000
20 20 0
20 19 1
20 18 2
20 17 3
20 16 4
20 15 5
20 14 6
20 13 7
20 12 8
20 11 9
20 10 10
19 19 2
0 0 9 9 1 -1 1
0 0 9 8 2 -1 9
0 0 8 6 5 -1 18
0 0 7 6 6 -1 12
1 58
306797509205 -6088280060883 181152718000 -3242231954794 -80751268680 -3645988298194 1253936581034 -100000000000000 -100000000000000 -100000000000000 -98283367584954
-855589095272987 -10564264755106831 0
40 113 19 17 4 0 13 5 1 12 654 -3993845652284128
20 20 0
20 19 1
20 18 2
20 17 3
20 16 4
20 15 5
20 14 6
20 13 7
20 12 8
20 11 9
20 10 10
19 19 2
19 18 3
0 0 9 9 1 -1 1
0 0 9 8 2 -1 9
0 0 8 6 5 -1 18
0 0 7 6 6 -1 12
1 2 0 0 0 -1 -1
1 59
355640935787 869347332433 -729793833242 -4372145343649 68167115877 -5714554530898 1038192834169 -100000000000000 -100000000000000 -100000000000000 -99601478798988 237116218597
-260704095801335 -10564264755106330 0
40 113 19 16 5 0 14 4 1 11 817 -4000000000000000
20 20 0
20 19 1
20 18 2
20 17 3
20 16 4
20 15 5
20 14 6
20 13 7
20 12 8
20 11 9
20 10 10
19 19 2
19 18 3
19 17 4
0 0 9 9 1 -1 1
0 0 9 8 2 -1 9
0 0 8 6 5 -1 18
0 0 7 6 6 -1 12
1 60
151316725839 1984115458881 -729793833242 -5555555555556 283395286253 -11468796966193 3913511306810 -100000000000000 -100000000000000 -97568703083802 -100000000000000
-275546781610463 -10564264755106711 0
40 113 19 15 6 0 15 4 0 11 1053 0
20 20 0
20 19 1
20 18 2
20 17 3
20 16 4
20 15 5
20 14 6
20 13 7
20 12 8
20 11 9
20 10 10
19 19 2
19 18 3
19 17 4
19 16 5
0 0 9 9 1 -1 1
0 0 9 8 2 -1 9
0 0 8 6 5 -1 18
0 0 7 6 6 -1 12
249698062796 -6088280060883 254294516479 -4881294806137 183979836579 -6849331931798 831909468785 -100000000000000 -100000000000000 -100000000000000 -95476774188472
-738296605867200 -10564264755106316 0
40 113 19 14 7 0 16 4 0 11 1148 0
20 20 0
20 19 1
20 18 2
20 17 3
20 16 4
20 15 5
20 14 6
20 13 7
20 12 8
20 11 9
20 10 10
19 19 2
19 18 3
19 17 4
19 16 5
19 15 6
0 0 9 9 1 -1 1
0 0 9 8 2 -1 9
0 0 8 6 5 -1 18
0 0 7 6 6 -1 12
362627764299 -6088280060883 226581353695 -6088280060883 339627900110 -6721493666274 634293456204 -100000000000000 -100000000000000 -100000000000000 -96949182555025
-707812460183927 -10564264755106611 0
40 113 19 13 8 0 17 4 0 11 1258 0
20 20 0
20 19 1
20 18 2
20 17 3
20 16 4
20 15 5
20 14 6
20 13 7
20 12 8
20 11 9
20 10 10
19 19 2
19 18 3
19 17 4
19 16 5
19 15 6
19 14 7
0 0 9 9 1 -1 1
0 0 9 8 2 -1 9
0 0 8 6 5 -1 18
0 0 7 6 6 -1 12
272648071920 -6088280060883 282653492073 -7326007326007 583764481100 -4606405403172 -51876199242 -100000000000000 -100000000000000 -100000000000000 -98001577643871
-739677204632585 -10564264755105612 0
40 113 19 12 9 0 18 4 0 11 1384 0
20 20 0
20 19 1
20 18 2
20 17 3
20 16 4
20 15 5
20 14 6
20 13 7
20 12 8
20 11 9
20 10 10
19 19 2
19 18 3
19 17 4
19 16 5
19 15 6
19 14 7
19 13 8
0 0 9 9 1 -1 1
0 0 9 8 2 -1 9
0 0 8 6 5 -1 18
0 0 7 6 6 -1 12
258283726049 -6088280060883 250269986830 -6430868167203 469766093711 -5507384287936 356336647322 -100000000000000 -100000000000000 -100000000000000 -94429395442293
-702983825774426 -10564264755106059 0
40 113 19 11 10 0 19 4 0 11 1258 0
20 20 0
20 19 1
20 18 2
20 17 3
20 16 4
20 15 5
20 14 6
20 13 7
20 12 8
20 11 9
20 10 10
19 19 2
19 18 3
19 17 4
19 16 5
19 15 6
19 14 7
19 13 8
19 12 9
0 0 9 9 1 -1 1
0 0 9 8 2 -1 9
0 0 8 6 5 -1 18
0 0 7 6 6 -1 12
350817108987 1563799317166 -729793833242 -7308050064123 630688728942 -5859020751860 395443800309 -100000000000000 -100000000000000 -99629398612411 -100000000000000
6266334174792 -10564264755106313 0
40 113 18 18 4 0 20 0 2 7 1811 -7879123530825852
20 20 0
20 19 1
20 18 2
20 17 3
20 16 4
20 15 5
20 14 6
20 13 7
20 12 8
20 11 9
20 10 10
19 19 2
19 18 3
19 17 4
19 16 5
19 15 6
19 14 7
19 13 8
19 12 9
19 11 10
0 102
1 103
132088474498 -4489337822671 121637044261 -4489337822671 121637044261 -4553962050097 327972322165
-778688899067599 -10564264755104773 0
40 113 18 17 5 0 21 1 2 8 2197 -7905669552635133
20 20 0
20 19 1
20 18 2
20 17 3
20 16 4
20 15 5
20 14 6
20 13 7
20 12 8
20 11 9
20 10 10
19 19 2
19 18 3
19 17 4
19 16 5
19 15 6
19 14 7
19 13 8
19 12 9
19 11 10
18 18 4
1 2 0 0 0 -1 -1
0 61
1 62
209321565109 -4489337822671 93638907412 -5050505050505 226657408325 -5079414692927 237777803778 0
-739686931099598 -10564264755104425 0
40 113 18 16 6 0 22 0 2 7 2470 -7886057201441067
20 20 0
20 19 1
20 18 2
20 17 3
20 16 4
20 15 5
20 14 6
20 13 7
20 12 8
20 11 9
20 10 10
19 19 2
19 18 3
19 17 4
19 16 5
19 15 6
19 14 7
19 13 8
19 12 9
19 11 10
18 18 4
18 17 5
0 63
1 64
278250312224 -4489337822671 138632515641 -5555555555556 274796172015 -5360742627035 393341209364
-684216582904970 -10564264755104925 0
40 113 18 15 7 0 23 0 1 7 2707 -3961853222600038
20 20 0
20 19 1
20 18 2
20 17 3
20 16 4
20 15 5
20 14 6
20 13 7
20 12 8
20 11 9
20 10 10
19 19 2
19 18 3
19 17 4
19 16 5
19 15 6
19 14 7
19 13 8
19 12 9
19 11 10
18 18 4
18 17 5
18 16 6
0 65
275144443793 -4489337822671 124193360425 -5925925925926 377277027472 -4722169873156 104207844062
-555761050332729 -10564264755105974 0
40 113 18 14 8 0 24 0 1 7 2390 -3998316299976308
20 20 0
20 19 1
20 18 2
20 17 3
20 16 4
20 15 5
20 14 6
20 13 7
20 12 8
20 11 9
20 10 10
19 19 2
19 18 3
19 17 4
19 16 5
19 15 6
19 14 7
19 13 8
19 12 9
19 11 10
18 18 4
18 17 5
18 16 6
18 15 7
0 66
164770702629 -4489337822671 136666226583 -5446864638408 343443153494 -3450910374454 -529268817817
-546545307564787 -10564264755106368 0
40 113 18 13 9 0 25 0 1 7 2153 -3998036745603582
20 20 0
20 19 1
20 18 2
20 17 3
20 16 4
20 15 5
20 14 6
20 13 7
20 12 8
20 11 9
20 10 10
19 19 2
19 18 3
19 17 4
19 16 5
19 15 6
19 14 7
19 13 8
19 12 9
19 11 10
18 18 4
18 17 5
18 16 6
18 15 7
18 14 8
0 67
172159589278 -4489337822671 138274918760 -4718003513285 194858621271 -4535459535731 291923741873
-497320044199608 -10620497524717363 0
40 113 18 12 10 0 26 0 1 7 2039 -3993980026144160
20 20 0
20 19 1
20 18 2
20 17 3
20 16 4
20 15 5
20 14 6
20 13 7
20 12 8
20 11 9
20 10 10
19 19 2
19 18 3
19 17 4
19 16 5
19 15 6
19 14 7
19 13 8
19 12 9
19 11 10
18 18 4
18 17 5
18 16 6
18 15 7
18 14 8
18 13 9
0 68
252747904123 -3789908951407 91837943067 -7968127490040 807728527171 -3441916119057 -315721632624
-462843136201279 -10564264755105485 0
40 113 18 11 11 0 27 0 1 7 1514 -3998120221478033
20 20 0
20 19 1
20 18 2
20 17 3
20 16 4
20 15 5
20 14 6
20 13 7
20 12 8
20 11 9
20 10 10
19 19 2
19 18 3
19 17 4
19 16 5
19 15 6
19 14 7
19 13 8
19 12 9
19 11 10
18 18 4
18 17 5
18 16 6
18 15 7
18 14 8
18 13 9
18 12 10
0 69
231507770511 -4489337822671 172816991675 -5075116003563 256373723874 -10106804839828 1350219123062
-609850547432036 -10564264755104518 0
40 113 17 17 6 0 28 2 2 9 1041 -7981755344520882
20 20 0
20 19 1
20 18 2
20 17 3
20 16 4
20 15 5
20 14 6
20 13 7
20 12 8
20 11 9
20 10 10
19 19 2
19 18 3
19 17 4
19 16 5
19 15 6
19 14 7
19 13 8
19 12 9
19 11 10
18 18 4
18 17 5
18 16 6
18 15 7
18 14 8
18 13 9
18 12 10
18 11 11
0 2 0 0 0 -1 -1
1 2 0 0 0 -1 -1
0 70
1 71
154287764923 297329313380 -653594771242 -3950583678290 76542659323 -4232665460645 532064553165 14878941831360 514293269623
-314446580858846 -10564264755106772 0
40 113 17 16 7 0 29 1 2 8 1043 -7997465637415220
20 20 0
20 19 1
20 18 2
20 17 3
20 16 4
20 15 5
20 14 6
20 13 7
20 12 8
20 11 9
20 10 10
19 19 2
19 18 3
19 17 4
19 16 5
19 15 6
19 14 7
19 13 8
19 12 9
19 11 10
18 18 4
18 17 5
18 16 6
18 15 7
18 14 8
18 13 9
18 12 10
18 11 11
17 17 6
0 2 0 0 0 -1 -1
0 72
1 73
262801639634 -3311121479427 -86696774789 -5555555555556 361283790103 -12232415902141 2912982802177 0
-647124195973970 -10564264755106765 0
40 113 17 15 8 0 30 1 1 8 1024 -3996698086230044
20 20 0
20 19 1
20 18 2
20 17 3
20 16 4
20 15 5
20 14 6
20 13 7
20 12 8
20 11 9
20 10 10
19 19 2
19 18 3
19 17 4
19 16 5
19 15 6
19 14 7
19 13 8
19 12 9
19 11 10
18 18 4
18 17 5
18 16 6
18 15 7
18 14 8
18 13 9
18 12 10
18 11 11
17 17 6
17 16 7
0 2 0 0 0 -1 -1
0 74
220073107314 -4939396289011 277405486799 381275954763 -976800976801 -4342171332846 297786128035 0
-254174013419319 -10564264755106635 0
40 113 17 14 9 0 31 1 1 8 735 -3990767759953446
20 20 0
20 19 1
20 18 2
20 17 3
20 16 4
20 15 5
20 14 6
20 13 7
20 12 8
20 11 9
20 10 10
19 19 2
19 18 3
19 17 4
19 16 5
19 15 6
19 14 7
19 13 8
19 12 9
19 11 10
18 18 4
18 17 5
18 16 6
18 15 7
18 14 8
18 13 9
18 12 10
18 11 11
17 17 6
17 16 7
17 15 8
0 2 0 0 0 -1 -1
0 75
369619320955 550213194928 -859708962847 -5500658821981 415061121700 -5332760717298 410060860826 0
-87213355914579 -10564264755106726 0
40 113 17 13 10 0 32 1 1 8 564 -3994601013207215
20 20 0
20 19 1
20 18 2
20 17 3
20 16 4
20 15 5
20 14 6
20 13 7
20 12 8
20 11 9
20 10 10
19 19 2
19 18 3
19 17 4
19 16 5
19 15 6
19 14 7
19 13 8
19 12 9
19 11 10
18 18 4
18 17 5
18 16 6
18 15 7
18 14 8
18 13 9
18 12 10
18 11 11
17 17 6
17 16 7
17 15 8
17 14 9
0 2 0 0 0 -1 -1
0 76
258736788987 -3598366292497 2690304291 -4814670861152 348693508902 227806418837 -1784844568864 11110834658184
-254634172566379 -10564264755105091 0
40 113 17 12 11 0 33 1 1 8 489 -3990162289238306
20 20 0
20 19 1
20 18 2
20 17 3
20 16 4
20 15 5
20 14 6
20 13 7
20 12 8
20 11 9
20 10 10
19 19 2
19 18 3
19 17 4
19 16 5
19 15 6
19 14 7
19 13 8
19 12 9
19 11 10
18 18 4
18 17 5
18 16 6
18 15 7
18 14 8
18 13 9
18 12 10
18 11 11
17 17 6
17 16 7
17 15 8
17 14 9
17 13 10
0 2 0 0 0 -1 -1
0 77
957871759650 -420367013864 -635615156517 -10471204188482 1263804166743 -14035087719298 1906726876842 33952801396079
-130137635438448 -10564264755106605 0
40 113 16 16 8 0 34 0 2 7 277 -8000000000000000
20 20 0
20 19 1
20 18 2
20 17 3
20 16 4
20 15 5
20 14 6
20 13 7
20 12 8
20 11 9
20 10 10
19 19 2
19 18 3
19 17 4
19 16 5
19 15 6
19 14 7
19 13 8
19 12 9
19 11 10
18 18 4
18 17 5
18 16 6
18 15 7
18 14 8
18 13 9
18 12 10
18 11 11
17 17 6
17 16 7
17 15 8
17 14 9
17 13 10
17 12 11
0 78
1 79
625912921688 -10000000000000 980071067328 -10000000000000 980071067328 6475657317358 -5239642709739
-837920426508280 -10564264755106544 0
40 113 16 15 9 0 35 0 1 7 288 -4000000000000000
20 20 0
20 19 1
20 18 2
20 17 3
20 16 4
20 15 5
20 14 6
20 13 7
20 12 8
20 11 9
20 10 10
19 19 2
19 18 3
19 17 4
19 16 5
19 15 6
19 14 7
19 13 8
19 12 9
19 11 10
18 18 4
18 17 5
18 16 6
18 15 7
18 14 8
18 13 9
18 12 10
18 11 11
17 17 6
17 16 7
17 15 8
17 14 9
17 13 10
17 12 11
16 16 8
0 80
-601152471556 -10000000000000 1284632303790 10488416942871 -1873536299766 4778940051361 -1481055441370
-268513302915816 -10564264755106197 0
40 113 16 14 10 0 36 0 1 7 157 -4000000000000000
20 20 0
20 19 1
20 18 2
20 17 3
20 16 4
20 15 5
20 14 6
20 13 7
20 12 8
20 11 9
20 10 10
19 19 2
19 18 3
19 17 4
19 16 5
19 15 6
19 14 7
19 13 8
19 12 9
19 11 10
18 18 4
18 17 5
18 16 6
18 15 7
18 14 8
18 13 9
18 12 10
18 11 11
17 17 6
17 16 7
17 15 8
17 14 9
17 13 10
17 12 11
16 16 8
16 15 9
0 81
4166666666667 -25000000000000 3226015503706 -11720004879932 1418247574947 -18604651162791 -2787342342567
332472692296973 -10564264755106668 0
40 113 16 13 11 0 37 0 1 7 94 -4000000000000000
20 20 0
20 19 1
20 18 2
20 17 3
20 16 4
20 15 5
20 14 6
20 13 7
20 12 8
20 11 9
20 10 10
19 19 2
19 18 3
19 17 4
19 16 5
19 15 6
19 14 7
19 13 8
19 12 9
19 11 10
18 18 4
18 17 5
18 16 6
18 15 7
18 14 8
18 13 9
18 12 10
18 11 11
17 17 6
17 16 7
17 15 8
17 14 9
17 13 10
17 12 11
16 16 8
16 15 9
16 14 10
0 82
4098360655738 -25000000000000 4166666666667 -29850746268657 6134202949609 -4302067113306 -7619047619048
89831026528239 -10564264755107334 0
40 113 16 12 12 0 38 0 1 7 68 -4000000000000000
20 20 0
20 19 1
20 18 2
20 17 3
20 16 4
20 15 5
20 14 6
20 13 7
20 12 8
20 11 9
20 10 10
19 19 2
19 18 3
19 17 4
19 16 5
19 15 6
19 14 7
19 13 8
19 12 9
19 11 10
18 18 4
18 17 5
18 16 6
18 15 7
18 14 8
18 13 9
18 12 10
18 11 11
17 17 6
17 16 7
17 15 8
17 14 9
17 13 10
17 12 11
16 16 8
16 15 9
16 14 10
16 13 11
0 83
3968253968254 -25000000000000 521427251997 -28985507246377 6896551724138 -28985507246377 6896551724138
-725971424701312 -10564264755107373 0
40 113 15 15 10 0 39 0 0 7 63 0
20 20 0
20 19 1
20 18 2
20 17 3
20 16 4
20 15 5
20 14 6
20 13 7
20 12 8
20 11 9
20 10 10
19 19 2
19 18 3
19 17 4
19 16 5
19 15 6
19 14 7
19 13 8
19 12 9
19 11 10
18 18 4
18 17 5
18 16 6
18 15 7
18 14 8
18 13 9
18 12 10
18 11 11
17 17 6
17 16 7
17 15 8
17 14 9
17 13 10
17 12 11
16 16 8
16 15 9
16 14 10
16 13 11
16 12 12
5063291139241 24242424242424 4419889502762 24242424242424 4419889502762 -18604651162791 -3703703703704
7875266584127552 -19955207944898671 0
40 113 15 14 11 0 40 0 0 7 31 0
20 20 0
20 19 1
20 18 2
20 17 3
20 16 4
20 15 5
20 14 6
20 13 7
20 12 8
20 11 9
20 10 10
19 19 2
19 18 3
19 17 4
19 16 5
19 15 6
19 14 7
19 13 8
19 12 9
19 11 10
18 18 4
18 17 5
18 16 6
18 15 7
18 14 8
18 13 9
18 12 10
18 11 11
17 17 6
17 16 7
17 15 8
17 14 9
17 13 10
17 12 11
16 16 8
16 15 9
16 14 10
16 13 11
16 12 12
15 15 10
4938271604938 24242424242424 4419889502762 27972027972028 5524861878453 34782608695652 9195402298851
10478989128493513 -32001028491275187 0
40 113 15 13 12 0 41 0 0 7 12 0
20 20 0
20 19 1
20 18 2
20 17 3
20 16 4
20 15 5
20 14 6
20 13 7
20 12 8
20 11 9
20 10 10
19 19 2
19 18 3
19 17 4
19 16 5
19 15 6
19 14 7
19 13 8
19 12 9
19 11 10
18 18 4
18 17 5
18 16 6
18 15 7
18 14 8
18 13 9
18 12 10
18 11 11
17 17 6
17 16 7
17 15 8
17 14 9
17 13 10
17 12 11
16 16 8
16 15 9
16 14 10
16 13 11
16 12 12
15 15 10
15 14 11
4878048780488 24242424242424 4419889502762 29850746268657 6389776357827 28985507246377 6896551724138
10379681873115861 -35449824455387063 0
40 113 14 14 12 0 42 0 0 7 1 0
20 20 0
20 19 1
20 18 2
20 17 3
20 16 4
20 15 5
20 14 6
20 13 7
20 12 8
20 11 9
20 10 10
19 19 2
19 18 3
19 17 4
19 16 5
19 15 6
19 14 7
19 13 8
19 12 9
19 11 10
18 18 4
18 17 5
18 16 6
18 15 7
18 14 8
18 13 9
18 12 10
18 11 11
17 17 6
17 16 7
17 15 8
17 14 9
17 13 10
17 12 11
16 16 8
16 15 9
16 14 10
16 13 11
16 12 12
15 15 10
15 14 11
15 13 12
5102040816327 27972027972028 5524861878453 27972027972028 5524861878453 28985507246377 6896551724138
10873774873131980 -40089963319164590 0
40 113 14 13 13 1 43 0 0 0 0 0
20 20 0
20 19 1
20 18 2
20 17 3
20 16 4
20 15 5
20 14 6
20 13 7
20 12 8
20 11 9
20 10 10
19 19 2
19 18 3
19 17 4
19 16 5
19 15 6
19 14 7
19 13 8
19 12 9
19 11 10
18 18 4
18 17 5
18 16 6
18 15 7
18 14 8
18 13 9
18 12 10
18 11 11
17 17 6
17 16 7
17 15 8
17 14 9
17 13 10
17 12 11
16 16 8
16 15 9
16 14 10
16 13 11
16 12 12
15 15 10
15 14 11
15 13 12
14 14 12

0 0 0
275 -1 106 106 63 0 18 12 2 19 2460769 -70079560847689286
112 112 29
112 111 35
112 110 45
111 111 45
112 109 51
111 110 51
111 108 56
110 109 56
109 109 57
112 105 58
111 106 58
112 104 59
111 105 59
112 103 60
111 104 60
112 102 61
111 103 61
111 102 62
0 1 0 0 0 105 -3591640984
0 1 0 0 0 106 -33592598595
0 1 0 0 0 107 -383098965937752
0 1 0 0 0 108 9050179505963232
0 1 0 0 0 109 905017950596
0 1 0 0 0 110 961503442264
1 1 0 0 0 105 -3591640984
1 1 0 0 0 106 -33592598595
1 1 0 0 0 107 -383098965937752
1 1 0 0 0 108 9050179505963232
1 1 0 0 0 109 905017950596
1 1 0 0 0 110 961503442264
0 114
1 114
15379534327 -581070510672 14245014245 -581070510672 14245014245 -260560204440 5791429257 0 0 0 0 0 0 0 0 0 0 0 0
43471588119828 15823509458918317 148616699075
