41-cap 5-flat: {18,7,16} cases
------------------------------

The cases for {18,7,16} (from Dim5_41_3FlatPtCounts):

	9,0,9;2,2,3;9,2,5
	9,0,9;2,1,4;9,4,3
	9,0,9;2,1,4;9,3,4
	9,0,9;2,2,3;9,3,4
	9,0,9;2,2,3;8,3,5
	9,0,9;2,1,4;8,4,4
	9,0,9;2,2,3;8,4,4
	9,0,9;5,4,7;4,2,1
	9,0,9;7,4,5;2,2,3
	9,0,9;6,6,4;3,3,1
	9,0,9;6,4,6;3,2,2
	9,0,9;6,6,4;3,2,2
	9,0,9;6,4,6;3,3,1
	9,0,9;5,5,6;4,1,2
	9,0,9;5,5,6;4,2,1
	9,0,9;6,5,5;3,1,3
	9,0,9;2,2,3;6,5,5
	9,0,9;6,5,5;3,2,2
	9,0,9;6,5,5;3,3,1
	9,1,8;2,2,3;9,1,6
	9,1,8;1,2,4;9,2,5
	9,1,8;2,1,4;9,2,5
	9,1,8;2,2,3;9,2,5
(sa)	8,1,9;2,0,5;9,4,3
	9,1,8;1,1,5;9,3,4
	9,1,8;2,0,5;9,3,4
	9,1,8;1,2,4;9,3,4
	9,1,8;2,1,4;9,3,4
	9,1,8;2,2,3;9,3,4
	9,1,8;2,0,5;9,4,3
	9,1,8;1,2,4;9,4,3
	9,1,8;2,1,4;9,4,3
	9,1,8;2,2,3;9,4,3
	9,1,8;2,2,3;9,5,2
	9,1,8;2,6,8;6,0,1
	9,1,8;2,5,0;6,8,2
	9,1,8;2,2,3;8,2,6
	9,1,8;6,0,1;3,5,8
	9,1,8;3,5,8;5,0,2
	9,1,8;1,2,4;8,3,5
	9,1,8;2,1,4;8,3,5
	9,1,8;2,2,3;8,3,5
	9,1,8;1,1,5;8,4,4
	9,1,8;2,0,5;8,4,4
	9,1,8;1,2,4;8,4,4
	9,1,8;2,1,4;8,4,4
	9,1,8;2,2,3;8,4,4
	9,1,8;2,1,4;8,5,3
	9,1,8;2,2,3;8,5,3
	9,1,8;6,0,1;3,6,7
	9,1,8;6,1,0;3,6,7
	9,1,8;2,5,0;6,7,3
	9,1,8;1,1,5;7,3,6
	9,1,8;6,7,3;3,4,0
	9,1,8;1,2,4;7,3,6
	9,1,8;6,7,3;3,3,1
	9,1,8;7,3,6;2,2,3
	9,1,8;7,3,6;2,3,2
	9,1,8;5,0,2;4,5,7
	9,1,8;5,1,1;4,5,7
	9,1,8;3,4,0;5,7,4
	9,1,8;1,2,4;7,4,5
	9,1,8;7,4,5;2,1,4
	9,1,8;1,3,3;7,4,5
	9,1,8;7,4,5;2,2,3
	9,1,8;7,4,5;2,3,2
	9,1,8;5,4,7;4,1,2
	9,1,8;7,5,4;2,1,4
	9,1,8;1,3,3;7,5,4
	9,1,8;7,5,4;2,2,3
	9,1,8;7,5,4;2,3,2
	9,1,8;7,6,3;2,2,3
	9,1,8;7,6,3;2,3,2
	9,1,8;5,0,2;4,6,6
	9,1,8;5,1,1;4,6,6
	9,1,8;5,2,0;4,6,6
	9,1,8;6,6,4;3,4,0
	9,1,8;2,4,1;6,6,4
	9,1,8;2,1,4;6,4,6
	9,1,8;6,6,4;3,3,1
	9,1,8;2,2,3;6,4,6
	9,1,8;6,4,6;3,1,3
	9,1,8;6,6,4;3,2,2
	9,1,8;6,4,6;3,2,2
	9,1,8;6,4,6;3,3,1
	9,1,8;5,5,6;4,0,3
	9,1,8;5,5,6;4,1,2
	9,1,8;5,5,6;4,2,1
	9,1,8;6,5,5;3,0,4
	9,1,8;5,6,5;4,3,0
	9,1,8;3,1,3;5,5,6
	9,1,8;2,2,3;6,5,5
	9,1,8;6,5,5;3,1,3
	9,1,8;5,6,5;4,2,1
	9,1,8;2,3,2;6,5,5
	9,1,8;6,5,5;3,2,2
	9,1,8;5,6,5;4,1,2
	9,1,8;6,5,5;3,3,1
	9,1,8;6,5,5;3,4,0
	9,1,8;6,6,4;3,1,3
	9,1,8;2,3,2;6,6,4
	8,2,8;6,1,0;6,1,9
	8,2,8;5,2,0;6,1,9
	8,2,8;2,2,3;9,6,1
	8,2,8;5,2,9;6,1,0
	8,2,8;2,0,5;9,5,2
	8,2,8;2,1,4;9,5,2
	8,2,8;1,2,4;9,5,2
	8,2,8;2,2,3;9,5,2
	8,2,8;4,3,9;6,1,0
	8,2,8;2,0,5;9,4,3
	8,2,8;1,1,5;9,4,3
	8,2,8;4,3,9;5,0,2
	8,2,8;2,1,4;9,4,3
	8,2,8;1,2,4;9,4,3
	8,2,8;2,2,3;9,4,3
	8,2,8;3,4,9;6,0,1
	8,2,8;2,0,5;9,3,4
	8,2,8;1,1,5;9,3,4
(sa)	8,2,8;2,0,5;9,4,3
	8,2,8;2,1,4;9,3,4
	8,2,8;1,2,4;9,3,4
	8,2,8;2,2,3;9,3,4
(sc)	8,2,8;2,5,9;6,0,1
(sa)	8,2,8;2,0,5;9,5,2
	8,2,8;2,1,4;9,2,5
	8,2,8;1,2,4;9,2,5
	8,2,8;2,2,3;9,2,5
(cu)	8,2,8;6,1,0;6,1,9
(cu)	8,2,8;5,2,0;6,1,9
	8,2,8;2,2,3;9,1,6
	8,2,8;6,1,0;6,2,8
	8,2,8;6,0,1;6,2,8
	8,2,8;5,2,0;6,2,8
	8,2,8;5,1,1;6,2,8
	8,2,8;4,2,1;6,2,8
	8,2,8;2,2,3;8,6,2
	8,2,8;5,3,8;6,1,0
	8,2,8;5,3,8;6,0,1
	8,2,8;5,2,0;5,3,8
	8,2,8;5,1,1;5,3,8
	8,2,8;2,1,4;8,5,3
	8,2,8;4,1,2;5,3,8
	8,2,8;2,2,3;8,5,3
	8,2,8;4,4,8;6,1,0
	8,2,8;4,4,8;6,0,1
	8,2,8;2,0,5;8,4,4
	8,2,8;4,4,8;5,1,1
	8,2,8;4,4,8;5,0,2
	8,2,8;2,1,4;8,4,4
	8,2,8;1,2,4;8,4,4
	8,2,8;2,2,3;8,4,4
	8,2,8;3,5,8;6,1,0
	8,2,8;3,5,8;6,0,1
	8,2,8;1,1,5;8,3,5
	8,2,8;3,5,8;5,0,2
	8,2,8;2,1,4;8,3,5
	8,2,8;1,2,4;8,3,5
	8,2,8;2,2,3;8,3,5
	8,2,8;1,0,6;8,2,6
	8,2,8;2,6,8;6,0,1
	8,2,8;1,1,5;8,2,6
(cu)	8,2,8;5,2,0;6,2,8
	8,2,8;1,2,4;8,2,6
	8,2,8;2,2,3;8,2,6
	8,2,8;3,3,1;7,2,7
	8,2,8;3,2,2;7,2,7
	8,2,8;3,2,2;7,7,2
	8,2,8;2,2,3;7,2,7
	8,2,8;3,3,1;7,7,2
	8,2,8;6,1,0;6,3,7
	8,2,8;6,0,1;6,3,7
	8,2,8;5,2,0;6,3,7
	8,2,8;5,1,1;6,3,7
	8,2,8;5,0,2;6,3,7
	8,2,8;4,3,0;6,3,7
	8,2,8;4,2,1;6,3,7
	8,2,8;4,1,2;6,3,7
	8,2,8;3,1,3;7,6,3
	8,2,8;3,2,2;6,3,7
	8,2,8;3,1,3;6,3,7
	8,2,8;3,2,2;7,6,3
	8,2,8;2,3,2;7,6,3
	8,2,8;3,3,1;7,6,3
	8,2,8;5,4,7;6,1,0
	8,2,8;5,4,7;6,0,1
	8,2,8;5,2,0;5,4,7
	8,2,8;5,1,1;5,4,7
	8,2,8;5,0,2;5,4,7
	8,2,8;3,0,4;7,5,4
	8,2,8;4,2,1;5,4,7
	8,2,8;4,1,2;5,4,7
	8,2,8;4,0,3;5,4,7
	8,2,8;3,1,3;7,5,4
	8,2,8;2,2,3;7,5,4
	8,2,8;3,1,3;5,4,7
	8,2,8;3,2,2;7,5,4
	8,2,8;2,3,2;7,5,4
	8,2,8;3,3,1;7,5,4
	8,2,8;4,5,7;6,1,0
	8,2,8;4,5,7;6,0,1
	8,2,8;4,5,7;5,2,0
	8,2,8;4,5,7;5,1,1
	8,2,8;4,5,7;5,0,2
	8,2,8;3,0,4;7,4,5
	8,2,8;2,1,4;7,4,5
(sc)	8,2,8;1,2,4;7,4,5
(sc)	8,2,8;3,4,0;5,7,4
	8,2,8;3,1,3;7,4,5
	8,2,8;2,2,3;7,4,5
	8,2,8;1,3,3;7,4,5
	8,2,8;3,2,2;7,4,5
	8,2,8;2,3,2;7,4,5
	8,2,8;3,3,1;7,4,5
	8,2,8;3,6,7;6,1,0
	8,2,8;3,6,7;6,0,1
	8,2,8;2,0,5;7,3,6
	8,2,8;3,6,7;5,1,1
	8,2,8;3,6,7;5,0,2
	8,2,8;2,1,4;7,3,6
	8,2,8;1,2,4;7,3,6
	8,2,8;3,4,0;6,7,3
	8,2,8;3,1,3;7,3,6
	8,2,8;2,2,3;7,3,6
	8,2,8;3,3,1;6,7,3
	8,2,8;3,2,2;7,3,6
	8,2,8;2,3,2;7,3,6
	8,2,8;3,3,1;7,3,6
	8,2,8;6,1,0;6,4,6
	8,2,8;6,0,1;6,4,6
	8,2,8;5,2,0;6,4,6
	8,2,8;5,1,1;6,4,6
	8,2,8;5,0,2;6,4,6
	8,2,8;4,3,0;6,4,6
	8,2,8;4,2,1;6,4,6
	8,2,8;4,1,2;6,4,6
	8,2,8;4,0,3;6,4,6
	8,2,8;4,0,3;6,6,4
	8,2,8;3,3,1;6,4,6
	8,2,8;3,2,2;6,4,6
	8,2,8;3,1,3;6,4,6
	8,2,8;3,0,4;6,4,6
	8,2,8;5,0,2;6,6,4
	8,2,8;4,1,2;6,6,4
	8,2,8;3,2,2;6,6,4
	8,2,8;2,2,3;6,4,6
	8,2,8;2,1,4;6,4,6
	8,2,8;4,6,6;5,2,0
	8,2,8;6,0,1;6,6,4
	8,2,8;5,1,1;6,6,4
	8,2,8;4,2,1;6,6,4
	8,2,8;3,3,1;6,6,4
	8,2,8;2,4,1;6,6,4
	8,2,8;4,6,6;5,1,1
	8,2,8;4,6,6;6,1,0
	8,2,8;6,1,0;6,6,4
	8,2,8;5,2,0;6,6,4
	8,2,8;4,3,0;6,6,4
	8,2,8;3,4,0;6,6,4
	8,2,8;4,6,6;5,0,2
	8,2,8;4,6,6;6,0,1
	8,2,8;5,5,6;6,1,0
	8,2,8;5,5,6;6,0,1
	8,2,8;5,2,0;5,5,6
	8,2,8;5,1,1;5,5,6
	8,2,8;5,0,2;5,5,6
	8,2,8;4,3,0;5,5,6
	8,2,8;4,2,1;5,5,6
	8,2,8;4,1,2;5,5,6
	8,2,8;4,0,3;5,5,6
	8,2,8;4,0,3;6,5,5
	8,2,8;3,1,3;6,5,5
	8,2,8;3,2,2;5,5,6
	8,2,8;3,1,3;5,5,6
	8,2,8;4,3,0;5,6,5
	8,2,8;5,0,2;6,5,5
	8,2,8;4,1,2;6,5,5
	8,2,8;3,2,2;6,5,5
	8,2,8;2,3,2;6,5,5
	8,2,8;4,2,1;5,6,5
	8,2,8;5,2,0;5,6,5
	8,2,8;6,0,1;6,5,5
	8,2,8;5,1,1;6,5,5
	8,2,8;4,2,1;6,5,5
	8,2,8;3,3,1;6,5,5
	8,2,8;4,1,2;5,6,5
	8,2,8;5,1,1;5,6,5
	8,2,8;5,6,5;6,1,0
	8,2,8;6,1,0;6,5,5
	8,2,8;5,2,0;6,5,5
	8,2,8;4,3,0;6,5,5
	8,2,8;3,4,0;6,5,5
	8,2,8;5,0,2;5,6,5
	8,2,8;5,6,5;6,0,1
(sc)	8,2,8;2,1,4;6,4,6: duplicate of previous entry with "(sc)" omitted.
(sc)	8,2,8;2,4,1;6,6,4: duplicate of previous entry with "(sc)" omitted.
(end)

Results:

SetDim5Cap43_9General_ExclPtCounts:

3-flat point count: 9,0,9;2,2,3;9,2,5
Excluded point counts: 1,1,1
Cap configurations: 0

3-flat point count: 9,0,9;2,1,4;9,4,3
Excluded point counts: 1,1,1
Cap configurations: 0

3-flat point count: 9,0,9;2,1,4;9,3,4
Excluded point counts: 1,1,1
Cap configurations: 0

3-flat point count: 9,0,9;2,2,3;9,3,4
Excluded point counts: 1,1,1
Cap configurations: 0

3-flat point count: 9,0,9;2,2,3;8,3,5
Excluded point counts: 1,1,1
Cap configurations: 0

3-flat point count: 9,0,9;2,1,4;8,4,4
Excluded point counts: 1,1,1
Cap configurations: 0

3-flat point count: 9,0,9;2,2,3;8,4,4
Excluded point counts: 1,1,1
Cap configurations: 0

3-flat point count: 9,0,9;5,4,7;4,2,1
Excluded point counts: 1,1,1
Cap configurations: 0

3-flat point count: 9,0,9;7,4,5;2,2,3
Excluded point counts: 1,1,1
Cap configurations: 0

3-flat point count: 9,0,9;6,6,4;3,3,1
Excluded point counts: 1,1,1
Cap configurations: 0

3-flat point count: 9,0,9;6,4,6;3,2,2
Excluded point counts: 1,1,1
Cap configurations: 0

3-flat point count: 9,0,9;6,6,4;3,2,2
Excluded point counts: 1,1,1
Cap configurations: 0

3-flat point count: 9,0,9;6,4,6;3,3,1
Excluded point counts: 1,1,1
Cap configurations: 0

3-flat point count: 9,0,9;5,5,6;4,1,2
Excluded point counts: 1,1,1
Cap configurations: 0

3-flat point count: 9,0,9;5,5,6;4,2,1
Excluded point counts: 1,1,1
Cap configurations: 0

3-flat point count: 9,0,9;6,5,5;3,1,3
Excluded point counts: 1,1,1
Cap configurations: 0

3-flat point count: 9,0,9;2,2,3;6,5,5
Excluded point counts: 1,1,1
Cap configurations: 0

3-flat point count: 9,0,9;6,5,5;3,2,2
Excluded point counts: 1,1,1
Cap configurations: 0

3-flat point count: 9,0,9;6,5,5;3,3,1
Excluded point counts: 1,1,1
Cap configurations: 0

3-flat point count: 9,1,8;2,2,3;9,1,6
Excluded point counts: 1,1,1
Cap configurations: 0

3-flat point count: 9,1,8;1,2,4;9,2,5
Excluded point counts: 1,1,1
Cap configurations: 0

3-flat point count: 9,1,8;2,1,4;9,2,5
Excluded point counts: 1,1,1
Cap configurations: 0

3-flat point count: 9,1,8;2,2,3;9,2,5
Excluded point counts: 1,1,1
Cap configurations: 0

3-flat point count: 9,1,8;1,1,5;9,3,4
Excluded point counts: 1,1,1
Cap configurations: 0

3-flat point count: 9,1,8;2,0,5;9,3,4
Excluded point counts: 1,1,1
Cap configurations: 0

3-flat point count: 9,1,8;1,2,4;9,3,4
Excluded point counts: 1,1,1
Cap configurations: 0

9,1,8;2,1,4;9,3,4: has a {20,5,16} 4-flat direction; already covered by {20,5,16} cases.

3-flat point count: 9,1,8;2,2,3;9,3,4
Excluded point counts: 1,1,1
Cap configurations: 0

3-flat point count: 9,1,8;2,0,5;9,4,3
Excluded point counts: 1,1,1
Cap configurations: 0

3-flat point count: 9,1,8;1,2,4;9,4,3
Excluded point counts: 1,1,1
Cap configurations: 0

3-flat point count: 9,1,8;2,1,4;9,4,3
Excluded point counts: 5,18,18
Cap configurations: 0

3-flat point count: 9,1,8;2,2,3;9,4,3
Excluded point counts: 1,1,1
Cap configurations: 0

3-flat point count: 9,1,8;2,2,3;9,5,2
Excluded point counts: 1,1,1
Cap configurations: 0

3-flat point count: 9,1,8;2,6,8;6,0,1
Excluded point counts: 1,1,1
Cap configurations: 0

3-flat point count: 9,1,8;2,5,0;6,8,2
Excluded point counts: 1,1,1
Cap configurations: 0

3-flat point count: 9,1,8;2,2,3;8,2,6
Excluded point counts: 1,1,1
Cap configurations: 0

3-flat point count: 9,1,8;6,0,1;3,5,8
Excluded point counts: 1,1,1
Cap configurations: 0

3-flat point count: 9,1,8;3,5,8;5,0,2
Excluded point counts: 1,1,1
Cap configurations: 0

9,1,8;1,2,4;8,3,5 == 9,1,8;1,2,3;8,4,5: already covered by an {18,6,17} case.

3-flat point count: 9,1,8;2,1,4;8,3,5
Excluded point counts: 1,1,1
Cap configurations: 0

3-flat point count: 9,1,8;2,2,3;8,3,5
Excluded point counts: 1,1,1
Cap configurations: 0

9,1,8;1,1,5;8,4,4: has an {18,6,17} 4-flat direction; already covered by {18,6,17} cases.

9,1,8;2,0,5;8,4,4: has a {19,5,17} 4-flat direction; already covered by {19,5,17} cases.

9,1,8;1,2,4;8,4,4: has an {18,6,17} 4-flat direction; already covered by {18,6,17} cases.

9,1,8;2,1,4;8,4,4: has a {19,6,16} 4-flat direction; already covered by {19,6,16} cases.

3-flat point count: 9,1,8;2,2,3;8,4,4
Excluded point counts: 1,1,1
Cap configurations: 0

9,1,8;2,1,4;8,5,3: has an {18,6,17} 4-flat direction; already covered by {18,6,17} cases.

9,1,8;2,2,3;8,5,3: has an {18,6,17} 4-flat direction; already covered by {18,6,17} cases.

9,1,8;6,0,1;3,6,7: impossible (963/866 clash)

9,1,8;6,1,0;3,6,7: impossible (963/866 clash)

3-flat point count: 9,1,8;2,5,0;6,7,3
Excluded point counts: 1,1,1
Cap configurations: 0

9,1,8;1,1,5;7,3,6: has a {19,5,17} 4-flat direction; already covered by {19,5,17} cases.

3-flat point count: 9,1,8;6,7,3;3,4,0
Excluded point counts: 1,1,1
Cap configurations: 0

9,1,8;1,2,4;7,3,6: has an {18,6,17} 4-flat direction; already covered by {18,6,17} cases.

3-flat point count: 9,1,8;6,7,3;3,3,1
Excluded point counts: 1,1,1
Cap configurations: 0

9,1,8;7,3,6;2,2,3: has an {18,6,17} 4-flat direction; already covered by {18,6,17} cases.

3-flat point count: 9,1,8;7,3,6;2,3,2
Excluded point counts: 1,1,1
Cap configurations: 0

9,1,8;5,0,2;4,5,7: has an {18,6,17} 4-flat direction; already covered by {18,6,17} cases.

3-flat point count: 9,1,8;5,1,1;4,5,7
Excluded point counts: 1,1,1
Cap configurations: 0

9,1,8;3,4,0;5,7,4: has an {18,6,17} 4-flat direction; already covered by {18,6,17} cases.

9,1,8;1,2,4;7,4,5: long unfinished run; replaced with 8,2,7;4,4,9;5,1,1:
-- SetDim5Cap43_8sc_ExclPtCounts:
3-flat point count: 8,2,7;4,4,9;5,1,1
Excluded point counts: 1,1,1
Cap configurations: 0
-- SetDim5Cap43_8cu_ExclPtCounts:
3-flat point count: 8,2,7;4,4,9;5,1,1
Excluded point counts: 1,1,1
Cap configurations: 0
-- SetDim5Cap43_8sa_ExclPtCounts:
3-flat point count: 8,2,7;4,4,9;5,1,1
Excluded point counts: 1,1,1
Cap configurations: 0

9,1,8;7,4,5;2,1,4: has an {18,6,17} 4-flat direction; already covered by {18,6,17} cases.

3-flat point count: 9,1,8;1,3,3;7,4,5
Excluded point counts: 1,1,1
Cap configurations: 0

3-flat point count: 9,1,8;7,4,5;2,2,3
Excluded point counts: 6,17,18
Cap configurations: 0

3-flat point count: 9,1,8;7,4,5;2,3,2
Excluded point counts: 1,1,1
Cap configurations: 0

9,1,8;5,4,7;4,1,2: has an {18,6,17} 4-flat direction; already covered by {18,6,17} cases.

3-flat point count: 9,1,8;7,5,4;2,1,4
Excluded point counts: 1,1,1
Cap configurations: 0

3-flat point count: 9,1,8;1,3,3;7,5,4
Excluded point counts: 1,1,1
Cap configurations: 0

3-flat point count: 9,1,8;7,5,4;2,2,3
Excluded point counts: 1,1,1
Cap configurations: 0

3-flat point count: 9,1,8;7,5,4;2,3,2
Excluded point counts: 1,1,1
Cap configurations: 0

3-flat point count: 9,1,8;7,6,3;2,2,3
Excluded point counts: 1,1,1
Cap configurations: 0

3-flat point count: 9,1,8;7,6,3;2,3,2
Excluded point counts: 1,1,1
Cap configurations: 0

3-flat point count: 9,1,8;5,0,2;4,6,6
Excluded point counts: 1,1,1
Cap configurations: 0

3-flat point count: 9,1,8;5,1,1;4,6,6
Excluded point counts: 1,1,1
Cap configurations: 0

3-flat point count: 9,1,8;5,2,0;4,6,6
Excluded point counts: 1,1,1
Cap configurations: 0

3-flat point count: 9,1,8;6,6,4;3,4,0
Excluded point counts: 1,1,1
Cap configurations: 0

3-flat point count: 9,1,8;2,4,1;6,6,4
Excluded point counts: 1,1,1
Cap configurations: 0

3-flat point count: 9,1,8;2,1,4;6,4,6
Excluded point counts: 1,1,1
Cap configurations: 0

3-flat point count: 9,1,8;6,6,4;3,3,1
Excluded point counts: 1,1,1
Cap configurations: 0

3-flat point count: 9,1,8;2,2,3;6,4,6
Excluded point counts: 1,1,1
Cap configurations: 0

3-flat point count: 9,1,8;6,4,6;3,1,3
Excluded point counts: 1,1,1
Cap configurations: 0

3-flat point count: 9,1,8;6,6,4;3,2,2
Excluded point counts: 1,1,1
Cap configurations: 0

3-flat point count: 9,1,8;6,4,6;3,2,2
Excluded point counts: 1,1,1
Cap configurations: 0

3-flat point count: 9,1,8;6,4,6;3,3,1
Excluded point counts: 1,1,1
Cap configurations: 0

3-flat point count: 9,1,8;5,5,6;4,0,3
Excluded point counts: 1,1,1
Cap configurations: 0

3-flat point count: 9,1,8;5,5,6;4,1,2
Excluded point counts: 1,1,1
Cap configurations: 0

3-flat point count: 9,1,8;5,5,6;4,2,1
Excluded point counts: 1,1,1
Cap configurations: 0

3-flat point count: 9,1,8;6,5,5;3,0,4
Excluded point counts: 1,1,1
Cap configurations: 0

3-flat point count: 9,1,8;5,6,5;4,3,0
Excluded point counts: 1,1,1
Cap configurations: 0

3-flat point count: 9,1,8;3,1,3;5,5,6
Excluded point counts: 1,1,1
Cap configurations: 0

3-flat point count: 9,1,8;2,2,3;6,5,5
Excluded point counts: 1,1,1
0	0	2	1	918	981F	926	926:32	2,23	0,13,16,20,25	5,9,22	2,7,11,24,26
0	0	2	1	918	981F	926	926:32	2,26	0,13,16,20,22	8,9,25	2,4,11,21,23
0	0	6	0	918	981F	926	926:32	2,23	0,13,16,20,25	5,9,22	2,7,11,24,26
0	0	6	0	918	981F	926	926:32	2,26	0,13,16,20,22	8,9,25	2,4,11,21,23
0	1	2	1	918	981F	926	926:32	2,5	1,14,16,19,21	4,9,14	0,2,5,10,23
0	1	2	1	918	981F	926	926:32	2,17	14,16,19,21,25	9,16,26	5,7,23,24,26
0	1	6	0	918	981F	926	926:32	2,8	1,13,17,19,24	7,9,17	0,2,8,10,26
0	1	6	0	918	981F	926	926:32	2,14	13,17,19,22,24	9,13,23	4,8,21,23,26
0	2	2	1	918	981F	926	926:32	2,8	1,13,17,19,24	7,9,17	0,2,8,10,26
0	2	2	1	918	981F	926	926:32	2,14	13,17,19,22,24	9,13,23	4,8,21,23,26
0	2	6	0	918	981F	926	926:32	2,5	1,14,16,19,21	4,9,14	0,2,5,10,23
0	2	6	0	918	981F	926	926:32	2,17	14,16,19,21,25	9,16,26	5,7,23,24,26
1	0	2	0	918	981F	926	926:32	3,9	0,8,10,23,26	2,12,22	1,16,17,19,24
1	0	2	0	918	981F	926	926:32	6,9	0,5,10,23,26	2,15,25	1,13,14,19,21
1	0	6	1	918	981F	926	926:32	3,9	0,8,10,23,26	2,12,22	1,16,17,19,24
1	0	6	1	918	981F	926	926:32	6,9	0,5,10,23,26	2,15,25	1,13,14,19,21
1	1	2	0	918	981F	926	926:32	9,12	2,4,11,21,26	2,4,21	0,13,19,20,22
1	1	2	0	918	981F	926	926:32	9,24	2,4,8,21,26	2,6,16	13,16,17,22,24
1	1	6	1	918	981F	926	926:32	9,15	2,7,11,23,24	2,7,24	0,16,19,20,25
1	1	6	1	918	981F	926	926:32	9,21	2,5,7,23,24	2,3,13	13,14,16,21,25
1	2	2	0	918	981F	926	926:32	9,15	2,7,11,23,24	2,7,24	0,16,19,20,25
1	2	2	0	918	981F	926	926:32	9,21	2,5,7,23,24	2,3,13	13,14,16,21,25
1	2	6	1	918	981F	926	926:32	9,12	2,4,11,21,26	2,4,21	0,13,19,20,22
1	2	6	1	918	981F	926	926:32	9,24	2,4,8,21,26	2,6,16	13,16,17,22,24
2	0	2	0	918	981F	926	926:5	2,23	0,1,5,8,17	1,3,5	7,10,19,24,26
2	0	2	0	918	981F	926	926:5	2,26	0,1,5,8,14	1,6,8	4,10,19,21,23
2	0	2	1	918	981F	926	926:5	1,22	0,2,4,7,16	2,3,4	8,11,20,24,25
2	0	2	1	918	981F	926	926:5	1,25	0,2,4,7,13	2,6,7	5,11,20,21,22
2	0	6	0	918	981F	926	926:5	1,22	0,2,4,7,16	2,3,4	8,11,20,24,25
2	0	6	0	918	981F	926	926:5	1,25	0,2,4,7,13	2,6,7	5,11,20,21,22
2	0	6	1	918	981F	926	926:5	2,23	0,1,5,8,17	1,3,5	7,10,19,24,26
2	0	6	1	918	981F	926	926:5	2,26	0,1,5,8,14	1,6,8	4,10,19,21,23
2	1	2	0	918	981F	926	926:5	2,5	8,11,20,21,22	1,12,14	0,2,4,10,13
2	1	2	0	918	981F	926	926:5	2,17	8,11,17,21,22	1,24,26	4,7,13,24,26
2	1	2	1	918	981F	926	926:5	1,4	7,10,19,21,23	2,12,13	0,1,5,11,14
2	1	2	1	918	981F	926	926:5	1,16	7,10,16,21,23	2,24,25	5,8,14,24,25
2	1	6	0	918	981F	926	926:5	1,7	4,10,19,24,26	2,15,16	0,1,8,11,17
2	1	6	0	918	981F	926	926:5	1,13	4,10,13,24,26	2,21,22	5,8,17,21,22
2	1	6	1	918	981F	926	926:5	2,8	5,11,20,24,25	1,15,17	0,2,7,10,16
2	1	6	1	918	981F	926	926:5	2,14	5,11,14,24,25	1,21,23	4,7,16,21,23
2	2	2	0	918	981F	926	926:5	2,8	5,11,20,24,25	1,15,17	0,2,7,10,16
2	2	2	0	918	981F	926	926:5	2,14	5,11,14,24,25	1,21,23	4,7,16,21,23
2	2	2	1	918	981F	926	926:5	1,7	4,10,19,24,26	2,15,16	0,1,8,11,17
2	2	2	1	918	981F	926	926:5	1,13	4,10,13,24,26	2,21,22	5,8,17,21,22
2	2	6	0	918	981F	926	926:5	1,4	7,10,19,21,23	2,12,13	0,1,5,11,14
2	2	6	0	918	981F	926	926:5	1,16	7,10,16,21,23	2,24,25	5,8,14,24,25
2	2	6	1	918	981F	926	926:5	2,5	8,11,20,21,22	1,12,14	0,2,4,10,13
2	2	6	1	918	981F	926	926:5	2,17	8,11,17,21,22	1,24,26	4,7,13,24,26
Cap configurations: 48

3-flat point count: 9,1,8;6,5,5;3,1,3
Excluded point counts: 1,1,1
Cap configurations: 0

3-flat point count: 9,1,8;5,6,5;4,2,1
Excluded point counts: 1,1,1
Cap configurations: 0

3-flat point count: 9,1,8;2,3,2;6,5,5
Excluded point counts: 1,1,1
Cap configurations: 0

3-flat point count: 9,1,8;6,5,5;3,2,2
Excluded point counts: 1,1,1
Cap configurations: 0

3-flat point count: 9,1,8;5,6,5;4,1,2
Excluded point counts: 1,1,1
Cap configurations: 0

3-flat point count: 9,1,8;6,5,5;3,3,1
Excluded point counts: 1,1,1
Cap configurations: 0

3-flat point count: 9,1,8;6,5,5;3,4,0
Excluded point counts: 1,1,1
Cap configurations: 0

3-flat point count: 9,1,8;6,6,4;3,1,3
Excluded point counts: 1,1,1
Cap configurations: 0

3-flat point count: 9,1,8;2,3,2;6,6,4
Excluded point counts: 1,1,1
Cap configurations: 0

(end)

SetDim5Cap43_8sc_ExclPtCounts:

8,2,8;6,1,0;6,1,9: impossible (in 866, 8 is cu)

8,2,8;5,2,0;6,1,9: impossible (in 856, 8 is cu)

8,2,8;2,2,3;9,6,1: impossible (in 829, 8 is sa)

8,2,8;5,2,9;6,1,0: impossible (in 856, 8 is cu)

8,2,8;2,0,5;9,5,2: impossible (in 829, 8 is sa)

8,2,8;2,1,4;9,5,2: impossible (in 829, 8 is sa)

3-flat point count: 8,2,8;1,2,4;9,5,2
Excluded point counts: 1,1,1
Cap configurations: 0

8,2,8;2,2,3;9,5,2: impossible (in 829, 8 is sa)

3-flat point count: 8,2,8;4,3,9;6,1,0
Excluded point counts: 1,1,1
Cap configurations: 0

8,2,8;2,0,5;9,4,3: impossible (in 829, 8 is sa)

3-flat point count: 8,2,8;1,1,5;9,4,3
Excluded point counts: 1,1,1
Cap configurations: 0

3-flat point count: 8,2,8;4,3,9;5,0,2
Excluded point counts: 1,1,1
Cap configurations: 0

8,2,8;2,1,4;9,4,3: impossible (in 829, 8 is sa)

3-flat point count: 8,2,8;1,2,4;9,4,3
Excluded point counts: 1,1,1
Cap configurations: 0

8,2,8;2,2,3;9,4,3: impossible (in 829, 8 is sa)

3-flat point count: 8,2,8;3,4,9;6,0,1
Excluded point counts: 1,1,1
Cap configurations: 0

8,2,8;2,0,5;9,3,4: impossible (in 829, 8 is sa)

3-flat point count: 8,2,8;1,1,5;9,3,4
Excluded point counts: 1,1,1
Cap configurations: 0

8,2,8;2,1,4;9,3,4: impossible (in 829, 8 is sa)

3-flat point count: 8,2,8;1,2,4;9,3,4
Excluded point counts: 1,1,1
Cap configurations: 0

8,2,8;2,2,3;9,3,4: impossible (in 829, 8 is sa)

3-flat point count: 8,2,8;2,5,9;6,0,1
Excluded point counts: 1,1,1
Cap configurations: 0

8,2,8;2,1,4;9,2,5: impossible (in 829, 8 is sa)

3-flat point count: 8,2,8;1,2,4;9,2,5
Excluded point counts: 1,1,1
Cap configurations: 0

8,2,8;2,2,3;9,2,5: impossible (in 829, 8 is sa)

8,2,8;2,2,3;9,1,6: impossible (in 829, 8 is sa)

8,2,8;6,1,0;6,2,8: impossible (in 866, 8 is cu)

8,2,8;6,0,1;6,2,8: impossible (in 866, 8 is cu)

8,2,8;5,2,0;6,2,8: impossible (in 856, 8 is cu)

8,2,8;5,1,1;6,2,8: impossible (in 856, 8 is cu)

3-flat point count: 8,2,8;4,2,1;6,2,8
Excluded point counts: 1,1,1
Cap configurations: 0

8,2,8;2,2,3;8,6,2: has an {18,6,17} 4-flat direction; already covered by {18,6,17} cases.

8,2,8;5,3,8;6,1,0: impossible (in 856, 8 is cu)

8,2,8;5,3,8;6,0,1: impossible (in 856, 8 is cu)

3-flat point count: 8,2,8;5,2,0;5,3,8
Excluded point counts: 1,1,1
0	0	828	6	855	8	17,25	2,13,23		7,8,10,11,15,19,20,24
2	0	828	6	855	8	17,25	1,13,23		7,8,10,11,15,19,20,24
1	1	828	7	855	8	17,25	1,13,23		7,8,10,11,15,19,20,24
3	1	828	7	855	8	17,25	2,13,23		7,8,10,11,15,19,20,24
0	0	828	12	855	8	3,6	0,7,8		1,2,7,8,9,12,18,21
0	0	828	12	855	8	3,6	0,7,14		1,2,7,8,9,12,18,21
0	0	828	12	855	8	3,6	0,7,22		1,2,7,8,9,12,18,21
0	0	828	12	855	8	3,6	0,8,14		1,2,7,8,9,12,18,21
0	0	828	12	855	8	3,6	0,8,22		1,2,7,8,9,12,18,21
0	0	828	12	855	8	3,6	0,14,22		1,2,7,8,9,12,18,21
0	0	828	12	855	8	3,6	7,8,14		1,2,7,8,9,12,18,21
0	0	828	12	855	8	3,6	7,8,22		1,2,7,8,9,12,18,21
0	0	828	12	855	8	3,6	7,14,22		1,2,7,8,9,12,18,21
0	0	828	12	855	8	3,6	7,14,22		1,2,7,8,9,15,18,21
0	0	828	12	855	8	3,6	7,14,22		1,2,7,8,12,15,18,21
0	0	828	12	855	8	3,6	8,14,22		1,2,7,8,9,12,18,21
0	0	828	12	855	8	3,6	8,14,22		1,2,7,8,9,12,18,24
0	0	828	12	855	8	3,6	8,14,22		1,2,7,8,9,12,21,24
0	1	828	12	855	8	3,6	0,7,8		1,2,7,8,9,12,18,21
0	1	828	12	855	8	3,6	0,7,14		1,2,7,8,9,12,18,21
0	1	828	12	855	8	3,6	0,7,22		1,2,7,8,9,12,18,21
0	1	828	12	855	8	3,6	0,8,14		1,2,7,8,9,12,18,21
0	1	828	12	855	8	3,6	0,8,22		1,2,7,8,9,12,18,21
0	1	828	12	855	8	3,6	0,14,22		1,2,7,8,9,12,18,21
0	1	828	12	855	8	3,6	7,8,14		1,2,7,8,9,12,18,21
0	1	828	12	855	8	3,6	7,8,22		1,2,7,8,9,12,18,21
0	1	828	12	855	8	3,6	7,14,22		1,2,7,8,9,12,18,21
0	1	828	12	855	8	3,6	7,14,22		1,2,7,8,9,15,18,21
0	1	828	12	855	8	3,6	7,14,22		1,2,7,8,12,15,18,21
0	1	828	12	855	8	3,6	8,14,22		1,2,7,8,9,12,18,21
0	1	828	12	855	8	3,6	8,14,22		1,2,7,8,9,12,18,24
0	1	828	12	855	8	3,6	8,14,22		1,2,7,8,9,12,21,24
2	0	828	12	855	8	3,6	0,7,8		1,2,7,8,9,12,18,21
2	0	828	12	855	8	3,6	0,7,14		1,2,7,8,9,12,18,21
2	0	828	12	855	8	3,6	0,7,22		1,2,7,8,9,12,18,21
2	0	828	12	855	8	3,6	0,8,14		1,2,7,8,9,12,18,21
2	0	828	12	855	8	3,6	0,8,22		1,2,7,8,9,12,18,21
2	0	828	12	855	8	3,6	0,14,22		1,2,7,8,9,12,18,21
2	0	828	12	855	8	3,6	7,8,14		1,2,7,8,9,12,18,21
2	0	828	12	855	8	3,6	7,8,22		1,2,7,8,9,12,18,21
2	0	828	12	855	8	3,6	7,14,22		1,2,7,8,9,12,18,21
2	0	828	12	855	8	3,6	7,14,22		1,2,7,8,9,15,18,21
2	0	828	12	855	8	3,6	7,14,22		1,2,7,8,12,15,18,21
2	0	828	12	855	8	3,6	8,14,22		1,2,7,8,9,12,18,21
2	0	828	12	855	8	3,6	8,14,22		1,2,7,8,9,12,18,24
2	0	828	12	855	8	3,6	8,14,22		1,2,7,8,9,12,21,24
2	1	828	12	855	8	3,6	0,7,8		1,2,7,8,9,12,18,21
2	1	828	12	855	8	3,6	0,7,14		1,2,7,8,9,12,18,21
2	1	828	12	855	8	3,6	0,7,22		1,2,7,8,9,12,18,21
2	1	828	12	855	8	3,6	0,8,14		1,2,7,8,9,12,18,21
2	1	828	12	855	8	3,6	0,8,22		1,2,7,8,9,12,18,21
2	1	828	12	855	8	3,6	0,14,22		1,2,7,8,9,12,18,21
2	1	828	12	855	8	3,6	7,8,14		1,2,7,8,9,12,18,21
2	1	828	12	855	8	3,6	7,8,22		1,2,7,8,9,12,18,21
2	1	828	12	855	8	3,6	7,14,22		1,2,7,8,9,12,18,21
2	1	828	12	855	8	3,6	7,14,22		1,2,7,8,9,15,18,21
2	1	828	12	855	8	3,6	7,14,22		1,2,7,8,12,15,18,21
2	1	828	12	855	8	3,6	8,14,22		1,2,7,8,9,12,18,21
2	1	828	12	855	8	3,6	8,14,22		1,2,7,8,9,12,18,24
2	1	828	12	855	8	3,6	8,14,22		1,2,7,8,9,12,21,24
0	1	828	27	855	8	11,19	0,4,5		4,5,12,16,17,21,25,26
0	1	828	27	855	8	11,19	0,4,16		4,5,12,16,17,21,25,26
0	1	828	27	855	8	11,19	0,4,26		4,5,12,16,17,21,25,26
0	1	828	27	855	8	11,19	0,5,16		4,5,12,16,17,21,25,26
0	1	828	27	855	8	11,19	0,5,26		4,5,12,16,17,21,25,26
0	1	828	27	855	8	11,19	0,16,26		4,5,12,16,17,21,25,26
0	1	828	27	855	8	11,19	4,5,16		4,5,12,16,17,21,25,26
0	1	828	27	855	8	11,19	4,5,26		4,5,12,16,17,21,25,26
0	1	828	27	855	8	11,19	4,16,26		4,5,12,16,17,21,25,26
0	1	828	27	855	8	11,19	5,16,26		4,5,12,16,17,21,25,26
1	1	828	27	855	8	11,19	0,4,5		4,5,12,16,17,21,25,26
1	1	828	27	855	8	11,19	0,4,16		4,5,12,16,17,21,25,26
1	1	828	27	855	8	11,19	0,4,26		4,5,12,16,17,21,25,26
1	1	828	27	855	8	11,19	0,5,16		4,5,12,16,17,21,25,26
1	1	828	27	855	8	11,19	0,5,26		4,5,12,16,17,21,25,26
1	1	828	27	855	8	11,19	0,16,26		4,5,12,16,17,21,25,26
1	1	828	27	855	8	11,19	4,5,16		4,5,12,16,17,21,25,26
1	1	828	27	855	8	11,19	4,5,26		4,5,12,16,17,21,25,26
1	1	828	27	855	8	11,19	4,16,26		4,5,12,16,17,21,25,26
1	1	828	27	855	8	11,19	5,16,26		4,5,12,16,17,21,25,26
2	1	828	27	855	8	11,19	0,4,5		4,5,12,16,17,21,25,26
2	1	828	27	855	8	11,19	0,4,16		4,5,12,16,17,21,25,26
2	1	828	27	855	8	11,19	0,4,26		4,5,12,16,17,21,25,26
2	1	828	27	855	8	11,19	0,5,16		4,5,12,16,17,21,25,26
2	1	828	27	855	8	11,19	0,5,26		4,5,12,16,17,21,25,26
2	1	828	27	855	8	11,19	0,16,26		4,5,12,16,17,21,25,26
2	1	828	27	855	8	11,19	4,5,16		4,5,12,16,17,21,25,26
2	1	828	27	855	8	11,19	4,5,26		4,5,12,16,17,21,25,26
2	1	828	27	855	8	11,19	4,16,26		4,5,12,16,17,21,25,26
2	1	828	27	855	8	11,19	5,16,26		4,5,12,16,17,21,25,26
3	1	828	27	855	8	11,19	0,4,5		4,5,12,16,17,21,25,26
3	1	828	27	855	8	11,19	0,4,16		4,5,12,16,17,21,25,26
3	1	828	27	855	8	11,19	0,4,26		4,5,12,16,17,21,25,26
3	1	828	27	855	8	11,19	0,5,16		4,5,12,16,17,21,25,26
3	1	828	27	855	8	11,19	0,5,26		4,5,12,16,17,21,25,26
3	1	828	27	855	8	11,19	0,16,26		4,5,12,16,17,21,25,26
3	1	828	27	855	8	11,19	4,5,16		4,5,12,16,17,21,25,26
3	1	828	27	855	8	11,19	4,5,26		4,5,12,16,17,21,25,26
3	1	828	27	855	8	11,19	4,16,26		4,5,12,16,17,21,25,26
3	1	828	27	855	8	11,19	5,16,26		4,5,12,16,17,21,25,26
0	0	828	32	855	8	14,22	7,10,20		1,2,9,13,14,18,22,23
2	0	828	32	855	8	14,22	8,10,20		1,2,9,13,14,18,22,23
Cap configurations: 102

8,2,8;5,1,1;5,3,8: has an {18,6,17} 4-flat direction; already covered by {18,6,17} cases.

3-flat point count: 8,2,8;2,1,4;8,5,3
Excluded point counts: 1,1,1
0	0	828	12	828	6	24	3,7,8,11,19	5,6,10,20	3,9,17
0	0	828	12	828	27	1	0,12,17,21,25	0,13,15,23	0,7,8
0	0	828	12	828	27	1	0,12,17,21,25	0,13,15,23	0,7,14
0	0	828	12	828	27	1	0,12,17,21,25	0,13,15,23	0,7,22
0	0	828	12	828	27	1	0,12,17,21,25	0,13,15,23	0,8,14
0	0	828	12	828	27	1	0,12,17,21,25	0,13,15,23	0,8,22
0	0	828	12	828	27	1	0,12,17,21,25	0,13,15,23	0,14,22
0	0	828	12	828	27	1	0,12,17,21,25	0,13,15,23	7,8,14
0	0	828	12	828	27	1	0,12,17,21,25	0,13,15,23	7,8,22
0	0	828	12	828	27	1	0,12,17,21,25	0,13,15,23	7,14,22
0	0	828	12	828	27	1	0,12,17,21,25	0,13,15,23	8,14,22
0	0	828	12	828	27	1	0,12,17,21,25	0,13,15,24	0,7,8
0	0	828	12	828	27	1	0,12,17,21,25	0,13,15,24	0,7,14
0	0	828	12	828	27	1	0,12,17,21,25	0,13,15,24	0,7,22
0	0	828	12	828	27	1	0,12,17,21,25	0,13,15,24	0,8,14
0	0	828	12	828	27	1	0,12,17,21,25	0,13,15,24	0,8,22
0	0	828	12	828	27	1	0,12,17,21,25	0,13,15,24	0,14,22
0	0	828	12	828	27	1	0,12,17,21,25	0,13,15,24	7,8,14
0	0	828	12	828	27	1	0,12,17,21,25	0,13,15,24	7,8,22
0	0	828	12	828	27	1	0,12,17,21,25	0,13,15,24	7,14,22
0	0	828	12	828	27	1	0,12,17,21,25	0,13,15,24	8,14,22
0	0	828	12	828	27	1	0,12,17,21,25	0,13,23,24	0,7,8
0	0	828	12	828	27	1	0,12,17,21,25	0,13,23,24	0,7,14
0	0	828	12	828	27	1	0,12,17,21,25	0,13,23,24	0,7,22
0	0	828	12	828	27	1	0,12,17,21,25	0,13,23,24	0,8,14
0	0	828	12	828	27	1	0,12,17,21,25	0,13,23,24	0,8,22
0	0	828	12	828	27	1	0,12,17,21,25	0,13,23,24	0,14,22
0	0	828	12	828	27	1	0,12,17,21,25	0,13,23,24	7,8,14
0	0	828	12	828	27	1	0,12,17,21,25	0,13,23,24	7,8,22
0	0	828	12	828	27	1	0,12,17,21,25	0,13,23,24	7,14,22
0	0	828	12	828	27	1	0,12,17,21,25	0,13,23,24	8,14,22
0	0	828	12	828	27	1	0,12,17,21,25	0,15,23,24	0,7,8
0	0	828	12	828	27	1	0,12,17,21,25	0,15,23,24	0,7,14
0	0	828	12	828	27	1	0,12,17,21,25	0,15,23,24	0,7,22
0	0	828	12	828	27	1	0,12,17,21,25	0,15,23,24	0,8,14
0	0	828	12	828	27	1	0,12,17,21,25	0,15,23,24	0,8,22
0	0	828	12	828	27	1	0,12,17,21,25	0,15,23,24	0,14,22
0	0	828	12	828	27	1	0,12,17,21,25	0,15,23,24	7,8,14
0	0	828	12	828	27	1	0,12,17,21,25	0,15,23,24	7,8,22
0	0	828	12	828	27	1	0,12,17,21,25	0,15,23,24	7,14,22
0	0	828	12	828	27	1	0,12,17,21,25	0,15,23,24	8,14,22
0	0	828	12	828	27	1	0,12,17,21,25	13,15,23,24	0,7,8
0	0	828	12	828	27	1	0,12,17,21,25	13,15,23,24	0,7,14
0	0	828	12	828	27	1	0,12,17,21,25	13,15,23,24	0,7,22
0	0	828	12	828	27	1	0,12,17,21,25	13,15,23,24	0,8,14
0	0	828	12	828	27	1	0,12,17,21,25	13,15,23,24	0,8,22
0	0	828	12	828	27	1	0,12,17,21,25	13,15,23,24	0,14,22
0	0	828	12	828	27	1	0,12,17,21,25	13,15,23,24	7,8,14
0	0	828	12	828	27	1	0,12,17,21,25	13,15,23,24	7,8,22
0	0	828	12	828	27	1	0,12,17,21,25	13,15,23,24	7,14,22
0	0	828	12	828	27	1	0,12,17,21,25	13,15,23,24	8,14,22
0	0	828	12	828	27	2	0,12,17,21,25	0,13,15,23	0,7,8
0	0	828	12	828	27	2	0,12,17,21,25	0,13,15,23	0,7,14
0	0	828	12	828	27	2	0,12,17,21,25	0,13,15,23	0,7,22
0	0	828	12	828	27	2	0,12,17,21,25	0,13,15,23	0,8,14
0	0	828	12	828	27	2	0,12,17,21,25	0,13,15,23	0,8,22
0	0	828	12	828	27	2	0,12,17,21,25	0,13,15,23	0,14,22
0	0	828	12	828	27	2	0,12,17,21,25	0,13,15,23	7,8,14
0	0	828	12	828	27	2	0,12,17,21,25	0,13,15,23	7,8,22
0	0	828	12	828	27	2	0,12,17,21,25	0,13,15,23	7,14,22
0	0	828	12	828	27	2	0,12,17,21,25	0,13,15,23	8,14,22
0	0	828	12	828	27	2	0,12,17,21,25	0,13,15,24	0,7,8
0	0	828	12	828	27	2	0,12,17,21,25	0,13,15,24	0,7,14
0	0	828	12	828	27	2	0,12,17,21,25	0,13,15,24	0,7,22
0	0	828	12	828	27	2	0,12,17,21,25	0,13,15,24	0,8,14
0	0	828	12	828	27	2	0,12,17,21,25	0,13,15,24	0,8,22
0	0	828	12	828	27	2	0,12,17,21,25	0,13,15,24	0,14,22
0	0	828	12	828	27	2	0,12,17,21,25	0,13,15,24	7,8,14
0	0	828	12	828	27	2	0,12,17,21,25	0,13,15,24	7,8,22
0	0	828	12	828	27	2	0,12,17,21,25	0,13,15,24	7,14,22
0	0	828	12	828	27	2	0,12,17,21,25	0,13,15,24	8,14,22
0	0	828	12	828	27	2	0,12,17,21,25	0,13,23,24	0,7,8
0	0	828	12	828	27	2	0,12,17,21,25	0,13,23,24	0,7,14
0	0	828	12	828	27	2	0,12,17,21,25	0,13,23,24	0,7,22
0	0	828	12	828	27	2	0,12,17,21,25	0,13,23,24	0,8,14
0	0	828	12	828	27	2	0,12,17,21,25	0,13,23,24	0,8,22
0	0	828	12	828	27	2	0,12,17,21,25	0,13,23,24	0,14,22
0	0	828	12	828	27	2	0,12,17,21,25	0,13,23,24	7,8,14
0	0	828	12	828	27	2	0,12,17,21,25	0,13,23,24	7,8,22
0	0	828	12	828	27	2	0,12,17,21,25	0,13,23,24	7,14,22
0	0	828	12	828	27	2	0,12,17,21,25	0,13,23,24	8,14,22
0	0	828	12	828	27	2	0,12,17,21,25	0,15,23,24	0,7,8
0	0	828	12	828	27	2	0,12,17,21,25	0,15,23,24	0,7,14
0	0	828	12	828	27	2	0,12,17,21,25	0,15,23,24	0,7,22
0	0	828	12	828	27	2	0,12,17,21,25	0,15,23,24	0,8,14
0	0	828	12	828	27	2	0,12,17,21,25	0,15,23,24	0,8,22
0	0	828	12	828	27	2	0,12,17,21,25	0,15,23,24	0,14,22
0	0	828	12	828	27	2	0,12,17,21,25	0,15,23,24	7,8,14
0	0	828	12	828	27	2	0,12,17,21,25	0,15,23,24	7,8,22
0	0	828	12	828	27	2	0,12,17,21,25	0,15,23,24	7,14,22
0	0	828	12	828	27	2	0,12,17,21,25	0,15,23,24	8,14,22
0	0	828	12	828	27	2	0,12,17,21,25	13,15,23,24	0,7,8
0	0	828	12	828	27	2	0,12,17,21,25	13,15,23,24	0,7,14
0	0	828	12	828	27	2	0,12,17,21,25	13,15,23,24	0,7,22
0	0	828	12	828	27	2	0,12,17,21,25	13,15,23,24	0,8,14
0	0	828	12	828	27	2	0,12,17,21,25	13,15,23,24	0,8,22
0	0	828	12	828	27	2	0,12,17,21,25	13,15,23,24	0,14,22
0	0	828	12	828	27	2	0,12,17,21,25	13,15,23,24	7,8,14
0	0	828	12	828	27	2	0,12,17,21,25	13,15,23,24	7,8,22
0	0	828	12	828	27	2	0,12,17,21,25	13,15,23,24	7,14,22
0	0	828	12	828	27	2	0,12,17,21,25	13,15,23,24	8,14,22
0	0	828	12	828	32	12	1,2,6,14,22	1,3,16,26	6,19,21
0	1	828	12	828	6	24	3,7,8,11,19	5,6,10,20	3,9,17
0	1	828	12	828	27	1	0,12,17,21,25	0,13,15,23	0,7,8
0	1	828	12	828	27	1	0,12,17,21,25	0,13,15,23	0,7,14
0	1	828	12	828	27	1	0,12,17,21,25	0,13,15,23	0,7,22
0	1	828	12	828	27	1	0,12,17,21,25	0,13,15,23	0,8,14
0	1	828	12	828	27	1	0,12,17,21,25	0,13,15,23	0,8,22
0	1	828	12	828	27	1	0,12,17,21,25	0,13,15,23	0,14,22
0	1	828	12	828	27	1	0,12,17,21,25	0,13,15,23	7,8,14
0	1	828	12	828	27	1	0,12,17,21,25	0,13,15,23	7,8,22
0	1	828	12	828	27	1	0,12,17,21,25	0,13,15,23	7,14,22
0	1	828	12	828	27	1	0,12,17,21,25	0,13,15,23	8,14,22
0	1	828	12	828	27	1	0,12,17,21,25	0,13,15,24	0,7,8
0	1	828	12	828	27	1	0,12,17,21,25	0,13,15,24	0,7,14
0	1	828	12	828	27	1	0,12,17,21,25	0,13,15,24	0,7,22
0	1	828	12	828	27	1	0,12,17,21,25	0,13,15,24	0,8,14
0	1	828	12	828	27	1	0,12,17,21,25	0,13,15,24	0,8,22
0	1	828	12	828	27	1	0,12,17,21,25	0,13,15,24	0,14,22
0	1	828	12	828	27	1	0,12,17,21,25	0,13,15,24	7,8,14
0	1	828	12	828	27	1	0,12,17,21,25	0,13,15,24	7,8,22
0	1	828	12	828	27	1	0,12,17,21,25	0,13,15,24	7,14,22
0	1	828	12	828	27	1	0,12,17,21,25	0,13,15,24	8,14,22
0	1	828	12	828	27	1	0,12,17,21,25	0,13,23,24	0,7,8
0	1	828	12	828	27	1	0,12,17,21,25	0,13,23,24	0,7,14
0	1	828	12	828	27	1	0,12,17,21,25	0,13,23,24	0,7,22
0	1	828	12	828	27	1	0,12,17,21,25	0,13,23,24	0,8,14
0	1	828	12	828	27	1	0,12,17,21,25	0,13,23,24	0,8,22
0	1	828	12	828	27	1	0,12,17,21,25	0,13,23,24	0,14,22
0	1	828	12	828	27	1	0,12,17,21,25	0,13,23,24	7,8,14
0	1	828	12	828	27	1	0,12,17,21,25	0,13,23,24	7,8,22
0	1	828	12	828	27	1	0,12,17,21,25	0,13,23,24	7,14,22
0	1	828	12	828	27	1	0,12,17,21,25	0,13,23,24	8,14,22
0	1	828	12	828	27	1	0,12,17,21,25	0,15,23,24	0,7,8
0	1	828	12	828	27	1	0,12,17,21,25	0,15,23,24	0,7,14
0	1	828	12	828	27	1	0,12,17,21,25	0,15,23,24	0,7,22
0	1	828	12	828	27	1	0,12,17,21,25	0,15,23,24	0,8,14
0	1	828	12	828	27	1	0,12,17,21,25	0,15,23,24	0,8,22
0	1	828	12	828	27	1	0,12,17,21,25	0,15,23,24	0,14,22
0	1	828	12	828	27	1	0,12,17,21,25	0,15,23,24	7,8,14
0	1	828	12	828	27	1	0,12,17,21,25	0,15,23,24	7,8,22
0	1	828	12	828	27	1	0,12,17,21,25	0,15,23,24	7,14,22
0	1	828	12	828	27	1	0,12,17,21,25	0,15,23,24	8,14,22
0	1	828	12	828	27	1	0,12,17,21,25	13,15,23,24	0,7,8
0	1	828	12	828	27	1	0,12,17,21,25	13,15,23,24	0,7,14
0	1	828	12	828	27	1	0,12,17,21,25	13,15,23,24	0,7,22
0	1	828	12	828	27	1	0,12,17,21,25	13,15,23,24	0,8,14
0	1	828	12	828	27	1	0,12,17,21,25	13,15,23,24	0,8,22
0	1	828	12	828	27	1	0,12,17,21,25	13,15,23,24	0,14,22
0	1	828	12	828	27	1	0,12,17,21,25	13,15,23,24	7,8,14
0	1	828	12	828	27	1	0,12,17,21,25	13,15,23,24	7,8,22
0	1	828	12	828	27	1	0,12,17,21,25	13,15,23,24	7,14,22
0	1	828	12	828	27	1	0,12,17,21,25	13,15,23,24	8,14,22
0	1	828	12	828	27	2	0,12,17,21,25	0,13,15,23	0,7,8
0	1	828	12	828	27	2	0,12,17,21,25	0,13,15,23	0,7,14
0	1	828	12	828	27	2	0,12,17,21,25	0,13,15,23	0,7,22
0	1	828	12	828	27	2	0,12,17,21,25	0,13,15,23	0,8,14
0	1	828	12	828	27	2	0,12,17,21,25	0,13,15,23	0,8,22
0	1	828	12	828	27	2	0,12,17,21,25	0,13,15,23	0,14,22
0	1	828	12	828	27	2	0,12,17,21,25	0,13,15,23	7,8,14
0	1	828	12	828	27	2	0,12,17,21,25	0,13,15,23	7,8,22
0	1	828	12	828	27	2	0,12,17,21,25	0,13,15,23	7,14,22
0	1	828	12	828	27	2	0,12,17,21,25	0,13,15,23	8,14,22
0	1	828	12	828	27	2	0,12,17,21,25	0,13,15,24	0,7,8
0	1	828	12	828	27	2	0,12,17,21,25	0,13,15,24	0,7,14
0	1	828	12	828	27	2	0,12,17,21,25	0,13,15,24	0,7,22
0	1	828	12	828	27	2	0,12,17,21,25	0,13,15,24	0,8,14
0	1	828	12	828	27	2	0,12,17,21,25	0,13,15,24	0,8,22
0	1	828	12	828	27	2	0,12,17,21,25	0,13,15,24	0,14,22
0	1	828	12	828	27	2	0,12,17,21,25	0,13,15,24	7,8,14
0	1	828	12	828	27	2	0,12,17,21,25	0,13,15,24	7,8,22
0	1	828	12	828	27	2	0,12,17,21,25	0,13,15,24	7,14,22
0	1	828	12	828	27	2	0,12,17,21,25	0,13,15,24	8,14,22
0	1	828	12	828	27	2	0,12,17,21,25	0,13,23,24	0,7,8
0	1	828	12	828	27	2	0,12,17,21,25	0,13,23,24	0,7,14
0	1	828	12	828	27	2	0,12,17,21,25	0,13,23,24	0,7,22
0	1	828	12	828	27	2	0,12,17,21,25	0,13,23,24	0,8,14
0	1	828	12	828	27	2	0,12,17,21,25	0,13,23,24	0,8,22
0	1	828	12	828	27	2	0,12,17,21,25	0,13,23,24	0,14,22
0	1	828	12	828	27	2	0,12,17,21,25	0,13,23,24	7,8,14
0	1	828	12	828	27	2	0,12,17,21,25	0,13,23,24	7,8,22
0	1	828	12	828	27	2	0,12,17,21,25	0,13,23,24	7,14,22
0	1	828	12	828	27	2	0,12,17,21,25	0,13,23,24	8,14,22
0	1	828	12	828	27	2	0,12,17,21,25	0,15,23,24	0,7,8
0	1	828	12	828	27	2	0,12,17,21,25	0,15,23,24	0,7,14
0	1	828	12	828	27	2	0,12,17,21,25	0,15,23,24	0,7,22
0	1	828	12	828	27	2	0,12,17,21,25	0,15,23,24	0,8,14
0	1	828	12	828	27	2	0,12,17,21,25	0,15,23,24	0,8,22
0	1	828	12	828	27	2	0,12,17,21,25	0,15,23,24	0,14,22
0	1	828	12	828	27	2	0,12,17,21,25	0,15,23,24	7,8,14
0	1	828	12	828	27	2	0,12,17,21,25	0,15,23,24	7,8,22
0	1	828	12	828	27	2	0,12,17,21,25	0,15,23,24	7,14,22
0	1	828	12	828	27	2	0,12,17,21,25	0,15,23,24	8,14,22
0	1	828	12	828	27	2	0,12,17,21,25	13,15,23,24	0,7,8
0	1	828	12	828	27	2	0,12,17,21,25	13,15,23,24	0,7,14
0	1	828	12	828	27	2	0,12,17,21,25	13,15,23,24	0,7,22
0	1	828	12	828	27	2	0,12,17,21,25	13,15,23,24	0,8,14
0	1	828	12	828	27	2	0,12,17,21,25	13,15,23,24	0,8,22
0	1	828	12	828	27	2	0,12,17,21,25	13,15,23,24	0,14,22
0	1	828	12	828	27	2	0,12,17,21,25	13,15,23,24	7,8,14
0	1	828	12	828	27	2	0,12,17,21,25	13,15,23,24	7,8,22
0	1	828	12	828	27	2	0,12,17,21,25	13,15,23,24	7,14,22
0	1	828	12	828	27	2	0,12,17,21,25	13,15,23,24	8,14,22
0	1	828	12	828	32	12	1,2,6,14,22	1,3,16,26	6,19,21
1	0	828	12	828	7	12	4,5,6,10,20	3,8,11,19	6,18,23
1	0	828	12	828	27	9	0,7,8,13,23	0,4,5,17	0,12,16
1	0	828	12	828	27	9	0,7,8,13,23	0,4,5,17	0,12,21
1	0	828	12	828	27	9	0,7,8,13,23	0,4,5,17	0,12,26
1	0	828	12	828	27	9	0,7,8,13,23	0,4,5,17	0,16,21
1	0	828	12	828	27	9	0,7,8,13,23	0,4,5,17	0,16,26
1	0	828	12	828	27	9	0,7,8,13,23	0,4,5,17	0,21,26
1	0	828	12	828	27	9	0,7,8,13,23	0,4,5,17	12,16,21
1	0	828	12	828	27	9	0,7,8,13,23	0,4,5,17	12,16,26
1	0	828	12	828	27	9	0,7,8,13,23	0,4,5,17	12,21,26
1	0	828	12	828	27	9	0,7,8,13,23	0,4,5,17	16,21,26
1	0	828	12	828	27	9	0,7,8,13,23	0,4,5,25	0,12,16
1	0	828	12	828	27	9	0,7,8,13,23	0,4,5,25	0,12,21
1	0	828	12	828	27	9	0,7,8,13,23	0,4,5,25	0,12,26
1	0	828	12	828	27	9	0,7,8,13,23	0,4,5,25	0,16,21
1	0	828	12	828	27	9	0,7,8,13,23	0,4,5,25	0,16,26
1	0	828	12	828	27	9	0,7,8,13,23	0,4,5,25	0,21,26
1	0	828	12	828	27	9	0,7,8,13,23	0,4,5,25	12,16,21
1	0	828	12	828	27	9	0,7,8,13,23	0,4,5,25	12,16,26
1	0	828	12	828	27	9	0,7,8,13,23	0,4,5,25	12,21,26
1	0	828	12	828	27	9	0,7,8,13,23	0,4,5,25	16,21,26
1	0	828	12	828	27	9	0,7,8,13,23	0,4,17,25	0,12,16
1	0	828	12	828	27	9	0,7,8,13,23	0,4,17,25	0,12,21
1	0	828	12	828	27	9	0,7,8,13,23	0,4,17,25	0,12,26
1	0	828	12	828	27	9	0,7,8,13,23	0,4,17,25	0,16,21
1	0	828	12	828	27	9	0,7,8,13,23	0,4,17,25	0,16,26
1	0	828	12	828	27	9	0,7,8,13,23	0,4,17,25	0,21,26
1	0	828	12	828	27	9	0,7,8,13,23	0,4,17,25	12,16,21
1	0	828	12	828	27	9	0,7,8,13,23	0,4,17,25	12,16,26
1	0	828	12	828	27	9	0,7,8,13,23	0,4,17,25	12,21,26
1	0	828	12	828	27	9	0,7,8,13,23	0,4,17,25	16,21,26
1	0	828	12	828	27	9	0,7,8,13,23	0,5,17,25	0,12,16
1	0	828	12	828	27	9	0,7,8,13,23	0,5,17,25	0,12,21
1	0	828	12	828	27	9	0,7,8,13,23	0,5,17,25	0,12,26
1	0	828	12	828	27	9	0,7,8,13,23	0,5,17,25	0,16,21
1	0	828	12	828	27	9	0,7,8,13,23	0,5,17,25	0,16,26
1	0	828	12	828	27	9	0,7,8,13,23	0,5,17,25	0,21,26
1	0	828	12	828	27	9	0,7,8,13,23	0,5,17,25	12,16,21
1	0	828	12	828	27	9	0,7,8,13,23	0,5,17,25	12,16,26
1	0	828	12	828	27	9	0,7,8,13,23	0,5,17,25	12,21,26
1	0	828	12	828	27	9	0,7,8,13,23	0,5,17,25	16,21,26
1	0	828	12	828	27	9	0,7,8,13,23	4,5,17,25	0,12,16
1	0	828	12	828	27	9	0,7,8,13,23	4,5,17,25	0,12,21
1	0	828	12	828	27	9	0,7,8,13,23	4,5,17,25	0,12,26
1	0	828	12	828	27	9	0,7,8,13,23	4,5,17,25	0,16,21
1	0	828	12	828	27	9	0,7,8,13,23	4,5,17,25	0,16,26
1	0	828	12	828	27	9	0,7,8,13,23	4,5,17,25	0,21,26
1	0	828	12	828	27	9	0,7,8,13,23	4,5,17,25	12,16,21
1	0	828	12	828	27	9	0,7,8,13,23	4,5,17,25	12,16,26
1	0	828	12	828	27	9	0,7,8,13,23	4,5,17,25	12,21,26
1	0	828	12	828	27	9	0,7,8,13,23	4,5,17,25	16,21,26
1	0	828	12	828	27	18	0,7,8,13,23	0,4,5,17	0,12,16
1	0	828	12	828	27	18	0,7,8,13,23	0,4,5,17	0,12,21
1	0	828	12	828	27	18	0,7,8,13,23	0,4,5,17	0,12,26
1	0	828	12	828	27	18	0,7,8,13,23	0,4,5,17	0,16,21
1	0	828	12	828	27	18	0,7,8,13,23	0,4,5,17	0,16,26
1	0	828	12	828	27	18	0,7,8,13,23	0,4,5,17	0,21,26
1	0	828	12	828	27	18	0,7,8,13,23	0,4,5,17	12,16,21
1	0	828	12	828	27	18	0,7,8,13,23	0,4,5,17	12,16,26
1	0	828	12	828	27	18	0,7,8,13,23	0,4,5,17	12,21,26
1	0	828	12	828	27	18	0,7,8,13,23	0,4,5,17	16,21,26
1	0	828	12	828	27	18	0,7,8,13,23	0,4,5,25	0,12,16
1	0	828	12	828	27	18	0,7,8,13,23	0,4,5,25	0,12,21
1	0	828	12	828	27	18	0,7,8,13,23	0,4,5,25	0,12,26
1	0	828	12	828	27	18	0,7,8,13,23	0,4,5,25	0,16,21
1	0	828	12	828	27	18	0,7,8,13,23	0,4,5,25	0,16,26
1	0	828	12	828	27	18	0,7,8,13,23	0,4,5,25	0,21,26
1	0	828	12	828	27	18	0,7,8,13,23	0,4,5,25	12,16,21
1	0	828	12	828	27	18	0,7,8,13,23	0,4,5,25	12,16,26
1	0	828	12	828	27	18	0,7,8,13,23	0,4,5,25	12,21,26
1	0	828	12	828	27	18	0,7,8,13,23	0,4,5,25	16,21,26
1	0	828	12	828	27	18	0,7,8,13,23	0,4,17,25	0,12,16
1	0	828	12	828	27	18	0,7,8,13,23	0,4,17,25	0,12,21
1	0	828	12	828	27	18	0,7,8,13,23	0,4,17,25	0,12,26
1	0	828	12	828	27	18	0,7,8,13,23	0,4,17,25	0,16,21
1	0	828	12	828	27	18	0,7,8,13,23	0,4,17,25	0,16,26
1	0	828	12	828	27	18	0,7,8,13,23	0,4,17,25	0,21,26
1	0	828	12	828	27	18	0,7,8,13,23	0,4,17,25	12,16,21
1	0	828	12	828	27	18	0,7,8,13,23	0,4,17,25	12,16,26
1	0	828	12	828	27	18	0,7,8,13,23	0,4,17,25	12,21,26
1	0	828	12	828	27	18	0,7,8,13,23	0,4,17,25	16,21,26
1	0	828	12	828	27	18	0,7,8,13,23	0,5,17,25	0,12,16
1	0	828	12	828	27	18	0,7,8,13,23	0,5,17,25	0,12,21
1	0	828	12	828	27	18	0,7,8,13,23	0,5,17,25	0,12,26
1	0	828	12	828	27	18	0,7,8,13,23	0,5,17,25	0,16,21
1	0	828	12	828	27	18	0,7,8,13,23	0,5,17,25	0,16,26
1	0	828	12	828	27	18	0,7,8,13,23	0,5,17,25	0,21,26
1	0	828	12	828	27	18	0,7,8,13,23	0,5,17,25	12,16,21
1	0	828	12	828	27	18	0,7,8,13,23	0,5,17,25	12,16,26
1	0	828	12	828	27	18	0,7,8,13,23	0,5,17,25	12,21,26
1	0	828	12	828	27	18	0,7,8,13,23	0,5,17,25	16,21,26
1	0	828	12	828	27	18	0,7,8,13,23	4,5,17,25	0,12,16
1	0	828	12	828	27	18	0,7,8,13,23	4,5,17,25	0,12,21
1	0	828	12	828	27	18	0,7,8,13,23	4,5,17,25	0,12,26
1	0	828	12	828	27	18	0,7,8,13,23	4,5,17,25	0,16,21
1	0	828	12	828	27	18	0,7,8,13,23	4,5,17,25	0,16,26
1	0	828	12	828	27	18	0,7,8,13,23	4,5,17,25	0,21,26
1	0	828	12	828	27	18	0,7,8,13,23	4,5,17,25	12,16,21
1	0	828	12	828	27	18	0,7,8,13,23	4,5,17,25	12,16,26
1	0	828	12	828	27	18	0,7,8,13,23	4,5,17,25	12,21,26
1	0	828	12	828	27	18	0,7,8,13,23	4,5,17,25	16,21,26
1	1	828	12	828	7	12	4,5,6,10,20	3,8,11,19	6,18,23
1	1	828	12	828	27	9	0,7,8,13,23	0,4,5,17	0,12,16
1	1	828	12	828	27	9	0,7,8,13,23	0,4,5,17	0,12,21
1	1	828	12	828	27	9	0,7,8,13,23	0,4,5,17	0,12,26
1	1	828	12	828	27	9	0,7,8,13,23	0,4,5,17	0,16,21
1	1	828	12	828	27	9	0,7,8,13,23	0,4,5,17	0,16,26
1	1	828	12	828	27	9	0,7,8,13,23	0,4,5,17	0,21,26
1	1	828	12	828	27	9	0,7,8,13,23	0,4,5,17	12,16,21
1	1	828	12	828	27	9	0,7,8,13,23	0,4,5,17	12,16,26
1	1	828	12	828	27	9	0,7,8,13,23	0,4,5,17	12,21,26
1	1	828	12	828	27	9	0,7,8,13,23	0,4,5,17	16,21,26
1	1	828	12	828	27	9	0,7,8,13,23	0,4,5,25	0,12,16
1	1	828	12	828	27	9	0,7,8,13,23	0,4,5,25	0,12,21
1	1	828	12	828	27	9	0,7,8,13,23	0,4,5,25	0,12,26
1	1	828	12	828	27	9	0,7,8,13,23	0,4,5,25	0,16,21
1	1	828	12	828	27	9	0,7,8,13,23	0,4,5,25	0,16,26
1	1	828	12	828	27	9	0,7,8,13,23	0,4,5,25	0,21,26
1	1	828	12	828	27	9	0,7,8,13,23	0,4,5,25	12,16,21
1	1	828	12	828	27	9	0,7,8,13,23	0,4,5,25	12,16,26
1	1	828	12	828	27	9	0,7,8,13,23	0,4,5,25	12,21,26
1	1	828	12	828	27	9	0,7,8,13,23	0,4,5,25	16,21,26
1	1	828	12	828	27	9	0,7,8,13,23	0,4,17,25	0,12,16
1	1	828	12	828	27	9	0,7,8,13,23	0,4,17,25	0,12,21
1	1	828	12	828	27	9	0,7,8,13,23	0,4,17,25	0,12,26
1	1	828	12	828	27	9	0,7,8,13,23	0,4,17,25	0,16,21
1	1	828	12	828	27	9	0,7,8,13,23	0,4,17,25	0,16,26
1	1	828	12	828	27	9	0,7,8,13,23	0,4,17,25	0,21,26
1	1	828	12	828	27	9	0,7,8,13,23	0,4,17,25	12,16,21
1	1	828	12	828	27	9	0,7,8,13,23	0,4,17,25	12,16,26
1	1	828	12	828	27	9	0,7,8,13,23	0,4,17,25	12,21,26
1	1	828	12	828	27	9	0,7,8,13,23	0,4,17,25	16,21,26
1	1	828	12	828	27	9	0,7,8,13,23	0,5,17,25	0,12,16
1	1	828	12	828	27	9	0,7,8,13,23	0,5,17,25	0,12,21
1	1	828	12	828	27	9	0,7,8,13,23	0,5,17,25	0,12,26
1	1	828	12	828	27	9	0,7,8,13,23	0,5,17,25	0,16,21
1	1	828	12	828	27	9	0,7,8,13,23	0,5,17,25	0,16,26
1	1	828	12	828	27	9	0,7,8,13,23	0,5,17,25	0,21,26
1	1	828	12	828	27	9	0,7,8,13,23	0,5,17,25	12,16,21
1	1	828	12	828	27	9	0,7,8,13,23	0,5,17,25	12,16,26
1	1	828	12	828	27	9	0,7,8,13,23	0,5,17,25	12,21,26
1	1	828	12	828	27	9	0,7,8,13,23	0,5,17,25	16,21,26
1	1	828	12	828	27	9	0,7,8,13,23	4,5,17,25	0,12,16
1	1	828	12	828	27	9	0,7,8,13,23	4,5,17,25	0,12,21
1	1	828	12	828	27	9	0,7,8,13,23	4,5,17,25	0,12,26
1	1	828	12	828	27	9	0,7,8,13,23	4,5,17,25	0,16,21
1	1	828	12	828	27	9	0,7,8,13,23	4,5,17,25	0,16,26
1	1	828	12	828	27	9	0,7,8,13,23	4,5,17,25	0,21,26
1	1	828	12	828	27	9	0,7,8,13,23	4,5,17,25	12,16,21
1	1	828	12	828	27	9	0,7,8,13,23	4,5,17,25	12,16,26
1	1	828	12	828	27	9	0,7,8,13,23	4,5,17,25	12,21,26
1	1	828	12	828	27	9	0,7,8,13,23	4,5,17,25	16,21,26
1	1	828	12	828	27	18	0,7,8,13,23	0,4,5,17	0,12,16
1	1	828	12	828	27	18	0,7,8,13,23	0,4,5,17	0,12,21
1	1	828	12	828	27	18	0,7,8,13,23	0,4,5,17	0,12,26
1	1	828	12	828	27	18	0,7,8,13,23	0,4,5,17	0,16,21
1	1	828	12	828	27	18	0,7,8,13,23	0,4,5,17	0,16,26
1	1	828	12	828	27	18	0,7,8,13,23	0,4,5,17	0,21,26
1	1	828	12	828	27	18	0,7,8,13,23	0,4,5,17	12,16,21
1	1	828	12	828	27	18	0,7,8,13,23	0,4,5,17	12,16,26
1	1	828	12	828	27	18	0,7,8,13,23	0,4,5,17	12,21,26
1	1	828	12	828	27	18	0,7,8,13,23	0,4,5,17	16,21,26
1	1	828	12	828	27	18	0,7,8,13,23	0,4,5,25	0,12,16
1	1	828	12	828	27	18	0,7,8,13,23	0,4,5,25	0,12,21
1	1	828	12	828	27	18	0,7,8,13,23	0,4,5,25	0,12,26
1	1	828	12	828	27	18	0,7,8,13,23	0,4,5,25	0,16,21
1	1	828	12	828	27	18	0,7,8,13,23	0,4,5,25	0,16,26
1	1	828	12	828	27	18	0,7,8,13,23	0,4,5,25	0,21,26
1	1	828	12	828	27	18	0,7,8,13,23	0,4,5,25	12,16,21
1	1	828	12	828	27	18	0,7,8,13,23	0,4,5,25	12,16,26
1	1	828	12	828	27	18	0,7,8,13,23	0,4,5,25	12,21,26
1	1	828	12	828	27	18	0,7,8,13,23	0,4,5,25	16,21,26
1	1	828	12	828	27	18	0,7,8,13,23	0,4,17,25	0,12,16
1	1	828	12	828	27	18	0,7,8,13,23	0,4,17,25	0,12,21
1	1	828	12	828	27	18	0,7,8,13,23	0,4,17,25	0,12,26
1	1	828	12	828	27	18	0,7,8,13,23	0,4,17,25	0,16,21
1	1	828	12	828	27	18	0,7,8,13,23	0,4,17,25	0,16,26
1	1	828	12	828	27	18	0,7,8,13,23	0,4,17,25	0,21,26
1	1	828	12	828	27	18	0,7,8,13,23	0,4,17,25	12,16,21
1	1	828	12	828	27	18	0,7,8,13,23	0,4,17,25	12,16,26
1	1	828	12	828	27	18	0,7,8,13,23	0,4,17,25	12,21,26
1	1	828	12	828	27	18	0,7,8,13,23	0,4,17,25	16,21,26
1	1	828	12	828	27	18	0,7,8,13,23	0,5,17,25	0,12,16
1	1	828	12	828	27	18	0,7,8,13,23	0,5,17,25	0,12,21
1	1	828	12	828	27	18	0,7,8,13,23	0,5,17,25	0,12,26
1	1	828	12	828	27	18	0,7,8,13,23	0,5,17,25	0,16,21
1	1	828	12	828	27	18	0,7,8,13,23	0,5,17,25	0,16,26
1	1	828	12	828	27	18	0,7,8,13,23	0,5,17,25	0,21,26
1	1	828	12	828	27	18	0,7,8,13,23	0,5,17,25	12,16,21
1	1	828	12	828	27	18	0,7,8,13,23	0,5,17,25	12,16,26
1	1	828	12	828	27	18	0,7,8,13,23	0,5,17,25	12,21,26
1	1	828	12	828	27	18	0,7,8,13,23	0,5,17,25	16,21,26
1	1	828	12	828	27	18	0,7,8,13,23	4,5,17,25	0,12,16
1	1	828	12	828	27	18	0,7,8,13,23	4,5,17,25	0,12,21
1	1	828	12	828	27	18	0,7,8,13,23	4,5,17,25	0,12,26
1	1	828	12	828	27	18	0,7,8,13,23	4,5,17,25	0,16,21
1	1	828	12	828	27	18	0,7,8,13,23	4,5,17,25	0,16,26
1	1	828	12	828	27	18	0,7,8,13,23	4,5,17,25	0,21,26
1	1	828	12	828	27	18	0,7,8,13,23	4,5,17,25	12,16,21
1	1	828	12	828	27	18	0,7,8,13,23	4,5,17,25	12,16,26
1	1	828	12	828	27	18	0,7,8,13,23	4,5,17,25	12,21,26
1	1	828	12	828	27	18	0,7,8,13,23	4,5,17,25	16,21,26
2	0	828	12	828	6	24	3,7,8,11,19	5,6,10,20	3,9,17
2	0	828	12	828	27	1	0,12,17,21,25	0,13,15,23	0,7,8
2	0	828	12	828	27	1	0,12,17,21,25	0,13,15,23	0,7,14
2	0	828	12	828	27	1	0,12,17,21,25	0,13,15,23	0,7,22
2	0	828	12	828	27	1	0,12,17,21,25	0,13,15,23	0,8,14
2	0	828	12	828	27	1	0,12,17,21,25	0,13,15,23	0,8,22
2	0	828	12	828	27	1	0,12,17,21,25	0,13,15,23	0,14,22
2	0	828	12	828	27	1	0,12,17,21,25	0,13,15,23	7,8,14
2	0	828	12	828	27	1	0,12,17,21,25	0,13,15,23	7,8,22
2	0	828	12	828	27	1	0,12,17,21,25	0,13,15,23	7,14,22
2	0	828	12	828	27	1	0,12,17,21,25	0,13,15,23	8,14,22
2	0	828	12	828	27	1	0,12,17,21,25	0,13,15,24	0,7,8
2	0	828	12	828	27	1	0,12,17,21,25	0,13,15,24	0,7,14
2	0	828	12	828	27	1	0,12,17,21,25	0,13,15,24	0,7,22
2	0	828	12	828	27	1	0,12,17,21,25	0,13,15,24	0,8,14
2	0	828	12	828	27	1	0,12,17,21,25	0,13,15,24	0,8,22
2	0	828	12	828	27	1	0,12,17,21,25	0,13,15,24	0,14,22
2	0	828	12	828	27	1	0,12,17,21,25	0,13,15,24	7,8,14
2	0	828	12	828	27	1	0,12,17,21,25	0,13,15,24	7,8,22
2	0	828	12	828	27	1	0,12,17,21,25	0,13,15,24	7,14,22
2	0	828	12	828	27	1	0,12,17,21,25	0,13,15,24	8,14,22
2	0	828	12	828	27	1	0,12,17,21,25	0,13,23,24	0,7,8
2	0	828	12	828	27	1	0,12,17,21,25	0,13,23,24	0,7,14
2	0	828	12	828	27	1	0,12,17,21,25	0,13,23,24	0,7,22
2	0	828	12	828	27	1	0,12,17,21,25	0,13,23,24	0,8,14
2	0	828	12	828	27	1	0,12,17,21,25	0,13,23,24	0,8,22
2	0	828	12	828	27	1	0,12,17,21,25	0,13,23,24	0,14,22
2	0	828	12	828	27	1	0,12,17,21,25	0,13,23,24	7,8,14
2	0	828	12	828	27	1	0,12,17,21,25	0,13,23,24	7,8,22
2	0	828	12	828	27	1	0,12,17,21,25	0,13,23,24	7,14,22
2	0	828	12	828	27	1	0,12,17,21,25	0,13,23,24	8,14,22
2	0	828	12	828	27	1	0,12,17,21,25	0,15,23,24	0,7,8
2	0	828	12	828	27	1	0,12,17,21,25	0,15,23,24	0,7,14
2	0	828	12	828	27	1	0,12,17,21,25	0,15,23,24	0,7,22
2	0	828	12	828	27	1	0,12,17,21,25	0,15,23,24	0,8,14
2	0	828	12	828	27	1	0,12,17,21,25	0,15,23,24	0,8,22
2	0	828	12	828	27	1	0,12,17,21,25	0,15,23,24	0,14,22
2	0	828	12	828	27	1	0,12,17,21,25	0,15,23,24	7,8,14
2	0	828	12	828	27	1	0,12,17,21,25	0,15,23,24	7,8,22
2	0	828	12	828	27	1	0,12,17,21,25	0,15,23,24	7,14,22
2	0	828	12	828	27	1	0,12,17,21,25	0,15,23,24	8,14,22
2	0	828	12	828	27	1	0,12,17,21,25	13,15,23,24	0,7,8
2	0	828	12	828	27	1	0,12,17,21,25	13,15,23,24	0,7,14
2	0	828	12	828	27	1	0,12,17,21,25	13,15,23,24	0,7,22
2	0	828	12	828	27	1	0,12,17,21,25	13,15,23,24	0,8,14
2	0	828	12	828	27	1	0,12,17,21,25	13,15,23,24	0,8,22
2	0	828	12	828	27	1	0,12,17,21,25	13,15,23,24	0,14,22
2	0	828	12	828	27	1	0,12,17,21,25	13,15,23,24	7,8,14
2	0	828	12	828	27	1	0,12,17,21,25	13,15,23,24	7,8,22
2	0	828	12	828	27	1	0,12,17,21,25	13,15,23,24	7,14,22
2	0	828	12	828	27	1	0,12,17,21,25	13,15,23,24	8,14,22
2	0	828	12	828	27	2	0,12,17,21,25	0,13,15,23	0,7,8
2	0	828	12	828	27	2	0,12,17,21,25	0,13,15,23	0,7,14
2	0	828	12	828	27	2	0,12,17,21,25	0,13,15,23	0,7,22
2	0	828	12	828	27	2	0,12,17,21,25	0,13,15,23	0,8,14
2	0	828	12	828	27	2	0,12,17,21,25	0,13,15,23	0,8,22
2	0	828	12	828	27	2	0,12,17,21,25	0,13,15,23	0,14,22
2	0	828	12	828	27	2	0,12,17,21,25	0,13,15,23	7,8,14
2	0	828	12	828	27	2	0,12,17,21,25	0,13,15,23	7,8,22
2	0	828	12	828	27	2	0,12,17,21,25	0,13,15,23	7,14,22
2	0	828	12	828	27	2	0,12,17,21,25	0,13,15,23	8,14,22
2	0	828	12	828	27	2	0,12,17,21,25	0,13,15,24	0,7,8
2	0	828	12	828	27	2	0,12,17,21,25	0,13,15,24	0,7,14
2	0	828	12	828	27	2	0,12,17,21,25	0,13,15,24	0,7,22
2	0	828	12	828	27	2	0,12,17,21,25	0,13,15,24	0,8,14
2	0	828	12	828	27	2	0,12,17,21,25	0,13,15,24	0,8,22
2	0	828	12	828	27	2	0,12,17,21,25	0,13,15,24	0,14,22
2	0	828	12	828	27	2	0,12,17,21,25	0,13,15,24	7,8,14
2	0	828	12	828	27	2	0,12,17,21,25	0,13,15,24	7,8,22
2	0	828	12	828	27	2	0,12,17,21,25	0,13,15,24	7,14,22
2	0	828	12	828	27	2	0,12,17,21,25	0,13,15,24	8,14,22
2	0	828	12	828	27	2	0,12,17,21,25	0,13,23,24	0,7,8
2	0	828	12	828	27	2	0,12,17,21,25	0,13,23,24	0,7,14
2	0	828	12	828	27	2	0,12,17,21,25	0,13,23,24	0,7,22
2	0	828	12	828	27	2	0,12,17,21,25	0,13,23,24	0,8,14
2	0	828	12	828	27	2	0,12,17,21,25	0,13,23,24	0,8,22
2	0	828	12	828	27	2	0,12,17,21,25	0,13,23,24	0,14,22
2	0	828	12	828	27	2	0,12,17,21,25	0,13,23,24	7,8,14
2	0	828	12	828	27	2	0,12,17,21,25	0,13,23,24	7,8,22
2	0	828	12	828	27	2	0,12,17,21,25	0,13,23,24	7,14,22
2	0	828	12	828	27	2	0,12,17,21,25	0,13,23,24	8,14,22
2	0	828	12	828	27	2	0,12,17,21,25	0,15,23,24	0,7,8
2	0	828	12	828	27	2	0,12,17,21,25	0,15,23,24	0,7,14
2	0	828	12	828	27	2	0,12,17,21,25	0,15,23,24	0,7,22
2	0	828	12	828	27	2	0,12,17,21,25	0,15,23,24	0,8,14
2	0	828	12	828	27	2	0,12,17,21,25	0,15,23,24	0,8,22
2	0	828	12	828	27	2	0,12,17,21,25	0,15,23,24	0,14,22
2	0	828	12	828	27	2	0,12,17,21,25	0,15,23,24	7,8,14
2	0	828	12	828	27	2	0,12,17,21,25	0,15,23,24	7,8,22
2	0	828	12	828	27	2	0,12,17,21,25	0,15,23,24	7,14,22
2	0	828	12	828	27	2	0,12,17,21,25	0,15,23,24	8,14,22
2	0	828	12	828	27	2	0,12,17,21,25	13,15,23,24	0,7,8
2	0	828	12	828	27	2	0,12,17,21,25	13,15,23,24	0,7,14
2	0	828	12	828	27	2	0,12,17,21,25	13,15,23,24	0,7,22
2	0	828	12	828	27	2	0,12,17,21,25	13,15,23,24	0,8,14
2	0	828	12	828	27	2	0,12,17,21,25	13,15,23,24	0,8,22
2	0	828	12	828	27	2	0,12,17,21,25	13,15,23,24	0,14,22
2	0	828	12	828	27	2	0,12,17,21,25	13,15,23,24	7,8,14
2	0	828	12	828	27	2	0,12,17,21,25	13,15,23,24	7,8,22
2	0	828	12	828	27	2	0,12,17,21,25	13,15,23,24	7,14,22
2	0	828	12	828	27	2	0,12,17,21,25	13,15,23,24	8,14,22
2	0	828	12	828	32	12	1,2,6,14,22	1,3,16,26	6,19,21
2	1	828	12	828	6	24	3,7,8,11,19	5,6,10,20	3,9,17
2	1	828	12	828	27	1	0,12,17,21,25	0,13,15,23	0,7,8
2	1	828	12	828	27	1	0,12,17,21,25	0,13,15,23	0,7,14
2	1	828	12	828	27	1	0,12,17,21,25	0,13,15,23	0,7,22
2	1	828	12	828	27	1	0,12,17,21,25	0,13,15,23	0,8,14
2	1	828	12	828	27	1	0,12,17,21,25	0,13,15,23	0,8,22
2	1	828	12	828	27	1	0,12,17,21,25	0,13,15,23	0,14,22
2	1	828	12	828	27	1	0,12,17,21,25	0,13,15,23	7,8,14
2	1	828	12	828	27	1	0,12,17,21,25	0,13,15,23	7,8,22
2	1	828	12	828	27	1	0,12,17,21,25	0,13,15,23	7,14,22
2	1	828	12	828	27	1	0,12,17,21,25	0,13,15,23	8,14,22
2	1	828	12	828	27	1	0,12,17,21,25	0,13,15,24	0,7,8
2	1	828	12	828	27	1	0,12,17,21,25	0,13,15,24	0,7,14
2	1	828	12	828	27	1	0,12,17,21,25	0,13,15,24	0,7,22
2	1	828	12	828	27	1	0,12,17,21,25	0,13,15,24	0,8,14
2	1	828	12	828	27	1	0,12,17,21,25	0,13,15,24	0,8,22
2	1	828	12	828	27	1	0,12,17,21,25	0,13,15,24	0,14,22
2	1	828	12	828	27	1	0,12,17,21,25	0,13,15,24	7,8,14
2	1	828	12	828	27	1	0,12,17,21,25	0,13,15,24	7,8,22
2	1	828	12	828	27	1	0,12,17,21,25	0,13,15,24	7,14,22
2	1	828	12	828	27	1	0,12,17,21,25	0,13,15,24	8,14,22
2	1	828	12	828	27	1	0,12,17,21,25	0,13,23,24	0,7,8
2	1	828	12	828	27	1	0,12,17,21,25	0,13,23,24	0,7,14
2	1	828	12	828	27	1	0,12,17,21,25	0,13,23,24	0,7,22
2	1	828	12	828	27	1	0,12,17,21,25	0,13,23,24	0,8,14
2	1	828	12	828	27	1	0,12,17,21,25	0,13,23,24	0,8,22
2	1	828	12	828	27	1	0,12,17,21,25	0,13,23,24	0,14,22
2	1	828	12	828	27	1	0,12,17,21,25	0,13,23,24	7,8,14
2	1	828	12	828	27	1	0,12,17,21,25	0,13,23,24	7,8,22
2	1	828	12	828	27	1	0,12,17,21,25	0,13,23,24	7,14,22
2	1	828	12	828	27	1	0,12,17,21,25	0,13,23,24	8,14,22
2	1	828	12	828	27	1	0,12,17,21,25	0,15,23,24	0,7,8
2	1	828	12	828	27	1	0,12,17,21,25	0,15,23,24	0,7,14
2	1	828	12	828	27	1	0,12,17,21,25	0,15,23,24	0,7,22
2	1	828	12	828	27	1	0,12,17,21,25	0,15,23,24	0,8,14
2	1	828	12	828	27	1	0,12,17,21,25	0,15,23,24	0,8,22
2	1	828	12	828	27	1	0,12,17,21,25	0,15,23,24	0,14,22
2	1	828	12	828	27	1	0,12,17,21,25	0,15,23,24	7,8,14
2	1	828	12	828	27	1	0,12,17,21,25	0,15,23,24	7,8,22
2	1	828	12	828	27	1	0,12,17,21,25	0,15,23,24	7,14,22
2	1	828	12	828	27	1	0,12,17,21,25	0,15,23,24	8,14,22
2	1	828	12	828	27	1	0,12,17,21,25	13,15,23,24	0,7,8
2	1	828	12	828	27	1	0,12,17,21,25	13,15,23,24	0,7,14
2	1	828	12	828	27	1	0,12,17,21,25	13,15,23,24	0,7,22
2	1	828	12	828	27	1	0,12,17,21,25	13,15,23,24	0,8,14
2	1	828	12	828	27	1	0,12,17,21,25	13,15,23,24	0,8,22
2	1	828	12	828	27	1	0,12,17,21,25	13,15,23,24	0,14,22
2	1	828	12	828	27	1	0,12,17,21,25	13,15,23,24	7,8,14
2	1	828	12	828	27	1	0,12,17,21,25	13,15,23,24	7,8,22
2	1	828	12	828	27	1	0,12,17,21,25	13,15,23,24	7,14,22
2	1	828	12	828	27	1	0,12,17,21,25	13,15,23,24	8,14,22
2	1	828	12	828	27	2	0,12,17,21,25	0,13,15,23	0,7,8
2	1	828	12	828	27	2	0,12,17,21,25	0,13,15,23	0,7,14
2	1	828	12	828	27	2	0,12,17,21,25	0,13,15,23	0,7,22
2	1	828	12	828	27	2	0,12,17,21,25	0,13,15,23	0,8,14
2	1	828	12	828	27	2	0,12,17,21,25	0,13,15,23	0,8,22
2	1	828	12	828	27	2	0,12,17,21,25	0,13,15,23	0,14,22
2	1	828	12	828	27	2	0,12,17,21,25	0,13,15,23	7,8,14
2	1	828	12	828	27	2	0,12,17,21,25	0,13,15,23	7,8,22
2	1	828	12	828	27	2	0,12,17,21,25	0,13,15,23	7,14,22
2	1	828	12	828	27	2	0,12,17,21,25	0,13,15,23	8,14,22
2	1	828	12	828	27	2	0,12,17,21,25	0,13,15,24	0,7,8
2	1	828	12	828	27	2	0,12,17,21,25	0,13,15,24	0,7,14
2	1	828	12	828	27	2	0,12,17,21,25	0,13,15,24	0,7,22
2	1	828	12	828	27	2	0,12,17,21,25	0,13,15,24	0,8,14
2	1	828	12	828	27	2	0,12,17,21,25	0,13,15,24	0,8,22
2	1	828	12	828	27	2	0,12,17,21,25	0,13,15,24	0,14,22
2	1	828	12	828	27	2	0,12,17,21,25	0,13,15,24	7,8,14
2	1	828	12	828	27	2	0,12,17,21,25	0,13,15,24	7,8,22
2	1	828	12	828	27	2	0,12,17,21,25	0,13,15,24	7,14,22
2	1	828	12	828	27	2	0,12,17,21,25	0,13,15,24	8,14,22
2	1	828	12	828	27	2	0,12,17,21,25	0,13,23,24	0,7,8
2	1	828	12	828	27	2	0,12,17,21,25	0,13,23,24	0,7,14
2	1	828	12	828	27	2	0,12,17,21,25	0,13,23,24	0,7,22
2	1	828	12	828	27	2	0,12,17,21,25	0,13,23,24	0,8,14
2	1	828	12	828	27	2	0,12,17,21,25	0,13,23,24	0,8,22
2	1	828	12	828	27	2	0,12,17,21,25	0,13,23,24	0,14,22
2	1	828	12	828	27	2	0,12,17,21,25	0,13,23,24	7,8,14
2	1	828	12	828	27	2	0,12,17,21,25	0,13,23,24	7,8,22
2	1	828	12	828	27	2	0,12,17,21,25	0,13,23,24	7,14,22
2	1	828	12	828	27	2	0,12,17,21,25	0,13,23,24	8,14,22
2	1	828	12	828	27	2	0,12,17,21,25	0,15,23,24	0,7,8
2	1	828	12	828	27	2	0,12,17,21,25	0,15,23,24	0,7,14
2	1	828	12	828	27	2	0,12,17,21,25	0,15,23,24	0,7,22
2	1	828	12	828	27	2	0,12,17,21,25	0,15,23,24	0,8,14
2	1	828	12	828	27	2	0,12,17,21,25	0,15,23,24	0,8,22
2	1	828	12	828	27	2	0,12,17,21,25	0,15,23,24	0,14,22
2	1	828	12	828	27	2	0,12,17,21,25	0,15,23,24	7,8,14
2	1	828	12	828	27	2	0,12,17,21,25	0,15,23,24	7,8,22
2	1	828	12	828	27	2	0,12,17,21,25	0,15,23,24	7,14,22
2	1	828	12	828	27	2	0,12,17,21,25	0,15,23,24	8,14,22
2	1	828	12	828	27	2	0,12,17,21,25	13,15,23,24	0,7,8
2	1	828	12	828	27	2	0,12,17,21,25	13,15,23,24	0,7,14
2	1	828	12	828	27	2	0,12,17,21,25	13,15,23,24	0,7,22
2	1	828	12	828	27	2	0,12,17,21,25	13,15,23,24	0,8,14
2	1	828	12	828	27	2	0,12,17,21,25	13,15,23,24	0,8,22
2	1	828	12	828	27	2	0,12,17,21,25	13,15,23,24	0,14,22
2	1	828	12	828	27	2	0,12,17,21,25	13,15,23,24	7,8,14
2	1	828	12	828	27	2	0,12,17,21,25	13,15,23,24	7,8,22
2	1	828	12	828	27	2	0,12,17,21,25	13,15,23,24	7,14,22
2	1	828	12	828	27	2	0,12,17,21,25	13,15,23,24	8,14,22
2	1	828	12	828	32	12	1,2,6,14,22	1,3,16,26	6,19,21
3	0	828	12	828	7	12	4,5,6,10,20	3,8,11,19	6,18,23
3	0	828	12	828	27	9	0,7,8,13,23	0,4,5,17	0,12,16
3	0	828	12	828	27	9	0,7,8,13,23	0,4,5,17	0,12,21
3	0	828	12	828	27	9	0,7,8,13,23	0,4,5,17	0,12,26
3	0	828	12	828	27	9	0,7,8,13,23	0,4,5,17	0,16,21
3	0	828	12	828	27	9	0,7,8,13,23	0,4,5,17	0,16,26
3	0	828	12	828	27	9	0,7,8,13,23	0,4,5,17	0,21,26
3	0	828	12	828	27	9	0,7,8,13,23	0,4,5,17	12,16,21
3	0	828	12	828	27	9	0,7,8,13,23	0,4,5,17	12,16,26
3	0	828	12	828	27	9	0,7,8,13,23	0,4,5,17	12,21,26
3	0	828	12	828	27	9	0,7,8,13,23	0,4,5,17	16,21,26
3	0	828	12	828	27	9	0,7,8,13,23	0,4,5,25	0,12,16
3	0	828	12	828	27	9	0,7,8,13,23	0,4,5,25	0,12,21
3	0	828	12	828	27	9	0,7,8,13,23	0,4,5,25	0,12,26
3	0	828	12	828	27	9	0,7,8,13,23	0,4,5,25	0,16,21
3	0	828	12	828	27	9	0,7,8,13,23	0,4,5,25	0,16,26
3	0	828	12	828	27	9	0,7,8,13,23	0,4,5,25	0,21,26
3	0	828	12	828	27	9	0,7,8,13,23	0,4,5,25	12,16,21
3	0	828	12	828	27	9	0,7,8,13,23	0,4,5,25	12,16,26
3	0	828	12	828	27	9	0,7,8,13,23	0,4,5,25	12,21,26
3	0	828	12	828	27	9	0,7,8,13,23	0,4,5,25	16,21,26
3	0	828	12	828	27	9	0,7,8,13,23	0,4,17,25	0,12,16
3	0	828	12	828	27	9	0,7,8,13,23	0,4,17,25	0,12,21
3	0	828	12	828	27	9	0,7,8,13,23	0,4,17,25	0,12,26
3	0	828	12	828	27	9	0,7,8,13,23	0,4,17,25	0,16,21
3	0	828	12	828	27	9	0,7,8,13,23	0,4,17,25	0,16,26
3	0	828	12	828	27	9	0,7,8,13,23	0,4,17,25	0,21,26
3	0	828	12	828	27	9	0,7,8,13,23	0,4,17,25	12,16,21
3	0	828	12	828	27	9	0,7,8,13,23	0,4,17,25	12,16,26
3	0	828	12	828	27	9	0,7,8,13,23	0,4,17,25	12,21,26
3	0	828	12	828	27	9	0,7,8,13,23	0,4,17,25	16,21,26
3	0	828	12	828	27	9	0,7,8,13,23	0,5,17,25	0,12,16
3	0	828	12	828	27	9	0,7,8,13,23	0,5,17,25	0,12,21
3	0	828	12	828	27	9	0,7,8,13,23	0,5,17,25	0,12,26
3	0	828	12	828	27	9	0,7,8,13,23	0,5,17,25	0,16,21
3	0	828	12	828	27	9	0,7,8,13,23	0,5,17,25	0,16,26
3	0	828	12	828	27	9	0,7,8,13,23	0,5,17,25	0,21,26
3	0	828	12	828	27	9	0,7,8,13,23	0,5,17,25	12,16,21
3	0	828	12	828	27	9	0,7,8,13,23	0,5,17,25	12,16,26
3	0	828	12	828	27	9	0,7,8,13,23	0,5,17,25	12,21,26
3	0	828	12	828	27	9	0,7,8,13,23	0,5,17,25	16,21,26
3	0	828	12	828	27	9	0,7,8,13,23	4,5,17,25	0,12,16
3	0	828	12	828	27	9	0,7,8,13,23	4,5,17,25	0,12,21
3	0	828	12	828	27	9	0,7,8,13,23	4,5,17,25	0,12,26
3	0	828	12	828	27	9	0,7,8,13,23	4,5,17,25	0,16,21
3	0	828	12	828	27	9	0,7,8,13,23	4,5,17,25	0,16,26
3	0	828	12	828	27	9	0,7,8,13,23	4,5,17,25	0,21,26
3	0	828	12	828	27	9	0,7,8,13,23	4,5,17,25	12,16,21
3	0	828	12	828	27	9	0,7,8,13,23	4,5,17,25	12,16,26
3	0	828	12	828	27	9	0,7,8,13,23	4,5,17,25	12,21,26
3	0	828	12	828	27	9	0,7,8,13,23	4,5,17,25	16,21,26
3	0	828	12	828	27	18	0,7,8,13,23	0,4,5,17	0,12,16
3	0	828	12	828	27	18	0,7,8,13,23	0,4,5,17	0,12,21
3	0	828	12	828	27	18	0,7,8,13,23	0,4,5,17	0,12,26
3	0	828	12	828	27	18	0,7,8,13,23	0,4,5,17	0,16,21
3	0	828	12	828	27	18	0,7,8,13,23	0,4,5,17	0,16,26
3	0	828	12	828	27	18	0,7,8,13,23	0,4,5,17	0,21,26
3	0	828	12	828	27	18	0,7,8,13,23	0,4,5,17	12,16,21
3	0	828	12	828	27	18	0,7,8,13,23	0,4,5,17	12,16,26
3	0	828	12	828	27	18	0,7,8,13,23	0,4,5,17	12,21,26
3	0	828	12	828	27	18	0,7,8,13,23	0,4,5,17	16,21,26
3	0	828	12	828	27	18	0,7,8,13,23	0,4,5,25	0,12,16
3	0	828	12	828	27	18	0,7,8,13,23	0,4,5,25	0,12,21
3	0	828	12	828	27	18	0,7,8,13,23	0,4,5,25	0,12,26
3	0	828	12	828	27	18	0,7,8,13,23	0,4,5,25	0,16,21
3	0	828	12	828	27	18	0,7,8,13,23	0,4,5,25	0,16,26
3	0	828	12	828	27	18	0,7,8,13,23	0,4,5,25	0,21,26
3	0	828	12	828	27	18	0,7,8,13,23	0,4,5,25	12,16,21
3	0	828	12	828	27	18	0,7,8,13,23	0,4,5,25	12,16,26
3	0	828	12	828	27	18	0,7,8,13,23	0,4,5,25	12,21,26
3	0	828	12	828	27	18	0,7,8,13,23	0,4,5,25	16,21,26
3	0	828	12	828	27	18	0,7,8,13,23	0,4,17,25	0,12,16
3	0	828	12	828	27	18	0,7,8,13,23	0,4,17,25	0,12,21
3	0	828	12	828	27	18	0,7,8,13,23	0,4,17,25	0,12,26
3	0	828	12	828	27	18	0,7,8,13,23	0,4,17,25	0,16,21
3	0	828	12	828	27	18	0,7,8,13,23	0,4,17,25	0,16,26
3	0	828	12	828	27	18	0,7,8,13,23	0,4,17,25	0,21,26
3	0	828	12	828	27	18	0,7,8,13,23	0,4,17,25	12,16,21
3	0	828	12	828	27	18	0,7,8,13,23	0,4,17,25	12,16,26
3	0	828	12	828	27	18	0,7,8,13,23	0,4,17,25	12,21,26
3	0	828	12	828	27	18	0,7,8,13,23	0,4,17,25	16,21,26
3	0	828	12	828	27	18	0,7,8,13,23	0,5,17,25	0,12,16
3	0	828	12	828	27	18	0,7,8,13,23	0,5,17,25	0,12,21
3	0	828	12	828	27	18	0,7,8,13,23	0,5,17,25	0,12,26
3	0	828	12	828	27	18	0,7,8,13,23	0,5,17,25	0,16,21
3	0	828	12	828	27	18	0,7,8,13,23	0,5,17,25	0,16,26
3	0	828	12	828	27	18	0,7,8,13,23	0,5,17,25	0,21,26
3	0	828	12	828	27	18	0,7,8,13,23	0,5,17,25	12,16,21
3	0	828	12	828	27	18	0,7,8,13,23	0,5,17,25	12,16,26
3	0	828	12	828	27	18	0,7,8,13,23	0,5,17,25	12,21,26
3	0	828	12	828	27	18	0,7,8,13,23	0,5,17,25	16,21,26
3	0	828	12	828	27	18	0,7,8,13,23	4,5,17,25	0,12,16
3	0	828	12	828	27	18	0,7,8,13,23	4,5,17,25	0,12,21
3	0	828	12	828	27	18	0,7,8,13,23	4,5,17,25	0,12,26
3	0	828	12	828	27	18	0,7,8,13,23	4,5,17,25	0,16,21
3	0	828	12	828	27	18	0,7,8,13,23	4,5,17,25	0,16,26
3	0	828	12	828	27	18	0,7,8,13,23	4,5,17,25	0,21,26
3	0	828	12	828	27	18	0,7,8,13,23	4,5,17,25	12,16,21
3	0	828	12	828	27	18	0,7,8,13,23	4,5,17,25	12,16,26
3	0	828	12	828	27	18	0,7,8,13,23	4,5,17,25	12,21,26
3	0	828	12	828	27	18	0,7,8,13,23	4,5,17,25	16,21,26
3	1	828	12	828	7	12	4,5,6,10,20	3,8,11,19	6,18,23
3	1	828	12	828	27	9	0,7,8,13,23	0,4,5,17	0,12,16
3	1	828	12	828	27	9	0,7,8,13,23	0,4,5,17	0,12,21
3	1	828	12	828	27	9	0,7,8,13,23	0,4,5,17	0,12,26
3	1	828	12	828	27	9	0,7,8,13,23	0,4,5,17	0,16,21
3	1	828	12	828	27	9	0,7,8,13,23	0,4,5,17	0,16,26
3	1	828	12	828	27	9	0,7,8,13,23	0,4,5,17	0,21,26
3	1	828	12	828	27	9	0,7,8,13,23	0,4,5,17	12,16,21
3	1	828	12	828	27	9	0,7,8,13,23	0,4,5,17	12,16,26
3	1	828	12	828	27	9	0,7,8,13,23	0,4,5,17	12,21,26
3	1	828	12	828	27	9	0,7,8,13,23	0,4,5,17	16,21,26
3	1	828	12	828	27	9	0,7,8,13,23	0,4,5,25	0,12,16
3	1	828	12	828	27	9	0,7,8,13,23	0,4,5,25	0,12,21
3	1	828	12	828	27	9	0,7,8,13,23	0,4,5,25	0,12,26
3	1	828	12	828	27	9	0,7,8,13,23	0,4,5,25	0,16,21
3	1	828	12	828	27	9	0,7,8,13,23	0,4,5,25	0,16,26
3	1	828	12	828	27	9	0,7,8,13,23	0,4,5,25	0,21,26
3	1	828	12	828	27	9	0,7,8,13,23	0,4,5,25	12,16,21
3	1	828	12	828	27	9	0,7,8,13,23	0,4,5,25	12,16,26
3	1	828	12	828	27	9	0,7,8,13,23	0,4,5,25	12,21,26
3	1	828	12	828	27	9	0,7,8,13,23	0,4,5,25	16,21,26
3	1	828	12	828	27	9	0,7,8,13,23	0,4,17,25	0,12,16
3	1	828	12	828	27	9	0,7,8,13,23	0,4,17,25	0,12,21
3	1	828	12	828	27	9	0,7,8,13,23	0,4,17,25	0,12,26
3	1	828	12	828	27	9	0,7,8,13,23	0,4,17,25	0,16,21
3	1	828	12	828	27	9	0,7,8,13,23	0,4,17,25	0,16,26
3	1	828	12	828	27	9	0,7,8,13,23	0,4,17,25	0,21,26
3	1	828	12	828	27	9	0,7,8,13,23	0,4,17,25	12,16,21
3	1	828	12	828	27	9	0,7,8,13,23	0,4,17,25	12,16,26
3	1	828	12	828	27	9	0,7,8,13,23	0,4,17,25	12,21,26
3	1	828	12	828	27	9	0,7,8,13,23	0,4,17,25	16,21,26
3	1	828	12	828	27	9	0,7,8,13,23	0,5,17,25	0,12,16
3	1	828	12	828	27	9	0,7,8,13,23	0,5,17,25	0,12,21
3	1	828	12	828	27	9	0,7,8,13,23	0,5,17,25	0,12,26
3	1	828	12	828	27	9	0,7,8,13,23	0,5,17,25	0,16,21
3	1	828	12	828	27	9	0,7,8,13,23	0,5,17,25	0,16,26
3	1	828	12	828	27	9	0,7,8,13,23	0,5,17,25	0,21,26
3	1	828	12	828	27	9	0,7,8,13,23	0,5,17,25	12,16,21
3	1	828	12	828	27	9	0,7,8,13,23	0,5,17,25	12,16,26
3	1	828	12	828	27	9	0,7,8,13,23	0,5,17,25	12,21,26
3	1	828	12	828	27	9	0,7,8,13,23	0,5,17,25	16,21,26
3	1	828	12	828	27	9	0,7,8,13,23	4,5,17,25	0,12,16
3	1	828	12	828	27	9	0,7,8,13,23	4,5,17,25	0,12,21
3	1	828	12	828	27	9	0,7,8,13,23	4,5,17,25	0,12,26
3	1	828	12	828	27	9	0,7,8,13,23	4,5,17,25	0,16,21
3	1	828	12	828	27	9	0,7,8,13,23	4,5,17,25	0,16,26
3	1	828	12	828	27	9	0,7,8,13,23	4,5,17,25	0,21,26
3	1	828	12	828	27	9	0,7,8,13,23	4,5,17,25	12,16,21
3	1	828	12	828	27	9	0,7,8,13,23	4,5,17,25	12,16,26
3	1	828	12	828	27	9	0,7,8,13,23	4,5,17,25	12,21,26
3	1	828	12	828	27	9	0,7,8,13,23	4,5,17,25	16,21,26
3	1	828	12	828	27	18	0,7,8,13,23	0,4,5,17	0,12,16
3	1	828	12	828	27	18	0,7,8,13,23	0,4,5,17	0,12,21
3	1	828	12	828	27	18	0,7,8,13,23	0,4,5,17	0,12,26
3	1	828	12	828	27	18	0,7,8,13,23	0,4,5,17	0,16,21
3	1	828	12	828	27	18	0,7,8,13,23	0,4,5,17	0,16,26
3	1	828	12	828	27	18	0,7,8,13,23	0,4,5,17	0,21,26
3	1	828	12	828	27	18	0,7,8,13,23	0,4,5,17	12,16,21
3	1	828	12	828	27	18	0,7,8,13,23	0,4,5,17	12,16,26
3	1	828	12	828	27	18	0,7,8,13,23	0,4,5,17	12,21,26
3	1	828	12	828	27	18	0,7,8,13,23	0,4,5,17	16,21,26
3	1	828	12	828	27	18	0,7,8,13,23	0,4,5,25	0,12,16
3	1	828	12	828	27	18	0,7,8,13,23	0,4,5,25	0,12,21
3	1	828	12	828	27	18	0,7,8,13,23	0,4,5,25	0,12,26
3	1	828	12	828	27	18	0,7,8,13,23	0,4,5,25	0,16,21
3	1	828	12	828	27	18	0,7,8,13,23	0,4,5,25	0,16,26
3	1	828	12	828	27	18	0,7,8,13,23	0,4,5,25	0,21,26
3	1	828	12	828	27	18	0,7,8,13,23	0,4,5,25	12,16,21
3	1	828	12	828	27	18	0,7,8,13,23	0,4,5,25	12,16,26
3	1	828	12	828	27	18	0,7,8,13,23	0,4,5,25	12,21,26
3	1	828	12	828	27	18	0,7,8,13,23	0,4,5,25	16,21,26
3	1	828	12	828	27	18	0,7,8,13,23	0,4,17,25	0,12,16
3	1	828	12	828	27	18	0,7,8,13,23	0,4,17,25	0,12,21
3	1	828	12	828	27	18	0,7,8,13,23	0,4,17,25	0,12,26
3	1	828	12	828	27	18	0,7,8,13,23	0,4,17,25	0,16,21
3	1	828	12	828	27	18	0,7,8,13,23	0,4,17,25	0,16,26
3	1	828	12	828	27	18	0,7,8,13,23	0,4,17,25	0,21,26
3	1	828	12	828	27	18	0,7,8,13,23	0,4,17,25	12,16,21
3	1	828	12	828	27	18	0,7,8,13,23	0,4,17,25	12,16,26
3	1	828	12	828	27	18	0,7,8,13,23	0,4,17,25	12,21,26
3	1	828	12	828	27	18	0,7,8,13,23	0,4,17,25	16,21,26
3	1	828	12	828	27	18	0,7,8,13,23	0,5,17,25	0,12,16
3	1	828	12	828	27	18	0,7,8,13,23	0,5,17,25	0,12,21
3	1	828	12	828	27	18	0,7,8,13,23	0,5,17,25	0,12,26
3	1	828	12	828	27	18	0,7,8,13,23	0,5,17,25	0,16,21
3	1	828	12	828	27	18	0,7,8,13,23	0,5,17,25	0,16,26
3	1	828	12	828	27	18	0,7,8,13,23	0,5,17,25	0,21,26
3	1	828	12	828	27	18	0,7,8,13,23	0,5,17,25	12,16,21
3	1	828	12	828	27	18	0,7,8,13,23	0,5,17,25	12,16,26
3	1	828	12	828	27	18	0,7,8,13,23	0,5,17,25	12,21,26
3	1	828	12	828	27	18	0,7,8,13,23	0,5,17,25	16,21,26
3	1	828	12	828	27	18	0,7,8,13,23	4,5,17,25	0,12,16
3	1	828	12	828	27	18	0,7,8,13,23	4,5,17,25	0,12,21
3	1	828	12	828	27	18	0,7,8,13,23	4,5,17,25	0,12,26
3	1	828	12	828	27	18	0,7,8,13,23	4,5,17,25	0,16,21
3	1	828	12	828	27	18	0,7,8,13,23	4,5,17,25	0,16,26
3	1	828	12	828	27	18	0,7,8,13,23	4,5,17,25	0,21,26
3	1	828	12	828	27	18	0,7,8,13,23	4,5,17,25	12,16,21
3	1	828	12	828	27	18	0,7,8,13,23	4,5,17,25	12,16,26
3	1	828	12	828	27	18	0,7,8,13,23	4,5,17,25	12,21,26
3	1	828	12	828	27	18	0,7,8,13,23	4,5,17,25	16,21,26
0	0	828	27	828	12	1	0,13,15,23,24	0,12,17,21	0,7,8
0	0	828	27	828	12	1	0,13,15,23,24	0,12,17,21	0,7,14
0	0	828	27	828	12	1	0,13,15,23,24	0,12,17,21	0,7,22
0	0	828	27	828	12	1	0,13,15,23,24	0,12,17,21	0,8,14
0	0	828	27	828	12	1	0,13,15,23,24	0,12,17,21	0,8,22
0	0	828	27	828	12	1	0,13,15,23,24	0,12,17,21	0,14,22
0	0	828	27	828	12	1	0,13,15,23,24	0,12,17,21	7,8,14
0	0	828	27	828	12	1	0,13,15,23,24	0,12,17,21	7,8,22
0	0	828	27	828	12	1	0,13,15,23,24	0,12,17,21	7,14,22
0	0	828	27	828	12	1	0,13,15,23,24	0,12,17,21	8,14,22
0	0	828	27	828	12	1	0,13,15,23,24	0,12,17,25	0,7,8
0	0	828	27	828	12	1	0,13,15,23,24	0,12,17,25	0,7,14
0	0	828	27	828	12	1	0,13,15,23,24	0,12,17,25	0,7,22
0	0	828	27	828	12	1	0,13,15,23,24	0,12,17,25	0,8,14
0	0	828	27	828	12	1	0,13,15,23,24	0,12,17,25	0,8,22
0	0	828	27	828	12	1	0,13,15,23,24	0,12,17,25	0,14,22
0	0	828	27	828	12	1	0,13,15,23,24	0,12,17,25	7,8,14
0	0	828	27	828	12	1	0,13,15,23,24	0,12,17,25	7,8,22
0	0	828	27	828	12	1	0,13,15,23,24	0,12,17,25	7,14,22
0	0	828	27	828	12	1	0,13,15,23,24	0,12,17,25	8,14,22
0	0	828	27	828	12	1	0,13,15,23,24	0,12,21,25	0,7,8
0	0	828	27	828	12	1	0,13,15,23,24	0,12,21,25	0,7,14
0	0	828	27	828	12	1	0,13,15,23,24	0,12,21,25	0,7,22
0	0	828	27	828	12	1	0,13,15,23,24	0,12,21,25	0,8,14
0	0	828	27	828	12	1	0,13,15,23,24	0,12,21,25	0,8,22
0	0	828	27	828	12	1	0,13,15,23,24	0,12,21,25	0,14,22
0	0	828	27	828	12	1	0,13,15,23,24	0,12,21,25	7,8,14
0	0	828	27	828	12	1	0,13,15,23,24	0,12,21,25	7,8,22
0	0	828	27	828	12	1	0,13,15,23,24	0,12,21,25	7,14,22
0	0	828	27	828	12	1	0,13,15,23,24	0,12,21,25	8,14,22
0	0	828	27	828	12	1	0,13,15,23,24	0,17,21,25	0,7,8
0	0	828	27	828	12	1	0,13,15,23,24	0,17,21,25	0,7,14
0	0	828	27	828	12	1	0,13,15,23,24	0,17,21,25	0,7,22
0	0	828	27	828	12	1	0,13,15,23,24	0,17,21,25	0,8,14
0	0	828	27	828	12	1	0,13,15,23,24	0,17,21,25	0,8,22
0	0	828	27	828	12	1	0,13,15,23,24	0,17,21,25	0,14,22
0	0	828	27	828	12	1	0,13,15,23,24	0,17,21,25	7,8,14
0	0	828	27	828	12	1	0,13,15,23,24	0,17,21,25	7,8,22
0	0	828	27	828	12	1	0,13,15,23,24	0,17,21,25	7,14,22
0	0	828	27	828	12	1	0,13,15,23,24	0,17,21,25	8,14,22
0	0	828	27	828	12	1	0,13,15,23,24	12,17,21,25	0,7,8
0	0	828	27	828	12	1	0,13,15,23,24	12,17,21,25	0,7,14
0	0	828	27	828	12	1	0,13,15,23,24	12,17,21,25	0,7,22
0	0	828	27	828	12	1	0,13,15,23,24	12,17,21,25	0,8,14
0	0	828	27	828	12	1	0,13,15,23,24	12,17,21,25	0,8,22
0	0	828	27	828	12	1	0,13,15,23,24	12,17,21,25	0,14,22
0	0	828	27	828	12	1	0,13,15,23,24	12,17,21,25	7,8,14
0	0	828	27	828	12	1	0,13,15,23,24	12,17,21,25	7,8,22
0	0	828	27	828	12	1	0,13,15,23,24	12,17,21,25	7,14,22
0	0	828	27	828	12	1	0,13,15,23,24	12,17,21,25	8,14,22
0	0	828	27	828	12	2	0,13,15,23,24	0,12,17,21	0,7,8
0	0	828	27	828	12	2	0,13,15,23,24	0,12,17,21	0,7,14
0	0	828	27	828	12	2	0,13,15,23,24	0,12,17,21	0,7,22
0	0	828	27	828	12	2	0,13,15,23,24	0,12,17,21	0,8,14
0	0	828	27	828	12	2	0,13,15,23,24	0,12,17,21	0,8,22
0	0	828	27	828	12	2	0,13,15,23,24	0,12,17,21	0,14,22
0	0	828	27	828	12	2	0,13,15,23,24	0,12,17,21	7,8,14
0	0	828	27	828	12	2	0,13,15,23,24	0,12,17,21	7,8,22
0	0	828	27	828	12	2	0,13,15,23,24	0,12,17,21	7,14,22
0	0	828	27	828	12	2	0,13,15,23,24	0,12,17,21	8,14,22
0	0	828	27	828	12	2	0,13,15,23,24	0,12,17,25	0,7,8
0	0	828	27	828	12	2	0,13,15,23,24	0,12,17,25	0,7,14
0	0	828	27	828	12	2	0,13,15,23,24	0,12,17,25	0,7,22
0	0	828	27	828	12	2	0,13,15,23,24	0,12,17,25	0,8,14
0	0	828	27	828	12	2	0,13,15,23,24	0,12,17,25	0,8,22
0	0	828	27	828	12	2	0,13,15,23,24	0,12,17,25	0,14,22
0	0	828	27	828	12	2	0,13,15,23,24	0,12,17,25	7,8,14
0	0	828	27	828	12	2	0,13,15,23,24	0,12,17,25	7,8,22
0	0	828	27	828	12	2	0,13,15,23,24	0,12,17,25	7,14,22
0	0	828	27	828	12	2	0,13,15,23,24	0,12,17,25	8,14,22
0	0	828	27	828	12	2	0,13,15,23,24	0,12,21,25	0,7,8
0	0	828	27	828	12	2	0,13,15,23,24	0,12,21,25	0,7,14
0	0	828	27	828	12	2	0,13,15,23,24	0,12,21,25	0,7,22
0	0	828	27	828	12	2	0,13,15,23,24	0,12,21,25	0,8,14
0	0	828	27	828	12	2	0,13,15,23,24	0,12,21,25	0,8,22
0	0	828	27	828	12	2	0,13,15,23,24	0,12,21,25	0,14,22
0	0	828	27	828	12	2	0,13,15,23,24	0,12,21,25	7,8,14
0	0	828	27	828	12	2	0,13,15,23,24	0,12,21,25	7,8,22
0	0	828	27	828	12	2	0,13,15,23,24	0,12,21,25	7,14,22
0	0	828	27	828	12	2	0,13,15,23,24	0,12,21,25	8,14,22
0	0	828	27	828	12	2	0,13,15,23,24	0,17,21,25	0,7,8
0	0	828	27	828	12	2	0,13,15,23,24	0,17,21,25	0,7,14
0	0	828	27	828	12	2	0,13,15,23,24	0,17,21,25	0,7,22
0	0	828	27	828	12	2	0,13,15,23,24	0,17,21,25	0,8,14
0	0	828	27	828	12	2	0,13,15,23,24	0,17,21,25	0,8,22
0	0	828	27	828	12	2	0,13,15,23,24	0,17,21,25	0,14,22
0	0	828	27	828	12	2	0,13,15,23,24	0,17,21,25	7,8,14
0	0	828	27	828	12	2	0,13,15,23,24	0,17,21,25	7,8,22
0	0	828	27	828	12	2	0,13,15,23,24	0,17,21,25	7,14,22
0	0	828	27	828	12	2	0,13,15,23,24	0,17,21,25	8,14,22
0	0	828	27	828	12	2	0,13,15,23,24	12,17,21,25	0,7,8
0	0	828	27	828	12	2	0,13,15,23,24	12,17,21,25	0,7,14
0	0	828	27	828	12	2	0,13,15,23,24	12,17,21,25	0,7,22
0	0	828	27	828	12	2	0,13,15,23,24	12,17,21,25	0,8,14
0	0	828	27	828	12	2	0,13,15,23,24	12,17,21,25	0,8,22
0	0	828	27	828	12	2	0,13,15,23,24	12,17,21,25	0,14,22
0	0	828	27	828	12	2	0,13,15,23,24	12,17,21,25	7,8,14
0	0	828	27	828	12	2	0,13,15,23,24	12,17,21,25	7,8,22
0	0	828	27	828	12	2	0,13,15,23,24	12,17,21,25	7,14,22
0	0	828	27	828	12	2	0,13,15,23,24	12,17,21,25	8,14,22
0	0	828	27	828	24	20	6,17,19,21,23	11,15,16,21	4,8,19
0	1	828	27	828	12	9	0,7,8,13,23	0,4,5,17	0,14,15
0	1	828	27	828	12	9	0,7,8,13,23	0,4,5,17	0,14,22
0	1	828	27	828	12	9	0,7,8,13,23	0,4,5,17	0,14,24
0	1	828	27	828	12	9	0,7,8,13,23	0,4,5,17	0,15,22
0	1	828	27	828	12	9	0,7,8,13,23	0,4,5,17	0,15,24
0	1	828	27	828	12	9	0,7,8,13,23	0,4,5,17	0,22,24
0	1	828	27	828	12	9	0,7,8,13,23	0,4,5,17	14,15,22
0	1	828	27	828	12	9	0,7,8,13,23	0,4,5,17	14,15,24
0	1	828	27	828	12	9	0,7,8,13,23	0,4,5,17	14,22,24
0	1	828	27	828	12	9	0,7,8,13,23	0,4,5,17	15,22,24
0	1	828	27	828	12	9	0,7,8,13,23	0,4,5,25	0,14,15
0	1	828	27	828	12	9	0,7,8,13,23	0,4,5,25	0,14,22
0	1	828	27	828	12	9	0,7,8,13,23	0,4,5,25	0,14,24
0	1	828	27	828	12	9	0,7,8,13,23	0,4,5,25	0,15,22
0	1	828	27	828	12	9	0,7,8,13,23	0,4,5,25	0,15,24
0	1	828	27	828	12	9	0,7,8,13,23	0,4,5,25	0,22,24
0	1	828	27	828	12	9	0,7,8,13,23	0,4,5,25	14,15,22
0	1	828	27	828	12	9	0,7,8,13,23	0,4,5,25	14,15,24
0	1	828	27	828	12	9	0,7,8,13,23	0,4,5,25	14,22,24
0	1	828	27	828	12	9	0,7,8,13,23	0,4,5,25	15,22,24
0	1	828	27	828	12	9	0,7,8,13,23	0,4,17,25	0,14,15
0	1	828	27	828	12	9	0,7,8,13,23	0,4,17,25	0,14,22
0	1	828	27	828	12	9	0,7,8,13,23	0,4,17,25	0,14,24
0	1	828	27	828	12	9	0,7,8,13,23	0,4,17,25	0,15,22
0	1	828	27	828	12	9	0,7,8,13,23	0,4,17,25	0,15,24
0	1	828	27	828	12	9	0,7,8,13,23	0,4,17,25	0,22,24
0	1	828	27	828	12	9	0,7,8,13,23	0,4,17,25	14,15,22
0	1	828	27	828	12	9	0,7,8,13,23	0,4,17,25	14,15,24
0	1	828	27	828	12	9	0,7,8,13,23	0,4,17,25	14,22,24
0	1	828	27	828	12	9	0,7,8,13,23	0,4,17,25	15,22,24
0	1	828	27	828	12	9	0,7,8,13,23	0,5,17,25	0,14,15
0	1	828	27	828	12	9	0,7,8,13,23	0,5,17,25	0,14,22
0	1	828	27	828	12	9	0,7,8,13,23	0,5,17,25	0,14,24
0	1	828	27	828	12	9	0,7,8,13,23	0,5,17,25	0,15,22
0	1	828	27	828	12	9	0,7,8,13,23	0,5,17,25	0,15,24
0	1	828	27	828	12	9	0,7,8,13,23	0,5,17,25	0,22,24
0	1	828	27	828	12	9	0,7,8,13,23	0,5,17,25	14,15,22
0	1	828	27	828	12	9	0,7,8,13,23	0,5,17,25	14,15,24
0	1	828	27	828	12	9	0,7,8,13,23	0,5,17,25	14,22,24
0	1	828	27	828	12	9	0,7,8,13,23	0,5,17,25	15,22,24
0	1	828	27	828	12	9	0,7,8,13,23	4,5,17,25	0,14,15
0	1	828	27	828	12	9	0,7,8,13,23	4,5,17,25	0,14,22
0	1	828	27	828	12	9	0,7,8,13,23	4,5,17,25	0,14,24
0	1	828	27	828	12	9	0,7,8,13,23	4,5,17,25	0,15,22
0	1	828	27	828	12	9	0,7,8,13,23	4,5,17,25	0,15,24
0	1	828	27	828	12	9	0,7,8,13,23	4,5,17,25	0,22,24
0	1	828	27	828	12	9	0,7,8,13,23	4,5,17,25	14,15,22
0	1	828	27	828	12	9	0,7,8,13,23	4,5,17,25	14,15,24
0	1	828	27	828	12	9	0,7,8,13,23	4,5,17,25	14,22,24
0	1	828	27	828	12	9	0,7,8,13,23	4,5,17,25	15,22,24
0	1	828	27	828	12	18	0,7,8,13,23	0,4,5,17	0,14,15
0	1	828	27	828	12	18	0,7,8,13,23	0,4,5,17	0,14,22
0	1	828	27	828	12	18	0,7,8,13,23	0,4,5,17	0,14,24
0	1	828	27	828	12	18	0,7,8,13,23	0,4,5,17	0,15,22
0	1	828	27	828	12	18	0,7,8,13,23	0,4,5,17	0,15,24
0	1	828	27	828	12	18	0,7,8,13,23	0,4,5,17	0,22,24
0	1	828	27	828	12	18	0,7,8,13,23	0,4,5,17	14,15,22
0	1	828	27	828	12	18	0,7,8,13,23	0,4,5,17	14,15,24
0	1	828	27	828	12	18	0,7,8,13,23	0,4,5,17	14,22,24
0	1	828	27	828	12	18	0,7,8,13,23	0,4,5,17	15,22,24
0	1	828	27	828	12	18	0,7,8,13,23	0,4,5,25	0,14,15
0	1	828	27	828	12	18	0,7,8,13,23	0,4,5,25	0,14,22
0	1	828	27	828	12	18	0,7,8,13,23	0,4,5,25	0,14,24
0	1	828	27	828	12	18	0,7,8,13,23	0,4,5,25	0,15,22
0	1	828	27	828	12	18	0,7,8,13,23	0,4,5,25	0,15,24
0	1	828	27	828	12	18	0,7,8,13,23	0,4,5,25	0,22,24
0	1	828	27	828	12	18	0,7,8,13,23	0,4,5,25	14,15,22
0	1	828	27	828	12	18	0,7,8,13,23	0,4,5,25	14,15,24
0	1	828	27	828	12	18	0,7,8,13,23	0,4,5,25	14,22,24
0	1	828	27	828	12	18	0,7,8,13,23	0,4,5,25	15,22,24
0	1	828	27	828	12	18	0,7,8,13,23	0,4,17,25	0,14,15
0	1	828	27	828	12	18	0,7,8,13,23	0,4,17,25	0,14,22
0	1	828	27	828	12	18	0,7,8,13,23	0,4,17,25	0,14,24
0	1	828	27	828	12	18	0,7,8,13,23	0,4,17,25	0,15,22
0	1	828	27	828	12	18	0,7,8,13,23	0,4,17,25	0,15,24
0	1	828	27	828	12	18	0,7,8,13,23	0,4,17,25	0,22,24
0	1	828	27	828	12	18	0,7,8,13,23	0,4,17,25	14,15,22
0	1	828	27	828	12	18	0,7,8,13,23	0,4,17,25	14,15,24
0	1	828	27	828	12	18	0,7,8,13,23	0,4,17,25	14,22,24
0	1	828	27	828	12	18	0,7,8,13,23	0,4,17,25	15,22,24
0	1	828	27	828	12	18	0,7,8,13,23	0,5,17,25	0,14,15
0	1	828	27	828	12	18	0,7,8,13,23	0,5,17,25	0,14,22
0	1	828	27	828	12	18	0,7,8,13,23	0,5,17,25	0,14,24
0	1	828	27	828	12	18	0,7,8,13,23	0,5,17,25	0,15,22
0	1	828	27	828	12	18	0,7,8,13,23	0,5,17,25	0,15,24
0	1	828	27	828	12	18	0,7,8,13,23	0,5,17,25	0,22,24
0	1	828	27	828	12	18	0,7,8,13,23	0,5,17,25	14,15,22
0	1	828	27	828	12	18	0,7,8,13,23	0,5,17,25	14,15,24
0	1	828	27	828	12	18	0,7,8,13,23	0,5,17,25	14,22,24
0	1	828	27	828	12	18	0,7,8,13,23	0,5,17,25	15,22,24
0	1	828	27	828	12	18	0,7,8,13,23	4,5,17,25	0,14,15
0	1	828	27	828	12	18	0,7,8,13,23	4,5,17,25	0,14,22
0	1	828	27	828	12	18	0,7,8,13,23	4,5,17,25	0,14,24
0	1	828	27	828	12	18	0,7,8,13,23	4,5,17,25	0,15,22
0	1	828	27	828	12	18	0,7,8,13,23	4,5,17,25	0,15,24
0	1	828	27	828	12	18	0,7,8,13,23	4,5,17,25	0,22,24
0	1	828	27	828	12	18	0,7,8,13,23	4,5,17,25	14,15,22
0	1	828	27	828	12	18	0,7,8,13,23	4,5,17,25	14,15,24
0	1	828	27	828	12	18	0,7,8,13,23	4,5,17,25	14,22,24
0	1	828	27	828	12	18	0,7,8,13,23	4,5,17,25	15,22,24
0	1	828	27	828	24	9	4,6,13,17,19	8,11,21,26	8,19,23
1	0	828	27	828	12	1	0,13,15,23,24	0,12,17,21	0,7,8
1	0	828	27	828	12	1	0,13,15,23,24	0,12,17,21	0,7,14
1	0	828	27	828	12	1	0,13,15,23,24	0,12,17,21	0,7,22
1	0	828	27	828	12	1	0,13,15,23,24	0,12,17,21	0,8,14
1	0	828	27	828	12	1	0,13,15,23,24	0,12,17,21	0,8,22
1	0	828	27	828	12	1	0,13,15,23,24	0,12,17,21	0,14,22
1	0	828	27	828	12	1	0,13,15,23,24	0,12,17,21	7,8,14
1	0	828	27	828	12	1	0,13,15,23,24	0,12,17,21	7,8,22
1	0	828	27	828	12	1	0,13,15,23,24	0,12,17,21	7,14,22
1	0	828	27	828	12	1	0,13,15,23,24	0,12,17,21	8,14,22
1	0	828	27	828	12	1	0,13,15,23,24	0,12,17,25	0,7,8
1	0	828	27	828	12	1	0,13,15,23,24	0,12,17,25	0,7,14
1	0	828	27	828	12	1	0,13,15,23,24	0,12,17,25	0,7,22
1	0	828	27	828	12	1	0,13,15,23,24	0,12,17,25	0,8,14
1	0	828	27	828	12	1	0,13,15,23,24	0,12,17,25	0,8,22
1	0	828	27	828	12	1	0,13,15,23,24	0,12,17,25	0,14,22
1	0	828	27	828	12	1	0,13,15,23,24	0,12,17,25	7,8,14
1	0	828	27	828	12	1	0,13,15,23,24	0,12,17,25	7,8,22
1	0	828	27	828	12	1	0,13,15,23,24	0,12,17,25	7,14,22
1	0	828	27	828	12	1	0,13,15,23,24	0,12,17,25	8,14,22
1	0	828	27	828	12	1	0,13,15,23,24	0,12,21,25	0,7,8
1	0	828	27	828	12	1	0,13,15,23,24	0,12,21,25	0,7,14
1	0	828	27	828	12	1	0,13,15,23,24	0,12,21,25	0,7,22
1	0	828	27	828	12	1	0,13,15,23,24	0,12,21,25	0,8,14
1	0	828	27	828	12	1	0,13,15,23,24	0,12,21,25	0,8,22
1	0	828	27	828	12	1	0,13,15,23,24	0,12,21,25	0,14,22
1	0	828	27	828	12	1	0,13,15,23,24	0,12,21,25	7,8,14
1	0	828	27	828	12	1	0,13,15,23,24	0,12,21,25	7,8,22
1	0	828	27	828	12	1	0,13,15,23,24	0,12,21,25	7,14,22
1	0	828	27	828	12	1	0,13,15,23,24	0,12,21,25	8,14,22
1	0	828	27	828	12	1	0,13,15,23,24	0,17,21,25	0,7,8
1	0	828	27	828	12	1	0,13,15,23,24	0,17,21,25	0,7,14
1	0	828	27	828	12	1	0,13,15,23,24	0,17,21,25	0,7,22
1	0	828	27	828	12	1	0,13,15,23,24	0,17,21,25	0,8,14
1	0	828	27	828	12	1	0,13,15,23,24	0,17,21,25	0,8,22
1	0	828	27	828	12	1	0,13,15,23,24	0,17,21,25	0,14,22
1	0	828	27	828	12	1	0,13,15,23,24	0,17,21,25	7,8,14
1	0	828	27	828	12	1	0,13,15,23,24	0,17,21,25	7,8,22
1	0	828	27	828	12	1	0,13,15,23,24	0,17,21,25	7,14,22
1	0	828	27	828	12	1	0,13,15,23,24	0,17,21,25	8,14,22
1	0	828	27	828	12	1	0,13,15,23,24	12,17,21,25	0,7,8
1	0	828	27	828	12	1	0,13,15,23,24	12,17,21,25	0,7,14
1	0	828	27	828	12	1	0,13,15,23,24	12,17,21,25	0,7,22
1	0	828	27	828	12	1	0,13,15,23,24	12,17,21,25	0,8,14
1	0	828	27	828	12	1	0,13,15,23,24	12,17,21,25	0,8,22
1	0	828	27	828	12	1	0,13,15,23,24	12,17,21,25	0,14,22
1	0	828	27	828	12	1	0,13,15,23,24	12,17,21,25	7,8,14
1	0	828	27	828	12	1	0,13,15,23,24	12,17,21,25	7,8,22
1	0	828	27	828	12	1	0,13,15,23,24	12,17,21,25	7,14,22
1	0	828	27	828	12	1	0,13,15,23,24	12,17,21,25	8,14,22
1	0	828	27	828	12	2	0,13,15,23,24	0,12,17,21	0,7,8
1	0	828	27	828	12	2	0,13,15,23,24	0,12,17,21	0,7,14
1	0	828	27	828	12	2	0,13,15,23,24	0,12,17,21	0,7,22
1	0	828	27	828	12	2	0,13,15,23,24	0,12,17,21	0,8,14
1	0	828	27	828	12	2	0,13,15,23,24	0,12,17,21	0,8,22
1	0	828	27	828	12	2	0,13,15,23,24	0,12,17,21	0,14,22
1	0	828	27	828	12	2	0,13,15,23,24	0,12,17,21	7,8,14
1	0	828	27	828	12	2	0,13,15,23,24	0,12,17,21	7,8,22
1	0	828	27	828	12	2	0,13,15,23,24	0,12,17,21	7,14,22
1	0	828	27	828	12	2	0,13,15,23,24	0,12,17,21	8,14,22
1	0	828	27	828	12	2	0,13,15,23,24	0,12,17,25	0,7,8
1	0	828	27	828	12	2	0,13,15,23,24	0,12,17,25	0,7,14
1	0	828	27	828	12	2	0,13,15,23,24	0,12,17,25	0,7,22
1	0	828	27	828	12	2	0,13,15,23,24	0,12,17,25	0,8,14
1	0	828	27	828	12	2	0,13,15,23,24	0,12,17,25	0,8,22
1	0	828	27	828	12	2	0,13,15,23,24	0,12,17,25	0,14,22
1	0	828	27	828	12	2	0,13,15,23,24	0,12,17,25	7,8,14
1	0	828	27	828	12	2	0,13,15,23,24	0,12,17,25	7,8,22
1	0	828	27	828	12	2	0,13,15,23,24	0,12,17,25	7,14,22
1	0	828	27	828	12	2	0,13,15,23,24	0,12,17,25	8,14,22
1	0	828	27	828	12	2	0,13,15,23,24	0,12,21,25	0,7,8
1	0	828	27	828	12	2	0,13,15,23,24	0,12,21,25	0,7,14
1	0	828	27	828	12	2	0,13,15,23,24	0,12,21,25	0,7,22
1	0	828	27	828	12	2	0,13,15,23,24	0,12,21,25	0,8,14
1	0	828	27	828	12	2	0,13,15,23,24	0,12,21,25	0,8,22
1	0	828	27	828	12	2	0,13,15,23,24	0,12,21,25	0,14,22
1	0	828	27	828	12	2	0,13,15,23,24	0,12,21,25	7,8,14
1	0	828	27	828	12	2	0,13,15,23,24	0,12,21,25	7,8,22
1	0	828	27	828	12	2	0,13,15,23,24	0,12,21,25	7,14,22
1	0	828	27	828	12	2	0,13,15,23,24	0,12,21,25	8,14,22
1	0	828	27	828	12	2	0,13,15,23,24	0,17,21,25	0,7,8
1	0	828	27	828	12	2	0,13,15,23,24	0,17,21,25	0,7,14
1	0	828	27	828	12	2	0,13,15,23,24	0,17,21,25	0,7,22
1	0	828	27	828	12	2	0,13,15,23,24	0,17,21,25	0,8,14
1	0	828	27	828	12	2	0,13,15,23,24	0,17,21,25	0,8,22
1	0	828	27	828	12	2	0,13,15,23,24	0,17,21,25	0,14,22
1	0	828	27	828	12	2	0,13,15,23,24	0,17,21,25	7,8,14
1	0	828	27	828	12	2	0,13,15,23,24	0,17,21,25	7,8,22
1	0	828	27	828	12	2	0,13,15,23,24	0,17,21,25	7,14,22
1	0	828	27	828	12	2	0,13,15,23,24	0,17,21,25	8,14,22
1	0	828	27	828	12	2	0,13,15,23,24	12,17,21,25	0,7,8
1	0	828	27	828	12	2	0,13,15,23,24	12,17,21,25	0,7,14
1	0	828	27	828	12	2	0,13,15,23,24	12,17,21,25	0,7,22
1	0	828	27	828	12	2	0,13,15,23,24	12,17,21,25	0,8,14
1	0	828	27	828	12	2	0,13,15,23,24	12,17,21,25	0,8,22
1	0	828	27	828	12	2	0,13,15,23,24	12,17,21,25	0,14,22
1	0	828	27	828	12	2	0,13,15,23,24	12,17,21,25	7,8,14
1	0	828	27	828	12	2	0,13,15,23,24	12,17,21,25	7,8,22
1	0	828	27	828	12	2	0,13,15,23,24	12,17,21,25	7,14,22
1	0	828	27	828	12	2	0,13,15,23,24	12,17,21,25	8,14,22
1	0	828	27	828	24	20	6,17,19,21,23	11,15,16,21	4,8,19
1	1	828	27	828	12	9	0,7,8,13,23	0,4,5,17	0,14,15
1	1	828	27	828	12	9	0,7,8,13,23	0,4,5,17	0,14,22
1	1	828	27	828	12	9	0,7,8,13,23	0,4,5,17	0,14,24
1	1	828	27	828	12	9	0,7,8,13,23	0,4,5,17	0,15,22
1	1	828	27	828	12	9	0,7,8,13,23	0,4,5,17	0,15,24
1	1	828	27	828	12	9	0,7,8,13,23	0,4,5,17	0,22,24
1	1	828	27	828	12	9	0,7,8,13,23	0,4,5,17	14,15,22
1	1	828	27	828	12	9	0,7,8,13,23	0,4,5,17	14,15,24
1	1	828	27	828	12	9	0,7,8,13,23	0,4,5,17	14,22,24
1	1	828	27	828	12	9	0,7,8,13,23	0,4,5,17	15,22,24
1	1	828	27	828	12	9	0,7,8,13,23	0,4,5,25	0,14,15
1	1	828	27	828	12	9	0,7,8,13,23	0,4,5,25	0,14,22
1	1	828	27	828	12	9	0,7,8,13,23	0,4,5,25	0,14,24
1	1	828	27	828	12	9	0,7,8,13,23	0,4,5,25	0,15,22
1	1	828	27	828	12	9	0,7,8,13,23	0,4,5,25	0,15,24
1	1	828	27	828	12	9	0,7,8,13,23	0,4,5,25	0,22,24
1	1	828	27	828	12	9	0,7,8,13,23	0,4,5,25	14,15,22
1	1	828	27	828	12	9	0,7,8,13,23	0,4,5,25	14,15,24
1	1	828	27	828	12	9	0,7,8,13,23	0,4,5,25	14,22,24
1	1	828	27	828	12	9	0,7,8,13,23	0,4,5,25	15,22,24
1	1	828	27	828	12	9	0,7,8,13,23	0,4,17,25	0,14,15
1	1	828	27	828	12	9	0,7,8,13,23	0,4,17,25	0,14,22
1	1	828	27	828	12	9	0,7,8,13,23	0,4,17,25	0,14,24
1	1	828	27	828	12	9	0,7,8,13,23	0,4,17,25	0,15,22
1	1	828	27	828	12	9	0,7,8,13,23	0,4,17,25	0,15,24
1	1	828	27	828	12	9	0,7,8,13,23	0,4,17,25	0,22,24
1	1	828	27	828	12	9	0,7,8,13,23	0,4,17,25	14,15,22
1	1	828	27	828	12	9	0,7,8,13,23	0,4,17,25	14,15,24
1	1	828	27	828	12	9	0,7,8,13,23	0,4,17,25	14,22,24
1	1	828	27	828	12	9	0,7,8,13,23	0,4,17,25	15,22,24
1	1	828	27	828	12	9	0,7,8,13,23	0,5,17,25	0,14,15
1	1	828	27	828	12	9	0,7,8,13,23	0,5,17,25	0,14,22
1	1	828	27	828	12	9	0,7,8,13,23	0,5,17,25	0,14,24
1	1	828	27	828	12	9	0,7,8,13,23	0,5,17,25	0,15,22
1	1	828	27	828	12	9	0,7,8,13,23	0,5,17,25	0,15,24
1	1	828	27	828	12	9	0,7,8,13,23	0,5,17,25	0,22,24
1	1	828	27	828	12	9	0,7,8,13,23	0,5,17,25	14,15,22
1	1	828	27	828	12	9	0,7,8,13,23	0,5,17,25	14,15,24
1	1	828	27	828	12	9	0,7,8,13,23	0,5,17,25	14,22,24
1	1	828	27	828	12	9	0,7,8,13,23	0,5,17,25	15,22,24
1	1	828	27	828	12	9	0,7,8,13,23	4,5,17,25	0,14,15
1	1	828	27	828	12	9	0,7,8,13,23	4,5,17,25	0,14,22
1	1	828	27	828	12	9	0,7,8,13,23	4,5,17,25	0,14,24
1	1	828	27	828	12	9	0,7,8,13,23	4,5,17,25	0,15,22
1	1	828	27	828	12	9	0,7,8,13,23	4,5,17,25	0,15,24
1	1	828	27	828	12	9	0,7,8,13,23	4,5,17,25	0,22,24
1	1	828	27	828	12	9	0,7,8,13,23	4,5,17,25	14,15,22
1	1	828	27	828	12	9	0,7,8,13,23	4,5,17,25	14,15,24
1	1	828	27	828	12	9	0,7,8,13,23	4,5,17,25	14,22,24
1	1	828	27	828	12	9	0,7,8,13,23	4,5,17,25	15,22,24
1	1	828	27	828	12	18	0,7,8,13,23	0,4,5,17	0,14,15
1	1	828	27	828	12	18	0,7,8,13,23	0,4,5,17	0,14,22
1	1	828	27	828	12	18	0,7,8,13,23	0,4,5,17	0,14,24
1	1	828	27	828	12	18	0,7,8,13,23	0,4,5,17	0,15,22
1	1	828	27	828	12	18	0,7,8,13,23	0,4,5,17	0,15,24
1	1	828	27	828	12	18	0,7,8,13,23	0,4,5,17	0,22,24
1	1	828	27	828	12	18	0,7,8,13,23	0,4,5,17	14,15,22
1	1	828	27	828	12	18	0,7,8,13,23	0,4,5,17	14,15,24
1	1	828	27	828	12	18	0,7,8,13,23	0,4,5,17	14,22,24
1	1	828	27	828	12	18	0,7,8,13,23	0,4,5,17	15,22,24
1	1	828	27	828	12	18	0,7,8,13,23	0,4,5,25	0,14,15
1	1	828	27	828	12	18	0,7,8,13,23	0,4,5,25	0,14,22
1	1	828	27	828	12	18	0,7,8,13,23	0,4,5,25	0,14,24
1	1	828	27	828	12	18	0,7,8,13,23	0,4,5,25	0,15,22
1	1	828	27	828	12	18	0,7,8,13,23	0,4,5,25	0,15,24
1	1	828	27	828	12	18	0,7,8,13,23	0,4,5,25	0,22,24
1	1	828	27	828	12	18	0,7,8,13,23	0,4,5,25	14,15,22
1	1	828	27	828	12	18	0,7,8,13,23	0,4,5,25	14,15,24
1	1	828	27	828	12	18	0,7,8,13,23	0,4,5,25	14,22,24
1	1	828	27	828	12	18	0,7,8,13,23	0,4,5,25	15,22,24
1	1	828	27	828	12	18	0,7,8,13,23	0,4,17,25	0,14,15
1	1	828	27	828	12	18	0,7,8,13,23	0,4,17,25	0,14,22
1	1	828	27	828	12	18	0,7,8,13,23	0,4,17,25	0,14,24
1	1	828	27	828	12	18	0,7,8,13,23	0,4,17,25	0,15,22
1	1	828	27	828	12	18	0,7,8,13,23	0,4,17,25	0,15,24
1	1	828	27	828	12	18	0,7,8,13,23	0,4,17,25	0,22,24
1	1	828	27	828	12	18	0,7,8,13,23	0,4,17,25	14,15,22
1	1	828	27	828	12	18	0,7,8,13,23	0,4,17,25	14,15,24
1	1	828	27	828	12	18	0,7,8,13,23	0,4,17,25	14,22,24
1	1	828	27	828	12	18	0,7,8,13,23	0,4,17,25	15,22,24
1	1	828	27	828	12	18	0,7,8,13,23	0,5,17,25	0,14,15
1	1	828	27	828	12	18	0,7,8,13,23	0,5,17,25	0,14,22
1	1	828	27	828	12	18	0,7,8,13,23	0,5,17,25	0,14,24
1	1	828	27	828	12	18	0,7,8,13,23	0,5,17,25	0,15,22
1	1	828	27	828	12	18	0,7,8,13,23	0,5,17,25	0,15,24
1	1	828	27	828	12	18	0,7,8,13,23	0,5,17,25	0,22,24
1	1	828	27	828	12	18	0,7,8,13,23	0,5,17,25	14,15,22
1	1	828	27	828	12	18	0,7,8,13,23	0,5,17,25	14,15,24
1	1	828	27	828	12	18	0,7,8,13,23	0,5,17,25	14,22,24
1	1	828	27	828	12	18	0,7,8,13,23	0,5,17,25	15,22,24
1	1	828	27	828	12	18	0,7,8,13,23	4,5,17,25	0,14,15
1	1	828	27	828	12	18	0,7,8,13,23	4,5,17,25	0,14,22
1	1	828	27	828	12	18	0,7,8,13,23	4,5,17,25	0,14,24
1	1	828	27	828	12	18	0,7,8,13,23	4,5,17,25	0,15,22
1	1	828	27	828	12	18	0,7,8,13,23	4,5,17,25	0,15,24
1	1	828	27	828	12	18	0,7,8,13,23	4,5,17,25	0,22,24
1	1	828	27	828	12	18	0,7,8,13,23	4,5,17,25	14,15,22
1	1	828	27	828	12	18	0,7,8,13,23	4,5,17,25	14,15,24
1	1	828	27	828	12	18	0,7,8,13,23	4,5,17,25	14,22,24
1	1	828	27	828	12	18	0,7,8,13,23	4,5,17,25	15,22,24
1	1	828	27	828	24	9	4,6,13,17,19	8,11,21,26	8,19,23
2	0	828	27	828	12	1	0,13,15,23,24	0,12,17,21	0,7,8
2	0	828	27	828	12	1	0,13,15,23,24	0,12,17,21	0,7,14
2	0	828	27	828	12	1	0,13,15,23,24	0,12,17,21	0,7,22
2	0	828	27	828	12	1	0,13,15,23,24	0,12,17,21	0,8,14
2	0	828	27	828	12	1	0,13,15,23,24	0,12,17,21	0,8,22
2	0	828	27	828	12	1	0,13,15,23,24	0,12,17,21	0,14,22
2	0	828	27	828	12	1	0,13,15,23,24	0,12,17,21	7,8,14
2	0	828	27	828	12	1	0,13,15,23,24	0,12,17,21	7,8,22
2	0	828	27	828	12	1	0,13,15,23,24	0,12,17,21	7,14,22
2	0	828	27	828	12	1	0,13,15,23,24	0,12,17,21	8,14,22
2	0	828	27	828	12	1	0,13,15,23,24	0,12,17,25	0,7,8
2	0	828	27	828	12	1	0,13,15,23,24	0,12,17,25	0,7,14
2	0	828	27	828	12	1	0,13,15,23,24	0,12,17,25	0,7,22
2	0	828	27	828	12	1	0,13,15,23,24	0,12,17,25	0,8,14
2	0	828	27	828	12	1	0,13,15,23,24	0,12,17,25	0,8,22
2	0	828	27	828	12	1	0,13,15,23,24	0,12,17,25	0,14,22
2	0	828	27	828	12	1	0,13,15,23,24	0,12,17,25	7,8,14
2	0	828	27	828	12	1	0,13,15,23,24	0,12,17,25	7,8,22
2	0	828	27	828	12	1	0,13,15,23,24	0,12,17,25	7,14,22
2	0	828	27	828	12	1	0,13,15,23,24	0,12,17,25	8,14,22
2	0	828	27	828	12	1	0,13,15,23,24	0,12,21,25	0,7,8
2	0	828	27	828	12	1	0,13,15,23,24	0,12,21,25	0,7,14
2	0	828	27	828	12	1	0,13,15,23,24	0,12,21,25	0,7,22
2	0	828	27	828	12	1	0,13,15,23,24	0,12,21,25	0,8,14
2	0	828	27	828	12	1	0,13,15,23,24	0,12,21,25	0,8,22
2	0	828	27	828	12	1	0,13,15,23,24	0,12,21,25	0,14,22
2	0	828	27	828	12	1	0,13,15,23,24	0,12,21,25	7,8,14
2	0	828	27	828	12	1	0,13,15,23,24	0,12,21,25	7,8,22
2	0	828	27	828	12	1	0,13,15,23,24	0,12,21,25	7,14,22
2	0	828	27	828	12	1	0,13,15,23,24	0,12,21,25	8,14,22
2	0	828	27	828	12	1	0,13,15,23,24	0,17,21,25	0,7,8
2	0	828	27	828	12	1	0,13,15,23,24	0,17,21,25	0,7,14
2	0	828	27	828	12	1	0,13,15,23,24	0,17,21,25	0,7,22
2	0	828	27	828	12	1	0,13,15,23,24	0,17,21,25	0,8,14
2	0	828	27	828	12	1	0,13,15,23,24	0,17,21,25	0,8,22
2	0	828	27	828	12	1	0,13,15,23,24	0,17,21,25	0,14,22
2	0	828	27	828	12	1	0,13,15,23,24	0,17,21,25	7,8,14
2	0	828	27	828	12	1	0,13,15,23,24	0,17,21,25	7,8,22
2	0	828	27	828	12	1	0,13,15,23,24	0,17,21,25	7,14,22
2	0	828	27	828	12	1	0,13,15,23,24	0,17,21,25	8,14,22
2	0	828	27	828	12	1	0,13,15,23,24	12,17,21,25	0,7,8
2	0	828	27	828	12	1	0,13,15,23,24	12,17,21,25	0,7,14
2	0	828	27	828	12	1	0,13,15,23,24	12,17,21,25	0,7,22
2	0	828	27	828	12	1	0,13,15,23,24	12,17,21,25	0,8,14
2	0	828	27	828	12	1	0,13,15,23,24	12,17,21,25	0,8,22
2	0	828	27	828	12	1	0,13,15,23,24	12,17,21,25	0,14,22
2	0	828	27	828	12	1	0,13,15,23,24	12,17,21,25	7,8,14
2	0	828	27	828	12	1	0,13,15,23,24	12,17,21,25	7,8,22
2	0	828	27	828	12	1	0,13,15,23,24	12,17,21,25	7,14,22
2	0	828	27	828	12	1	0,13,15,23,24	12,17,21,25	8,14,22
2	0	828	27	828	12	2	0,13,15,23,24	0,12,17,21	0,7,8
2	0	828	27	828	12	2	0,13,15,23,24	0,12,17,21	0,7,14
2	0	828	27	828	12	2	0,13,15,23,24	0,12,17,21	0,7,22
2	0	828	27	828	12	2	0,13,15,23,24	0,12,17,21	0,8,14
2	0	828	27	828	12	2	0,13,15,23,24	0,12,17,21	0,8,22
2	0	828	27	828	12	2	0,13,15,23,24	0,12,17,21	0,14,22
2	0	828	27	828	12	2	0,13,15,23,24	0,12,17,21	7,8,14
2	0	828	27	828	12	2	0,13,15,23,24	0,12,17,21	7,8,22
2	0	828	27	828	12	2	0,13,15,23,24	0,12,17,21	7,14,22
2	0	828	27	828	12	2	0,13,15,23,24	0,12,17,21	8,14,22
2	0	828	27	828	12	2	0,13,15,23,24	0,12,17,25	0,7,8
2	0	828	27	828	12	2	0,13,15,23,24	0,12,17,25	0,7,14
2	0	828	27	828	12	2	0,13,15,23,24	0,12,17,25	0,7,22
2	0	828	27	828	12	2	0,13,15,23,24	0,12,17,25	0,8,14
2	0	828	27	828	12	2	0,13,15,23,24	0,12,17,25	0,8,22
2	0	828	27	828	12	2	0,13,15,23,24	0,12,17,25	0,14,22
2	0	828	27	828	12	2	0,13,15,23,24	0,12,17,25	7,8,14
2	0	828	27	828	12	2	0,13,15,23,24	0,12,17,25	7,8,22
2	0	828	27	828	12	2	0,13,15,23,24	0,12,17,25	7,14,22
2	0	828	27	828	12	2	0,13,15,23,24	0,12,17,25	8,14,22
2	0	828	27	828	12	2	0,13,15,23,24	0,12,21,25	0,7,8
2	0	828	27	828	12	2	0,13,15,23,24	0,12,21,25	0,7,14
2	0	828	27	828	12	2	0,13,15,23,24	0,12,21,25	0,7,22
2	0	828	27	828	12	2	0,13,15,23,24	0,12,21,25	0,8,14
2	0	828	27	828	12	2	0,13,15,23,24	0,12,21,25	0,8,22
2	0	828	27	828	12	2	0,13,15,23,24	0,12,21,25	0,14,22
2	0	828	27	828	12	2	0,13,15,23,24	0,12,21,25	7,8,14
2	0	828	27	828	12	2	0,13,15,23,24	0,12,21,25	7,8,22
2	0	828	27	828	12	2	0,13,15,23,24	0,12,21,25	7,14,22
2	0	828	27	828	12	2	0,13,15,23,24	0,12,21,25	8,14,22
2	0	828	27	828	12	2	0,13,15,23,24	0,17,21,25	0,7,8
2	0	828	27	828	12	2	0,13,15,23,24	0,17,21,25	0,7,14
2	0	828	27	828	12	2	0,13,15,23,24	0,17,21,25	0,7,22
2	0	828	27	828	12	2	0,13,15,23,24	0,17,21,25	0,8,14
2	0	828	27	828	12	2	0,13,15,23,24	0,17,21,25	0,8,22
2	0	828	27	828	12	2	0,13,15,23,24	0,17,21,25	0,14,22
2	0	828	27	828	12	2	0,13,15,23,24	0,17,21,25	7,8,14
2	0	828	27	828	12	2	0,13,15,23,24	0,17,21,25	7,8,22
2	0	828	27	828	12	2	0,13,15,23,24	0,17,21,25	7,14,22
2	0	828	27	828	12	2	0,13,15,23,24	0,17,21,25	8,14,22
2	0	828	27	828	12	2	0,13,15,23,24	12,17,21,25	0,7,8
2	0	828	27	828	12	2	0,13,15,23,24	12,17,21,25	0,7,14
2	0	828	27	828	12	2	0,13,15,23,24	12,17,21,25	0,7,22
2	0	828	27	828	12	2	0,13,15,23,24	12,17,21,25	0,8,14
2	0	828	27	828	12	2	0,13,15,23,24	12,17,21,25	0,8,22
2	0	828	27	828	12	2	0,13,15,23,24	12,17,21,25	0,14,22
2	0	828	27	828	12	2	0,13,15,23,24	12,17,21,25	7,8,14
2	0	828	27	828	12	2	0,13,15,23,24	12,17,21,25	7,8,22
2	0	828	27	828	12	2	0,13,15,23,24	12,17,21,25	7,14,22
2	0	828	27	828	12	2	0,13,15,23,24	12,17,21,25	8,14,22
2	0	828	27	828	24	20	6,17,19,21,23	11,15,16,21	4,8,19
2	1	828	27	828	12	9	0,7,8,13,23	0,4,5,17	0,14,15
2	1	828	27	828	12	9	0,7,8,13,23	0,4,5,17	0,14,22
2	1	828	27	828	12	9	0,7,8,13,23	0,4,5,17	0,14,24
2	1	828	27	828	12	9	0,7,8,13,23	0,4,5,17	0,15,22
2	1	828	27	828	12	9	0,7,8,13,23	0,4,5,17	0,15,24
2	1	828	27	828	12	9	0,7,8,13,23	0,4,5,17	0,22,24
2	1	828	27	828	12	9	0,7,8,13,23	0,4,5,17	14,15,22
2	1	828	27	828	12	9	0,7,8,13,23	0,4,5,17	14,15,24
2	1	828	27	828	12	9	0,7,8,13,23	0,4,5,17	14,22,24
2	1	828	27	828	12	9	0,7,8,13,23	0,4,5,17	15,22,24
2	1	828	27	828	12	9	0,7,8,13,23	0,4,5,25	0,14,15
2	1	828	27	828	12	9	0,7,8,13,23	0,4,5,25	0,14,22
2	1	828	27	828	12	9	0,7,8,13,23	0,4,5,25	0,14,24
2	1	828	27	828	12	9	0,7,8,13,23	0,4,5,25	0,15,22
2	1	828	27	828	12	9	0,7,8,13,23	0,4,5,25	0,15,24
2	1	828	27	828	12	9	0,7,8,13,23	0,4,5,25	0,22,24
2	1	828	27	828	12	9	0,7,8,13,23	0,4,5,25	14,15,22
2	1	828	27	828	12	9	0,7,8,13,23	0,4,5,25	14,15,24
2	1	828	27	828	12	9	0,7,8,13,23	0,4,5,25	14,22,24
2	1	828	27	828	12	9	0,7,8,13,23	0,4,5,25	15,22,24
2	1	828	27	828	12	9	0,7,8,13,23	0,4,17,25	0,14,15
2	1	828	27	828	12	9	0,7,8,13,23	0,4,17,25	0,14,22
2	1	828	27	828	12	9	0,7,8,13,23	0,4,17,25	0,14,24
2	1	828	27	828	12	9	0,7,8,13,23	0,4,17,25	0,15,22
2	1	828	27	828	12	9	0,7,8,13,23	0,4,17,25	0,15,24
2	1	828	27	828	12	9	0,7,8,13,23	0,4,17,25	0,22,24
2	1	828	27	828	12	9	0,7,8,13,23	0,4,17,25	14,15,22
2	1	828	27	828	12	9	0,7,8,13,23	0,4,17,25	14,15,24
2	1	828	27	828	12	9	0,7,8,13,23	0,4,17,25	14,22,24
2	1	828	27	828	12	9	0,7,8,13,23	0,4,17,25	15,22,24
2	1	828	27	828	12	9	0,7,8,13,23	0,5,17,25	0,14,15
2	1	828	27	828	12	9	0,7,8,13,23	0,5,17,25	0,14,22
2	1	828	27	828	12	9	0,7,8,13,23	0,5,17,25	0,14,24
2	1	828	27	828	12	9	0,7,8,13,23	0,5,17,25	0,15,22
2	1	828	27	828	12	9	0,7,8,13,23	0,5,17,25	0,15,24
2	1	828	27	828	12	9	0,7,8,13,23	0,5,17,25	0,22,24
2	1	828	27	828	12	9	0,7,8,13,23	0,5,17,25	14,15,22
2	1	828	27	828	12	9	0,7,8,13,23	0,5,17,25	14,15,24
2	1	828	27	828	12	9	0,7,8,13,23	0,5,17,25	14,22,24
2	1	828	27	828	12	9	0,7,8,13,23	0,5,17,25	15,22,24
2	1	828	27	828	12	9	0,7,8,13,23	4,5,17,25	0,14,15
2	1	828	27	828	12	9	0,7,8,13,23	4,5,17,25	0,14,22
2	1	828	27	828	12	9	0,7,8,13,23	4,5,17,25	0,14,24
2	1	828	27	828	12	9	0,7,8,13,23	4,5,17,25	0,15,22
2	1	828	27	828	12	9	0,7,8,13,23	4,5,17,25	0,15,24
2	1	828	27	828	12	9	0,7,8,13,23	4,5,17,25	0,22,24
2	1	828	27	828	12	9	0,7,8,13,23	4,5,17,25	14,15,22
2	1	828	27	828	12	9	0,7,8,13,23	4,5,17,25	14,15,24
2	1	828	27	828	12	9	0,7,8,13,23	4,5,17,25	14,22,24
2	1	828	27	828	12	9	0,7,8,13,23	4,5,17,25	15,22,24
2	1	828	27	828	12	18	0,7,8,13,23	0,4,5,17	0,14,15
2	1	828	27	828	12	18	0,7,8,13,23	0,4,5,17	0,14,22
2	1	828	27	828	12	18	0,7,8,13,23	0,4,5,17	0,14,24
2	1	828	27	828	12	18	0,7,8,13,23	0,4,5,17	0,15,22
2	1	828	27	828	12	18	0,7,8,13,23	0,4,5,17	0,15,24
2	1	828	27	828	12	18	0,7,8,13,23	0,4,5,17	0,22,24
2	1	828	27	828	12	18	0,7,8,13,23	0,4,5,17	14,15,22
2	1	828	27	828	12	18	0,7,8,13,23	0,4,5,17	14,15,24
2	1	828	27	828	12	18	0,7,8,13,23	0,4,5,17	14,22,24
2	1	828	27	828	12	18	0,7,8,13,23	0,4,5,17	15,22,24
2	1	828	27	828	12	18	0,7,8,13,23	0,4,5,25	0,14,15
2	1	828	27	828	12	18	0,7,8,13,23	0,4,5,25	0,14,22
2	1	828	27	828	12	18	0,7,8,13,23	0,4,5,25	0,14,24
2	1	828	27	828	12	18	0,7,8,13,23	0,4,5,25	0,15,22
2	1	828	27	828	12	18	0,7,8,13,23	0,4,5,25	0,15,24
2	1	828	27	828	12	18	0,7,8,13,23	0,4,5,25	0,22,24
2	1	828	27	828	12	18	0,7,8,13,23	0,4,5,25	14,15,22
2	1	828	27	828	12	18	0,7,8,13,23	0,4,5,25	14,15,24
2	1	828	27	828	12	18	0,7,8,13,23	0,4,5,25	14,22,24
2	1	828	27	828	12	18	0,7,8,13,23	0,4,5,25	15,22,24
2	1	828	27	828	12	18	0,7,8,13,23	0,4,17,25	0,14,15
2	1	828	27	828	12	18	0,7,8,13,23	0,4,17,25	0,14,22
2	1	828	27	828	12	18	0,7,8,13,23	0,4,17,25	0,14,24
2	1	828	27	828	12	18	0,7,8,13,23	0,4,17,25	0,15,22
2	1	828	27	828	12	18	0,7,8,13,23	0,4,17,25	0,15,24
2	1	828	27	828	12	18	0,7,8,13,23	0,4,17,25	0,22,24
2	1	828	27	828	12	18	0,7,8,13,23	0,4,17,25	14,15,22
2	1	828	27	828	12	18	0,7,8,13,23	0,4,17,25	14,15,24
2	1	828	27	828	12	18	0,7,8,13,23	0,4,17,25	14,22,24
2	1	828	27	828	12	18	0,7,8,13,23	0,4,17,25	15,22,24
2	1	828	27	828	12	18	0,7,8,13,23	0,5,17,25	0,14,15
2	1	828	27	828	12	18	0,7,8,13,23	0,5,17,25	0,14,22
2	1	828	27	828	12	18	0,7,8,13,23	0,5,17,25	0,14,24
2	1	828	27	828	12	18	0,7,8,13,23	0,5,17,25	0,15,22
2	1	828	27	828	12	18	0,7,8,13,23	0,5,17,25	0,15,24
2	1	828	27	828	12	18	0,7,8,13,23	0,5,17,25	0,22,24
2	1	828	27	828	12	18	0,7,8,13,23	0,5,17,25	14,15,22
2	1	828	27	828	12	18	0,7,8,13,23	0,5,17,25	14,15,24
2	1	828	27	828	12	18	0,7,8,13,23	0,5,17,25	14,22,24
2	1	828	27	828	12	18	0,7,8,13,23	0,5,17,25	15,22,24
2	1	828	27	828	12	18	0,7,8,13,23	4,5,17,25	0,14,15
2	1	828	27	828	12	18	0,7,8,13,23	4,5,17,25	0,14,22
2	1	828	27	828	12	18	0,7,8,13,23	4,5,17,25	0,14,24
2	1	828	27	828	12	18	0,7,8,13,23	4,5,17,25	0,15,22
2	1	828	27	828	12	18	0,7,8,13,23	4,5,17,25	0,15,24
2	1	828	27	828	12	18	0,7,8,13,23	4,5,17,25	0,22,24
2	1	828	27	828	12	18	0,7,8,13,23	4,5,17,25	14,15,22
2	1	828	27	828	12	18	0,7,8,13,23	4,5,17,25	14,15,24
2	1	828	27	828	12	18	0,7,8,13,23	4,5,17,25	14,22,24
2	1	828	27	828	12	18	0,7,8,13,23	4,5,17,25	15,22,24
2	1	828	27	828	24	9	4,6,13,17,19	8,11,21,26	8,19,23
3	0	828	27	828	12	1	0,13,15,23,24	0,12,17,21	0,7,8
3	0	828	27	828	12	1	0,13,15,23,24	0,12,17,21	0,7,14
3	0	828	27	828	12	1	0,13,15,23,24	0,12,17,21	0,7,22
3	0	828	27	828	12	1	0,13,15,23,24	0,12,17,21	0,8,14
3	0	828	27	828	12	1	0,13,15,23,24	0,12,17,21	0,8,22
3	0	828	27	828	12	1	0,13,15,23,24	0,12,17,21	0,14,22
3	0	828	27	828	12	1	0,13,15,23,24	0,12,17,21	7,8,14
3	0	828	27	828	12	1	0,13,15,23,24	0,12,17,21	7,8,22
3	0	828	27	828	12	1	0,13,15,23,24	0,12,17,21	7,14,22
3	0	828	27	828	12	1	0,13,15,23,24	0,12,17,21	8,14,22
3	0	828	27	828	12	1	0,13,15,23,24	0,12,17,25	0,7,8
3	0	828	27	828	12	1	0,13,15,23,24	0,12,17,25	0,7,14
3	0	828	27	828	12	1	0,13,15,23,24	0,12,17,25	0,7,22
3	0	828	27	828	12	1	0,13,15,23,24	0,12,17,25	0,8,14
3	0	828	27	828	12	1	0,13,15,23,24	0,12,17,25	0,8,22
3	0	828	27	828	12	1	0,13,15,23,24	0,12,17,25	0,14,22
3	0	828	27	828	12	1	0,13,15,23,24	0,12,17,25	7,8,14
3	0	828	27	828	12	1	0,13,15,23,24	0,12,17,25	7,8,22
3	0	828	27	828	12	1	0,13,15,23,24	0,12,17,25	7,14,22
3	0	828	27	828	12	1	0,13,15,23,24	0,12,17,25	8,14,22
3	0	828	27	828	12	1	0,13,15,23,24	0,12,21,25	0,7,8
3	0	828	27	828	12	1	0,13,15,23,24	0,12,21,25	0,7,14
3	0	828	27	828	12	1	0,13,15,23,24	0,12,21,25	0,7,22
3	0	828	27	828	12	1	0,13,15,23,24	0,12,21,25	0,8,14
3	0	828	27	828	12	1	0,13,15,23,24	0,12,21,25	0,8,22
3	0	828	27	828	12	1	0,13,15,23,24	0,12,21,25	0,14,22
3	0	828	27	828	12	1	0,13,15,23,24	0,12,21,25	7,8,14
3	0	828	27	828	12	1	0,13,15,23,24	0,12,21,25	7,8,22
3	0	828	27	828	12	1	0,13,15,23,24	0,12,21,25	7,14,22
3	0	828	27	828	12	1	0,13,15,23,24	0,12,21,25	8,14,22
3	0	828	27	828	12	1	0,13,15,23,24	0,17,21,25	0,7,8
3	0	828	27	828	12	1	0,13,15,23,24	0,17,21,25	0,7,14
3	0	828	27	828	12	1	0,13,15,23,24	0,17,21,25	0,7,22
3	0	828	27	828	12	1	0,13,15,23,24	0,17,21,25	0,8,14
3	0	828	27	828	12	1	0,13,15,23,24	0,17,21,25	0,8,22
3	0	828	27	828	12	1	0,13,15,23,24	0,17,21,25	0,14,22
3	0	828	27	828	12	1	0,13,15,23,24	0,17,21,25	7,8,14
3	0	828	27	828	12	1	0,13,15,23,24	0,17,21,25	7,8,22
3	0	828	27	828	12	1	0,13,15,23,24	0,17,21,25	7,14,22
3	0	828	27	828	12	1	0,13,15,23,24	0,17,21,25	8,14,22
3	0	828	27	828	12	1	0,13,15,23,24	12,17,21,25	0,7,8
3	0	828	27	828	12	1	0,13,15,23,24	12,17,21,25	0,7,14
3	0	828	27	828	12	1	0,13,15,23,24	12,17,21,25	0,7,22
3	0	828	27	828	12	1	0,13,15,23,24	12,17,21,25	0,8,14
3	0	828	27	828	12	1	0,13,15,23,24	12,17,21,25	0,8,22
3	0	828	27	828	12	1	0,13,15,23,24	12,17,21,25	0,14,22
3	0	828	27	828	12	1	0,13,15,23,24	12,17,21,25	7,8,14
3	0	828	27	828	12	1	0,13,15,23,24	12,17,21,25	7,8,22
3	0	828	27	828	12	1	0,13,15,23,24	12,17,21,25	7,14,22
3	0	828	27	828	12	1	0,13,15,23,24	12,17,21,25	8,14,22
3	0	828	27	828	12	2	0,13,15,23,24	0,12,17,21	0,7,8
3	0	828	27	828	12	2	0,13,15,23,24	0,12,17,21	0,7,14
3	0	828	27	828	12	2	0,13,15,23,24	0,12,17,21	0,7,22
3	0	828	27	828	12	2	0,13,15,23,24	0,12,17,21	0,8,14
3	0	828	27	828	12	2	0,13,15,23,24	0,12,17,21	0,8,22
3	0	828	27	828	12	2	0,13,15,23,24	0,12,17,21	0,14,22
3	0	828	27	828	12	2	0,13,15,23,24	0,12,17,21	7,8,14
3	0	828	27	828	12	2	0,13,15,23,24	0,12,17,21	7,8,22
3	0	828	27	828	12	2	0,13,15,23,24	0,12,17,21	7,14,22
3	0	828	27	828	12	2	0,13,15,23,24	0,12,17,21	8,14,22
3	0	828	27	828	12	2	0,13,15,23,24	0,12,17,25	0,7,8
3	0	828	27	828	12	2	0,13,15,23,24	0,12,17,25	0,7,14
3	0	828	27	828	12	2	0,13,15,23,24	0,12,17,25	0,7,22
3	0	828	27	828	12	2	0,13,15,23,24	0,12,17,25	0,8,14
3	0	828	27	828	12	2	0,13,15,23,24	0,12,17,25	0,8,22
3	0	828	27	828	12	2	0,13,15,23,24	0,12,17,25	0,14,22
3	0	828	27	828	12	2	0,13,15,23,24	0,12,17,25	7,8,14
3	0	828	27	828	12	2	0,13,15,23,24	0,12,17,25	7,8,22
3	0	828	27	828	12	2	0,13,15,23,24	0,12,17,25	7,14,22
3	0	828	27	828	12	2	0,13,15,23,24	0,12,17,25	8,14,22
3	0	828	27	828	12	2	0,13,15,23,24	0,12,21,25	0,7,8
3	0	828	27	828	12	2	0,13,15,23,24	0,12,21,25	0,7,14
3	0	828	27	828	12	2	0,13,15,23,24	0,12,21,25	0,7,22
3	0	828	27	828	12	2	0,13,15,23,24	0,12,21,25	0,8,14
3	0	828	27	828	12	2	0,13,15,23,24	0,12,21,25	0,8,22
3	0	828	27	828	12	2	0,13,15,23,24	0,12,21,25	0,14,22
3	0	828	27	828	12	2	0,13,15,23,24	0,12,21,25	7,8,14
3	0	828	27	828	12	2	0,13,15,23,24	0,12,21,25	7,8,22
3	0	828	27	828	12	2	0,13,15,23,24	0,12,21,25	7,14,22
3	0	828	27	828	12	2	0,13,15,23,24	0,12,21,25	8,14,22
3	0	828	27	828	12	2	0,13,15,23,24	0,17,21,25	0,7,8
3	0	828	27	828	12	2	0,13,15,23,24	0,17,21,25	0,7,14
3	0	828	27	828	12	2	0,13,15,23,24	0,17,21,25	0,7,22
3	0	828	27	828	12	2	0,13,15,23,24	0,17,21,25	0,8,14
3	0	828	27	828	12	2	0,13,15,23,24	0,17,21,25	0,8,22
3	0	828	27	828	12	2	0,13,15,23,24	0,17,21,25	0,14,22
3	0	828	27	828	12	2	0,13,15,23,24	0,17,21,25	7,8,14
3	0	828	27	828	12	2	0,13,15,23,24	0,17,21,25	7,8,22
3	0	828	27	828	12	2	0,13,15,23,24	0,17,21,25	7,14,22
3	0	828	27	828	12	2	0,13,15,23,24	0,17,21,25	8,14,22
3	0	828	27	828	12	2	0,13,15,23,24	12,17,21,25	0,7,8
3	0	828	27	828	12	2	0,13,15,23,24	12,17,21,25	0,7,14
3	0	828	27	828	12	2	0,13,15,23,24	12,17,21,25	0,7,22
3	0	828	27	828	12	2	0,13,15,23,24	12,17,21,25	0,8,14
3	0	828	27	828	12	2	0,13,15,23,24	12,17,21,25	0,8,22
3	0	828	27	828	12	2	0,13,15,23,24	12,17,21,25	0,14,22
3	0	828	27	828	12	2	0,13,15,23,24	12,17,21,25	7,8,14
3	0	828	27	828	12	2	0,13,15,23,24	12,17,21,25	7,8,22
3	0	828	27	828	12	2	0,13,15,23,24	12,17,21,25	7,14,22
3	0	828	27	828	12	2	0,13,15,23,24	12,17,21,25	8,14,22
3	0	828	27	828	24	20	6,17,19,21,23	11,15,16,21	4,8,19
3	1	828	27	828	12	9	0,7,8,13,23	0,4,5,17	0,14,15
3	1	828	27	828	12	9	0,7,8,13,23	0,4,5,17	0,14,22
3	1	828	27	828	12	9	0,7,8,13,23	0,4,5,17	0,14,24
3	1	828	27	828	12	9	0,7,8,13,23	0,4,5,17	0,15,22
3	1	828	27	828	12	9	0,7,8,13,23	0,4,5,17	0,15,24
3	1	828	27	828	12	9	0,7,8,13,23	0,4,5,17	0,22,24
3	1	828	27	828	12	9	0,7,8,13,23	0,4,5,17	14,15,22
3	1	828	27	828	12	9	0,7,8,13,23	0,4,5,17	14,15,24
3	1	828	27	828	12	9	0,7,8,13,23	0,4,5,17	14,22,24
3	1	828	27	828	12	9	0,7,8,13,23	0,4,5,17	15,22,24
3	1	828	27	828	12	9	0,7,8,13,23	0,4,5,25	0,14,15
3	1	828	27	828	12	9	0,7,8,13,23	0,4,5,25	0,14,22
3	1	828	27	828	12	9	0,7,8,13,23	0,4,5,25	0,14,24
3	1	828	27	828	12	9	0,7,8,13,23	0,4,5,25	0,15,22
3	1	828	27	828	12	9	0,7,8,13,23	0,4,5,25	0,15,24
3	1	828	27	828	12	9	0,7,8,13,23	0,4,5,25	0,22,24
3	1	828	27	828	12	9	0,7,8,13,23	0,4,5,25	14,15,22
3	1	828	27	828	12	9	0,7,8,13,23	0,4,5,25	14,15,24
3	1	828	27	828	12	9	0,7,8,13,23	0,4,5,25	14,22,24
3	1	828	27	828	12	9	0,7,8,13,23	0,4,5,25	15,22,24
3	1	828	27	828	12	9	0,7,8,13,23	0,4,17,25	0,14,15
3	1	828	27	828	12	9	0,7,8,13,23	0,4,17,25	0,14,22
3	1	828	27	828	12	9	0,7,8,13,23	0,4,17,25	0,14,24
3	1	828	27	828	12	9	0,7,8,13,23	0,4,17,25	0,15,22
3	1	828	27	828	12	9	0,7,8,13,23	0,4,17,25	0,15,24
3	1	828	27	828	12	9	0,7,8,13,23	0,4,17,25	0,22,24
3	1	828	27	828	12	9	0,7,8,13,23	0,4,17,25	14,15,22
3	1	828	27	828	12	9	0,7,8,13,23	0,4,17,25	14,15,24
3	1	828	27	828	12	9	0,7,8,13,23	0,4,17,25	14,22,24
3	1	828	27	828	12	9	0,7,8,13,23	0,4,17,25	15,22,24
3	1	828	27	828	12	9	0,7,8,13,23	0,5,17,25	0,14,15
3	1	828	27	828	12	9	0,7,8,13,23	0,5,17,25	0,14,22
3	1	828	27	828	12	9	0,7,8,13,23	0,5,17,25	0,14,24
3	1	828	27	828	12	9	0,7,8,13,23	0,5,17,25	0,15,22
3	1	828	27	828	12	9	0,7,8,13,23	0,5,17,25	0,15,24
3	1	828	27	828	12	9	0,7,8,13,23	0,5,17,25	0,22,24
3	1	828	27	828	12	9	0,7,8,13,23	0,5,17,25	14,15,22
3	1	828	27	828	12	9	0,7,8,13,23	0,5,17,25	14,15,24
3	1	828	27	828	12	9	0,7,8,13,23	0,5,17,25	14,22,24
3	1	828	27	828	12	9	0,7,8,13,23	0,5,17,25	15,22,24
3	1	828	27	828	12	9	0,7,8,13,23	4,5,17,25	0,14,15
3	1	828	27	828	12	9	0,7,8,13,23	4,5,17,25	0,14,22
3	1	828	27	828	12	9	0,7,8,13,23	4,5,17,25	0,14,24
3	1	828	27	828	12	9	0,7,8,13,23	4,5,17,25	0,15,22
3	1	828	27	828	12	9	0,7,8,13,23	4,5,17,25	0,15,24
3	1	828	27	828	12	9	0,7,8,13,23	4,5,17,25	0,22,24
3	1	828	27	828	12	9	0,7,8,13,23	4,5,17,25	14,15,22
3	1	828	27	828	12	9	0,7,8,13,23	4,5,17,25	14,15,24
3	1	828	27	828	12	9	0,7,8,13,23	4,5,17,25	14,22,24
3	1	828	27	828	12	9	0,7,8,13,23	4,5,17,25	15,22,24
3	1	828	27	828	12	18	0,7,8,13,23	0,4,5,17	0,14,15
3	1	828	27	828	12	18	0,7,8,13,23	0,4,5,17	0,14,22
3	1	828	27	828	12	18	0,7,8,13,23	0,4,5,17	0,14,24
3	1	828	27	828	12	18	0,7,8,13,23	0,4,5,17	0,15,22
3	1	828	27	828	12	18	0,7,8,13,23	0,4,5,17	0,15,24
3	1	828	27	828	12	18	0,7,8,13,23	0,4,5,17	0,22,24
3	1	828	27	828	12	18	0,7,8,13,23	0,4,5,17	14,15,22
3	1	828	27	828	12	18	0,7,8,13,23	0,4,5,17	14,15,24
3	1	828	27	828	12	18	0,7,8,13,23	0,4,5,17	14,22,24
3	1	828	27	828	12	18	0,7,8,13,23	0,4,5,17	15,22,24
3	1	828	27	828	12	18	0,7,8,13,23	0,4,5,25	0,14,15
3	1	828	27	828	12	18	0,7,8,13,23	0,4,5,25	0,14,22
3	1	828	27	828	12	18	0,7,8,13,23	0,4,5,25	0,14,24
3	1	828	27	828	12	18	0,7,8,13,23	0,4,5,25	0,15,22
3	1	828	27	828	12	18	0,7,8,13,23	0,4,5,25	0,15,24
3	1	828	27	828	12	18	0,7,8,13,23	0,4,5,25	0,22,24
3	1	828	27	828	12	18	0,7,8,13,23	0,4,5,25	14,15,22
3	1	828	27	828	12	18	0,7,8,13,23	0,4,5,25	14,15,24
3	1	828	27	828	12	18	0,7,8,13,23	0,4,5,25	14,22,24
3	1	828	27	828	12	18	0,7,8,13,23	0,4,5,25	15,22,24
3	1	828	27	828	12	18	0,7,8,13,23	0,4,17,25	0,14,15
3	1	828	27	828	12	18	0,7,8,13,23	0,4,17,25	0,14,22
3	1	828	27	828	12	18	0,7,8,13,23	0,4,17,25	0,14,24
3	1	828	27	828	12	18	0,7,8,13,23	0,4,17,25	0,15,22
3	1	828	27	828	12	18	0,7,8,13,23	0,4,17,25	0,15,24
3	1	828	27	828	12	18	0,7,8,13,23	0,4,17,25	0,22,24
3	1	828	27	828	12	18	0,7,8,13,23	0,4,17,25	14,15,22
3	1	828	27	828	12	18	0,7,8,13,23	0,4,17,25	14,15,24
3	1	828	27	828	12	18	0,7,8,13,23	0,4,17,25	14,22,24
3	1	828	27	828	12	18	0,7,8,13,23	0,4,17,25	15,22,24
3	1	828	27	828	12	18	0,7,8,13,23	0,5,17,25	0,14,15
3	1	828	27	828	12	18	0,7,8,13,23	0,5,17,25	0,14,22
3	1	828	27	828	12	18	0,7,8,13,23	0,5,17,25	0,14,24
3	1	828	27	828	12	18	0,7,8,13,23	0,5,17,25	0,15,22
3	1	828	27	828	12	18	0,7,8,13,23	0,5,17,25	0,15,24
3	1	828	27	828	12	18	0,7,8,13,23	0,5,17,25	0,22,24
3	1	828	27	828	12	18	0,7,8,13,23	0,5,17,25	14,15,22
3	1	828	27	828	12	18	0,7,8,13,23	0,5,17,25	14,15,24
3	1	828	27	828	12	18	0,7,8,13,23	0,5,17,25	14,22,24
3	1	828	27	828	12	18	0,7,8,13,23	0,5,17,25	15,22,24
3	1	828	27	828	12	18	0,7,8,13,23	4,5,17,25	0,14,15
3	1	828	27	828	12	18	0,7,8,13,23	4,5,17,25	0,14,22
3	1	828	27	828	12	18	0,7,8,13,23	4,5,17,25	0,14,24
3	1	828	27	828	12	18	0,7,8,13,23	4,5,17,25	0,15,22
3	1	828	27	828	12	18	0,7,8,13,23	4,5,17,25	0,15,24
3	1	828	27	828	12	18	0,7,8,13,23	4,5,17,25	0,22,24
3	1	828	27	828	12	18	0,7,8,13,23	4,5,17,25	14,15,22
3	1	828	27	828	12	18	0,7,8,13,23	4,5,17,25	14,15,24
3	1	828	27	828	12	18	0,7,8,13,23	4,5,17,25	14,22,24
3	1	828	27	828	12	18	0,7,8,13,23	4,5,17,25	15,22,24
3	1	828	27	828	24	9	4,6,13,17,19	8,11,21,26	8,19,23
Cap configurations: 1620

8,2,8;4,1,2;5,3,8: has an {18,6,17} 4-flat direction; already covered by {18,6,17} cases.

3-flat point count: 8,2,8;2,2,3;8,5,3
Excluded point counts: 1,1,1
0	0	828	12	828	27	1,2	0,3,12,17,25	0,15,24	0,14,22
0	0	828	12	828	27	1,2	0,3,17,21,25	0,15,24	0,14,22
0	0	828	12	828	27	1,2	0,6,12,17,21	0,15,24	0,14,22
0	0	828	12	828	27	1,2	0,6,12,21,25	0,15,24	0,14,22
0	0	828	12	828	27	1,2	0,12,17,21,25	0,13,15	0,7,8
0	0	828	12	828	27	1,2	0,12,17,21,25	0,13,15	0,7,14
0	0	828	12	828	27	1,2	0,12,17,21,25	0,13,15	0,7,22
0	0	828	12	828	27	1,2	0,12,17,21,25	0,13,15	0,8,14
0	0	828	12	828	27	1,2	0,12,17,21,25	0,13,15	0,8,22
0	0	828	12	828	27	1,2	0,12,17,21,25	0,13,15	0,14,22
0	0	828	12	828	27	1,2	0,12,17,21,25	0,13,15	7,8,14
0	0	828	12	828	27	1,2	0,12,17,21,25	0,13,15	7,8,22
0	0	828	12	828	27	1,2	0,12,17,21,25	0,13,15	7,14,22
0	0	828	12	828	27	1,2	0,12,17,21,25	0,13,15	8,14,22
0	0	828	12	828	27	1,2	0,12,17,21,25	0,13,23	0,7,8
0	0	828	12	828	27	1,2	0,12,17,21,25	0,13,23	0,7,14
0	0	828	12	828	27	1,2	0,12,17,21,25	0,13,23	0,7,22
0	0	828	12	828	27	1,2	0,12,17,21,25	0,13,23	0,8,14
0	0	828	12	828	27	1,2	0,12,17,21,25	0,13,23	0,8,22
0	0	828	12	828	27	1,2	0,12,17,21,25	0,13,23	0,14,22
0	0	828	12	828	27	1,2	0,12,17,21,25	0,13,23	7,8,14
0	0	828	12	828	27	1,2	0,12,17,21,25	0,13,23	7,8,22
0	0	828	12	828	27	1,2	0,12,17,21,25	0,13,23	7,14,22
0	0	828	12	828	27	1,2	0,12,17,21,25	0,13,23	8,14,22
0	0	828	12	828	27	1,2	0,12,17,21,25	0,13,24	0,7,8
0	0	828	12	828	27	1,2	0,12,17,21,25	0,13,24	0,7,14
0	0	828	12	828	27	1,2	0,12,17,21,25	0,13,24	0,7,22
0	0	828	12	828	27	1,2	0,12,17,21,25	0,13,24	0,8,14
0	0	828	12	828	27	1,2	0,12,17,21,25	0,13,24	0,8,22
0	0	828	12	828	27	1,2	0,12,17,21,25	0,13,24	0,14,22
0	0	828	12	828	27	1,2	0,12,17,21,25	0,13,24	7,8,14
0	0	828	12	828	27	1,2	0,12,17,21,25	0,13,24	7,8,22
0	0	828	12	828	27	1,2	0,12,17,21,25	0,13,24	7,14,22
0	0	828	12	828	27	1,2	0,12,17,21,25	0,13,24	8,14,22
0	0	828	12	828	27	1,2	0,12,17,21,25	0,15,23	0,7,8
0	0	828	12	828	27	1,2	0,12,17,21,25	0,15,23	0,7,14
0	0	828	12	828	27	1,2	0,12,17,21,25	0,15,23	0,7,22
0	0	828	12	828	27	1,2	0,12,17,21,25	0,15,23	0,8,14
0	0	828	12	828	27	1,2	0,12,17,21,25	0,15,23	0,8,22
0	0	828	12	828	27	1,2	0,12,17,21,25	0,15,23	0,14,22
0	0	828	12	828	27	1,2	0,12,17,21,25	0,15,23	7,8,14
0	0	828	12	828	27	1,2	0,12,17,21,25	0,15,23	7,8,22
0	0	828	12	828	27	1,2	0,12,17,21,25	0,15,23	7,14,22
0	0	828	12	828	27	1,2	0,12,17,21,25	0,15,23	8,14,22
0	0	828	12	828	27	1,2	0,12,17,21,25	0,15,24	0,7,8
0	0	828	12	828	27	1,2	0,12,17,21,25	0,15,24	0,7,14
0	0	828	12	828	27	1,2	0,12,17,21,25	0,15,24	0,7,22
0	0	828	12	828	27	1,2	0,12,17,21,25	0,15,24	0,8,14
0	0	828	12	828	27	1,2	0,12,17,21,25	0,15,24	0,8,22
0	0	828	12	828	27	1,2	0,12,17,21,25	0,15,24	0,14,22
0	0	828	12	828	27	1,2	0,12,17,21,25	0,15,24	7,8,14
0	0	828	12	828	27	1,2	0,12,17,21,25	0,15,24	7,8,22
0	0	828	12	828	27	1,2	0,12,17,21,25	0,15,24	7,14,22
0	0	828	12	828	27	1,2	0,12,17,21,25	0,15,24	8,14,22
0	0	828	12	828	27	1,2	0,12,17,21,25	0,23,24	0,7,8
0	0	828	12	828	27	1,2	0,12,17,21,25	0,23,24	0,7,14
0	0	828	12	828	27	1,2	0,12,17,21,25	0,23,24	0,7,22
0	0	828	12	828	27	1,2	0,12,17,21,25	0,23,24	0,8,14
0	0	828	12	828	27	1,2	0,12,17,21,25	0,23,24	0,8,22
0	0	828	12	828	27	1,2	0,12,17,21,25	0,23,24	0,14,22
0	0	828	12	828	27	1,2	0,12,17,21,25	0,23,24	7,8,14
0	0	828	12	828	27	1,2	0,12,17,21,25	0,23,24	7,8,22
0	0	828	12	828	27	1,2	0,12,17,21,25	0,23,24	7,14,22
0	0	828	12	828	27	1,2	0,12,17,21,25	0,23,24	8,14,22
0	0	828	12	828	27	1,2	0,12,17,21,25	13,15,23	0,7,8
0	0	828	12	828	27	1,2	0,12,17,21,25	13,15,23	0,7,14
0	0	828	12	828	27	1,2	0,12,17,21,25	13,15,23	0,7,22
0	0	828	12	828	27	1,2	0,12,17,21,25	13,15,23	0,8,14
0	0	828	12	828	27	1,2	0,12,17,21,25	13,15,23	0,8,22
0	0	828	12	828	27	1,2	0,12,17,21,25	13,15,23	0,14,22
0	0	828	12	828	27	1,2	0,12,17,21,25	13,15,23	7,8,14
0	0	828	12	828	27	1,2	0,12,17,21,25	13,15,23	7,8,22
0	0	828	12	828	27	1,2	0,12,17,21,25	13,15,23	7,14,22
0	0	828	12	828	27	1,2	0,12,17,21,25	13,15,23	8,14,22
0	0	828	12	828	27	1,2	0,12,17,21,25	13,15,24	0,7,8
0	0	828	12	828	27	1,2	0,12,17,21,25	13,15,24	0,7,14
0	0	828	12	828	27	1,2	0,12,17,21,25	13,15,24	0,7,22
0	0	828	12	828	27	1,2	0,12,17,21,25	13,15,24	0,8,14
0	0	828	12	828	27	1,2	0,12,17,21,25	13,15,24	0,8,22
0	0	828	12	828	27	1,2	0,12,17,21,25	13,15,24	0,14,22
0	0	828	12	828	27	1,2	0,12,17,21,25	13,15,24	7,8,14
0	0	828	12	828	27	1,2	0,12,17,21,25	13,15,24	7,8,22
0	0	828	12	828	27	1,2	0,12,17,21,25	13,15,24	7,14,22
0	0	828	12	828	27	1,2	0,12,17,21,25	13,15,24	8,14,22
0	0	828	12	828	27	1,2	0,12,17,21,25	13,23,24	0,7,8
0	0	828	12	828	27	1,2	0,12,17,21,25	13,23,24	0,7,14
0	0	828	12	828	27	1,2	0,12,17,21,25	13,23,24	0,7,22
0	0	828	12	828	27	1,2	0,12,17,21,25	13,23,24	0,8,14
0	0	828	12	828	27	1,2	0,12,17,21,25	13,23,24	0,8,22
0	0	828	12	828	27	1,2	0,12,17,21,25	13,23,24	0,14,22
0	0	828	12	828	27	1,2	0,12,17,21,25	13,23,24	7,8,14
0	0	828	12	828	27	1,2	0,12,17,21,25	13,23,24	7,8,22
0	0	828	12	828	27	1,2	0,12,17,21,25	13,23,24	7,14,22
0	0	828	12	828	27	1,2	0,12,17,21,25	13,23,24	8,14,22
0	0	828	12	828	27	1,2	0,12,17,21,25	15,23,24	0,7,8
0	0	828	12	828	27	1,2	0,12,17,21,25	15,23,24	0,7,14
0	0	828	12	828	27	1,2	0,12,17,21,25	15,23,24	0,7,22
0	0	828	12	828	27	1,2	0,12,17,21,25	15,23,24	0,8,14
0	0	828	12	828	27	1,2	0,12,17,21,25	15,23,24	0,8,22
0	0	828	12	828	27	1,2	0,12,17,21,25	15,23,24	0,14,22
0	0	828	12	828	27	1,2	0,12,17,21,25	15,23,24	7,8,14
0	0	828	12	828	27	1,2	0,12,17,21,25	15,23,24	7,8,22
0	0	828	12	828	27	1,2	0,12,17,21,25	15,23,24	7,14,22
0	0	828	12	828	27	1,2	0,12,17,21,25	15,23,24	8,14,22
0	1	828	12	828	27	1,2	0,3,12,17,25	0,15,24	0,14,22
0	1	828	12	828	27	1,2	0,3,17,21,25	0,15,24	0,14,22
0	1	828	12	828	27	1,2	0,6,12,17,21	0,15,24	0,14,22
0	1	828	12	828	27	1,2	0,6,12,21,25	0,15,24	0,14,22
0	1	828	12	828	27	1,2	0,12,17,21,25	0,13,15	0,7,8
0	1	828	12	828	27	1,2	0,12,17,21,25	0,13,15	0,7,14
0	1	828	12	828	27	1,2	0,12,17,21,25	0,13,15	0,7,22
0	1	828	12	828	27	1,2	0,12,17,21,25	0,13,15	0,8,14
0	1	828	12	828	27	1,2	0,12,17,21,25	0,13,15	0,8,22
0	1	828	12	828	27	1,2	0,12,17,21,25	0,13,15	0,14,22
0	1	828	12	828	27	1,2	0,12,17,21,25	0,13,15	7,8,14
0	1	828	12	828	27	1,2	0,12,17,21,25	0,13,15	7,8,22
0	1	828	12	828	27	1,2	0,12,17,21,25	0,13,15	7,14,22
0	1	828	12	828	27	1,2	0,12,17,21,25	0,13,15	8,14,22
0	1	828	12	828	27	1,2	0,12,17,21,25	0,13,23	0,7,8
0	1	828	12	828	27	1,2	0,12,17,21,25	0,13,23	0,7,14
0	1	828	12	828	27	1,2	0,12,17,21,25	0,13,23	0,7,22
0	1	828	12	828	27	1,2	0,12,17,21,25	0,13,23	0,8,14
0	1	828	12	828	27	1,2	0,12,17,21,25	0,13,23	0,8,22
0	1	828	12	828	27	1,2	0,12,17,21,25	0,13,23	0,14,22
0	1	828	12	828	27	1,2	0,12,17,21,25	0,13,23	7,8,14
0	1	828	12	828	27	1,2	0,12,17,21,25	0,13,23	7,8,22
0	1	828	12	828	27	1,2	0,12,17,21,25	0,13,23	7,14,22
0	1	828	12	828	27	1,2	0,12,17,21,25	0,13,23	8,14,22
0	1	828	12	828	27	1,2	0,12,17,21,25	0,13,24	0,7,8
0	1	828	12	828	27	1,2	0,12,17,21,25	0,13,24	0,7,14
0	1	828	12	828	27	1,2	0,12,17,21,25	0,13,24	0,7,22
0	1	828	12	828	27	1,2	0,12,17,21,25	0,13,24	0,8,14
0	1	828	12	828	27	1,2	0,12,17,21,25	0,13,24	0,8,22
0	1	828	12	828	27	1,2	0,12,17,21,25	0,13,24	0,14,22
0	1	828	12	828	27	1,2	0,12,17,21,25	0,13,24	7,8,14
0	1	828	12	828	27	1,2	0,12,17,21,25	0,13,24	7,8,22
0	1	828	12	828	27	1,2	0,12,17,21,25	0,13,24	7,14,22
0	1	828	12	828	27	1,2	0,12,17,21,25	0,13,24	8,14,22
0	1	828	12	828	27	1,2	0,12,17,21,25	0,15,23	0,7,8
0	1	828	12	828	27	1,2	0,12,17,21,25	0,15,23	0,7,14
0	1	828	12	828	27	1,2	0,12,17,21,25	0,15,23	0,7,22
0	1	828	12	828	27	1,2	0,12,17,21,25	0,15,23	0,8,14
0	1	828	12	828	27	1,2	0,12,17,21,25	0,15,23	0,8,22
0	1	828	12	828	27	1,2	0,12,17,21,25	0,15,23	0,14,22
0	1	828	12	828	27	1,2	0,12,17,21,25	0,15,23	7,8,14
0	1	828	12	828	27	1,2	0,12,17,21,25	0,15,23	7,8,22
0	1	828	12	828	27	1,2	0,12,17,21,25	0,15,23	7,14,22
0	1	828	12	828	27	1,2	0,12,17,21,25	0,15,23	8,14,22
0	1	828	12	828	27	1,2	0,12,17,21,25	0,15,24	0,7,8
0	1	828	12	828	27	1,2	0,12,17,21,25	0,15,24	0,7,14
0	1	828	12	828	27	1,2	0,12,17,21,25	0,15,24	0,7,22
0	1	828	12	828	27	1,2	0,12,17,21,25	0,15,24	0,8,14
0	1	828	12	828	27	1,2	0,12,17,21,25	0,15,24	0,8,22
0	1	828	12	828	27	1,2	0,12,17,21,25	0,15,24	0,14,22
0	1	828	12	828	27	1,2	0,12,17,21,25	0,15,24	7,8,14
0	1	828	12	828	27	1,2	0,12,17,21,25	0,15,24	7,8,22
0	1	828	12	828	27	1,2	0,12,17,21,25	0,15,24	7,14,22
0	1	828	12	828	27	1,2	0,12,17,21,25	0,15,24	8,14,22
0	1	828	12	828	27	1,2	0,12,17,21,25	0,23,24	0,7,8
0	1	828	12	828	27	1,2	0,12,17,21,25	0,23,24	0,7,14
0	1	828	12	828	27	1,2	0,12,17,21,25	0,23,24	0,7,22
0	1	828	12	828	27	1,2	0,12,17,21,25	0,23,24	0,8,14
0	1	828	12	828	27	1,2	0,12,17,21,25	0,23,24	0,8,22
0	1	828	12	828	27	1,2	0,12,17,21,25	0,23,24	0,14,22
0	1	828	12	828	27	1,2	0,12,17,21,25	0,23,24	7,8,14
0	1	828	12	828	27	1,2	0,12,17,21,25	0,23,24	7,8,22
0	1	828	12	828	27	1,2	0,12,17,21,25	0,23,24	7,14,22
0	1	828	12	828	27	1,2	0,12,17,21,25	0,23,24	8,14,22
0	1	828	12	828	27	1,2	0,12,17,21,25	13,15,23	0,7,8
0	1	828	12	828	27	1,2	0,12,17,21,25	13,15,23	0,7,14
0	1	828	12	828	27	1,2	0,12,17,21,25	13,15,23	0,7,22
0	1	828	12	828	27	1,2	0,12,17,21,25	13,15,23	0,8,14
0	1	828	12	828	27	1,2	0,12,17,21,25	13,15,23	0,8,22
0	1	828	12	828	27	1,2	0,12,17,21,25	13,15,23	0,14,22
0	1	828	12	828	27	1,2	0,12,17,21,25	13,15,23	7,8,14
0	1	828	12	828	27	1,2	0,12,17,21,25	13,15,23	7,8,22
0	1	828	12	828	27	1,2	0,12,17,21,25	13,15,23	7,14,22
0	1	828	12	828	27	1,2	0,12,17,21,25	13,15,23	8,14,22
0	1	828	12	828	27	1,2	0,12,17,21,25	13,15,24	0,7,8
0	1	828	12	828	27	1,2	0,12,17,21,25	13,15,24	0,7,14
0	1	828	12	828	27	1,2	0,12,17,21,25	13,15,24	0,7,22
0	1	828	12	828	27	1,2	0,12,17,21,25	13,15,24	0,8,14
0	1	828	12	828	27	1,2	0,12,17,21,25	13,15,24	0,8,22
0	1	828	12	828	27	1,2	0,12,17,21,25	13,15,24	0,14,22
0	1	828	12	828	27	1,2	0,12,17,21,25	13,15,24	7,8,14
0	1	828	12	828	27	1,2	0,12,17,21,25	13,15,24	7,8,22
0	1	828	12	828	27	1,2	0,12,17,21,25	13,15,24	7,14,22
0	1	828	12	828	27	1,2	0,12,17,21,25	13,15,24	8,14,22
0	1	828	12	828	27	1,2	0,12,17,21,25	13,23,24	0,7,8
0	1	828	12	828	27	1,2	0,12,17,21,25	13,23,24	0,7,14
0	1	828	12	828	27	1,2	0,12,17,21,25	13,23,24	0,7,22
0	1	828	12	828	27	1,2	0,12,17,21,25	13,23,24	0,8,14
0	1	828	12	828	27	1,2	0,12,17,21,25	13,23,24	0,8,22
0	1	828	12	828	27	1,2	0,12,17,21,25	13,23,24	0,14,22
0	1	828	12	828	27	1,2	0,12,17,21,25	13,23,24	7,8,14
0	1	828	12	828	27	1,2	0,12,17,21,25	13,23,24	7,8,22
0	1	828	12	828	27	1,2	0,12,17,21,25	13,23,24	7,14,22
0	1	828	12	828	27	1,2	0,12,17,21,25	13,23,24	8,14,22
0	1	828	12	828	27	1,2	0,12,17,21,25	15,23,24	0,7,8
0	1	828	12	828	27	1,2	0,12,17,21,25	15,23,24	0,7,14
0	1	828	12	828	27	1,2	0,12,17,21,25	15,23,24	0,7,22
0	1	828	12	828	27	1,2	0,12,17,21,25	15,23,24	0,8,14
0	1	828	12	828	27	1,2	0,12,17,21,25	15,23,24	0,8,22
0	1	828	12	828	27	1,2	0,12,17,21,25	15,23,24	0,14,22
0	1	828	12	828	27	1,2	0,12,17,21,25	15,23,24	7,8,14
0	1	828	12	828	27	1,2	0,12,17,21,25	15,23,24	7,8,22
0	1	828	12	828	27	1,2	0,12,17,21,25	15,23,24	7,14,22
0	1	828	12	828	27	1,2	0,12,17,21,25	15,23,24	8,14,22
1	0	828	12	828	27	9,18	0,3,7,8,13	0,4,5	0,16,26
1	0	828	12	828	27	9,18	0,3,7,8,23	0,4,5	0,16,26
1	0	828	12	828	27	9,18	0,6,7,13,23	0,4,5	0,16,26
1	0	828	12	828	27	9,18	0,6,8,13,23	0,4,5	0,16,26
1	0	828	12	828	27	9,18	0,7,8,13,23	0,4,5	0,12,16
1	0	828	12	828	27	9,18	0,7,8,13,23	0,4,5	0,12,21
1	0	828	12	828	27	9,18	0,7,8,13,23	0,4,5	0,12,26
1	0	828	12	828	27	9,18	0,7,8,13,23	0,4,5	0,16,21
1	0	828	12	828	27	9,18	0,7,8,13,23	0,4,5	0,16,26
1	0	828	12	828	27	9,18	0,7,8,13,23	0,4,5	0,21,26
1	0	828	12	828	27	9,18	0,7,8,13,23	0,4,5	12,16,21
1	0	828	12	828	27	9,18	0,7,8,13,23	0,4,5	12,16,26
1	0	828	12	828	27	9,18	0,7,8,13,23	0,4,5	12,21,26
1	0	828	12	828	27	9,18	0,7,8,13,23	0,4,5	16,21,26
1	0	828	12	828	27	9,18	0,7,8,13,23	0,4,17	0,12,16
1	0	828	12	828	27	9,18	0,7,8,13,23	0,4,17	0,12,21
1	0	828	12	828	27	9,18	0,7,8,13,23	0,4,17	0,12,26
1	0	828	12	828	27	9,18	0,7,8,13,23	0,4,17	0,16,21
1	0	828	12	828	27	9,18	0,7,8,13,23	0,4,17	0,16,26
1	0	828	12	828	27	9,18	0,7,8,13,23	0,4,17	0,21,26
1	0	828	12	828	27	9,18	0,7,8,13,23	0,4,17	12,16,21
1	0	828	12	828	27	9,18	0,7,8,13,23	0,4,17	12,16,26
1	0	828	12	828	27	9,18	0,7,8,13,23	0,4,17	12,21,26
1	0	828	12	828	27	9,18	0,7,8,13,23	0,4,17	16,21,26
1	0	828	12	828	27	9,18	0,7,8,13,23	0,4,25	0,12,16
1	0	828	12	828	27	9,18	0,7,8,13,23	0,4,25	0,12,21
1	0	828	12	828	27	9,18	0,7,8,13,23	0,4,25	0,12,26
1	0	828	12	828	27	9,18	0,7,8,13,23	0,4,25	0,16,21
1	0	828	12	828	27	9,18	0,7,8,13,23	0,4,25	0,16,26
1	0	828	12	828	27	9,18	0,7,8,13,23	0,4,25	0,21,26
1	0	828	12	828	27	9,18	0,7,8,13,23	0,4,25	12,16,21
1	0	828	12	828	27	9,18	0,7,8,13,23	0,4,25	12,16,26
1	0	828	12	828	27	9,18	0,7,8,13,23	0,4,25	12,21,26
1	0	828	12	828	27	9,18	0,7,8,13,23	0,4,25	16,21,26
1	0	828	12	828	27	9,18	0,7,8,13,23	0,5,17	0,12,16
1	0	828	12	828	27	9,18	0,7,8,13,23	0,5,17	0,12,21
1	0	828	12	828	27	9,18	0,7,8,13,23	0,5,17	0,12,26
1	0	828	12	828	27	9,18	0,7,8,13,23	0,5,17	0,16,21
1	0	828	12	828	27	9,18	0,7,8,13,23	0,5,17	0,16,26
1	0	828	12	828	27	9,18	0,7,8,13,23	0,5,17	0,21,26
1	0	828	12	828	27	9,18	0,7,8,13,23	0,5,17	12,16,21
1	0	828	12	828	27	9,18	0,7,8,13,23	0,5,17	12,16,26
1	0	828	12	828	27	9,18	0,7,8,13,23	0,5,17	12,21,26
1	0	828	12	828	27	9,18	0,7,8,13,23	0,5,17	16,21,26
1	0	828	12	828	27	9,18	0,7,8,13,23	0,5,25	0,12,16
1	0	828	12	828	27	9,18	0,7,8,13,23	0,5,25	0,12,21
1	0	828	12	828	27	9,18	0,7,8,13,23	0,5,25	0,12,26
1	0	828	12	828	27	9,18	0,7,8,13,23	0,5,25	0,16,21
1	0	828	12	828	27	9,18	0,7,8,13,23	0,5,25	0,16,26
1	0	828	12	828	27	9,18	0,7,8,13,23	0,5,25	0,21,26
1	0	828	12	828	27	9,18	0,7,8,13,23	0,5,25	12,16,21
1	0	828	12	828	27	9,18	0,7,8,13,23	0,5,25	12,16,26
1	0	828	12	828	27	9,18	0,7,8,13,23	0,5,25	12,21,26
1	0	828	12	828	27	9,18	0,7,8,13,23	0,5,25	16,21,26
1	0	828	12	828	27	9,18	0,7,8,13,23	0,17,25	0,12,16
1	0	828	12	828	27	9,18	0,7,8,13,23	0,17,25	0,12,21
1	0	828	12	828	27	9,18	0,7,8,13,23	0,17,25	0,12,26
1	0	828	12	828	27	9,18	0,7,8,13,23	0,17,25	0,16,21
1	0	828	12	828	27	9,18	0,7,8,13,23	0,17,25	0,16,26
1	0	828	12	828	27	9,18	0,7,8,13,23	0,17,25	0,21,26
1	0	828	12	828	27	9,18	0,7,8,13,23	0,17,25	12,16,21
1	0	828	12	828	27	9,18	0,7,8,13,23	0,17,25	12,16,26
1	0	828	12	828	27	9,18	0,7,8,13,23	0,17,25	12,21,26
1	0	828	12	828	27	9,18	0,7,8,13,23	0,17,25	16,21,26
1	0	828	12	828	27	9,18	0,7,8,13,23	4,5,17	0,12,16
1	0	828	12	828	27	9,18	0,7,8,13,23	4,5,17	0,12,21
1	0	828	12	828	27	9,18	0,7,8,13,23	4,5,17	0,12,26
1	0	828	12	828	27	9,18	0,7,8,13,23	4,5,17	0,16,21
1	0	828	12	828	27	9,18	0,7,8,13,23	4,5,17	0,16,26
1	0	828	12	828	27	9,18	0,7,8,13,23	4,5,17	0,21,26
1	0	828	12	828	27	9,18	0,7,8,13,23	4,5,17	12,16,21
1	0	828	12	828	27	9,18	0,7,8,13,23	4,5,17	12,16,26
1	0	828	12	828	27	9,18	0,7,8,13,23	4,5,17	12,21,26
1	0	828	12	828	27	9,18	0,7,8,13,23	4,5,17	16,21,26
1	0	828	12	828	27	9,18	0,7,8,13,23	4,5,25	0,12,16
1	0	828	12	828	27	9,18	0,7,8,13,23	4,5,25	0,12,21
1	0	828	12	828	27	9,18	0,7,8,13,23	4,5,25	0,12,26
1	0	828	12	828	27	9,18	0,7,8,13,23	4,5,25	0,16,21
1	0	828	12	828	27	9,18	0,7,8,13,23	4,5,25	0,16,26
1	0	828	12	828	27	9,18	0,7,8,13,23	4,5,25	0,21,26
1	0	828	12	828	27	9,18	0,7,8,13,23	4,5,25	12,16,21
1	0	828	12	828	27	9,18	0,7,8,13,23	4,5,25	12,16,26
1	0	828	12	828	27	9,18	0,7,8,13,23	4,5,25	12,21,26
1	0	828	12	828	27	9,18	0,7,8,13,23	4,5,25	16,21,26
1	0	828	12	828	27	9,18	0,7,8,13,23	4,17,25	0,12,16
1	0	828	12	828	27	9,18	0,7,8,13,23	4,17,25	0,12,21
1	0	828	12	828	27	9,18	0,7,8,13,23	4,17,25	0,12,26
1	0	828	12	828	27	9,18	0,7,8,13,23	4,17,25	0,16,21
1	0	828	12	828	27	9,18	0,7,8,13,23	4,17,25	0,16,26
1	0	828	12	828	27	9,18	0,7,8,13,23	4,17,25	0,21,26
1	0	828	12	828	27	9,18	0,7,8,13,23	4,17,25	12,16,21
1	0	828	12	828	27	9,18	0,7,8,13,23	4,17,25	12,16,26
1	0	828	12	828	27	9,18	0,7,8,13,23	4,17,25	12,21,26
1	0	828	12	828	27	9,18	0,7,8,13,23	4,17,25	16,21,26
1	0	828	12	828	27	9,18	0,7,8,13,23	5,17,25	0,12,16
1	0	828	12	828	27	9,18	0,7,8,13,23	5,17,25	0,12,21
1	0	828	12	828	27	9,18	0,7,8,13,23	5,17,25	0,12,26
1	0	828	12	828	27	9,18	0,7,8,13,23	5,17,25	0,16,21
1	0	828	12	828	27	9,18	0,7,8,13,23	5,17,25	0,16,26
1	0	828	12	828	27	9,18	0,7,8,13,23	5,17,25	0,21,26
1	0	828	12	828	27	9,18	0,7,8,13,23	5,17,25	12,16,21
1	0	828	12	828	27	9,18	0,7,8,13,23	5,17,25	12,16,26
1	0	828	12	828	27	9,18	0,7,8,13,23	5,17,25	12,21,26
1	0	828	12	828	27	9,18	0,7,8,13,23	5,17,25	16,21,26
1	1	828	12	828	27	9,18	0,3,7,8,13	0,4,5	0,16,26
1	1	828	12	828	27	9,18	0,3,7,8,23	0,4,5	0,16,26
1	1	828	12	828	27	9,18	0,6,7,13,23	0,4,5	0,16,26
1	1	828	12	828	27	9,18	0,6,8,13,23	0,4,5	0,16,26
1	1	828	12	828	27	9,18	0,7,8,13,23	0,4,5	0,12,16
1	1	828	12	828	27	9,18	0,7,8,13,23	0,4,5	0,12,21
1	1	828	12	828	27	9,18	0,7,8,13,23	0,4,5	0,12,26
1	1	828	12	828	27	9,18	0,7,8,13,23	0,4,5	0,16,21
1	1	828	12	828	27	9,18	0,7,8,13,23	0,4,5	0,16,26
1	1	828	12	828	27	9,18	0,7,8,13,23	0,4,5	0,21,26
1	1	828	12	828	27	9,18	0,7,8,13,23	0,4,5	12,16,21
1	1	828	12	828	27	9,18	0,7,8,13,23	0,4,5	12,16,26
1	1	828	12	828	27	9,18	0,7,8,13,23	0,4,5	12,21,26
1	1	828	12	828	27	9,18	0,7,8,13,23	0,4,5	16,21,26
1	1	828	12	828	27	9,18	0,7,8,13,23	0,4,17	0,12,16
1	1	828	12	828	27	9,18	0,7,8,13,23	0,4,17	0,12,21
1	1	828	12	828	27	9,18	0,7,8,13,23	0,4,17	0,12,26
1	1	828	12	828	27	9,18	0,7,8,13,23	0,4,17	0,16,21
1	1	828	12	828	27	9,18	0,7,8,13,23	0,4,17	0,16,26
1	1	828	12	828	27	9,18	0,7,8,13,23	0,4,17	0,21,26
1	1	828	12	828	27	9,18	0,7,8,13,23	0,4,17	12,16,21
1	1	828	12	828	27	9,18	0,7,8,13,23	0,4,17	12,16,26
1	1	828	12	828	27	9,18	0,7,8,13,23	0,4,17	12,21,26
1	1	828	12	828	27	9,18	0,7,8,13,23	0,4,17	16,21,26
1	1	828	12	828	27	9,18	0,7,8,13,23	0,4,25	0,12,16
1	1	828	12	828	27	9,18	0,7,8,13,23	0,4,25	0,12,21
1	1	828	12	828	27	9,18	0,7,8,13,23	0,4,25	0,12,26
1	1	828	12	828	27	9,18	0,7,8,13,23	0,4,25	0,16,21
1	1	828	12	828	27	9,18	0,7,8,13,23	0,4,25	0,16,26
1	1	828	12	828	27	9,18	0,7,8,13,23	0,4,25	0,21,26
1	1	828	12	828	27	9,18	0,7,8,13,23	0,4,25	12,16,21
1	1	828	12	828	27	9,18	0,7,8,13,23	0,4,25	12,16,26
1	1	828	12	828	27	9,18	0,7,8,13,23	0,4,25	12,21,26
1	1	828	12	828	27	9,18	0,7,8,13,23	0,4,25	16,21,26
1	1	828	12	828	27	9,18	0,7,8,13,23	0,5,17	0,12,16
1	1	828	12	828	27	9,18	0,7,8,13,23	0,5,17	0,12,21
1	1	828	12	828	27	9,18	0,7,8,13,23	0,5,17	0,12,26
1	1	828	12	828	27	9,18	0,7,8,13,23	0,5,17	0,16,21
1	1	828	12	828	27	9,18	0,7,8,13,23	0,5,17	0,16,26
1	1	828	12	828	27	9,18	0,7,8,13,23	0,5,17	0,21,26
1	1	828	12	828	27	9,18	0,7,8,13,23	0,5,17	12,16,21
1	1	828	12	828	27	9,18	0,7,8,13,23	0,5,17	12,16,26
1	1	828	12	828	27	9,18	0,7,8,13,23	0,5,17	12,21,26
1	1	828	12	828	27	9,18	0,7,8,13,23	0,5,17	16,21,26
1	1	828	12	828	27	9,18	0,7,8,13,23	0,5,25	0,12,16
1	1	828	12	828	27	9,18	0,7,8,13,23	0,5,25	0,12,21
1	1	828	12	828	27	9,18	0,7,8,13,23	0,5,25	0,12,26
1	1	828	12	828	27	9,18	0,7,8,13,23	0,5,25	0,16,21
1	1	828	12	828	27	9,18	0,7,8,13,23	0,5,25	0,16,26
1	1	828	12	828	27	9,18	0,7,8,13,23	0,5,25	0,21,26
1	1	828	12	828	27	9,18	0,7,8,13,23	0,5,25	12,16,21
1	1	828	12	828	27	9,18	0,7,8,13,23	0,5,25	12,16,26
1	1	828	12	828	27	9,18	0,7,8,13,23	0,5,25	12,21,26
1	1	828	12	828	27	9,18	0,7,8,13,23	0,5,25	16,21,26
1	1	828	12	828	27	9,18	0,7,8,13,23	0,17,25	0,12,16
1	1	828	12	828	27	9,18	0,7,8,13,23	0,17,25	0,12,21
1	1	828	12	828	27	9,18	0,7,8,13,23	0,17,25	0,12,26
1	1	828	12	828	27	9,18	0,7,8,13,23	0,17,25	0,16,21
1	1	828	12	828	27	9,18	0,7,8,13,23	0,17,25	0,16,26
1	1	828	12	828	27	9,18	0,7,8,13,23	0,17,25	0,21,26
1	1	828	12	828	27	9,18	0,7,8,13,23	0,17,25	12,16,21
1	1	828	12	828	27	9,18	0,7,8,13,23	0,17,25	12,16,26
1	1	828	12	828	27	9,18	0,7,8,13,23	0,17,25	12,21,26
1	1	828	12	828	27	9,18	0,7,8,13,23	0,17,25	16,21,26
1	1	828	12	828	27	9,18	0,7,8,13,23	4,5,17	0,12,16
1	1	828	12	828	27	9,18	0,7,8,13,23	4,5,17	0,12,21
1	1	828	12	828	27	9,18	0,7,8,13,23	4,5,17	0,12,26
1	1	828	12	828	27	9,18	0,7,8,13,23	4,5,17	0,16,21
1	1	828	12	828	27	9,18	0,7,8,13,23	4,5,17	0,16,26
1	1	828	12	828	27	9,18	0,7,8,13,23	4,5,17	0,21,26
1	1	828	12	828	27	9,18	0,7,8,13,23	4,5,17	12,16,21
1	1	828	12	828	27	9,18	0,7,8,13,23	4,5,17	12,16,26
1	1	828	12	828	27	9,18	0,7,8,13,23	4,5,17	12,21,26
1	1	828	12	828	27	9,18	0,7,8,13,23	4,5,17	16,21,26
1	1	828	12	828	27	9,18	0,7,8,13,23	4,5,25	0,12,16
1	1	828	12	828	27	9,18	0,7,8,13,23	4,5,25	0,12,21
1	1	828	12	828	27	9,18	0,7,8,13,23	4,5,25	0,12,26
1	1	828	12	828	27	9,18	0,7,8,13,23	4,5,25	0,16,21
1	1	828	12	828	27	9,18	0,7,8,13,23	4,5,25	0,16,26
1	1	828	12	828	27	9,18	0,7,8,13,23	4,5,25	0,21,26
1	1	828	12	828	27	9,18	0,7,8,13,23	4,5,25	12,16,21
1	1	828	12	828	27	9,18	0,7,8,13,23	4,5,25	12,16,26
1	1	828	12	828	27	9,18	0,7,8,13,23	4,5,25	12,21,26
1	1	828	12	828	27	9,18	0,7,8,13,23	4,5,25	16,21,26
1	1	828	12	828	27	9,18	0,7,8,13,23	4,17,25	0,12,16
1	1	828	12	828	27	9,18	0,7,8,13,23	4,17,25	0,12,21
1	1	828	12	828	27	9,18	0,7,8,13,23	4,17,25	0,12,26
1	1	828	12	828	27	9,18	0,7,8,13,23	4,17,25	0,16,21
1	1	828	12	828	27	9,18	0,7,8,13,23	4,17,25	0,16,26
1	1	828	12	828	27	9,18	0,7,8,13,23	4,17,25	0,21,26
1	1	828	12	828	27	9,18	0,7,8,13,23	4,17,25	12,16,21
1	1	828	12	828	27	9,18	0,7,8,13,23	4,17,25	12,16,26
1	1	828	12	828	27	9,18	0,7,8,13,23	4,17,25	12,21,26
1	1	828	12	828	27	9,18	0,7,8,13,23	4,17,25	16,21,26
1	1	828	12	828	27	9,18	0,7,8,13,23	5,17,25	0,12,16
1	1	828	12	828	27	9,18	0,7,8,13,23	5,17,25	0,12,21
1	1	828	12	828	27	9,18	0,7,8,13,23	5,17,25	0,12,26
1	1	828	12	828	27	9,18	0,7,8,13,23	5,17,25	0,16,21
1	1	828	12	828	27	9,18	0,7,8,13,23	5,17,25	0,16,26
1	1	828	12	828	27	9,18	0,7,8,13,23	5,17,25	0,21,26
1	1	828	12	828	27	9,18	0,7,8,13,23	5,17,25	12,16,21
1	1	828	12	828	27	9,18	0,7,8,13,23	5,17,25	12,16,26
1	1	828	12	828	27	9,18	0,7,8,13,23	5,17,25	12,21,26
1	1	828	12	828	27	9,18	0,7,8,13,23	5,17,25	16,21,26
2	0	828	12	828	27	1,2	0,3,12,17,25	0,15,24	0,14,22
2	0	828	12	828	27	1,2	0,3,17,21,25	0,15,24	0,14,22
2	0	828	12	828	27	1,2	0,6,12,17,21	0,15,24	0,14,22
2	0	828	12	828	27	1,2	0,6,12,21,25	0,15,24	0,14,22
2	0	828	12	828	27	1,2	0,12,17,21,25	0,13,15	0,7,8
2	0	828	12	828	27	1,2	0,12,17,21,25	0,13,15	0,7,14
2	0	828	12	828	27	1,2	0,12,17,21,25	0,13,15	0,7,22
2	0	828	12	828	27	1,2	0,12,17,21,25	0,13,15	0,8,14
2	0	828	12	828	27	1,2	0,12,17,21,25	0,13,15	0,8,22
2	0	828	12	828	27	1,2	0,12,17,21,25	0,13,15	0,14,22
2	0	828	12	828	27	1,2	0,12,17,21,25	0,13,15	7,8,14
2	0	828	12	828	27	1,2	0,12,17,21,25	0,13,15	7,8,22
2	0	828	12	828	27	1,2	0,12,17,21,25	0,13,15	7,14,22
2	0	828	12	828	27	1,2	0,12,17,21,25	0,13,15	8,14,22
2	0	828	12	828	27	1,2	0,12,17,21,25	0,13,23	0,7,8
2	0	828	12	828	27	1,2	0,12,17,21,25	0,13,23	0,7,14
2	0	828	12	828	27	1,2	0,12,17,21,25	0,13,23	0,7,22
2	0	828	12	828	27	1,2	0,12,17,21,25	0,13,23	0,8,14
2	0	828	12	828	27	1,2	0,12,17,21,25	0,13,23	0,8,22
2	0	828	12	828	27	1,2	0,12,17,21,25	0,13,23	0,14,22
2	0	828	12	828	27	1,2	0,12,17,21,25	0,13,23	7,8,14
2	0	828	12	828	27	1,2	0,12,17,21,25	0,13,23	7,8,22
2	0	828	12	828	27	1,2	0,12,17,21,25	0,13,23	7,14,22
2	0	828	12	828	27	1,2	0,12,17,21,25	0,13,23	8,14,22
2	0	828	12	828	27	1,2	0,12,17,21,25	0,13,24	0,7,8
2	0	828	12	828	27	1,2	0,12,17,21,25	0,13,24	0,7,14
2	0	828	12	828	27	1,2	0,12,17,21,25	0,13,24	0,7,22
2	0	828	12	828	27	1,2	0,12,17,21,25	0,13,24	0,8,14
2	0	828	12	828	27	1,2	0,12,17,21,25	0,13,24	0,8,22
2	0	828	12	828	27	1,2	0,12,17,21,25	0,13,24	0,14,22
2	0	828	12	828	27	1,2	0,12,17,21,25	0,13,24	7,8,14
2	0	828	12	828	27	1,2	0,12,17,21,25	0,13,24	7,8,22
2	0	828	12	828	27	1,2	0,12,17,21,25	0,13,24	7,14,22
2	0	828	12	828	27	1,2	0,12,17,21,25	0,13,24	8,14,22
2	0	828	12	828	27	1,2	0,12,17,21,25	0,15,23	0,7,8
2	0	828	12	828	27	1,2	0,12,17,21,25	0,15,23	0,7,14
2	0	828	12	828	27	1,2	0,12,17,21,25	0,15,23	0,7,22
2	0	828	12	828	27	1,2	0,12,17,21,25	0,15,23	0,8,14
2	0	828	12	828	27	1,2	0,12,17,21,25	0,15,23	0,8,22
2	0	828	12	828	27	1,2	0,12,17,21,25	0,15,23	0,14,22
2	0	828	12	828	27	1,2	0,12,17,21,25	0,15,23	7,8,14
2	0	828	12	828	27	1,2	0,12,17,21,25	0,15,23	7,8,22
2	0	828	12	828	27	1,2	0,12,17,21,25	0,15,23	7,14,22
2	0	828	12	828	27	1,2	0,12,17,21,25	0,15,23	8,14,22
2	0	828	12	828	27	1,2	0,12,17,21,25	0,15,24	0,7,8
2	0	828	12	828	27	1,2	0,12,17,21,25	0,15,24	0,7,14
2	0	828	12	828	27	1,2	0,12,17,21,25	0,15,24	0,7,22
2	0	828	12	828	27	1,2	0,12,17,21,25	0,15,24	0,8,14
2	0	828	12	828	27	1,2	0,12,17,21,25	0,15,24	0,8,22
2	0	828	12	828	27	1,2	0,12,17,21,25	0,15,24	0,14,22
2	0	828	12	828	27	1,2	0,12,17,21,25	0,15,24	7,8,14
2	0	828	12	828	27	1,2	0,12,17,21,25	0,15,24	7,8,22
2	0	828	12	828	27	1,2	0,12,17,21,25	0,15,24	7,14,22
2	0	828	12	828	27	1,2	0,12,17,21,25	0,15,24	8,14,22
2	0	828	12	828	27	1,2	0,12,17,21,25	0,23,24	0,7,8
2	0	828	12	828	27	1,2	0,12,17,21,25	0,23,24	0,7,14
2	0	828	12	828	27	1,2	0,12,17,21,25	0,23,24	0,7,22
2	0	828	12	828	27	1,2	0,12,17,21,25	0,23,24	0,8,14
2	0	828	12	828	27	1,2	0,12,17,21,25	0,23,24	0,8,22
2	0	828	12	828	27	1,2	0,12,17,21,25	0,23,24	0,14,22
2	0	828	12	828	27	1,2	0,12,17,21,25	0,23,24	7,8,14
2	0	828	12	828	27	1,2	0,12,17,21,25	0,23,24	7,8,22
2	0	828	12	828	27	1,2	0,12,17,21,25	0,23,24	7,14,22
2	0	828	12	828	27	1,2	0,12,17,21,25	0,23,24	8,14,22
2	0	828	12	828	27	1,2	0,12,17,21,25	13,15,23	0,7,8
2	0	828	12	828	27	1,2	0,12,17,21,25	13,15,23	0,7,14
2	0	828	12	828	27	1,2	0,12,17,21,25	13,15,23	0,7,22
2	0	828	12	828	27	1,2	0,12,17,21,25	13,15,23	0,8,14
2	0	828	12	828	27	1,2	0,12,17,21,25	13,15,23	0,8,22
2	0	828	12	828	27	1,2	0,12,17,21,25	13,15,23	0,14,22
2	0	828	12	828	27	1,2	0,12,17,21,25	13,15,23	7,8,14
2	0	828	12	828	27	1,2	0,12,17,21,25	13,15,23	7,8,22
2	0	828	12	828	27	1,2	0,12,17,21,25	13,15,23	7,14,22
2	0	828	12	828	27	1,2	0,12,17,21,25	13,15,23	8,14,22
2	0	828	12	828	27	1,2	0,12,17,21,25	13,15,24	0,7,8
2	0	828	12	828	27	1,2	0,12,17,21,25	13,15,24	0,7,14
2	0	828	12	828	27	1,2	0,12,17,21,25	13,15,24	0,7,22
2	0	828	12	828	27	1,2	0,12,17,21,25	13,15,24	0,8,14
2	0	828	12	828	27	1,2	0,12,17,21,25	13,15,24	0,8,22
2	0	828	12	828	27	1,2	0,12,17,21,25	13,15,24	0,14,22
2	0	828	12	828	27	1,2	0,12,17,21,25	13,15,24	7,8,14
2	0	828	12	828	27	1,2	0,12,17,21,25	13,15,24	7,8,22
2	0	828	12	828	27	1,2	0,12,17,21,25	13,15,24	7,14,22
2	0	828	12	828	27	1,2	0,12,17,21,25	13,15,24	8,14,22
2	0	828	12	828	27	1,2	0,12,17,21,25	13,23,24	0,7,8
2	0	828	12	828	27	1,2	0,12,17,21,25	13,23,24	0,7,14
2	0	828	12	828	27	1,2	0,12,17,21,25	13,23,24	0,7,22
2	0	828	12	828	27	1,2	0,12,17,21,25	13,23,24	0,8,14
2	0	828	12	828	27	1,2	0,12,17,21,25	13,23,24	0,8,22
2	0	828	12	828	27	1,2	0,12,17,21,25	13,23,24	0,14,22
2	0	828	12	828	27	1,2	0,12,17,21,25	13,23,24	7,8,14
2	0	828	12	828	27	1,2	0,12,17,21,25	13,23,24	7,8,22
2	0	828	12	828	27	1,2	0,12,17,21,25	13,23,24	7,14,22
2	0	828	12	828	27	1,2	0,12,17,21,25	13,23,24	8,14,22
2	0	828	12	828	27	1,2	0,12,17,21,25	15,23,24	0,7,8
2	0	828	12	828	27	1,2	0,12,17,21,25	15,23,24	0,7,14
2	0	828	12	828	27	1,2	0,12,17,21,25	15,23,24	0,7,22
2	0	828	12	828	27	1,2	0,12,17,21,25	15,23,24	0,8,14
2	0	828	12	828	27	1,2	0,12,17,21,25	15,23,24	0,8,22
2	0	828	12	828	27	1,2	0,12,17,21,25	15,23,24	0,14,22
2	0	828	12	828	27	1,2	0,12,17,21,25	15,23,24	7,8,14
2	0	828	12	828	27	1,2	0,12,17,21,25	15,23,24	7,8,22
2	0	828	12	828	27	1,2	0,12,17,21,25	15,23,24	7,14,22
2	0	828	12	828	27	1,2	0,12,17,21,25	15,23,24	8,14,22
2	1	828	12	828	27	1,2	0,3,12,17,25	0,15,24	0,14,22
2	1	828	12	828	27	1,2	0,3,17,21,25	0,15,24	0,14,22
2	1	828	12	828	27	1,2	0,6,12,17,21	0,15,24	0,14,22
2	1	828	12	828	27	1,2	0,6,12,21,25	0,15,24	0,14,22
2	1	828	12	828	27	1,2	0,12,17,21,25	0,13,15	0,7,8
2	1	828	12	828	27	1,2	0,12,17,21,25	0,13,15	0,7,14
2	1	828	12	828	27	1,2	0,12,17,21,25	0,13,15	0,7,22
2	1	828	12	828	27	1,2	0,12,17,21,25	0,13,15	0,8,14
2	1	828	12	828	27	1,2	0,12,17,21,25	0,13,15	0,8,22
2	1	828	12	828	27	1,2	0,12,17,21,25	0,13,15	0,14,22
2	1	828	12	828	27	1,2	0,12,17,21,25	0,13,15	7,8,14
2	1	828	12	828	27	1,2	0,12,17,21,25	0,13,15	7,8,22
2	1	828	12	828	27	1,2	0,12,17,21,25	0,13,15	7,14,22
2	1	828	12	828	27	1,2	0,12,17,21,25	0,13,15	8,14,22
2	1	828	12	828	27	1,2	0,12,17,21,25	0,13,23	0,7,8
2	1	828	12	828	27	1,2	0,12,17,21,25	0,13,23	0,7,14
2	1	828	12	828	27	1,2	0,12,17,21,25	0,13,23	0,7,22
2	1	828	12	828	27	1,2	0,12,17,21,25	0,13,23	0,8,14
2	1	828	12	828	27	1,2	0,12,17,21,25	0,13,23	0,8,22
2	1	828	12	828	27	1,2	0,12,17,21,25	0,13,23	0,14,22
2	1	828	12	828	27	1,2	0,12,17,21,25	0,13,23	7,8,14
2	1	828	12	828	27	1,2	0,12,17,21,25	0,13,23	7,8,22
2	1	828	12	828	27	1,2	0,12,17,21,25	0,13,23	7,14,22
2	1	828	12	828	27	1,2	0,12,17,21,25	0,13,23	8,14,22
2	1	828	12	828	27	1,2	0,12,17,21,25	0,13,24	0,7,8
2	1	828	12	828	27	1,2	0,12,17,21,25	0,13,24	0,7,14
2	1	828	12	828	27	1,2	0,12,17,21,25	0,13,24	0,7,22
2	1	828	12	828	27	1,2	0,12,17,21,25	0,13,24	0,8,14
2	1	828	12	828	27	1,2	0,12,17,21,25	0,13,24	0,8,22
2	1	828	12	828	27	1,2	0,12,17,21,25	0,13,24	0,14,22
2	1	828	12	828	27	1,2	0,12,17,21,25	0,13,24	7,8,14
2	1	828	12	828	27	1,2	0,12,17,21,25	0,13,24	7,8,22
2	1	828	12	828	27	1,2	0,12,17,21,25	0,13,24	7,14,22
2	1	828	12	828	27	1,2	0,12,17,21,25	0,13,24	8,14,22
2	1	828	12	828	27	1,2	0,12,17,21,25	0,15,23	0,7,8
2	1	828	12	828	27	1,2	0,12,17,21,25	0,15,23	0,7,14
2	1	828	12	828	27	1,2	0,12,17,21,25	0,15,23	0,7,22
2	1	828	12	828	27	1,2	0,12,17,21,25	0,15,23	0,8,14
2	1	828	12	828	27	1,2	0,12,17,21,25	0,15,23	0,8,22
2	1	828	12	828	27	1,2	0,12,17,21,25	0,15,23	0,14,22
2	1	828	12	828	27	1,2	0,12,17,21,25	0,15,23	7,8,14
2	1	828	12	828	27	1,2	0,12,17,21,25	0,15,23	7,8,22
2	1	828	12	828	27	1,2	0,12,17,21,25	0,15,23	7,14,22
2	1	828	12	828	27	1,2	0,12,17,21,25	0,15,23	8,14,22
2	1	828	12	828	27	1,2	0,12,17,21,25	0,15,24	0,7,8
2	1	828	12	828	27	1,2	0,12,17,21,25	0,15,24	0,7,14
2	1	828	12	828	27	1,2	0,12,17,21,25	0,15,24	0,7,22
2	1	828	12	828	27	1,2	0,12,17,21,25	0,15,24	0,8,14
2	1	828	12	828	27	1,2	0,12,17,21,25	0,15,24	0,8,22
2	1	828	12	828	27	1,2	0,12,17,21,25	0,15,24	0,14,22
2	1	828	12	828	27	1,2	0,12,17,21,25	0,15,24	7,8,14
2	1	828	12	828	27	1,2	0,12,17,21,25	0,15,24	7,8,22
2	1	828	12	828	27	1,2	0,12,17,21,25	0,15,24	7,14,22
2	1	828	12	828	27	1,2	0,12,17,21,25	0,15,24	8,14,22
2	1	828	12	828	27	1,2	0,12,17,21,25	0,23,24	0,7,8
2	1	828	12	828	27	1,2	0,12,17,21,25	0,23,24	0,7,14
2	1	828	12	828	27	1,2	0,12,17,21,25	0,23,24	0,7,22
2	1	828	12	828	27	1,2	0,12,17,21,25	0,23,24	0,8,14
2	1	828	12	828	27	1,2	0,12,17,21,25	0,23,24	0,8,22
2	1	828	12	828	27	1,2	0,12,17,21,25	0,23,24	0,14,22
2	1	828	12	828	27	1,2	0,12,17,21,25	0,23,24	7,8,14
2	1	828	12	828	27	1,2	0,12,17,21,25	0,23,24	7,8,22
2	1	828	12	828	27	1,2	0,12,17,21,25	0,23,24	7,14,22
2	1	828	12	828	27	1,2	0,12,17,21,25	0,23,24	8,14,22
2	1	828	12	828	27	1,2	0,12,17,21,25	13,15,23	0,7,8
2	1	828	12	828	27	1,2	0,12,17,21,25	13,15,23	0,7,14
2	1	828	12	828	27	1,2	0,12,17,21,25	13,15,23	0,7,22
2	1	828	12	828	27	1,2	0,12,17,21,25	13,15,23	0,8,14
2	1	828	12	828	27	1,2	0,12,17,21,25	13,15,23	0,8,22
2	1	828	12	828	27	1,2	0,12,17,21,25	13,15,23	0,14,22
2	1	828	12	828	27	1,2	0,12,17,21,25	13,15,23	7,8,14
2	1	828	12	828	27	1,2	0,12,17,21,25	13,15,23	7,8,22
2	1	828	12	828	27	1,2	0,12,17,21,25	13,15,23	7,14,22
2	1	828	12	828	27	1,2	0,12,17,21,25	13,15,23	8,14,22
2	1	828	12	828	27	1,2	0,12,17,21,25	13,15,24	0,7,8
2	1	828	12	828	27	1,2	0,12,17,21,25	13,15,24	0,7,14
2	1	828	12	828	27	1,2	0,12,17,21,25	13,15,24	0,7,22
2	1	828	12	828	27	1,2	0,12,17,21,25	13,15,24	0,8,14
2	1	828	12	828	27	1,2	0,12,17,21,25	13,15,24	0,8,22
2	1	828	12	828	27	1,2	0,12,17,21,25	13,15,24	0,14,22
2	1	828	12	828	27	1,2	0,12,17,21,25	13,15,24	7,8,14
2	1	828	12	828	27	1,2	0,12,17,21,25	13,15,24	7,8,22
2	1	828	12	828	27	1,2	0,12,17,21,25	13,15,24	7,14,22
2	1	828	12	828	27	1,2	0,12,17,21,25	13,15,24	8,14,22
2	1	828	12	828	27	1,2	0,12,17,21,25	13,23,24	0,7,8
2	1	828	12	828	27	1,2	0,12,17,21,25	13,23,24	0,7,14
2	1	828	12	828	27	1,2	0,12,17,21,25	13,23,24	0,7,22
2	1	828	12	828	27	1,2	0,12,17,21,25	13,23,24	0,8,14
2	1	828	12	828	27	1,2	0,12,17,21,25	13,23,24	0,8,22
2	1	828	12	828	27	1,2	0,12,17,21,25	13,23,24	0,14,22
2	1	828	12	828	27	1,2	0,12,17,21,25	13,23,24	7,8,14
2	1	828	12	828	27	1,2	0,12,17,21,25	13,23,24	7,8,22
2	1	828	12	828	27	1,2	0,12,17,21,25	13,23,24	7,14,22
2	1	828	12	828	27	1,2	0,12,17,21,25	13,23,24	8,14,22
2	1	828	12	828	27	1,2	0,12,17,21,25	15,23,24	0,7,8
2	1	828	12	828	27	1,2	0,12,17,21,25	15,23,24	0,7,14
2	1	828	12	828	27	1,2	0,12,17,21,25	15,23,24	0,7,22
2	1	828	12	828	27	1,2	0,12,17,21,25	15,23,24	0,8,14
2	1	828	12	828	27	1,2	0,12,17,21,25	15,23,24	0,8,22
2	1	828	12	828	27	1,2	0,12,17,21,25	15,23,24	0,14,22
2	1	828	12	828	27	1,2	0,12,17,21,25	15,23,24	7,8,14
2	1	828	12	828	27	1,2	0,12,17,21,25	15,23,24	7,8,22
2	1	828	12	828	27	1,2	0,12,17,21,25	15,23,24	7,14,22
2	1	828	12	828	27	1,2	0,12,17,21,25	15,23,24	8,14,22
3	0	828	12	828	27	9,18	0,3,7,8,13	0,4,5	0,16,26
3	0	828	12	828	27	9,18	0,3,7,8,23	0,4,5	0,16,26
3	0	828	12	828	27	9,18	0,6,7,13,23	0,4,5	0,16,26
3	0	828	12	828	27	9,18	0,6,8,13,23	0,4,5	0,16,26
3	0	828	12	828	27	9,18	0,7,8,13,23	0,4,5	0,12,16
3	0	828	12	828	27	9,18	0,7,8,13,23	0,4,5	0,12,21
3	0	828	12	828	27	9,18	0,7,8,13,23	0,4,5	0,12,26
3	0	828	12	828	27	9,18	0,7,8,13,23	0,4,5	0,16,21
3	0	828	12	828	27	9,18	0,7,8,13,23	0,4,5	0,16,26
3	0	828	12	828	27	9,18	0,7,8,13,23	0,4,5	0,21,26
3	0	828	12	828	27	9,18	0,7,8,13,23	0,4,5	12,16,21
3	0	828	12	828	27	9,18	0,7,8,13,23	0,4,5	12,16,26
3	0	828	12	828	27	9,18	0,7,8,13,23	0,4,5	12,21,26
3	0	828	12	828	27	9,18	0,7,8,13,23	0,4,5	16,21,26
3	0	828	12	828	27	9,18	0,7,8,13,23	0,4,17	0,12,16
3	0	828	12	828	27	9,18	0,7,8,13,23	0,4,17	0,12,21
3	0	828	12	828	27	9,18	0,7,8,13,23	0,4,17	0,12,26
3	0	828	12	828	27	9,18	0,7,8,13,23	0,4,17	0,16,21
3	0	828	12	828	27	9,18	0,7,8,13,23	0,4,17	0,16,26
3	0	828	12	828	27	9,18	0,7,8,13,23	0,4,17	0,21,26
3	0	828	12	828	27	9,18	0,7,8,13,23	0,4,17	12,16,21
3	0	828	12	828	27	9,18	0,7,8,13,23	0,4,17	12,16,26
3	0	828	12	828	27	9,18	0,7,8,13,23	0,4,17	12,21,26
3	0	828	12	828	27	9,18	0,7,8,13,23	0,4,17	16,21,26
3	0	828	12	828	27	9,18	0,7,8,13,23	0,4,25	0,12,16
3	0	828	12	828	27	9,18	0,7,8,13,23	0,4,25	0,12,21
3	0	828	12	828	27	9,18	0,7,8,13,23	0,4,25	0,12,26
3	0	828	12	828	27	9,18	0,7,8,13,23	0,4,25	0,16,21
3	0	828	12	828	27	9,18	0,7,8,13,23	0,4,25	0,16,26
3	0	828	12	828	27	9,18	0,7,8,13,23	0,4,25	0,21,26
3	0	828	12	828	27	9,18	0,7,8,13,23	0,4,25	12,16,21
3	0	828	12	828	27	9,18	0,7,8,13,23	0,4,25	12,16,26
3	0	828	12	828	27	9,18	0,7,8,13,23	0,4,25	12,21,26
3	0	828	12	828	27	9,18	0,7,8,13,23	0,4,25	16,21,26
3	0	828	12	828	27	9,18	0,7,8,13,23	0,5,17	0,12,16
3	0	828	12	828	27	9,18	0,7,8,13,23	0,5,17	0,12,21
3	0	828	12	828	27	9,18	0,7,8,13,23	0,5,17	0,12,26
3	0	828	12	828	27	9,18	0,7,8,13,23	0,5,17	0,16,21
3	0	828	12	828	27	9,18	0,7,8,13,23	0,5,17	0,16,26
3	0	828	12	828	27	9,18	0,7,8,13,23	0,5,17	0,21,26
3	0	828	12	828	27	9,18	0,7,8,13,23	0,5,17	12,16,21
3	0	828	12	828	27	9,18	0,7,8,13,23	0,5,17	12,16,26
3	0	828	12	828	27	9,18	0,7,8,13,23	0,5,17	12,21,26
3	0	828	12	828	27	9,18	0,7,8,13,23	0,5,17	16,21,26
3	0	828	12	828	27	9,18	0,7,8,13,23	0,5,25	0,12,16
3	0	828	12	828	27	9,18	0,7,8,13,23	0,5,25	0,12,21
3	0	828	12	828	27	9,18	0,7,8,13,23	0,5,25	0,12,26
3	0	828	12	828	27	9,18	0,7,8,13,23	0,5,25	0,16,21
3	0	828	12	828	27	9,18	0,7,8,13,23	0,5,25	0,16,26
3	0	828	12	828	27	9,18	0,7,8,13,23	0,5,25	0,21,26
3	0	828	12	828	27	9,18	0,7,8,13,23	0,5,25	12,16,21
3	0	828	12	828	27	9,18	0,7,8,13,23	0,5,25	12,16,26
3	0	828	12	828	27	9,18	0,7,8,13,23	0,5,25	12,21,26
3	0	828	12	828	27	9,18	0,7,8,13,23	0,5,25	16,21,26
3	0	828	12	828	27	9,18	0,7,8,13,23	0,17,25	0,12,16
3	0	828	12	828	27	9,18	0,7,8,13,23	0,17,25	0,12,21
3	0	828	12	828	27	9,18	0,7,8,13,23	0,17,25	0,12,26
3	0	828	12	828	27	9,18	0,7,8,13,23	0,17,25	0,16,21
3	0	828	12	828	27	9,18	0,7,8,13,23	0,17,25	0,16,26
3	0	828	12	828	27	9,18	0,7,8,13,23	0,17,25	0,21,26
3	0	828	12	828	27	9,18	0,7,8,13,23	0,17,25	12,16,21
3	0	828	12	828	27	9,18	0,7,8,13,23	0,17,25	12,16,26
3	0	828	12	828	27	9,18	0,7,8,13,23	0,17,25	12,21,26
3	0	828	12	828	27	9,18	0,7,8,13,23	0,17,25	16,21,26
3	0	828	12	828	27	9,18	0,7,8,13,23	4,5,17	0,12,16
3	0	828	12	828	27	9,18	0,7,8,13,23	4,5,17	0,12,21
3	0	828	12	828	27	9,18	0,7,8,13,23	4,5,17	0,12,26
3	0	828	12	828	27	9,18	0,7,8,13,23	4,5,17	0,16,21
3	0	828	12	828	27	9,18	0,7,8,13,23	4,5,17	0,16,26
3	0	828	12	828	27	9,18	0,7,8,13,23	4,5,17	0,21,26
3	0	828	12	828	27	9,18	0,7,8,13,23	4,5,17	12,16,21
3	0	828	12	828	27	9,18	0,7,8,13,23	4,5,17	12,16,26
3	0	828	12	828	27	9,18	0,7,8,13,23	4,5,17	12,21,26
3	0	828	12	828	27	9,18	0,7,8,13,23	4,5,17	16,21,26
3	0	828	12	828	27	9,18	0,7,8,13,23	4,5,25	0,12,16
3	0	828	12	828	27	9,18	0,7,8,13,23	4,5,25	0,12,21
3	0	828	12	828	27	9,18	0,7,8,13,23	4,5,25	0,12,26
3	0	828	12	828	27	9,18	0,7,8,13,23	4,5,25	0,16,21
3	0	828	12	828	27	9,18	0,7,8,13,23	4,5,25	0,16,26
3	0	828	12	828	27	9,18	0,7,8,13,23	4,5,25	0,21,26
3	0	828	12	828	27	9,18	0,7,8,13,23	4,5,25	12,16,21
3	0	828	12	828	27	9,18	0,7,8,13,23	4,5,25	12,16,26
3	0	828	12	828	27	9,18	0,7,8,13,23	4,5,25	12,21,26
3	0	828	12	828	27	9,18	0,7,8,13,23	4,5,25	16,21,26
3	0	828	12	828	27	9,18	0,7,8,13,23	4,17,25	0,12,16
3	0	828	12	828	27	9,18	0,7,8,13,23	4,17,25	0,12,21
3	0	828	12	828	27	9,18	0,7,8,13,23	4,17,25	0,12,26
3	0	828	12	828	27	9,18	0,7,8,13,23	4,17,25	0,16,21
3	0	828	12	828	27	9,18	0,7,8,13,23	4,17,25	0,16,26
3	0	828	12	828	27	9,18	0,7,8,13,23	4,17,25	0,21,26
3	0	828	12	828	27	9,18	0,7,8,13,23	4,17,25	12,16,21
3	0	828	12	828	27	9,18	0,7,8,13,23	4,17,25	12,16,26
3	0	828	12	828	27	9,18	0,7,8,13,23	4,17,25	12,21,26
3	0	828	12	828	27	9,18	0,7,8,13,23	4,17,25	16,21,26
3	0	828	12	828	27	9,18	0,7,8,13,23	5,17,25	0,12,16
3	0	828	12	828	27	9,18	0,7,8,13,23	5,17,25	0,12,21
3	0	828	12	828	27	9,18	0,7,8,13,23	5,17,25	0,12,26
3	0	828	12	828	27	9,18	0,7,8,13,23	5,17,25	0,16,21
3	0	828	12	828	27	9,18	0,7,8,13,23	5,17,25	0,16,26
3	0	828	12	828	27	9,18	0,7,8,13,23	5,17,25	0,21,26
3	0	828	12	828	27	9,18	0,7,8,13,23	5,17,25	12,16,21
3	0	828	12	828	27	9,18	0,7,8,13,23	5,17,25	12,16,26
3	0	828	12	828	27	9,18	0,7,8,13,23	5,17,25	12,21,26
3	0	828	12	828	27	9,18	0,7,8,13,23	5,17,25	16,21,26
3	1	828	12	828	27	9,18	0,3,7,8,13	0,4,5	0,16,26
3	1	828	12	828	27	9,18	0,3,7,8,23	0,4,5	0,16,26
3	1	828	12	828	27	9,18	0,6,7,13,23	0,4,5	0,16,26
3	1	828	12	828	27	9,18	0,6,8,13,23	0,4,5	0,16,26
3	1	828	12	828	27	9,18	0,7,8,13,23	0,4,5	0,12,16
3	1	828	12	828	27	9,18	0,7,8,13,23	0,4,5	0,12,21
3	1	828	12	828	27	9,18	0,7,8,13,23	0,4,5	0,12,26
3	1	828	12	828	27	9,18	0,7,8,13,23	0,4,5	0,16,21
3	1	828	12	828	27	9,18	0,7,8,13,23	0,4,5	0,16,26
3	1	828	12	828	27	9,18	0,7,8,13,23	0,4,5	0,21,26
3	1	828	12	828	27	9,18	0,7,8,13,23	0,4,5	12,16,21
3	1	828	12	828	27	9,18	0,7,8,13,23	0,4,5	12,16,26
3	1	828	12	828	27	9,18	0,7,8,13,23	0,4,5	12,21,26
3	1	828	12	828	27	9,18	0,7,8,13,23	0,4,5	16,21,26
3	1	828	12	828	27	9,18	0,7,8,13,23	0,4,17	0,12,16
3	1	828	12	828	27	9,18	0,7,8,13,23	0,4,17	0,12,21
3	1	828	12	828	27	9,18	0,7,8,13,23	0,4,17	0,12,26
3	1	828	12	828	27	9,18	0,7,8,13,23	0,4,17	0,16,21
3	1	828	12	828	27	9,18	0,7,8,13,23	0,4,17	0,16,26
3	1	828	12	828	27	9,18	0,7,8,13,23	0,4,17	0,21,26
3	1	828	12	828	27	9,18	0,7,8,13,23	0,4,17	12,16,21
3	1	828	12	828	27	9,18	0,7,8,13,23	0,4,17	12,16,26
3	1	828	12	828	27	9,18	0,7,8,13,23	0,4,17	12,21,26
3	1	828	12	828	27	9,18	0,7,8,13,23	0,4,17	16,21,26
3	1	828	12	828	27	9,18	0,7,8,13,23	0,4,25	0,12,16
3	1	828	12	828	27	9,18	0,7,8,13,23	0,4,25	0,12,21
3	1	828	12	828	27	9,18	0,7,8,13,23	0,4,25	0,12,26
3	1	828	12	828	27	9,18	0,7,8,13,23	0,4,25	0,16,21
3	1	828	12	828	27	9,18	0,7,8,13,23	0,4,25	0,16,26
3	1	828	12	828	27	9,18	0,7,8,13,23	0,4,25	0,21,26
3	1	828	12	828	27	9,18	0,7,8,13,23	0,4,25	12,16,21
3	1	828	12	828	27	9,18	0,7,8,13,23	0,4,25	12,16,26
3	1	828	12	828	27	9,18	0,7,8,13,23	0,4,25	12,21,26
3	1	828	12	828	27	9,18	0,7,8,13,23	0,4,25	16,21,26
3	1	828	12	828	27	9,18	0,7,8,13,23	0,5,17	0,12,16
3	1	828	12	828	27	9,18	0,7,8,13,23	0,5,17	0,12,21
3	1	828	12	828	27	9,18	0,7,8,13,23	0,5,17	0,12,26
3	1	828	12	828	27	9,18	0,7,8,13,23	0,5,17	0,16,21
3	1	828	12	828	27	9,18	0,7,8,13,23	0,5,17	0,16,26
3	1	828	12	828	27	9,18	0,7,8,13,23	0,5,17	0,21,26
3	1	828	12	828	27	9,18	0,7,8,13,23	0,5,17	12,16,21
3	1	828	12	828	27	9,18	0,7,8,13,23	0,5,17	12,16,26
3	1	828	12	828	27	9,18	0,7,8,13,23	0,5,17	12,21,26
3	1	828	12	828	27	9,18	0,7,8,13,23	0,5,17	16,21,26
3	1	828	12	828	27	9,18	0,7,8,13,23	0,5,25	0,12,16
3	1	828	12	828	27	9,18	0,7,8,13,23	0,5,25	0,12,21
3	1	828	12	828	27	9,18	0,7,8,13,23	0,5,25	0,12,26
3	1	828	12	828	27	9,18	0,7,8,13,23	0,5,25	0,16,21
3	1	828	12	828	27	9,18	0,7,8,13,23	0,5,25	0,16,26
3	1	828	12	828	27	9,18	0,7,8,13,23	0,5,25	0,21,26
3	1	828	12	828	27	9,18	0,7,8,13,23	0,5,25	12,16,21
3	1	828	12	828	27	9,18	0,7,8,13,23	0,5,25	12,16,26
3	1	828	12	828	27	9,18	0,7,8,13,23	0,5,25	12,21,26
3	1	828	12	828	27	9,18	0,7,8,13,23	0,5,25	16,21,26
3	1	828	12	828	27	9,18	0,7,8,13,23	0,17,25	0,12,16
3	1	828	12	828	27	9,18	0,7,8,13,23	0,17,25	0,12,21
3	1	828	12	828	27	9,18	0,7,8,13,23	0,17,25	0,12,26
3	1	828	12	828	27	9,18	0,7,8,13,23	0,17,25	0,16,21
3	1	828	12	828	27	9,18	0,7,8,13,23	0,17,25	0,16,26
3	1	828	12	828	27	9,18	0,7,8,13,23	0,17,25	0,21,26
3	1	828	12	828	27	9,18	0,7,8,13,23	0,17,25	12,16,21
3	1	828	12	828	27	9,18	0,7,8,13,23	0,17,25	12,16,26
3	1	828	12	828	27	9,18	0,7,8,13,23	0,17,25	12,21,26
3	1	828	12	828	27	9,18	0,7,8,13,23	0,17,25	16,21,26
3	1	828	12	828	27	9,18	0,7,8,13,23	4,5,17	0,12,16
3	1	828	12	828	27	9,18	0,7,8,13,23	4,5,17	0,12,21
3	1	828	12	828	27	9,18	0,7,8,13,23	4,5,17	0,12,26
3	1	828	12	828	27	9,18	0,7,8,13,23	4,5,17	0,16,21
3	1	828	12	828	27	9,18	0,7,8,13,23	4,5,17	0,16,26
3	1	828	12	828	27	9,18	0,7,8,13,23	4,5,17	0,21,26
3	1	828	12	828	27	9,18	0,7,8,13,23	4,5,17	12,16,21
3	1	828	12	828	27	9,18	0,7,8,13,23	4,5,17	12,16,26
3	1	828	12	828	27	9,18	0,7,8,13,23	4,5,17	12,21,26
3	1	828	12	828	27	9,18	0,7,8,13,23	4,5,17	16,21,26
3	1	828	12	828	27	9,18	0,7,8,13,23	4,5,25	0,12,16
3	1	828	12	828	27	9,18	0,7,8,13,23	4,5,25	0,12,21
3	1	828	12	828	27	9,18	0,7,8,13,23	4,5,25	0,12,26
3	1	828	12	828	27	9,18	0,7,8,13,23	4,5,25	0,16,21
3	1	828	12	828	27	9,18	0,7,8,13,23	4,5,25	0,16,26
3	1	828	12	828	27	9,18	0,7,8,13,23	4,5,25	0,21,26
3	1	828	12	828	27	9,18	0,7,8,13,23	4,5,25	12,16,21
3	1	828	12	828	27	9,18	0,7,8,13,23	4,5,25	12,16,26
3	1	828	12	828	27	9,18	0,7,8,13,23	4,5,25	12,21,26
3	1	828	12	828	27	9,18	0,7,8,13,23	4,5,25	16,21,26
3	1	828	12	828	27	9,18	0,7,8,13,23	4,17,25	0,12,16
3	1	828	12	828	27	9,18	0,7,8,13,23	4,17,25	0,12,21
3	1	828	12	828	27	9,18	0,7,8,13,23	4,17,25	0,12,26
3	1	828	12	828	27	9,18	0,7,8,13,23	4,17,25	0,16,21
3	1	828	12	828	27	9,18	0,7,8,13,23	4,17,25	0,16,26
3	1	828	12	828	27	9,18	0,7,8,13,23	4,17,25	0,21,26
3	1	828	12	828	27	9,18	0,7,8,13,23	4,17,25	12,16,21
3	1	828	12	828	27	9,18	0,7,8,13,23	4,17,25	12,16,26
3	1	828	12	828	27	9,18	0,7,8,13,23	4,17,25	12,21,26
3	1	828	12	828	27	9,18	0,7,8,13,23	4,17,25	16,21,26
3	1	828	12	828	27	9,18	0,7,8,13,23	5,17,25	0,12,16
3	1	828	12	828	27	9,18	0,7,8,13,23	5,17,25	0,12,21
3	1	828	12	828	27	9,18	0,7,8,13,23	5,17,25	0,12,26
3	1	828	12	828	27	9,18	0,7,8,13,23	5,17,25	0,16,21
3	1	828	12	828	27	9,18	0,7,8,13,23	5,17,25	0,16,26
3	1	828	12	828	27	9,18	0,7,8,13,23	5,17,25	0,21,26
3	1	828	12	828	27	9,18	0,7,8,13,23	5,17,25	12,16,21
3	1	828	12	828	27	9,18	0,7,8,13,23	5,17,25	12,16,26
3	1	828	12	828	27	9,18	0,7,8,13,23	5,17,25	12,21,26
3	1	828	12	828	27	9,18	0,7,8,13,23	5,17,25	16,21,26
0	0	828	27	828	12	1,2	0,3,13,15,24	0,12,21	0,7,8
0	0	828	27	828	12	1,2	0,3,15,23,24	0,12,21	0,7,8
0	0	828	27	828	12	1,2	0,6,13,15,23	0,12,21	0,14,22
0	0	828	27	828	12	1,2	0,6,13,23,24	0,12,21	0,14,22
0	0	828	27	828	12	1,2	0,13,15,16,24	17,21,25	7,14,22
0	0	828	27	828	12	1,2	0,13,15,23,24	0,12,17	0,7,8
0	0	828	27	828	12	1,2	0,13,15,23,24	0,12,17	0,7,14
0	0	828	27	828	12	1,2	0,13,15,23,24	0,12,17	0,7,22
0	0	828	27	828	12	1,2	0,13,15,23,24	0,12,17	0,8,14
0	0	828	27	828	12	1,2	0,13,15,23,24	0,12,17	0,8,22
0	0	828	27	828	12	1,2	0,13,15,23,24	0,12,17	0,14,22
0	0	828	27	828	12	1,2	0,13,15,23,24	0,12,17	7,8,14
0	0	828	27	828	12	1,2	0,13,15,23,24	0,12,17	7,8,22
0	0	828	27	828	12	1,2	0,13,15,23,24	0,12,17	7,14,22
0	0	828	27	828	12	1,2	0,13,15,23,24	0,12,17	8,14,22
0	0	828	27	828	12	1,2	0,13,15,23,24	0,12,21	0,7,8
0	0	828	27	828	12	1,2	0,13,15,23,24	0,12,21	0,7,14
0	0	828	27	828	12	1,2	0,13,15,23,24	0,12,21	0,7,22
0	0	828	27	828	12	1,2	0,13,15,23,24	0,12,21	0,8,14
0	0	828	27	828	12	1,2	0,13,15,23,24	0,12,21	0,8,22
0	0	828	27	828	12	1,2	0,13,15,23,24	0,12,21	0,14,22
0	0	828	27	828	12	1,2	0,13,15,23,24	0,12,21	7,8,14
0	0	828	27	828	12	1,2	0,13,15,23,24	0,12,21	7,8,22
0	0	828	27	828	12	1,2	0,13,15,23,24	0,12,21	7,14,22
0	0	828	27	828	12	1,2	0,13,15,23,24	0,12,21	8,14,22
0	0	828	27	828	12	1,2	0,13,15,23,24	0,12,25	0,7,8
0	0	828	27	828	12	1,2	0,13,15,23,24	0,12,25	0,7,14
0	0	828	27	828	12	1,2	0,13,15,23,24	0,12,25	0,7,22
0	0	828	27	828	12	1,2	0,13,15,23,24	0,12,25	0,8,14
0	0	828	27	828	12	1,2	0,13,15,23,24	0,12,25	0,8,22
0	0	828	27	828	12	1,2	0,13,15,23,24	0,12,25	0,14,22
0	0	828	27	828	12	1,2	0,13,15,23,24	0,12,25	7,8,14
0	0	828	27	828	12	1,2	0,13,15,23,24	0,12,25	7,8,22
0	0	828	27	828	12	1,2	0,13,15,23,24	0,12,25	7,14,22
0	0	828	27	828	12	1,2	0,13,15,23,24	0,12,25	8,14,22
0	0	828	27	828	12	1,2	0,13,15,23,24	0,17,21	0,7,8
0	0	828	27	828	12	1,2	0,13,15,23,24	0,17,21	0,7,14
0	0	828	27	828	12	1,2	0,13,15,23,24	0,17,21	0,7,22
0	0	828	27	828	12	1,2	0,13,15,23,24	0,17,21	0,8,14
0	0	828	27	828	12	1,2	0,13,15,23,24	0,17,21	0,8,22
0	0	828	27	828	12	1,2	0,13,15,23,24	0,17,21	0,14,22
0	0	828	27	828	12	1,2	0,13,15,23,24	0,17,21	7,8,14
0	0	828	27	828	12	1,2	0,13,15,23,24	0,17,21	7,8,22
0	0	828	27	828	12	1,2	0,13,15,23,24	0,17,21	7,14,22
0	0	828	27	828	12	1,2	0,13,15,23,24	0,17,21	8,14,22
0	0	828	27	828	12	1,2	0,13,15,23,24	0,17,25	0,7,8
0	0	828	27	828	12	1,2	0,13,15,23,24	0,17,25	0,7,14
0	0	828	27	828	12	1,2	0,13,15,23,24	0,17,25	0,7,22
0	0	828	27	828	12	1,2	0,13,15,23,24	0,17,25	0,8,14
0	0	828	27	828	12	1,2	0,13,15,23,24	0,17,25	0,8,22
0	0	828	27	828	12	1,2	0,13,15,23,24	0,17,25	0,14,22
0	0	828	27	828	12	1,2	0,13,15,23,24	0,17,25	7,8,14
0	0	828	27	828	12	1,2	0,13,15,23,24	0,17,25	7,8,22
0	0	828	27	828	12	1,2	0,13,15,23,24	0,17,25	7,14,22
0	0	828	27	828	12	1,2	0,13,15,23,24	0,17,25	8,14,22
0	0	828	27	828	12	1,2	0,13,15,23,24	0,21,25	0,7,8
0	0	828	27	828	12	1,2	0,13,15,23,24	0,21,25	0,7,14
0	0	828	27	828	12	1,2	0,13,15,23,24	0,21,25	0,7,22
0	0	828	27	828	12	1,2	0,13,15,23,24	0,21,25	0,8,14
0	0	828	27	828	12	1,2	0,13,15,23,24	0,21,25	0,8,22
0	0	828	27	828	12	1,2	0,13,15,23,24	0,21,25	0,14,22
0	0	828	27	828	12	1,2	0,13,15,23,24	0,21,25	7,8,14
0	0	828	27	828	12	1,2	0,13,15,23,24	0,21,25	7,8,22
0	0	828	27	828	12	1,2	0,13,15,23,24	0,21,25	7,14,22
0	0	828	27	828	12	1,2	0,13,15,23,24	0,21,25	8,14,22
0	0	828	27	828	12	1,2	0,13,15,23,24	12,17,21	0,7,8
0	0	828	27	828	12	1,2	0,13,15,23,24	12,17,21	0,7,14
0	0	828	27	828	12	1,2	0,13,15,23,24	12,17,21	0,7,22
0	0	828	27	828	12	1,2	0,13,15,23,24	12,17,21	0,8,14
0	0	828	27	828	12	1,2	0,13,15,23,24	12,17,21	0,8,22
0	0	828	27	828	12	1,2	0,13,15,23,24	12,17,21	0,14,22
0	0	828	27	828	12	1,2	0,13,15,23,24	12,17,21	7,8,14
0	0	828	27	828	12	1,2	0,13,15,23,24	12,17,21	7,8,22
0	0	828	27	828	12	1,2	0,13,15,23,24	12,17,21	7,14,22
0	0	828	27	828	12	1,2	0,13,15,23,24	12,17,21	8,14,22
0	0	828	27	828	12	1,2	0,13,15,23,24	12,17,25	0,7,8
0	0	828	27	828	12	1,2	0,13,15,23,24	12,17,25	0,7,14
0	0	828	27	828	12	1,2	0,13,15,23,24	12,17,25	0,7,22
0	0	828	27	828	12	1,2	0,13,15,23,24	12,17,25	0,8,14
0	0	828	27	828	12	1,2	0,13,15,23,24	12,17,25	0,8,22
0	0	828	27	828	12	1,2	0,13,15,23,24	12,17,25	0,14,22
0	0	828	27	828	12	1,2	0,13,15,23,24	12,17,25	7,8,14
0	0	828	27	828	12	1,2	0,13,15,23,24	12,17,25	7,8,22
0	0	828	27	828	12	1,2	0,13,15,23,24	12,17,25	7,14,22
0	0	828	27	828	12	1,2	0,13,15,23,24	12,17,25	8,14,22
0	0	828	27	828	12	1,2	0,13,15,23,24	12,21,25	0,7,8
0	0	828	27	828	12	1,2	0,13,15,23,24	12,21,25	0,7,14
0	0	828	27	828	12	1,2	0,13,15,23,24	12,21,25	0,7,22
0	0	828	27	828	12	1,2	0,13,15,23,24	12,21,25	0,8,14
0	0	828	27	828	12	1,2	0,13,15,23,24	12,21,25	0,8,22
0	0	828	27	828	12	1,2	0,13,15,23,24	12,21,25	0,14,22
0	0	828	27	828	12	1,2	0,13,15,23,24	12,21,25	7,8,14
0	0	828	27	828	12	1,2	0,13,15,23,24	12,21,25	7,8,22
0	0	828	27	828	12	1,2	0,13,15,23,24	12,21,25	7,14,22
0	0	828	27	828	12	1,2	0,13,15,23,24	12,21,25	8,14,22
0	0	828	27	828	12	1,2	0,13,15,23,24	17,21,25	0,7,8
0	0	828	27	828	12	1,2	0,13,15,23,24	17,21,25	0,7,14
0	0	828	27	828	12	1,2	0,13,15,23,24	17,21,25	0,7,22
0	0	828	27	828	12	1,2	0,13,15,23,24	17,21,25	0,8,14
0	0	828	27	828	12	1,2	0,13,15,23,24	17,21,25	0,8,22
0	0	828	27	828	12	1,2	0,13,15,23,24	17,21,25	0,14,22
0	0	828	27	828	12	1,2	0,13,15,23,24	17,21,25	7,8,14
0	0	828	27	828	12	1,2	0,13,15,23,24	17,21,25	7,8,22
0	0	828	27	828	12	1,2	0,13,15,23,24	17,21,25	7,14,22
0	0	828	27	828	12	1,2	0,13,15,23,24	17,21,25	8,14,22
0	0	828	27	828	12	1,2	0,15,23,24,26	12,17,25	8,14,22
0	0	828	27	828	12	1,2	13,15,16,23,24	17,21,25	7,14,22
0	0	828	27	828	12	1,2	13,15,23,24,26	12,17,25	8,14,22
0	1	828	27	828	12	9,18	0,3,7,8,13	0,4,5	0,15,24
0	1	828	27	828	12	9,18	0,3,7,8,23	0,4,5	0,15,24
0	1	828	27	828	12	9,18	0,6,7,13,23	0,4,5	0,14,22
0	1	828	27	828	12	9,18	0,6,8,13,23	0,4,5	0,14,22
0	1	828	27	828	12	9,18	0,7,8,13,16	5,17,25	14,15,22
0	1	828	27	828	12	9,18	0,7,8,13,23	0,4,5	0,14,15
0	1	828	27	828	12	9,18	0,7,8,13,23	0,4,5	0,14,22
0	1	828	27	828	12	9,18	0,7,8,13,23	0,4,5	0,14,24
0	1	828	27	828	12	9,18	0,7,8,13,23	0,4,5	0,15,22
0	1	828	27	828	12	9,18	0,7,8,13,23	0,4,5	0,15,24
0	1	828	27	828	12	9,18	0,7,8,13,23	0,4,5	0,22,24
0	1	828	27	828	12	9,18	0,7,8,13,23	0,4,5	14,15,22
0	1	828	27	828	12	9,18	0,7,8,13,23	0,4,5	14,15,24
0	1	828	27	828	12	9,18	0,7,8,13,23	0,4,5	14,22,24
0	1	828	27	828	12	9,18	0,7,8,13,23	0,4,5	15,22,24
0	1	828	27	828	12	9,18	0,7,8,13,23	0,4,17	0,14,15
0	1	828	27	828	12	9,18	0,7,8,13,23	0,4,17	0,14,22
0	1	828	27	828	12	9,18	0,7,8,13,23	0,4,17	0,14,24
0	1	828	27	828	12	9,18	0,7,8,13,23	0,4,17	0,15,22
0	1	828	27	828	12	9,18	0,7,8,13,23	0,4,17	0,15,24
0	1	828	27	828	12	9,18	0,7,8,13,23	0,4,17	0,22,24
0	1	828	27	828	12	9,18	0,7,8,13,23	0,4,17	14,15,22
0	1	828	27	828	12	9,18	0,7,8,13,23	0,4,17	14,15,24
0	1	828	27	828	12	9,18	0,7,8,13,23	0,4,17	14,22,24
0	1	828	27	828	12	9,18	0,7,8,13,23	0,4,17	15,22,24
0	1	828	27	828	12	9,18	0,7,8,13,23	0,4,25	0,14,15
0	1	828	27	828	12	9,18	0,7,8,13,23	0,4,25	0,14,22
0	1	828	27	828	12	9,18	0,7,8,13,23	0,4,25	0,14,24
0	1	828	27	828	12	9,18	0,7,8,13,23	0,4,25	0,15,22
0	1	828	27	828	12	9,18	0,7,8,13,23	0,4,25	0,15,24
0	1	828	27	828	12	9,18	0,7,8,13,23	0,4,25	0,22,24
0	1	828	27	828	12	9,18	0,7,8,13,23	0,4,25	14,15,22
0	1	828	27	828	12	9,18	0,7,8,13,23	0,4,25	14,15,24
0	1	828	27	828	12	9,18	0,7,8,13,23	0,4,25	14,22,24
0	1	828	27	828	12	9,18	0,7,8,13,23	0,4,25	15,22,24
0	1	828	27	828	12	9,18	0,7,8,13,23	0,5,17	0,14,15
0	1	828	27	828	12	9,18	0,7,8,13,23	0,5,17	0,14,22
0	1	828	27	828	12	9,18	0,7,8,13,23	0,5,17	0,14,24
0	1	828	27	828	12	9,18	0,7,8,13,23	0,5,17	0,15,22
0	1	828	27	828	12	9,18	0,7,8,13,23	0,5,17	0,15,24
0	1	828	27	828	12	9,18	0,7,8,13,23	0,5,17	0,22,24
0	1	828	27	828	12	9,18	0,7,8,13,23	0,5,17	14,15,22
0	1	828	27	828	12	9,18	0,7,8,13,23	0,5,17	14,15,24
0	1	828	27	828	12	9,18	0,7,8,13,23	0,5,17	14,22,24
0	1	828	27	828	12	9,18	0,7,8,13,23	0,5,17	15,22,24
0	1	828	27	828	12	9,18	0,7,8,13,23	0,5,25	0,14,15
0	1	828	27	828	12	9,18	0,7,8,13,23	0,5,25	0,14,22
0	1	828	27	828	12	9,18	0,7,8,13,23	0,5,25	0,14,24
0	1	828	27	828	12	9,18	0,7,8,13,23	0,5,25	0,15,22
0	1	828	27	828	12	9,18	0,7,8,13,23	0,5,25	0,15,24
0	1	828	27	828	12	9,18	0,7,8,13,23	0,5,25	0,22,24
0	1	828	27	828	12	9,18	0,7,8,13,23	0,5,25	14,15,22
0	1	828	27	828	12	9,18	0,7,8,13,23	0,5,25	14,15,24
0	1	828	27	828	12	9,18	0,7,8,13,23	0,5,25	14,22,24
0	1	828	27	828	12	9,18	0,7,8,13,23	0,5,25	15,22,24
0	1	828	27	828	12	9,18	0,7,8,13,23	0,17,25	0,14,15
0	1	828	27	828	12	9,18	0,7,8,13,23	0,17,25	0,14,22
0	1	828	27	828	12	9,18	0,7,8,13,23	0,17,25	0,14,24
0	1	828	27	828	12	9,18	0,7,8,13,23	0,17,25	0,15,22
0	1	828	27	828	12	9,18	0,7,8,13,23	0,17,25	0,15,24
0	1	828	27	828	12	9,18	0,7,8,13,23	0,17,25	0,22,24
0	1	828	27	828	12	9,18	0,7,8,13,23	0,17,25	14,15,22
0	1	828	27	828	12	9,18	0,7,8,13,23	0,17,25	14,15,24
0	1	828	27	828	12	9,18	0,7,8,13,23	0,17,25	14,22,24
0	1	828	27	828	12	9,18	0,7,8,13,23	0,17,25	15,22,24
0	1	828	27	828	12	9,18	0,7,8,13,23	4,5,17	0,14,15
0	1	828	27	828	12	9,18	0,7,8,13,23	4,5,17	0,14,22
0	1	828	27	828	12	9,18	0,7,8,13,23	4,5,17	0,14,24
0	1	828	27	828	12	9,18	0,7,8,13,23	4,5,17	0,15,22
0	1	828	27	828	12	9,18	0,7,8,13,23	4,5,17	0,15,24
0	1	828	27	828	12	9,18	0,7,8,13,23	4,5,17	0,22,24
0	1	828	27	828	12	9,18	0,7,8,13,23	4,5,17	14,15,22
0	1	828	27	828	12	9,18	0,7,8,13,23	4,5,17	14,15,24
0	1	828	27	828	12	9,18	0,7,8,13,23	4,5,17	14,22,24
0	1	828	27	828	12	9,18	0,7,8,13,23	4,5,17	15,22,24
0	1	828	27	828	12	9,18	0,7,8,13,23	4,5,25	0,14,15
0	1	828	27	828	12	9,18	0,7,8,13,23	4,5,25	0,14,22
0	1	828	27	828	12	9,18	0,7,8,13,23	4,5,25	0,14,24
0	1	828	27	828	12	9,18	0,7,8,13,23	4,5,25	0,15,22
0	1	828	27	828	12	9,18	0,7,8,13,23	4,5,25	0,15,24
0	1	828	27	828	12	9,18	0,7,8,13,23	4,5,25	0,22,24
0	1	828	27	828	12	9,18	0,7,8,13,23	4,5,25	14,15,22
0	1	828	27	828	12	9,18	0,7,8,13,23	4,5,25	14,15,24
0	1	828	27	828	12	9,18	0,7,8,13,23	4,5,25	14,22,24
0	1	828	27	828	12	9,18	0,7,8,13,23	4,5,25	15,22,24
0	1	828	27	828	12	9,18	0,7,8,13,23	4,17,25	0,14,15
0	1	828	27	828	12	9,18	0,7,8,13,23	4,17,25	0,14,22
0	1	828	27	828	12	9,18	0,7,8,13,23	4,17,25	0,14,24
0	1	828	27	828	12	9,18	0,7,8,13,23	4,17,25	0,15,22
0	1	828	27	828	12	9,18	0,7,8,13,23	4,17,25	0,15,24
0	1	828	27	828	12	9,18	0,7,8,13,23	4,17,25	0,22,24
0	1	828	27	828	12	9,18	0,7,8,13,23	4,17,25	14,15,22
0	1	828	27	828	12	9,18	0,7,8,13,23	4,17,25	14,15,24
0	1	828	27	828	12	9,18	0,7,8,13,23	4,17,25	14,22,24
0	1	828	27	828	12	9,18	0,7,8,13,23	4,17,25	15,22,24
0	1	828	27	828	12	9,18	0,7,8,13,23	5,17,25	0,14,15
0	1	828	27	828	12	9,18	0,7,8,13,23	5,17,25	0,14,22
0	1	828	27	828	12	9,18	0,7,8,13,23	5,17,25	0,14,24
0	1	828	27	828	12	9,18	0,7,8,13,23	5,17,25	0,15,22
0	1	828	27	828	12	9,18	0,7,8,13,23	5,17,25	0,15,24
0	1	828	27	828	12	9,18	0,7,8,13,23	5,17,25	0,22,24
0	1	828	27	828	12	9,18	0,7,8,13,23	5,17,25	14,15,22
0	1	828	27	828	12	9,18	0,7,8,13,23	5,17,25	14,15,24
0	1	828	27	828	12	9,18	0,7,8,13,23	5,17,25	14,22,24
0	1	828	27	828	12	9,18	0,7,8,13,23	5,17,25	15,22,24
0	1	828	27	828	12	9,18	0,7,8,23,26	4,17,25	14,22,24
0	1	828	27	828	12	9,18	7,8,13,16,23	5,17,25	14,15,22
0	1	828	27	828	12	9,18	7,8,13,23,26	4,17,25	14,22,24
1	0	828	27	828	12	1,2	0,3,13,15,24	0,12,21	0,7,8
1	0	828	27	828	12	1,2	0,3,15,23,24	0,12,21	0,7,8
1	0	828	27	828	12	1,2	0,6,13,15,23	0,12,21	0,14,22
1	0	828	27	828	12	1,2	0,6,13,23,24	0,12,21	0,14,22
1	0	828	27	828	12	1,2	0,13,15,16,24	17,21,25	7,14,22
1	0	828	27	828	12	1,2	0,13,15,23,24	0,12,17	0,7,8
1	0	828	27	828	12	1,2	0,13,15,23,24	0,12,17	0,7,14
1	0	828	27	828	12	1,2	0,13,15,23,24	0,12,17	0,7,22
1	0	828	27	828	12	1,2	0,13,15,23,24	0,12,17	0,8,14
1	0	828	27	828	12	1,2	0,13,15,23,24	0,12,17	0,8,22
1	0	828	27	828	12	1,2	0,13,15,23,24	0,12,17	0,14,22
1	0	828	27	828	12	1,2	0,13,15,23,24	0,12,17	7,8,14
1	0	828	27	828	12	1,2	0,13,15,23,24	0,12,17	7,8,22
1	0	828	27	828	12	1,2	0,13,15,23,24	0,12,17	7,14,22
1	0	828	27	828	12	1,2	0,13,15,23,24	0,12,17	8,14,22
1	0	828	27	828	12	1,2	0,13,15,23,24	0,12,21	0,7,8
1	0	828	27	828	12	1,2	0,13,15,23,24	0,12,21	0,7,14
1	0	828	27	828	12	1,2	0,13,15,23,24	0,12,21	0,7,22
1	0	828	27	828	12	1,2	0,13,15,23,24	0,12,21	0,8,14
1	0	828	27	828	12	1,2	0,13,15,23,24	0,12,21	0,8,22
1	0	828	27	828	12	1,2	0,13,15,23,24	0,12,21	0,14,22
1	0	828	27	828	12	1,2	0,13,15,23,24	0,12,21	7,8,14
1	0	828	27	828	12	1,2	0,13,15,23,24	0,12,21	7,8,22
1	0	828	27	828	12	1,2	0,13,15,23,24	0,12,21	7,14,22
1	0	828	27	828	12	1,2	0,13,15,23,24	0,12,21	8,14,22
1	0	828	27	828	12	1,2	0,13,15,23,24	0,12,25	0,7,8
1	0	828	27	828	12	1,2	0,13,15,23,24	0,12,25	0,7,14
1	0	828	27	828	12	1,2	0,13,15,23,24	0,12,25	0,7,22
1	0	828	27	828	12	1,2	0,13,15,23,24	0,12,25	0,8,14
1	0	828	27	828	12	1,2	0,13,15,23,24	0,12,25	0,8,22
1	0	828	27	828	12	1,2	0,13,15,23,24	0,12,25	0,14,22
1	0	828	27	828	12	1,2	0,13,15,23,24	0,12,25	7,8,14
1	0	828	27	828	12	1,2	0,13,15,23,24	0,12,25	7,8,22
1	0	828	27	828	12	1,2	0,13,15,23,24	0,12,25	7,14,22
1	0	828	27	828	12	1,2	0,13,15,23,24	0,12,25	8,14,22
1	0	828	27	828	12	1,2	0,13,15,23,24	0,17,21	0,7,8
1	0	828	27	828	12	1,2	0,13,15,23,24	0,17,21	0,7,14
1	0	828	27	828	12	1,2	0,13,15,23,24	0,17,21	0,7,22
1	0	828	27	828	12	1,2	0,13,15,23,24	0,17,21	0,8,14
1	0	828	27	828	12	1,2	0,13,15,23,24	0,17,21	0,8,22
1	0	828	27	828	12	1,2	0,13,15,23,24	0,17,21	0,14,22
1	0	828	27	828	12	1,2	0,13,15,23,24	0,17,21	7,8,14
1	0	828	27	828	12	1,2	0,13,15,23,24	0,17,21	7,8,22
1	0	828	27	828	12	1,2	0,13,15,23,24	0,17,21	7,14,22
1	0	828	27	828	12	1,2	0,13,15,23,24	0,17,21	8,14,22
1	0	828	27	828	12	1,2	0,13,15,23,24	0,17,25	0,7,8
1	0	828	27	828	12	1,2	0,13,15,23,24	0,17,25	0,7,14
1	0	828	27	828	12	1,2	0,13,15,23,24	0,17,25	0,7,22
1	0	828	27	828	12	1,2	0,13,15,23,24	0,17,25	0,8,14
1	0	828	27	828	12	1,2	0,13,15,23,24	0,17,25	0,8,22
1	0	828	27	828	12	1,2	0,13,15,23,24	0,17,25	0,14,22
1	0	828	27	828	12	1,2	0,13,15,23,24	0,17,25	7,8,14
1	0	828	27	828	12	1,2	0,13,15,23,24	0,17,25	7,8,22
1	0	828	27	828	12	1,2	0,13,15,23,24	0,17,25	7,14,22
1	0	828	27	828	12	1,2	0,13,15,23,24	0,17,25	8,14,22
1	0	828	27	828	12	1,2	0,13,15,23,24	0,21,25	0,7,8
1	0	828	27	828	12	1,2	0,13,15,23,24	0,21,25	0,7,14
1	0	828	27	828	12	1,2	0,13,15,23,24	0,21,25	0,7,22
1	0	828	27	828	12	1,2	0,13,15,23,24	0,21,25	0,8,14
1	0	828	27	828	12	1,2	0,13,15,23,24	0,21,25	0,8,22
1	0	828	27	828	12	1,2	0,13,15,23,24	0,21,25	0,14,22
1	0	828	27	828	12	1,2	0,13,15,23,24	0,21,25	7,8,14
1	0	828	27	828	12	1,2	0,13,15,23,24	0,21,25	7,8,22
1	0	828	27	828	12	1,2	0,13,15,23,24	0,21,25	7,14,22
1	0	828	27	828	12	1,2	0,13,15,23,24	0,21,25	8,14,22
1	0	828	27	828	12	1,2	0,13,15,23,24	12,17,21	0,7,8
1	0	828	27	828	12	1,2	0,13,15,23,24	12,17,21	0,7,14
1	0	828	27	828	12	1,2	0,13,15,23,24	12,17,21	0,7,22
1	0	828	27	828	12	1,2	0,13,15,23,24	12,17,21	0,8,14
1	0	828	27	828	12	1,2	0,13,15,23,24	12,17,21	0,8,22
1	0	828	27	828	12	1,2	0,13,15,23,24	12,17,21	0,14,22
1	0	828	27	828	12	1,2	0,13,15,23,24	12,17,21	7,8,14
1	0	828	27	828	12	1,2	0,13,15,23,24	12,17,21	7,8,22
1	0	828	27	828	12	1,2	0,13,15,23,24	12,17,21	7,14,22
1	0	828	27	828	12	1,2	0,13,15,23,24	12,17,21	8,14,22
1	0	828	27	828	12	1,2	0,13,15,23,24	12,17,25	0,7,8
1	0	828	27	828	12	1,2	0,13,15,23,24	12,17,25	0,7,14
1	0	828	27	828	12	1,2	0,13,15,23,24	12,17,25	0,7,22
1	0	828	27	828	12	1,2	0,13,15,23,24	12,17,25	0,8,14
1	0	828	27	828	12	1,2	0,13,15,23,24	12,17,25	0,8,22
1	0	828	27	828	12	1,2	0,13,15,23,24	12,17,25	0,14,22
1	0	828	27	828	12	1,2	0,13,15,23,24	12,17,25	7,8,14
1	0	828	27	828	12	1,2	0,13,15,23,24	12,17,25	7,8,22
1	0	828	27	828	12	1,2	0,13,15,23,24	12,17,25	7,14,22
1	0	828	27	828	12	1,2	0,13,15,23,24	12,17,25	8,14,22
1	0	828	27	828	12	1,2	0,13,15,23,24	12,21,25	0,7,8
1	0	828	27	828	12	1,2	0,13,15,23,24	12,21,25	0,7,14
1	0	828	27	828	12	1,2	0,13,15,23,24	12,21,25	0,7,22
1	0	828	27	828	12	1,2	0,13,15,23,24	12,21,25	0,8,14
1	0	828	27	828	12	1,2	0,13,15,23,24	12,21,25	0,8,22
1	0	828	27	828	12	1,2	0,13,15,23,24	12,21,25	0,14,22
1	0	828	27	828	12	1,2	0,13,15,23,24	12,21,25	7,8,14
1	0	828	27	828	12	1,2	0,13,15,23,24	12,21,25	7,8,22
1	0	828	27	828	12	1,2	0,13,15,23,24	12,21,25	7,14,22
1	0	828	27	828	12	1,2	0,13,15,23,24	12,21,25	8,14,22
1	0	828	27	828	12	1,2	0,13,15,23,24	17,21,25	0,7,8
1	0	828	27	828	12	1,2	0,13,15,23,24	17,21,25	0,7,14
1	0	828	27	828	12	1,2	0,13,15,23,24	17,21,25	0,7,22
1	0	828	27	828	12	1,2	0,13,15,23,24	17,21,25	0,8,14
1	0	828	27	828	12	1,2	0,13,15,23,24	17,21,25	0,8,22
1	0	828	27	828	12	1,2	0,13,15,23,24	17,21,25	0,14,22
1	0	828	27	828	12	1,2	0,13,15,23,24	17,21,25	7,8,14
1	0	828	27	828	12	1,2	0,13,15,23,24	17,21,25	7,8,22
1	0	828	27	828	12	1,2	0,13,15,23,24	17,21,25	7,14,22
1	0	828	27	828	12	1,2	0,13,15,23,24	17,21,25	8,14,22
1	0	828	27	828	12	1,2	0,15,23,24,26	12,17,25	8,14,22
1	0	828	27	828	12	1,2	13,15,16,23,24	17,21,25	7,14,22
1	0	828	27	828	12	1,2	13,15,23,24,26	12,17,25	8,14,22
1	1	828	27	828	12	9,18	0,3,7,8,13	0,4,5	0,15,24
1	1	828	27	828	12	9,18	0,3,7,8,23	0,4,5	0,15,24
1	1	828	27	828	12	9,18	0,6,7,13,23	0,4,5	0,14,22
1	1	828	27	828	12	9,18	0,6,8,13,23	0,4,5	0,14,22
1	1	828	27	828	12	9,18	0,7,8,13,16	5,17,25	14,15,22
1	1	828	27	828	12	9,18	0,7,8,13,23	0,4,5	0,14,15
1	1	828	27	828	12	9,18	0,7,8,13,23	0,4,5	0,14,22
1	1	828	27	828	12	9,18	0,7,8,13,23	0,4,5	0,14,24
1	1	828	27	828	12	9,18	0,7,8,13,23	0,4,5	0,15,22
1	1	828	27	828	12	9,18	0,7,8,13,23	0,4,5	0,15,24
1	1	828	27	828	12	9,18	0,7,8,13,23	0,4,5	0,22,24
1	1	828	27	828	12	9,18	0,7,8,13,23	0,4,5	14,15,22
1	1	828	27	828	12	9,18	0,7,8,13,23	0,4,5	14,15,24
1	1	828	27	828	12	9,18	0,7,8,13,23	0,4,5	14,22,24
1	1	828	27	828	12	9,18	0,7,8,13,23	0,4,5	15,22,24
1	1	828	27	828	12	9,18	0,7,8,13,23	0,4,17	0,14,15
1	1	828	27	828	12	9,18	0,7,8,13,23	0,4,17	0,14,22
1	1	828	27	828	12	9,18	0,7,8,13,23	0,4,17	0,14,24
1	1	828	27	828	12	9,18	0,7,8,13,23	0,4,17	0,15,22
1	1	828	27	828	12	9,18	0,7,8,13,23	0,4,17	0,15,24
1	1	828	27	828	12	9,18	0,7,8,13,23	0,4,17	0,22,24
1	1	828	27	828	12	9,18	0,7,8,13,23	0,4,17	14,15,22
1	1	828	27	828	12	9,18	0,7,8,13,23	0,4,17	14,15,24
1	1	828	27	828	12	9,18	0,7,8,13,23	0,4,17	14,22,24
1	1	828	27	828	12	9,18	0,7,8,13,23	0,4,17	15,22,24
1	1	828	27	828	12	9,18	0,7,8,13,23	0,4,25	0,14,15
1	1	828	27	828	12	9,18	0,7,8,13,23	0,4,25	0,14,22
1	1	828	27	828	12	9,18	0,7,8,13,23	0,4,25	0,14,24
1	1	828	27	828	12	9,18	0,7,8,13,23	0,4,25	0,15,22
1	1	828	27	828	12	9,18	0,7,8,13,23	0,4,25	0,15,24
1	1	828	27	828	12	9,18	0,7,8,13,23	0,4,25	0,22,24
1	1	828	27	828	12	9,18	0,7,8,13,23	0,4,25	14,15,22
1	1	828	27	828	12	9,18	0,7,8,13,23	0,4,25	14,15,24
1	1	828	27	828	12	9,18	0,7,8,13,23	0,4,25	14,22,24
1	1	828	27	828	12	9,18	0,7,8,13,23	0,4,25	15,22,24
1	1	828	27	828	12	9,18	0,7,8,13,23	0,5,17	0,14,15
1	1	828	27	828	12	9,18	0,7,8,13,23	0,5,17	0,14,22
1	1	828	27	828	12	9,18	0,7,8,13,23	0,5,17	0,14,24
1	1	828	27	828	12	9,18	0,7,8,13,23	0,5,17	0,15,22
1	1	828	27	828	12	9,18	0,7,8,13,23	0,5,17	0,15,24
1	1	828	27	828	12	9,18	0,7,8,13,23	0,5,17	0,22,24
1	1	828	27	828	12	9,18	0,7,8,13,23	0,5,17	14,15,22
1	1	828	27	828	12	9,18	0,7,8,13,23	0,5,17	14,15,24
1	1	828	27	828	12	9,18	0,7,8,13,23	0,5,17	14,22,24
1	1	828	27	828	12	9,18	0,7,8,13,23	0,5,17	15,22,24
1	1	828	27	828	12	9,18	0,7,8,13,23	0,5,25	0,14,15
1	1	828	27	828	12	9,18	0,7,8,13,23	0,5,25	0,14,22
1	1	828	27	828	12	9,18	0,7,8,13,23	0,5,25	0,14,24
1	1	828	27	828	12	9,18	0,7,8,13,23	0,5,25	0,15,22
1	1	828	27	828	12	9,18	0,7,8,13,23	0,5,25	0,15,24
1	1	828	27	828	12	9,18	0,7,8,13,23	0,5,25	0,22,24
1	1	828	27	828	12	9,18	0,7,8,13,23	0,5,25	14,15,22
1	1	828	27	828	12	9,18	0,7,8,13,23	0,5,25	14,15,24
1	1	828	27	828	12	9,18	0,7,8,13,23	0,5,25	14,22,24
1	1	828	27	828	12	9,18	0,7,8,13,23	0,5,25	15,22,24
1	1	828	27	828	12	9,18	0,7,8,13,23	0,17,25	0,14,15
1	1	828	27	828	12	9,18	0,7,8,13,23	0,17,25	0,14,22
1	1	828	27	828	12	9,18	0,7,8,13,23	0,17,25	0,14,24
1	1	828	27	828	12	9,18	0,7,8,13,23	0,17,25	0,15,22
1	1	828	27	828	12	9,18	0,7,8,13,23	0,17,25	0,15,24
1	1	828	27	828	12	9,18	0,7,8,13,23	0,17,25	0,22,24
1	1	828	27	828	12	9,18	0,7,8,13,23	0,17,25	14,15,22
1	1	828	27	828	12	9,18	0,7,8,13,23	0,17,25	14,15,24
1	1	828	27	828	12	9,18	0,7,8,13,23	0,17,25	14,22,24
1	1	828	27	828	12	9,18	0,7,8,13,23	0,17,25	15,22,24
1	1	828	27	828	12	9,18	0,7,8,13,23	4,5,17	0,14,15
1	1	828	27	828	12	9,18	0,7,8,13,23	4,5,17	0,14,22
1	1	828	27	828	12	9,18	0,7,8,13,23	4,5,17	0,14,24
1	1	828	27	828	12	9,18	0,7,8,13,23	4,5,17	0,15,22
1	1	828	27	828	12	9,18	0,7,8,13,23	4,5,17	0,15,24
1	1	828	27	828	12	9,18	0,7,8,13,23	4,5,17	0,22,24
1	1	828	27	828	12	9,18	0,7,8,13,23	4,5,17	14,15,22
1	1	828	27	828	12	9,18	0,7,8,13,23	4,5,17	14,15,24
1	1	828	27	828	12	9,18	0,7,8,13,23	4,5,17	14,22,24
1	1	828	27	828	12	9,18	0,7,8,13,23	4,5,17	15,22,24
1	1	828	27	828	12	9,18	0,7,8,13,23	4,5,25	0,14,15
1	1	828	27	828	12	9,18	0,7,8,13,23	4,5,25	0,14,22
1	1	828	27	828	12	9,18	0,7,8,13,23	4,5,25	0,14,24
1	1	828	27	828	12	9,18	0,7,8,13,23	4,5,25	0,15,22
1	1	828	27	828	12	9,18	0,7,8,13,23	4,5,25	0,15,24
1	1	828	27	828	12	9,18	0,7,8,13,23	4,5,25	0,22,24
1	1	828	27	828	12	9,18	0,7,8,13,23	4,5,25	14,15,22
1	1	828	27	828	12	9,18	0,7,8,13,23	4,5,25	14,15,24
1	1	828	27	828	12	9,18	0,7,8,13,23	4,5,25	14,22,24
1	1	828	27	828	12	9,18	0,7,8,13,23	4,5,25	15,22,24
1	1	828	27	828	12	9,18	0,7,8,13,23	4,17,25	0,14,15
1	1	828	27	828	12	9,18	0,7,8,13,23	4,17,25	0,14,22
1	1	828	27	828	12	9,18	0,7,8,13,23	4,17,25	0,14,24
1	1	828	27	828	12	9,18	0,7,8,13,23	4,17,25	0,15,22
1	1	828	27	828	12	9,18	0,7,8,13,23	4,17,25	0,15,24
1	1	828	27	828	12	9,18	0,7,8,13,23	4,17,25	0,22,24
1	1	828	27	828	12	9,18	0,7,8,13,23	4,17,25	14,15,22
1	1	828	27	828	12	9,18	0,7,8,13,23	4,17,25	14,15,24
1	1	828	27	828	12	9,18	0,7,8,13,23	4,17,25	14,22,24
1	1	828	27	828	12	9,18	0,7,8,13,23	4,17,25	15,22,24
1	1	828	27	828	12	9,18	0,7,8,13,23	5,17,25	0,14,15
1	1	828	27	828	12	9,18	0,7,8,13,23	5,17,25	0,14,22
1	1	828	27	828	12	9,18	0,7,8,13,23	5,17,25	0,14,24
1	1	828	27	828	12	9,18	0,7,8,13,23	5,17,25	0,15,22
1	1	828	27	828	12	9,18	0,7,8,13,23	5,17,25	0,15,24
1	1	828	27	828	12	9,18	0,7,8,13,23	5,17,25	0,22,24
1	1	828	27	828	12	9,18	0,7,8,13,23	5,17,25	14,15,22
1	1	828	27	828	12	9,18	0,7,8,13,23	5,17,25	14,15,24
1	1	828	27	828	12	9,18	0,7,8,13,23	5,17,25	14,22,24
1	1	828	27	828	12	9,18	0,7,8,13,23	5,17,25	15,22,24
1	1	828	27	828	12	9,18	0,7,8,23,26	4,17,25	14,22,24
1	1	828	27	828	12	9,18	7,8,13,16,23	5,17,25	14,15,22
1	1	828	27	828	12	9,18	7,8,13,23,26	4,17,25	14,22,24
2	0	828	27	828	12	1,2	0,3,13,15,24	0,12,21	0,7,8
2	0	828	27	828	12	1,2	0,3,15,23,24	0,12,21	0,7,8
2	0	828	27	828	12	1,2	0,6,13,15,23	0,12,21	0,14,22
2	0	828	27	828	12	1,2	0,6,13,23,24	0,12,21	0,14,22
2	0	828	27	828	12	1,2	0,13,15,16,24	17,21,25	7,14,22
2	0	828	27	828	12	1,2	0,13,15,23,24	0,12,17	0,7,8
2	0	828	27	828	12	1,2	0,13,15,23,24	0,12,17	0,7,14
2	0	828	27	828	12	1,2	0,13,15,23,24	0,12,17	0,7,22
2	0	828	27	828	12	1,2	0,13,15,23,24	0,12,17	0,8,14
2	0	828	27	828	12	1,2	0,13,15,23,24	0,12,17	0,8,22
2	0	828	27	828	12	1,2	0,13,15,23,24	0,12,17	0,14,22
2	0	828	27	828	12	1,2	0,13,15,23,24	0,12,17	7,8,14
2	0	828	27	828	12	1,2	0,13,15,23,24	0,12,17	7,8,22
2	0	828	27	828	12	1,2	0,13,15,23,24	0,12,17	7,14,22
2	0	828	27	828	12	1,2	0,13,15,23,24	0,12,17	8,14,22
2	0	828	27	828	12	1,2	0,13,15,23,24	0,12,21	0,7,8
2	0	828	27	828	12	1,2	0,13,15,23,24	0,12,21	0,7,14
2	0	828	27	828	12	1,2	0,13,15,23,24	0,12,21	0,7,22
2	0	828	27	828	12	1,2	0,13,15,23,24	0,12,21	0,8,14
2	0	828	27	828	12	1,2	0,13,15,23,24	0,12,21	0,8,22
2	0	828	27	828	12	1,2	0,13,15,23,24	0,12,21	0,14,22
2	0	828	27	828	12	1,2	0,13,15,23,24	0,12,21	7,8,14
2	0	828	27	828	12	1,2	0,13,15,23,24	0,12,21	7,8,22
2	0	828	27	828	12	1,2	0,13,15,23,24	0,12,21	7,14,22
2	0	828	27	828	12	1,2	0,13,15,23,24	0,12,21	8,14,22
2	0	828	27	828	12	1,2	0,13,15,23,24	0,12,25	0,7,8
2	0	828	27	828	12	1,2	0,13,15,23,24	0,12,25	0,7,14
2	0	828	27	828	12	1,2	0,13,15,23,24	0,12,25	0,7,22
2	0	828	27	828	12	1,2	0,13,15,23,24	0,12,25	0,8,14
2	0	828	27	828	12	1,2	0,13,15,23,24	0,12,25	0,8,22
2	0	828	27	828	12	1,2	0,13,15,23,24	0,12,25	0,14,22
2	0	828	27	828	12	1,2	0,13,15,23,24	0,12,25	7,8,14
2	0	828	27	828	12	1,2	0,13,15,23,24	0,12,25	7,8,22
2	0	828	27	828	12	1,2	0,13,15,23,24	0,12,25	7,14,22
2	0	828	27	828	12	1,2	0,13,15,23,24	0,12,25	8,14,22
2	0	828	27	828	12	1,2	0,13,15,23,24	0,17,21	0,7,8
2	0	828	27	828	12	1,2	0,13,15,23,24	0,17,21	0,7,14
2	0	828	27	828	12	1,2	0,13,15,23,24	0,17,21	0,7,22
2	0	828	27	828	12	1,2	0,13,15,23,24	0,17,21	0,8,14
2	0	828	27	828	12	1,2	0,13,15,23,24	0,17,21	0,8,22
2	0	828	27	828	12	1,2	0,13,15,23,24	0,17,21	0,14,22
2	0	828	27	828	12	1,2	0,13,15,23,24	0,17,21	7,8,14
2	0	828	27	828	12	1,2	0,13,15,23,24	0,17,21	7,8,22
2	0	828	27	828	12	1,2	0,13,15,23,24	0,17,21	7,14,22
2	0	828	27	828	12	1,2	0,13,15,23,24	0,17,21	8,14,22
2	0	828	27	828	12	1,2	0,13,15,23,24	0,17,25	0,7,8
2	0	828	27	828	12	1,2	0,13,15,23,24	0,17,25	0,7,14
2	0	828	27	828	12	1,2	0,13,15,23,24	0,17,25	0,7,22
2	0	828	27	828	12	1,2	0,13,15,23,24	0,17,25	0,8,14
2	0	828	27	828	12	1,2	0,13,15,23,24	0,17,25	0,8,22
2	0	828	27	828	12	1,2	0,13,15,23,24	0,17,25	0,14,22
2	0	828	27	828	12	1,2	0,13,15,23,24	0,17,25	7,8,14
2	0	828	27	828	12	1,2	0,13,15,23,24	0,17,25	7,8,22
2	0	828	27	828	12	1,2	0,13,15,23,24	0,17,25	7,14,22
2	0	828	27	828	12	1,2	0,13,15,23,24	0,17,25	8,14,22
2	0	828	27	828	12	1,2	0,13,15,23,24	0,21,25	0,7,8
2	0	828	27	828	12	1,2	0,13,15,23,24	0,21,25	0,7,14
2	0	828	27	828	12	1,2	0,13,15,23,24	0,21,25	0,7,22
2	0	828	27	828	12	1,2	0,13,15,23,24	0,21,25	0,8,14
2	0	828	27	828	12	1,2	0,13,15,23,24	0,21,25	0,8,22
2	0	828	27	828	12	1,2	0,13,15,23,24	0,21,25	0,14,22
2	0	828	27	828	12	1,2	0,13,15,23,24	0,21,25	7,8,14
2	0	828	27	828	12	1,2	0,13,15,23,24	0,21,25	7,8,22
2	0	828	27	828	12	1,2	0,13,15,23,24	0,21,25	7,14,22
2	0	828	27	828	12	1,2	0,13,15,23,24	0,21,25	8,14,22
2	0	828	27	828	12	1,2	0,13,15,23,24	12,17,21	0,7,8
2	0	828	27	828	12	1,2	0,13,15,23,24	12,17,21	0,7,14
2	0	828	27	828	12	1,2	0,13,15,23,24	12,17,21	0,7,22
2	0	828	27	828	12	1,2	0,13,15,23,24	12,17,21	0,8,14
2	0	828	27	828	12	1,2	0,13,15,23,24	12,17,21	0,8,22
2	0	828	27	828	12	1,2	0,13,15,23,24	12,17,21	0,14,22
2	0	828	27	828	12	1,2	0,13,15,23,24	12,17,21	7,8,14
2	0	828	27	828	12	1,2	0,13,15,23,24	12,17,21	7,8,22
2	0	828	27	828	12	1,2	0,13,15,23,24	12,17,21	7,14,22
2	0	828	27	828	12	1,2	0,13,15,23,24	12,17,21	8,14,22
2	0	828	27	828	12	1,2	0,13,15,23,24	12,17,25	0,7,8
2	0	828	27	828	12	1,2	0,13,15,23,24	12,17,25	0,7,14
2	0	828	27	828	12	1,2	0,13,15,23,24	12,17,25	0,7,22
2	0	828	27	828	12	1,2	0,13,15,23,24	12,17,25	0,8,14
2	0	828	27	828	12	1,2	0,13,15,23,24	12,17,25	0,8,22
2	0	828	27	828	12	1,2	0,13,15,23,24	12,17,25	0,14,22
2	0	828	27	828	12	1,2	0,13,15,23,24	12,17,25	7,8,14
2	0	828	27	828	12	1,2	0,13,15,23,24	12,17,25	7,8,22
2	0	828	27	828	12	1,2	0,13,15,23,24	12,17,25	7,14,22
2	0	828	27	828	12	1,2	0,13,15,23,24	12,17,25	8,14,22
2	0	828	27	828	12	1,2	0,13,15,23,24	12,21,25	0,7,8
2	0	828	27	828	12	1,2	0,13,15,23,24	12,21,25	0,7,14
2	0	828	27	828	12	1,2	0,13,15,23,24	12,21,25	0,7,22
2	0	828	27	828	12	1,2	0,13,15,23,24	12,21,25	0,8,14
2	0	828	27	828	12	1,2	0,13,15,23,24	12,21,25	0,8,22
2	0	828	27	828	12	1,2	0,13,15,23,24	12,21,25	0,14,22
2	0	828	27	828	12	1,2	0,13,15,23,24	12,21,25	7,8,14
2	0	828	27	828	12	1,2	0,13,15,23,24	12,21,25	7,8,22
2	0	828	27	828	12	1,2	0,13,15,23,24	12,21,25	7,14,22
2	0	828	27	828	12	1,2	0,13,15,23,24	12,21,25	8,14,22
2	0	828	27	828	12	1,2	0,13,15,23,24	17,21,25	0,7,8
2	0	828	27	828	12	1,2	0,13,15,23,24	17,21,25	0,7,14
2	0	828	27	828	12	1,2	0,13,15,23,24	17,21,25	0,7,22
2	0	828	27	828	12	1,2	0,13,15,23,24	17,21,25	0,8,14
2	0	828	27	828	12	1,2	0,13,15,23,24	17,21,25	0,8,22
2	0	828	27	828	12	1,2	0,13,15,23,24	17,21,25	0,14,22
2	0	828	27	828	12	1,2	0,13,15,23,24	17,21,25	7,8,14
2	0	828	27	828	12	1,2	0,13,15,23,24	17,21,25	7,8,22
2	0	828	27	828	12	1,2	0,13,15,23,24	17,21,25	7,14,22
2	0	828	27	828	12	1,2	0,13,15,23,24	17,21,25	8,14,22
2	0	828	27	828	12	1,2	0,15,23,24,26	12,17,25	8,14,22
2	0	828	27	828	12	1,2	13,15,16,23,24	17,21,25	7,14,22
2	0	828	27	828	12	1,2	13,15,23,24,26	12,17,25	8,14,22
2	1	828	27	828	12	9,18	0,3,7,8,13	0,4,5	0,15,24
2	1	828	27	828	12	9,18	0,3,7,8,23	0,4,5	0,15,24
2	1	828	27	828	12	9,18	0,6,7,13,23	0,4,5	0,14,22
2	1	828	27	828	12	9,18	0,6,8,13,23	0,4,5	0,14,22
2	1	828	27	828	12	9,18	0,7,8,13,16	5,17,25	14,15,22
2	1	828	27	828	12	9,18	0,7,8,13,23	0,4,5	0,14,15
2	1	828	27	828	12	9,18	0,7,8,13,23	0,4,5	0,14,22
2	1	828	27	828	12	9,18	0,7,8,13,23	0,4,5	0,14,24
2	1	828	27	828	12	9,18	0,7,8,13,23	0,4,5	0,15,22
2	1	828	27	828	12	9,18	0,7,8,13,23	0,4,5	0,15,24
2	1	828	27	828	12	9,18	0,7,8,13,23	0,4,5	0,22,24
2	1	828	27	828	12	9,18	0,7,8,13,23	0,4,5	14,15,22
2	1	828	27	828	12	9,18	0,7,8,13,23	0,4,5	14,15,24
2	1	828	27	828	12	9,18	0,7,8,13,23	0,4,5	14,22,24
2	1	828	27	828	12	9,18	0,7,8,13,23	0,4,5	15,22,24
2	1	828	27	828	12	9,18	0,7,8,13,23	0,4,17	0,14,15
2	1	828	27	828	12	9,18	0,7,8,13,23	0,4,17	0,14,22
2	1	828	27	828	12	9,18	0,7,8,13,23	0,4,17	0,14,24
2	1	828	27	828	12	9,18	0,7,8,13,23	0,4,17	0,15,22
2	1	828	27	828	12	9,18	0,7,8,13,23	0,4,17	0,15,24
2	1	828	27	828	12	9,18	0,7,8,13,23	0,4,17	0,22,24
2	1	828	27	828	12	9,18	0,7,8,13,23	0,4,17	14,15,22
2	1	828	27	828	12	9,18	0,7,8,13,23	0,4,17	14,15,24
2	1	828	27	828	12	9,18	0,7,8,13,23	0,4,17	14,22,24
2	1	828	27	828	12	9,18	0,7,8,13,23	0,4,17	15,22,24
2	1	828	27	828	12	9,18	0,7,8,13,23	0,4,25	0,14,15
2	1	828	27	828	12	9,18	0,7,8,13,23	0,4,25	0,14,22
2	1	828	27	828	12	9,18	0,7,8,13,23	0,4,25	0,14,24
2	1	828	27	828	12	9,18	0,7,8,13,23	0,4,25	0,15,22
2	1	828	27	828	12	9,18	0,7,8,13,23	0,4,25	0,15,24
2	1	828	27	828	12	9,18	0,7,8,13,23	0,4,25	0,22,24
2	1	828	27	828	12	9,18	0,7,8,13,23	0,4,25	14,15,22
2	1	828	27	828	12	9,18	0,7,8,13,23	0,4,25	14,15,24
2	1	828	27	828	12	9,18	0,7,8,13,23	0,4,25	14,22,24
2	1	828	27	828	12	9,18	0,7,8,13,23	0,4,25	15,22,24
2	1	828	27	828	12	9,18	0,7,8,13,23	0,5,17	0,14,15
2	1	828	27	828	12	9,18	0,7,8,13,23	0,5,17	0,14,22
2	1	828	27	828	12	9,18	0,7,8,13,23	0,5,17	0,14,24
2	1	828	27	828	12	9,18	0,7,8,13,23	0,5,17	0,15,22
2	1	828	27	828	12	9,18	0,7,8,13,23	0,5,17	0,15,24
2	1	828	27	828	12	9,18	0,7,8,13,23	0,5,17	0,22,24
2	1	828	27	828	12	9,18	0,7,8,13,23	0,5,17	14,15,22
2	1	828	27	828	12	9,18	0,7,8,13,23	0,5,17	14,15,24
2	1	828	27	828	12	9,18	0,7,8,13,23	0,5,17	14,22,24
2	1	828	27	828	12	9,18	0,7,8,13,23	0,5,17	15,22,24
2	1	828	27	828	12	9,18	0,7,8,13,23	0,5,25	0,14,15
2	1	828	27	828	12	9,18	0,7,8,13,23	0,5,25	0,14,22
2	1	828	27	828	12	9,18	0,7,8,13,23	0,5,25	0,14,24
2	1	828	27	828	12	9,18	0,7,8,13,23	0,5,25	0,15,22
2	1	828	27	828	12	9,18	0,7,8,13,23	0,5,25	0,15,24
2	1	828	27	828	12	9,18	0,7,8,13,23	0,5,25	0,22,24
2	1	828	27	828	12	9,18	0,7,8,13,23	0,5,25	14,15,22
2	1	828	27	828	12	9,18	0,7,8,13,23	0,5,25	14,15,24
2	1	828	27	828	12	9,18	0,7,8,13,23	0,5,25	14,22,24
2	1	828	27	828	12	9,18	0,7,8,13,23	0,5,25	15,22,24
2	1	828	27	828	12	9,18	0,7,8,13,23	0,17,25	0,14,15
2	1	828	27	828	12	9,18	0,7,8,13,23	0,17,25	0,14,22
2	1	828	27	828	12	9,18	0,7,8,13,23	0,17,25	0,14,24
2	1	828	27	828	12	9,18	0,7,8,13,23	0,17,25	0,15,22
2	1	828	27	828	12	9,18	0,7,8,13,23	0,17,25	0,15,24
2	1	828	27	828	12	9,18	0,7,8,13,23	0,17,25	0,22,24
2	1	828	27	828	12	9,18	0,7,8,13,23	0,17,25	14,15,22
2	1	828	27	828	12	9,18	0,7,8,13,23	0,17,25	14,15,24
2	1	828	27	828	12	9,18	0,7,8,13,23	0,17,25	14,22,24
2	1	828	27	828	12	9,18	0,7,8,13,23	0,17,25	15,22,24
2	1	828	27	828	12	9,18	0,7,8,13,23	4,5,17	0,14,15
2	1	828	27	828	12	9,18	0,7,8,13,23	4,5,17	0,14,22
2	1	828	27	828	12	9,18	0,7,8,13,23	4,5,17	0,14,24
2	1	828	27	828	12	9,18	0,7,8,13,23	4,5,17	0,15,22
2	1	828	27	828	12	9,18	0,7,8,13,23	4,5,17	0,15,24
2	1	828	27	828	12	9,18	0,7,8,13,23	4,5,17	0,22,24
2	1	828	27	828	12	9,18	0,7,8,13,23	4,5,17	14,15,22
2	1	828	27	828	12	9,18	0,7,8,13,23	4,5,17	14,15,24
2	1	828	27	828	12	9,18	0,7,8,13,23	4,5,17	14,22,24
2	1	828	27	828	12	9,18	0,7,8,13,23	4,5,17	15,22,24
2	1	828	27	828	12	9,18	0,7,8,13,23	4,5,25	0,14,15
2	1	828	27	828	12	9,18	0,7,8,13,23	4,5,25	0,14,22
2	1	828	27	828	12	9,18	0,7,8,13,23	4,5,25	0,14,24
2	1	828	27	828	12	9,18	0,7,8,13,23	4,5,25	0,15,22
2	1	828	27	828	12	9,18	0,7,8,13,23	4,5,25	0,15,24
2	1	828	27	828	12	9,18	0,7,8,13,23	4,5,25	0,22,24
2	1	828	27	828	12	9,18	0,7,8,13,23	4,5,25	14,15,22
2	1	828	27	828	12	9,18	0,7,8,13,23	4,5,25	14,15,24
2	1	828	27	828	12	9,18	0,7,8,13,23	4,5,25	14,22,24
2	1	828	27	828	12	9,18	0,7,8,13,23	4,5,25	15,22,24
2	1	828	27	828	12	9,18	0,7,8,13,23	4,17,25	0,14,15
2	1	828	27	828	12	9,18	0,7,8,13,23	4,17,25	0,14,22
2	1	828	27	828	12	9,18	0,7,8,13,23	4,17,25	0,14,24
2	1	828	27	828	12	9,18	0,7,8,13,23	4,17,25	0,15,22
2	1	828	27	828	12	9,18	0,7,8,13,23	4,17,25	0,15,24
2	1	828	27	828	12	9,18	0,7,8,13,23	4,17,25	0,22,24
2	1	828	27	828	12	9,18	0,7,8,13,23	4,17,25	14,15,22
2	1	828	27	828	12	9,18	0,7,8,13,23	4,17,25	14,15,24
2	1	828	27	828	12	9,18	0,7,8,13,23	4,17,25	14,22,24
2	1	828	27	828	12	9,18	0,7,8,13,23	4,17,25	15,22,24
2	1	828	27	828	12	9,18	0,7,8,13,23	5,17,25	0,14,15
2	1	828	27	828	12	9,18	0,7,8,13,23	5,17,25	0,14,22
2	1	828	27	828	12	9,18	0,7,8,13,23	5,17,25	0,14,24
2	1	828	27	828	12	9,18	0,7,8,13,23	5,17,25	0,15,22
2	1	828	27	828	12	9,18	0,7,8,13,23	5,17,25	0,15,24
2	1	828	27	828	12	9,18	0,7,8,13,23	5,17,25	0,22,24
2	1	828	27	828	12	9,18	0,7,8,13,23	5,17,25	14,15,22
2	1	828	27	828	12	9,18	0,7,8,13,23	5,17,25	14,15,24
2	1	828	27	828	12	9,18	0,7,8,13,23	5,17,25	14,22,24
2	1	828	27	828	12	9,18	0,7,8,13,23	5,17,25	15,22,24
2	1	828	27	828	12	9,18	0,7,8,23,26	4,17,25	14,22,24
2	1	828	27	828	12	9,18	7,8,13,16,23	5,17,25	14,15,22
2	1	828	27	828	12	9,18	7,8,13,23,26	4,17,25	14,22,24
3	0	828	27	828	12	1,2	0,3,13,15,24	0,12,21	0,7,8
3	0	828	27	828	12	1,2	0,3,15,23,24	0,12,21	0,7,8
3	0	828	27	828	12	1,2	0,6,13,15,23	0,12,21	0,14,22
3	0	828	27	828	12	1,2	0,6,13,23,24	0,12,21	0,14,22
3	0	828	27	828	12	1,2	0,13,15,16,24	17,21,25	7,14,22
3	0	828	27	828	12	1,2	0,13,15,23,24	0,12,17	0,7,8
3	0	828	27	828	12	1,2	0,13,15,23,24	0,12,17	0,7,14
3	0	828	27	828	12	1,2	0,13,15,23,24	0,12,17	0,7,22
3	0	828	27	828	12	1,2	0,13,15,23,24	0,12,17	0,8,14
3	0	828	27	828	12	1,2	0,13,15,23,24	0,12,17	0,8,22
3	0	828	27	828	12	1,2	0,13,15,23,24	0,12,17	0,14,22
3	0	828	27	828	12	1,2	0,13,15,23,24	0,12,17	7,8,14
3	0	828	27	828	12	1,2	0,13,15,23,24	0,12,17	7,8,22
3	0	828	27	828	12	1,2	0,13,15,23,24	0,12,17	7,14,22
3	0	828	27	828	12	1,2	0,13,15,23,24	0,12,17	8,14,22
3	0	828	27	828	12	1,2	0,13,15,23,24	0,12,21	0,7,8
3	0	828	27	828	12	1,2	0,13,15,23,24	0,12,21	0,7,14
3	0	828	27	828	12	1,2	0,13,15,23,24	0,12,21	0,7,22
3	0	828	27	828	12	1,2	0,13,15,23,24	0,12,21	0,8,14
3	0	828	27	828	12	1,2	0,13,15,23,24	0,12,21	0,8,22
3	0	828	27	828	12	1,2	0,13,15,23,24	0,12,21	0,14,22
3	0	828	27	828	12	1,2	0,13,15,23,24	0,12,21	7,8,14
3	0	828	27	828	12	1,2	0,13,15,23,24	0,12,21	7,8,22
3	0	828	27	828	12	1,2	0,13,15,23,24	0,12,21	7,14,22
3	0	828	27	828	12	1,2	0,13,15,23,24	0,12,21	8,14,22
3	0	828	27	828	12	1,2	0,13,15,23,24	0,12,25	0,7,8
3	0	828	27	828	12	1,2	0,13,15,23,24	0,12,25	0,7,14
3	0	828	27	828	12	1,2	0,13,15,23,24	0,12,25	0,7,22
3	0	828	27	828	12	1,2	0,13,15,23,24	0,12,25	0,8,14
3	0	828	27	828	12	1,2	0,13,15,23,24	0,12,25	0,8,22
3	0	828	27	828	12	1,2	0,13,15,23,24	0,12,25	0,14,22
3	0	828	27	828	12	1,2	0,13,15,23,24	0,12,25	7,8,14
3	0	828	27	828	12	1,2	0,13,15,23,24	0,12,25	7,8,22
3	0	828	27	828	12	1,2	0,13,15,23,24	0,12,25	7,14,22
3	0	828	27	828	12	1,2	0,13,15,23,24	0,12,25	8,14,22
3	0	828	27	828	12	1,2	0,13,15,23,24	0,17,21	0,7,8
3	0	828	27	828	12	1,2	0,13,15,23,24	0,17,21	0,7,14
3	0	828	27	828	12	1,2	0,13,15,23,24	0,17,21	0,7,22
3	0	828	27	828	12	1,2	0,13,15,23,24	0,17,21	0,8,14
3	0	828	27	828	12	1,2	0,13,15,23,24	0,17,21	0,8,22
3	0	828	27	828	12	1,2	0,13,15,23,24	0,17,21	0,14,22
3	0	828	27	828	12	1,2	0,13,15,23,24	0,17,21	7,8,14
3	0	828	27	828	12	1,2	0,13,15,23,24	0,17,21	7,8,22
3	0	828	27	828	12	1,2	0,13,15,23,24	0,17,21	7,14,22
3	0	828	27	828	12	1,2	0,13,15,23,24	0,17,21	8,14,22
3	0	828	27	828	12	1,2	0,13,15,23,24	0,17,25	0,7,8
3	0	828	27	828	12	1,2	0,13,15,23,24	0,17,25	0,7,14
3	0	828	27	828	12	1,2	0,13,15,23,24	0,17,25	0,7,22
3	0	828	27	828	12	1,2	0,13,15,23,24	0,17,25	0,8,14
3	0	828	27	828	12	1,2	0,13,15,23,24	0,17,25	0,8,22
3	0	828	27	828	12	1,2	0,13,15,23,24	0,17,25	0,14,22
3	0	828	27	828	12	1,2	0,13,15,23,24	0,17,25	7,8,14
3	0	828	27	828	12	1,2	0,13,15,23,24	0,17,25	7,8,22
3	0	828	27	828	12	1,2	0,13,15,23,24	0,17,25	7,14,22
3	0	828	27	828	12	1,2	0,13,15,23,24	0,17,25	8,14,22
3	0	828	27	828	12	1,2	0,13,15,23,24	0,21,25	0,7,8
3	0	828	27	828	12	1,2	0,13,15,23,24	0,21,25	0,7,14
3	0	828	27	828	12	1,2	0,13,15,23,24	0,21,25	0,7,22
3	0	828	27	828	12	1,2	0,13,15,23,24	0,21,25	0,8,14
3	0	828	27	828	12	1,2	0,13,15,23,24	0,21,25	0,8,22
3	0	828	27	828	12	1,2	0,13,15,23,24	0,21,25	0,14,22
3	0	828	27	828	12	1,2	0,13,15,23,24	0,21,25	7,8,14
3	0	828	27	828	12	1,2	0,13,15,23,24	0,21,25	7,8,22
3	0	828	27	828	12	1,2	0,13,15,23,24	0,21,25	7,14,22
3	0	828	27	828	12	1,2	0,13,15,23,24	0,21,25	8,14,22
3	0	828	27	828	12	1,2	0,13,15,23,24	12,17,21	0,7,8
3	0	828	27	828	12	1,2	0,13,15,23,24	12,17,21	0,7,14
3	0	828	27	828	12	1,2	0,13,15,23,24	12,17,21	0,7,22
3	0	828	27	828	12	1,2	0,13,15,23,24	12,17,21	0,8,14
3	0	828	27	828	12	1,2	0,13,15,23,24	12,17,21	0,8,22
3	0	828	27	828	12	1,2	0,13,15,23,24	12,17,21	0,14,22
3	0	828	27	828	12	1,2	0,13,15,23,24	12,17,21	7,8,14
3	0	828	27	828	12	1,2	0,13,15,23,24	12,17,21	7,8,22
3	0	828	27	828	12	1,2	0,13,15,23,24	12,17,21	7,14,22
3	0	828	27	828	12	1,2	0,13,15,23,24	12,17,21	8,14,22
3	0	828	27	828	12	1,2	0,13,15,23,24	12,17,25	0,7,8
3	0	828	27	828	12	1,2	0,13,15,23,24	12,17,25	0,7,14
3	0	828	27	828	12	1,2	0,13,15,23,24	12,17,25	0,7,22
3	0	828	27	828	12	1,2	0,13,15,23,24	12,17,25	0,8,14
3	0	828	27	828	12	1,2	0,13,15,23,24	12,17,25	0,8,22
3	0	828	27	828	12	1,2	0,13,15,23,24	12,17,25	0,14,22
3	0	828	27	828	12	1,2	0,13,15,23,24	12,17,25	7,8,14
3	0	828	27	828	12	1,2	0,13,15,23,24	12,17,25	7,8,22
3	0	828	27	828	12	1,2	0,13,15,23,24	12,17,25	7,14,22
3	0	828	27	828	12	1,2	0,13,15,23,24	12,17,25	8,14,22
3	0	828	27	828	12	1,2	0,13,15,23,24	12,21,25	0,7,8
3	0	828	27	828	12	1,2	0,13,15,23,24	12,21,25	0,7,14
3	0	828	27	828	12	1,2	0,13,15,23,24	12,21,25	0,7,22
3	0	828	27	828	12	1,2	0,13,15,23,24	12,21,25	0,8,14
3	0	828	27	828	12	1,2	0,13,15,23,24	12,21,25	0,8,22
3	0	828	27	828	12	1,2	0,13,15,23,24	12,21,25	0,14,22
3	0	828	27	828	12	1,2	0,13,15,23,24	12,21,25	7,8,14
3	0	828	27	828	12	1,2	0,13,15,23,24	12,21,25	7,8,22
3	0	828	27	828	12	1,2	0,13,15,23,24	12,21,25	7,14,22
3	0	828	27	828	12	1,2	0,13,15,23,24	12,21,25	8,14,22
3	0	828	27	828	12	1,2	0,13,15,23,24	17,21,25	0,7,8
3	0	828	27	828	12	1,2	0,13,15,23,24	17,21,25	0,7,14
3	0	828	27	828	12	1,2	0,13,15,23,24	17,21,25	0,7,22
3	0	828	27	828	12	1,2	0,13,15,23,24	17,21,25	0,8,14
3	0	828	27	828	12	1,2	0,13,15,23,24	17,21,25	0,8,22
3	0	828	27	828	12	1,2	0,13,15,23,24	17,21,25	0,14,22
3	0	828	27	828	12	1,2	0,13,15,23,24	17,21,25	7,8,14
3	0	828	27	828	12	1,2	0,13,15,23,24	17,21,25	7,8,22
3	0	828	27	828	12	1,2	0,13,15,23,24	17,21,25	7,14,22
3	0	828	27	828	12	1,2	0,13,15,23,24	17,21,25	8,14,22
3	0	828	27	828	12	1,2	0,15,23,24,26	12,17,25	8,14,22
3	0	828	27	828	12	1,2	13,15,16,23,24	17,21,25	7,14,22
3	0	828	27	828	12	1,2	13,15,23,24,26	12,17,25	8,14,22
3	1	828	27	828	12	9,18	0,3,7,8,13	0,4,5	0,15,24
3	1	828	27	828	12	9,18	0,3,7,8,23	0,4,5	0,15,24
3	1	828	27	828	12	9,18	0,6,7,13,23	0,4,5	0,14,22
3	1	828	27	828	12	9,18	0,6,8,13,23	0,4,5	0,14,22
3	1	828	27	828	12	9,18	0,7,8,13,16	5,17,25	14,15,22
3	1	828	27	828	12	9,18	0,7,8,13,23	0,4,5	0,14,15
3	1	828	27	828	12	9,18	0,7,8,13,23	0,4,5	0,14,22
3	1	828	27	828	12	9,18	0,7,8,13,23	0,4,5	0,14,24
3	1	828	27	828	12	9,18	0,7,8,13,23	0,4,5	0,15,22
3	1	828	27	828	12	9,18	0,7,8,13,23	0,4,5	0,15,24
3	1	828	27	828	12	9,18	0,7,8,13,23	0,4,5	0,22,24
3	1	828	27	828	12	9,18	0,7,8,13,23	0,4,5	14,15,22
3	1	828	27	828	12	9,18	0,7,8,13,23	0,4,5	14,15,24
3	1	828	27	828	12	9,18	0,7,8,13,23	0,4,5	14,22,24
3	1	828	27	828	12	9,18	0,7,8,13,23	0,4,5	15,22,24
3	1	828	27	828	12	9,18	0,7,8,13,23	0,4,17	0,14,15
3	1	828	27	828	12	9,18	0,7,8,13,23	0,4,17	0,14,22
3	1	828	27	828	12	9,18	0,7,8,13,23	0,4,17	0,14,24
3	1	828	27	828	12	9,18	0,7,8,13,23	0,4,17	0,15,22
3	1	828	27	828	12	9,18	0,7,8,13,23	0,4,17	0,15,24
3	1	828	27	828	12	9,18	0,7,8,13,23	0,4,17	0,22,24
3	1	828	27	828	12	9,18	0,7,8,13,23	0,4,17	14,15,22
3	1	828	27	828	12	9,18	0,7,8,13,23	0,4,17	14,15,24
3	1	828	27	828	12	9,18	0,7,8,13,23	0,4,17	14,22,24
3	1	828	27	828	12	9,18	0,7,8,13,23	0,4,17	15,22,24
3	1	828	27	828	12	9,18	0,7,8,13,23	0,4,25	0,14,15
3	1	828	27	828	12	9,18	0,7,8,13,23	0,4,25	0,14,22
3	1	828	27	828	12	9,18	0,7,8,13,23	0,4,25	0,14,24
3	1	828	27	828	12	9,18	0,7,8,13,23	0,4,25	0,15,22
3	1	828	27	828	12	9,18	0,7,8,13,23	0,4,25	0,15,24
3	1	828	27	828	12	9,18	0,7,8,13,23	0,4,25	0,22,24
3	1	828	27	828	12	9,18	0,7,8,13,23	0,4,25	14,15,22
3	1	828	27	828	12	9,18	0,7,8,13,23	0,4,25	14,15,24
3	1	828	27	828	12	9,18	0,7,8,13,23	0,4,25	14,22,24
3	1	828	27	828	12	9,18	0,7,8,13,23	0,4,25	15,22,24
3	1	828	27	828	12	9,18	0,7,8,13,23	0,5,17	0,14,15
3	1	828	27	828	12	9,18	0,7,8,13,23	0,5,17	0,14,22
3	1	828	27	828	12	9,18	0,7,8,13,23	0,5,17	0,14,24
3	1	828	27	828	12	9,18	0,7,8,13,23	0,5,17	0,15,22
3	1	828	27	828	12	9,18	0,7,8,13,23	0,5,17	0,15,24
3	1	828	27	828	12	9,18	0,7,8,13,23	0,5,17	0,22,24
3	1	828	27	828	12	9,18	0,7,8,13,23	0,5,17	14,15,22
3	1	828	27	828	12	9,18	0,7,8,13,23	0,5,17	14,15,24
3	1	828	27	828	12	9,18	0,7,8,13,23	0,5,17	14,22,24
3	1	828	27	828	12	9,18	0,7,8,13,23	0,5,17	15,22,24
3	1	828	27	828	12	9,18	0,7,8,13,23	0,5,25	0,14,15
3	1	828	27	828	12	9,18	0,7,8,13,23	0,5,25	0,14,22
3	1	828	27	828	12	9,18	0,7,8,13,23	0,5,25	0,14,24
3	1	828	27	828	12	9,18	0,7,8,13,23	0,5,25	0,15,22
3	1	828	27	828	12	9,18	0,7,8,13,23	0,5,25	0,15,24
3	1	828	27	828	12	9,18	0,7,8,13,23	0,5,25	0,22,24
3	1	828	27	828	12	9,18	0,7,8,13,23	0,5,25	14,15,22
3	1	828	27	828	12	9,18	0,7,8,13,23	0,5,25	14,15,24
3	1	828	27	828	12	9,18	0,7,8,13,23	0,5,25	14,22,24
3	1	828	27	828	12	9,18	0,7,8,13,23	0,5,25	15,22,24
3	1	828	27	828	12	9,18	0,7,8,13,23	0,17,25	0,14,15
3	1	828	27	828	12	9,18	0,7,8,13,23	0,17,25	0,14,22
3	1	828	27	828	12	9,18	0,7,8,13,23	0,17,25	0,14,24
3	1	828	27	828	12	9,18	0,7,8,13,23	0,17,25	0,15,22
3	1	828	27	828	12	9,18	0,7,8,13,23	0,17,25	0,15,24
3	1	828	27	828	12	9,18	0,7,8,13,23	0,17,25	0,22,24
3	1	828	27	828	12	9,18	0,7,8,13,23	0,17,25	14,15,22
3	1	828	27	828	12	9,18	0,7,8,13,23	0,17,25	14,15,24
3	1	828	27	828	12	9,18	0,7,8,13,23	0,17,25	14,22,24
3	1	828	27	828	12	9,18	0,7,8,13,23	0,17,25	15,22,24
3	1	828	27	828	12	9,18	0,7,8,13,23	4,5,17	0,14,15
3	1	828	27	828	12	9,18	0,7,8,13,23	4,5,17	0,14,22
3	1	828	27	828	12	9,18	0,7,8,13,23	4,5,17	0,14,24
3	1	828	27	828	12	9,18	0,7,8,13,23	4,5,17	0,15,22
3	1	828	27	828	12	9,18	0,7,8,13,23	4,5,17	0,15,24
3	1	828	27	828	12	9,18	0,7,8,13,23	4,5,17	0,22,24
3	1	828	27	828	12	9,18	0,7,8,13,23	4,5,17	14,15,22
3	1	828	27	828	12	9,18	0,7,8,13,23	4,5,17	14,15,24
3	1	828	27	828	12	9,18	0,7,8,13,23	4,5,17	14,22,24
3	1	828	27	828	12	9,18	0,7,8,13,23	4,5,17	15,22,24
3	1	828	27	828	12	9,18	0,7,8,13,23	4,5,25	0,14,15
3	1	828	27	828	12	9,18	0,7,8,13,23	4,5,25	0,14,22
3	1	828	27	828	12	9,18	0,7,8,13,23	4,5,25	0,14,24
3	1	828	27	828	12	9,18	0,7,8,13,23	4,5,25	0,15,22
3	1	828	27	828	12	9,18	0,7,8,13,23	4,5,25	0,15,24
3	1	828	27	828	12	9,18	0,7,8,13,23	4,5,25	0,22,24
3	1	828	27	828	12	9,18	0,7,8,13,23	4,5,25	14,15,22
3	1	828	27	828	12	9,18	0,7,8,13,23	4,5,25	14,15,24
3	1	828	27	828	12	9,18	0,7,8,13,23	4,5,25	14,22,24
3	1	828	27	828	12	9,18	0,7,8,13,23	4,5,25	15,22,24
3	1	828	27	828	12	9,18	0,7,8,13,23	4,17,25	0,14,15
3	1	828	27	828	12	9,18	0,7,8,13,23	4,17,25	0,14,22
3	1	828	27	828	12	9,18	0,7,8,13,23	4,17,25	0,14,24
3	1	828	27	828	12	9,18	0,7,8,13,23	4,17,25	0,15,22
3	1	828	27	828	12	9,18	0,7,8,13,23	4,17,25	0,15,24
3	1	828	27	828	12	9,18	0,7,8,13,23	4,17,25	0,22,24
3	1	828	27	828	12	9,18	0,7,8,13,23	4,17,25	14,15,22
3	1	828	27	828	12	9,18	0,7,8,13,23	4,17,25	14,15,24
3	1	828	27	828	12	9,18	0,7,8,13,23	4,17,25	14,22,24
3	1	828	27	828	12	9,18	0,7,8,13,23	4,17,25	15,22,24
3	1	828	27	828	12	9,18	0,7,8,13,23	5,17,25	0,14,15
3	1	828	27	828	12	9,18	0,7,8,13,23	5,17,25	0,14,22
3	1	828	27	828	12	9,18	0,7,8,13,23	5,17,25	0,14,24
3	1	828	27	828	12	9,18	0,7,8,13,23	5,17,25	0,15,22
3	1	828	27	828	12	9,18	0,7,8,13,23	5,17,25	0,15,24
3	1	828	27	828	12	9,18	0,7,8,13,23	5,17,25	0,22,24
3	1	828	27	828	12	9,18	0,7,8,13,23	5,17,25	14,15,22
3	1	828	27	828	12	9,18	0,7,8,13,23	5,17,25	14,15,24
3	1	828	27	828	12	9,18	0,7,8,13,23	5,17,25	14,22,24
3	1	828	27	828	12	9,18	0,7,8,13,23	5,17,25	15,22,24
3	1	828	27	828	12	9,18	0,7,8,23,26	4,17,25	14,22,24
3	1	828	27	828	12	9,18	7,8,13,16,23	5,17,25	14,15,22
3	1	828	27	828	12	9,18	7,8,13,23,26	4,17,25	14,22,24
Cap configurations: 1696

8,2,8;4,4,8;6,1,0: has an {18,6,17} 4-flat direction; already covered by {18,6,17} cases.

8,2,8;4,4,8;6,0,1: has an {18,6,17} 4-flat direction; already covered by {18,6,17} cases.

8,2,8;2,0,5;8,4,4: has an {18,6,17} 4-flat direction; already covered by {18,6,17} cases.

3-flat point count: 8,2,8;4,4,8;5,1,1
Excluded point counts: 5,18,18;6,17,18
1	0	828	12	845	169	0,4,5,16	3	1,2,4,5,9,15,18,24	2
1	0	828	12	845	169	0,4,5,26	3	1,2,4,5,9,15,18,24	1
1	0	828	12	845	169	0,4,16,26	3	1,2,4,5,9,15,18,24	2
1	0	828	12	845	169	0,5,16,26	6	1,2,4,5,9,15,18,24	1
1	0	828	12	845	169	4,5,16,26	3	1,2,4,5,9,15,18,24	1
1	0	828	12	845	169	4,5,16,26	3	1,2,4,5,9,15,18,24	2
1	0	828	12	845	170	0,4,16,26	3	1,2,4,5,9,15,18,24	1
1	0	828	12	845	170	0,4,16,26	6	1,2,4,5,9,15,18,24	1
1	0	828	12	845	170	0,5,16,26	3	1,2,4,5,9,15,18,24	1
1	0	828	12	845	170	0,5,16,26	3	1,2,4,5,9,15,18,24	2
1	0	828	12	845	170	4,5,16,26	6	1,2,4,5,9,15,18,24	1
1	0	828	12	845	170	4,5,16,26	6	1,2,4,5,9,15,18,24	2
1	0	828	12	845	171	0,4,5,16	3	1,2,4,5,9,15,18,24	2
1	0	828	12	845	171	0,4,5,26	3	1,2,4,5,9,15,18,24	1
1	0	828	12	845	171	0,4,16,26	6	1,2,4,5,9,15,18,24	2
1	0	828	12	845	171	0,5,16,26	3	1,2,4,5,9,15,18,24	1
1	0	828	12	845	171	4,5,16,26	3	1,2,4,5,9,15,18,24	1
1	0	828	12	845	171	4,5,16,26	3	1,2,4,5,9,15,18,24	2
1	0	828	12	845	172	0,4,16,26	3	1,2,4,5,9,15,18,24	1
1	0	828	12	845	172	0,4,16,26	3	1,2,4,5,9,15,18,24	2
1	0	828	12	845	172	0,5,16,26	3	1,2,4,5,9,15,18,24	2
1	0	828	12	845	172	0,5,16,26	6	1,2,4,5,9,15,18,24	2
1	0	828	12	845	172	4,5,16,26	6	1,2,4,5,9,15,18,24	1
1	0	828	12	845	172	4,5,16,26	6	1,2,4,5,9,15,18,24	2
1	0	828	12	845	173	0,4,5,16	3	1,2,4,5,9,15,18,24	2
1	0	828	12	845	173	0,4,5,16	6	1,2,4,5,9,15,18,24	2
1	0	828	12	845	173	0,4,5,26	3	1,2,4,5,9,15,18,24	1
1	0	828	12	845	173	0,4,5,26	6	1,2,4,5,9,15,18,24	1
1	0	828	12	845	173	0,4,16,26	3	1,2,4,5,9,15,18,24	1
1	0	828	12	845	173	0,4,16,26	3	1,2,4,5,9,15,18,24	2
1	0	828	12	845	173	0,5,16,26	3	1,2,4,5,9,15,18,24	1
1	0	828	12	845	173	0,5,16,26	3	1,2,4,5,9,15,18,24	2
1	1	828	12	845	169	0,4,5,16	3	1,2,4,5,9,15,18,24	2
1	1	828	12	845	169	0,4,5,26	3	1,2,4,5,9,15,18,24	1
1	1	828	12	845	169	0,4,16,26	3	1,2,4,5,9,15,18,24	2
1	1	828	12	845	169	0,5,16,26	6	1,2,4,5,9,15,18,24	1
1	1	828	12	845	169	4,5,16,26	3	1,2,4,5,9,15,18,24	1
1	1	828	12	845	169	4,5,16,26	3	1,2,4,5,9,15,18,24	2
1	1	828	12	845	170	0,4,16,26	3	1,2,4,5,9,15,18,24	1
1	1	828	12	845	170	0,4,16,26	6	1,2,4,5,9,15,18,24	1
1	1	828	12	845	170	0,5,16,26	3	1,2,4,5,9,15,18,24	1
1	1	828	12	845	170	0,5,16,26	3	1,2,4,5,9,15,18,24	2
1	1	828	12	845	170	4,5,16,26	6	1,2,4,5,9,15,18,24	1
1	1	828	12	845	170	4,5,16,26	6	1,2,4,5,9,15,18,24	2
1	1	828	12	845	171	0,4,5,16	3	1,2,4,5,9,15,18,24	2
1	1	828	12	845	171	0,4,5,26	3	1,2,4,5,9,15,18,24	1
1	1	828	12	845	171	0,4,16,26	6	1,2,4,5,9,15,18,24	2
1	1	828	12	845	171	0,5,16,26	3	1,2,4,5,9,15,18,24	1
1	1	828	12	845	171	4,5,16,26	3	1,2,4,5,9,15,18,24	1
1	1	828	12	845	171	4,5,16,26	3	1,2,4,5,9,15,18,24	2
1	1	828	12	845	172	0,4,16,26	3	1,2,4,5,9,15,18,24	1
1	1	828	12	845	172	0,4,16,26	3	1,2,4,5,9,15,18,24	2
1	1	828	12	845	172	0,5,16,26	3	1,2,4,5,9,15,18,24	2
1	1	828	12	845	172	0,5,16,26	6	1,2,4,5,9,15,18,24	2
1	1	828	12	845	172	4,5,16,26	6	1,2,4,5,9,15,18,24	1
1	1	828	12	845	172	4,5,16,26	6	1,2,4,5,9,15,18,24	2
1	1	828	12	845	173	0,4,5,16	3	1,2,4,5,9,15,18,24	2
1	1	828	12	845	173	0,4,5,16	6	1,2,4,5,9,15,18,24	2
1	1	828	12	845	173	0,4,5,26	3	1,2,4,5,9,15,18,24	1
1	1	828	12	845	173	0,4,5,26	6	1,2,4,5,9,15,18,24	1
1	1	828	12	845	173	0,4,16,26	3	1,2,4,5,9,15,18,24	1
1	1	828	12	845	173	0,4,16,26	3	1,2,4,5,9,15,18,24	2
1	1	828	12	845	173	0,5,16,26	3	1,2,4,5,9,15,18,24	1
1	1	828	12	845	173	0,5,16,26	3	1,2,4,5,9,15,18,24	2
3	0	828	12	845	169	0,4,5,16	3	1,2,4,5,9,15,18,24	2
3	0	828	12	845	169	0,4,5,26	3	1,2,4,5,9,15,18,24	1
3	0	828	12	845	169	0,4,16,26	3	1,2,4,5,9,15,18,24	2
3	0	828	12	845	169	0,5,16,26	6	1,2,4,5,9,15,18,24	1
3	0	828	12	845	169	4,5,16,26	3	1,2,4,5,9,15,18,24	1
3	0	828	12	845	169	4,5,16,26	3	1,2,4,5,9,15,18,24	2
3	0	828	12	845	170	0,4,16,26	3	1,2,4,5,9,15,18,24	1
3	0	828	12	845	170	0,4,16,26	6	1,2,4,5,9,15,18,24	1
3	0	828	12	845	170	0,5,16,26	3	1,2,4,5,9,15,18,24	1
3	0	828	12	845	170	0,5,16,26	3	1,2,4,5,9,15,18,24	2
3	0	828	12	845	170	4,5,16,26	6	1,2,4,5,9,15,18,24	1
3	0	828	12	845	170	4,5,16,26	6	1,2,4,5,9,15,18,24	2
3	0	828	12	845	171	0,4,5,16	3	1,2,4,5,9,15,18,24	2
3	0	828	12	845	171	0,4,5,26	3	1,2,4,5,9,15,18,24	1
3	0	828	12	845	171	0,4,16,26	6	1,2,4,5,9,15,18,24	2
3	0	828	12	845	171	0,5,16,26	3	1,2,4,5,9,15,18,24	1
3	0	828	12	845	171	4,5,16,26	3	1,2,4,5,9,15,18,24	1
3	0	828	12	845	171	4,5,16,26	3	1,2,4,5,9,15,18,24	2
3	0	828	12	845	172	0,4,16,26	3	1,2,4,5,9,15,18,24	1
3	0	828	12	845	172	0,4,16,26	3	1,2,4,5,9,15,18,24	2
3	0	828	12	845	172	0,5,16,26	3	1,2,4,5,9,15,18,24	2
3	0	828	12	845	172	0,5,16,26	6	1,2,4,5,9,15,18,24	2
3	0	828	12	845	172	4,5,16,26	6	1,2,4,5,9,15,18,24	1
3	0	828	12	845	172	4,5,16,26	6	1,2,4,5,9,15,18,24	2
3	0	828	12	845	173	0,4,5,16	3	1,2,4,5,9,15,18,24	2
3	0	828	12	845	173	0,4,5,16	6	1,2,4,5,9,15,18,24	2
3	0	828	12	845	173	0,4,5,26	3	1,2,4,5,9,15,18,24	1
3	0	828	12	845	173	0,4,5,26	6	1,2,4,5,9,15,18,24	1
3	0	828	12	845	173	0,4,16,26	3	1,2,4,5,9,15,18,24	1
3	0	828	12	845	173	0,4,16,26	3	1,2,4,5,9,15,18,24	2
3	0	828	12	845	173	0,5,16,26	3	1,2,4,5,9,15,18,24	1
3	0	828	12	845	173	0,5,16,26	3	1,2,4,5,9,15,18,24	2
3	1	828	12	845	169	0,4,5,16	3	1,2,4,5,9,15,18,24	2
3	1	828	12	845	169	0,4,5,26	3	1,2,4,5,9,15,18,24	1
3	1	828	12	845	169	0,4,16,26	3	1,2,4,5,9,15,18,24	2
3	1	828	12	845	169	0,5,16,26	6	1,2,4,5,9,15,18,24	1
3	1	828	12	845	169	4,5,16,26	3	1,2,4,5,9,15,18,24	1
3	1	828	12	845	169	4,5,16,26	3	1,2,4,5,9,15,18,24	2
3	1	828	12	845	170	0,4,16,26	3	1,2,4,5,9,15,18,24	1
3	1	828	12	845	170	0,4,16,26	6	1,2,4,5,9,15,18,24	1
3	1	828	12	845	170	0,5,16,26	3	1,2,4,5,9,15,18,24	1
3	1	828	12	845	170	0,5,16,26	3	1,2,4,5,9,15,18,24	2
3	1	828	12	845	170	4,5,16,26	6	1,2,4,5,9,15,18,24	1
3	1	828	12	845	170	4,5,16,26	6	1,2,4,5,9,15,18,24	2
3	1	828	12	845	171	0,4,5,16	3	1,2,4,5,9,15,18,24	2
3	1	828	12	845	171	0,4,5,26	3	1,2,4,5,9,15,18,24	1
3	1	828	12	845	171	0,4,16,26	6	1,2,4,5,9,15,18,24	2
3	1	828	12	845	171	0,5,16,26	3	1,2,4,5,9,15,18,24	1
3	1	828	12	845	171	4,5,16,26	3	1,2,4,5,9,15,18,24	1
3	1	828	12	845	171	4,5,16,26	3	1,2,4,5,9,15,18,24	2
3	1	828	12	845	172	0,4,16,26	3	1,2,4,5,9,15,18,24	1
3	1	828	12	845	172	0,4,16,26	3	1,2,4,5,9,15,18,24	2
3	1	828	12	845	172	0,5,16,26	3	1,2,4,5,9,15,18,24	2
3	1	828	12	845	172	0,5,16,26	6	1,2,4,5,9,15,18,24	2
3	1	828	12	845	172	4,5,16,26	6	1,2,4,5,9,15,18,24	1
3	1	828	12	845	172	4,5,16,26	6	1,2,4,5,9,15,18,24	2
3	1	828	12	845	173	0,4,5,16	3	1,2,4,5,9,15,18,24	2
3	1	828	12	845	173	0,4,5,16	6	1,2,4,5,9,15,18,24	2
3	1	828	12	845	173	0,4,5,26	3	1,2,4,5,9,15,18,24	1
3	1	828	12	845	173	0,4,5,26	6	1,2,4,5,9,15,18,24	1
3	1	828	12	845	173	0,4,16,26	3	1,2,4,5,9,15,18,24	1
3	1	828	12	845	173	0,4,16,26	3	1,2,4,5,9,15,18,24	2
3	1	828	12	845	173	0,5,16,26	3	1,2,4,5,9,15,18,24	1
3	1	828	12	845	173	0,5,16,26	3	1,2,4,5,9,15,18,24	2
0	0	828	27	845	169	0,7,8,14	10	7,8,13,14,15,22,23,24	1
0	0	828	27	845	169	0,7,8,14	10	7,8,13,14,15,22,23,24	2
0	0	828	27	845	169	0,7,8,14	20	7,8,13,14,15,22,23,24	1
0	0	828	27	845	169	0,7,8,14	20	7,8,13,14,15,22,23,24	2
0	0	828	27	845	169	0,7,8,22	10	7,8,13,14,15,22,23,24	1
0	0	828	27	845	169	0,7,8,22	10	7,8,13,14,15,22,23,24	2
0	0	828	27	845	169	0,7,8,22	20	7,8,13,14,15,22,23,24	1
0	0	828	27	845	169	0,7,8,22	20	7,8,13,14,15,22,23,24	2
0	0	828	27	845	169	0,7,14,22	10	7,8,13,14,15,22,23,24	2
0	0	828	27	845	169	0,7,14,22	20	7,8,13,14,15,22,23,24	1
0	0	828	27	845	169	0,7,14,22	20	7,8,13,14,15,22,23,24	2
0	0	828	27	845	170	0,7,8,22	10	7,8,13,14,15,22,23,24	1
0	0	828	27	845	170	0,7,8,22	20	7,8,13,14,15,22,23,24	1
0	0	828	27	845	170	0,7,8,22	20	7,8,13,14,15,22,23,24	2
0	0	828	27	845	170	7,8,14,22	20	7,8,13,14,15,22,23,24	1
0	0	828	27	845	170	7,8,14,22	20	7,8,13,14,15,22,23,24	2
0	0	828	27	845	171	0,7,8,14	10	7,8,13,14,15,22,23,24	1
0	0	828	27	845	171	0,7,8,14	10	7,8,13,14,15,22,23,24	2
0	0	828	27	845	171	0,7,8,14	20	7,8,13,14,15,22,23,24	1
0	0	828	27	845	171	0,7,8,14	20	7,8,13,14,15,22,23,24	2
0	0	828	27	845	171	0,7,8,22	10	7,8,13,14,15,22,23,24	1
0	0	828	27	845	171	0,7,8,22	10	7,8,13,14,15,22,23,24	2
0	0	828	27	845	171	0,7,8,22	20	7,8,13,14,15,22,23,24	1
0	0	828	27	845	171	0,7,8,22	20	7,8,13,14,15,22,23,24	2
0	0	828	27	845	171	0,8,14,22	10	7,8,13,14,15,22,23,24	1
0	0	828	27	845	171	0,8,14,22	10	7,8,13,14,15,22,23,24	2
0	0	828	27	845	171	0,8,14,22	20	7,8,13,14,15,22,23,24	1
0	0	828	27	845	172	0,7,8,14	10	7,8,13,14,15,22,23,24	1
0	0	828	27	845	172	0,7,8,14	10	7,8,13,14,15,22,23,24	2
0	0	828	27	845	172	0,7,8,14	20	7,8,13,14,15,22,23,24	2
0	0	828	27	845	172	7,8,14,22	10	7,8,13,14,15,22,23,24	1
0	0	828	27	845	172	7,8,14,22	10	7,8,13,14,15,22,23,24	2
0	0	828	27	845	173	0,7,14,22	10	7,8,13,14,15,22,23,24	2
0	0	828	27	845	173	0,7,14,22	20	7,8,13,14,15,22,23,24	2
0	0	828	27	845	173	0,8,14,22	10	7,8,13,14,15,22,23,24	1
0	0	828	27	845	173	0,8,14,22	20	7,8,13,14,15,22,23,24	1
0	0	828	27	845	173	7,8,14,22	10	7,8,13,14,15,22,23,24	1
0	0	828	27	845	173	7,8,14,22	10	7,8,13,14,15,22,23,24	2
0	0	828	27	845	173	7,8,14,22	20	7,8,13,14,15,22,23,24	1
0	0	828	27	845	173	7,8,14,22	20	7,8,13,14,15,22,23,24	2
1	0	828	27	845	169	0,7,8,14	10	7,8,13,14,15,22,23,24	1
1	0	828	27	845	169	0,7,8,14	10	7,8,13,14,15,22,23,24	2
1	0	828	27	845	169	0,7,8,14	20	7,8,13,14,15,22,23,24	1
1	0	828	27	845	169	0,7,8,14	20	7,8,13,14,15,22,23,24	2
1	0	828	27	845	169	0,7,8,22	10	7,8,13,14,15,22,23,24	1
1	0	828	27	845	169	0,7,8,22	10	7,8,13,14,15,22,23,24	2
1	0	828	27	845	169	0,7,8,22	20	7,8,13,14,15,22,23,24	1
1	0	828	27	845	169	0,7,8,22	20	7,8,13,14,15,22,23,24	2
1	0	828	27	845	169	0,7,14,22	10	7,8,13,14,15,22,23,24	2
1	0	828	27	845	169	0,7,14,22	20	7,8,13,14,15,22,23,24	1
1	0	828	27	845	169	0,7,14,22	20	7,8,13,14,15,22,23,24	2
1	0	828	27	845	170	0,7,8,22	10	7,8,13,14,15,22,23,24	1
1	0	828	27	845	170	0,7,8,22	20	7,8,13,14,15,22,23,24	1
1	0	828	27	845	170	0,7,8,22	20	7,8,13,14,15,22,23,24	2
1	0	828	27	845	170	7,8,14,22	20	7,8,13,14,15,22,23,24	1
1	0	828	27	845	170	7,8,14,22	20	7,8,13,14,15,22,23,24	2
1	0	828	27	845	171	0,7,8,14	10	7,8,13,14,15,22,23,24	1
1	0	828	27	845	171	0,7,8,14	10	7,8,13,14,15,22,23,24	2
1	0	828	27	845	171	0,7,8,14	20	7,8,13,14,15,22,23,24	1
1	0	828	27	845	171	0,7,8,14	20	7,8,13,14,15,22,23,24	2
1	0	828	27	845	171	0,7,8,22	10	7,8,13,14,15,22,23,24	1
1	0	828	27	845	171	0,7,8,22	10	7,8,13,14,15,22,23,24	2
1	0	828	27	845	171	0,7,8,22	20	7,8,13,14,15,22,23,24	1
1	0	828	27	845	171	0,7,8,22	20	7,8,13,14,15,22,23,24	2
1	0	828	27	845	171	0,8,14,22	10	7,8,13,14,15,22,23,24	1
1	0	828	27	845	171	0,8,14,22	10	7,8,13,14,15,22,23,24	2
1	0	828	27	845	171	0,8,14,22	20	7,8,13,14,15,22,23,24	1
1	0	828	27	845	172	0,7,8,14	10	7,8,13,14,15,22,23,24	1
1	0	828	27	845	172	0,7,8,14	10	7,8,13,14,15,22,23,24	2
1	0	828	27	845	172	0,7,8,14	20	7,8,13,14,15,22,23,24	2
1	0	828	27	845	172	7,8,14,22	10	7,8,13,14,15,22,23,24	1
1	0	828	27	845	172	7,8,14,22	10	7,8,13,14,15,22,23,24	2
1	0	828	27	845	173	0,7,14,22	10	7,8,13,14,15,22,23,24	2
1	0	828	27	845	173	0,7,14,22	20	7,8,13,14,15,22,23,24	2
1	0	828	27	845	173	0,8,14,22	10	7,8,13,14,15,22,23,24	1
1	0	828	27	845	173	0,8,14,22	20	7,8,13,14,15,22,23,24	1
1	0	828	27	845	173	7,8,14,22	10	7,8,13,14,15,22,23,24	1
1	0	828	27	845	173	7,8,14,22	10	7,8,13,14,15,22,23,24	2
1	0	828	27	845	173	7,8,14,22	20	7,8,13,14,15,22,23,24	1
1	0	828	27	845	173	7,8,14,22	20	7,8,13,14,15,22,23,24	2
2	0	828	27	845	169	0,7,8,14	10	7,8,13,14,15,22,23,24	1
2	0	828	27	845	169	0,7,8,14	10	7,8,13,14,15,22,23,24	2
2	0	828	27	845	169	0,7,8,14	20	7,8,13,14,15,22,23,24	1
2	0	828	27	845	169	0,7,8,14	20	7,8,13,14,15,22,23,24	2
2	0	828	27	845	169	0,7,8,22	10	7,8,13,14,15,22,23,24	1
2	0	828	27	845	169	0,7,8,22	10	7,8,13,14,15,22,23,24	2
2	0	828	27	845	169	0,7,8,22	20	7,8,13,14,15,22,23,24	1
2	0	828	27	845	169	0,7,8,22	20	7,8,13,14,15,22,23,24	2
2	0	828	27	845	169	0,7,14,22	10	7,8,13,14,15,22,23,24	2
2	0	828	27	845	169	0,7,14,22	20	7,8,13,14,15,22,23,24	1
2	0	828	27	845	169	0,7,14,22	20	7,8,13,14,15,22,23,24	2
2	0	828	27	845	170	0,7,8,22	10	7,8,13,14,15,22,23,24	1
2	0	828	27	845	170	0,7,8,22	20	7,8,13,14,15,22,23,24	1
2	0	828	27	845	170	0,7,8,22	20	7,8,13,14,15,22,23,24	2
2	0	828	27	845	170	7,8,14,22	20	7,8,13,14,15,22,23,24	1
2	0	828	27	845	170	7,8,14,22	20	7,8,13,14,15,22,23,24	2
2	0	828	27	845	171	0,7,8,14	10	7,8,13,14,15,22,23,24	1
2	0	828	27	845	171	0,7,8,14	10	7,8,13,14,15,22,23,24	2
2	0	828	27	845	171	0,7,8,14	20	7,8,13,14,15,22,23,24	1
2	0	828	27	845	171	0,7,8,14	20	7,8,13,14,15,22,23,24	2
2	0	828	27	845	171	0,7,8,22	10	7,8,13,14,15,22,23,24	1
2	0	828	27	845	171	0,7,8,22	10	7,8,13,14,15,22,23,24	2
2	0	828	27	845	171	0,7,8,22	20	7,8,13,14,15,22,23,24	1
2	0	828	27	845	171	0,7,8,22	20	7,8,13,14,15,22,23,24	2
2	0	828	27	845	171	0,8,14,22	10	7,8,13,14,15,22,23,24	1
2	0	828	27	845	171	0,8,14,22	10	7,8,13,14,15,22,23,24	2
2	0	828	27	845	171	0,8,14,22	20	7,8,13,14,15,22,23,24	1
2	0	828	27	845	172	0,7,8,14	10	7,8,13,14,15,22,23,24	1
2	0	828	27	845	172	0,7,8,14	10	7,8,13,14,15,22,23,24	2
2	0	828	27	845	172	0,7,8,14	20	7,8,13,14,15,22,23,24	2
2	0	828	27	845	172	7,8,14,22	10	7,8,13,14,15,22,23,24	1
2	0	828	27	845	172	7,8,14,22	10	7,8,13,14,15,22,23,24	2
2	0	828	27	845	173	0,7,14,22	10	7,8,13,14,15,22,23,24	2
2	0	828	27	845	173	0,7,14,22	20	7,8,13,14,15,22,23,24	2
2	0	828	27	845	173	0,8,14,22	10	7,8,13,14,15,22,23,24	1
2	0	828	27	845	173	0,8,14,22	20	7,8,13,14,15,22,23,24	1
2	0	828	27	845	173	7,8,14,22	10	7,8,13,14,15,22,23,24	1
2	0	828	27	845	173	7,8,14,22	10	7,8,13,14,15,22,23,24	2
2	0	828	27	845	173	7,8,14,22	20	7,8,13,14,15,22,23,24	1
2	0	828	27	845	173	7,8,14,22	20	7,8,13,14,15,22,23,24	2
3	0	828	27	845	169	0,7,8,14	10	7,8,13,14,15,22,23,24	1
3	0	828	27	845	169	0,7,8,14	10	7,8,13,14,15,22,23,24	2
3	0	828	27	845	169	0,7,8,14	20	7,8,13,14,15,22,23,24	1
3	0	828	27	845	169	0,7,8,14	20	7,8,13,14,15,22,23,24	2
3	0	828	27	845	169	0,7,8,22	10	7,8,13,14,15,22,23,24	1
3	0	828	27	845	169	0,7,8,22	10	7,8,13,14,15,22,23,24	2
3	0	828	27	845	169	0,7,8,22	20	7,8,13,14,15,22,23,24	1
3	0	828	27	845	169	0,7,8,22	20	7,8,13,14,15,22,23,24	2
3	0	828	27	845	169	0,7,14,22	10	7,8,13,14,15,22,23,24	2
3	0	828	27	845	169	0,7,14,22	20	7,8,13,14,15,22,23,24	1
3	0	828	27	845	169	0,7,14,22	20	7,8,13,14,15,22,23,24	2
3	0	828	27	845	170	0,7,8,22	10	7,8,13,14,15,22,23,24	1
3	0	828	27	845	170	0,7,8,22	20	7,8,13,14,15,22,23,24	1
3	0	828	27	845	170	0,7,8,22	20	7,8,13,14,15,22,23,24	2
3	0	828	27	845	170	7,8,14,22	20	7,8,13,14,15,22,23,24	1
3	0	828	27	845	170	7,8,14,22	20	7,8,13,14,15,22,23,24	2
3	0	828	27	845	171	0,7,8,14	10	7,8,13,14,15,22,23,24	1
3	0	828	27	845	171	0,7,8,14	10	7,8,13,14,15,22,23,24	2
3	0	828	27	845	171	0,7,8,14	20	7,8,13,14,15,22,23,24	1
3	0	828	27	845	171	0,7,8,14	20	7,8,13,14,15,22,23,24	2
3	0	828	27	845	171	0,7,8,22	10	7,8,13,14,15,22,23,24	1
3	0	828	27	845	171	0,7,8,22	10	7,8,13,14,15,22,23,24	2
3	0	828	27	845	171	0,7,8,22	20	7,8,13,14,15,22,23,24	1
3	0	828	27	845	171	0,7,8,22	20	7,8,13,14,15,22,23,24	2
3	0	828	27	845	171	0,8,14,22	10	7,8,13,14,15,22,23,24	1
3	0	828	27	845	171	0,8,14,22	10	7,8,13,14,15,22,23,24	2
3	0	828	27	845	171	0,8,14,22	20	7,8,13,14,15,22,23,24	1
3	0	828	27	845	172	0,7,8,14	10	7,8,13,14,15,22,23,24	1
3	0	828	27	845	172	0,7,8,14	10	7,8,13,14,15,22,23,24	2
3	0	828	27	845	172	0,7,8,14	20	7,8,13,14,15,22,23,24	2
3	0	828	27	845	172	7,8,14,22	10	7,8,13,14,15,22,23,24	1
3	0	828	27	845	172	7,8,14,22	10	7,8,13,14,15,22,23,24	2
3	0	828	27	845	173	0,7,14,22	10	7,8,13,14,15,22,23,24	2
3	0	828	27	845	173	0,7,14,22	20	7,8,13,14,15,22,23,24	2
3	0	828	27	845	173	0,8,14,22	10	7,8,13,14,15,22,23,24	1
3	0	828	27	845	173	0,8,14,22	20	7,8,13,14,15,22,23,24	1
3	0	828	27	845	173	7,8,14,22	10	7,8,13,14,15,22,23,24	1
3	0	828	27	845	173	7,8,14,22	10	7,8,13,14,15,22,23,24	2
3	0	828	27	845	173	7,8,14,22	20	7,8,13,14,15,22,23,24	1
3	0	828	27	845	173	7,8,14,22	20	7,8,13,14,15,22,23,24	2
Cap configurations: 288

8,2,8;4,4,8;5,0,2: has an {18,6,17} 4-flat direction; already covered by {18,6,17} cases.

3-flat point count: 8,2,8;2,1,4;8,4,4
Excluded point counts: 5,18,18;6,17,18
0	0	828	12	828	27	1	0,12,17,21	0,13,15,23	0,7,8,22
0	0	828	12	828	27	1	0,12,17,21	0,13,23,24	0,7,14,22
0	0	828	12	828	27	1	0,12,17,21	0,15,23,24	0,7,8,22
0	0	828	12	828	27	1	0,12,17,21	0,15,23,24	0,7,14,22
0	0	828	12	828	27	1	0,12,17,21	0,15,23,24	7,8,14,22
0	0	828	12	828	27	1	0,12,17,21	13,15,23,24	0,7,8,22
0	0	828	12	828	27	1	0,12,17,25	0,13,15,24	0,7,14,22
0	0	828	12	828	27	1	0,12,17,25	0,13,23,24	0,7,14,22
0	0	828	12	828	27	1	0,12,17,25	0,13,23,24	0,8,14,22
0	0	828	12	828	27	1	0,12,17,25	0,15,23,24	0,7,14,22
0	0	828	12	828	27	1	0,12,17,25	0,15,23,24	7,8,14,22
0	0	828	12	828	27	1	0,12,17,25	13,15,23,24	0,7,8,14
0	0	828	12	828	27	1	0,12,21,25	0,13,15,24	0,7,14,22
0	0	828	12	828	27	1	0,12,21,25	0,13,15,24	7,8,14,22
0	0	828	12	828	27	1	0,12,21,25	0,13,23,24	0,7,8,22
0	0	828	12	828	27	1	0,12,21,25	0,13,23,24	0,7,14,22
0	0	828	12	828	27	1	0,12,21,25	0,15,23,24	0,8,14,22
0	0	828	12	828	27	1	0,12,21,25	13,15,23,24	0,7,8,22
0	0	828	12	828	27	1	0,17,21,25	0,13,15,23	0,7,8,14
0	0	828	12	828	27	1	0,17,21,25	0,13,15,24	7,8,14,22
0	0	828	12	828	27	1	0,17,21,25	0,13,23,24	0,7,8,14
0	0	828	12	828	27	1	0,17,21,25	0,15,23,24	0,7,8,22
0	0	828	12	828	27	1	0,17,21,25	0,15,23,24	0,8,14,22
0	0	828	12	828	27	1	12,17,21,25	0,13,15,23	0,7,14,22
0	0	828	12	828	27	1	12,17,21,25	0,13,15,24	0,7,8,22
0	0	828	12	828	27	1	12,17,21,25	0,15,23,24	0,7,8,14
0	0	828	12	828	27	1	12,17,21,25	0,15,23,24	0,7,8,22
0	0	828	12	828	27	1	12,17,21,25	13,15,23,24	0,8,14,22
0	0	828	12	828	27	2	0,12,17,21	0,13,15,23	0,7,8,14
0	0	828	12	828	27	2	0,12,17,21	0,13,15,23	0,8,14,22
0	0	828	12	828	27	2	0,12,17,21	0,13,15,24	0,7,14,22
0	0	828	12	828	27	2	0,12,17,21	0,15,23,24	0,8,14,22
0	0	828	12	828	27	2	0,12,17,21	0,15,23,24	7,8,14,22
0	0	828	12	828	27	2	0,12,17,21	13,15,23,24	0,7,8,14
0	0	828	12	828	27	2	0,12,17,25	0,13,15,23	0,7,8,22
0	0	828	12	828	27	2	0,12,17,25	0,13,15,24	0,7,8,14
0	0	828	12	828	27	2	0,12,17,25	0,13,15,24	0,7,14,22
0	0	828	12	828	27	2	0,12,17,25	0,13,23,24	0,7,8,22
0	0	828	12	828	27	2	0,12,17,25	0,15,23,24	7,8,14,22
0	0	828	12	828	27	2	0,12,21,25	0,13,15,23	0,8,14,22
0	0	828	12	828	27	2	0,12,21,25	0,13,15,24	0,7,8,14
0	0	828	12	828	27	2	0,12,21,25	0,13,15,24	0,8,14,22
0	0	828	12	828	27	2	0,12,21,25	0,13,15,24	7,8,14,22
0	0	828	12	828	27	2	0,12,21,25	0,13,23,24	0,7,8,14
0	0	828	12	828	27	2	0,12,21,25	13,15,23,24	0,7,8,14
0	0	828	12	828	27	2	0,17,21,25	0,13,15,23	0,7,14,22
0	0	828	12	828	27	2	0,17,21,25	0,13,15,23	0,8,14,22
0	0	828	12	828	27	2	0,17,21,25	0,13,15,24	0,8,14,22
0	0	828	12	828	27	2	0,17,21,25	0,13,15,24	7,8,14,22
0	0	828	12	828	27	2	0,17,21,25	0,15,23,24	0,8,14,22
0	0	828	12	828	27	2	0,17,21,25	13,15,23,24	0,7,8,22
0	0	828	12	828	27	2	12,17,21,25	0,13,15,24	0,7,8,14
0	0	828	12	828	27	2	12,17,21,25	0,13,15,24	0,7,8,22
0	0	828	12	828	27	2	12,17,21,25	0,13,23,24	0,8,14,22
0	0	828	12	828	27	2	12,17,21,25	0,15,23,24	0,7,8,14
0	0	828	12	828	27	2	12,17,21,25	13,15,23,24	0,7,14,22
0	1	828	12	828	27	1	0,12,17,21	0,13,15,23	0,7,8,22
0	1	828	12	828	27	1	0,12,17,21	0,13,23,24	0,7,14,22
0	1	828	12	828	27	1	0,12,17,21	0,15,23,24	0,7,8,22
0	1	828	12	828	27	1	0,12,17,21	0,15,23,24	0,7,14,22
0	1	828	12	828	27	1	0,12,17,21	0,15,23,24	7,8,14,22
0	1	828	12	828	27	1	0,12,17,21	13,15,23,24	0,7,8,22
0	1	828	12	828	27	1	0,12,17,25	0,13,15,24	0,7,14,22
0	1	828	12	828	27	1	0,12,17,25	0,13,23,24	0,7,14,22
0	1	828	12	828	27	1	0,12,17,25	0,13,23,24	0,8,14,22
0	1	828	12	828	27	1	0,12,17,25	0,15,23,24	0,7,14,22
0	1	828	12	828	27	1	0,12,17,25	0,15,23,24	7,8,14,22
0	1	828	12	828	27	1	0,12,17,25	13,15,23,24	0,7,8,14
0	1	828	12	828	27	1	0,12,21,25	0,13,15,24	0,7,14,22
0	1	828	12	828	27	1	0,12,21,25	0,13,15,24	7,8,14,22
0	1	828	12	828	27	1	0,12,21,25	0,13,23,24	0,7,8,22
0	1	828	12	828	27	1	0,12,21,25	0,13,23,24	0,7,14,22
0	1	828	12	828	27	1	0,12,21,25	0,15,23,24	0,8,14,22
0	1	828	12	828	27	1	0,12,21,25	13,15,23,24	0,7,8,22
0	1	828	12	828	27	1	0,17,21,25	0,13,15,23	0,7,8,14
0	1	828	12	828	27	1	0,17,21,25	0,13,15,24	7,8,14,22
0	1	828	12	828	27	1	0,17,21,25	0,13,23,24	0,7,8,14
0	1	828	12	828	27	1	0,17,21,25	0,15,23,24	0,7,8,22
0	1	828	12	828	27	1	0,17,21,25	0,15,23,24	0,8,14,22
0	1	828	12	828	27	1	12,17,21,25	0,13,15,23	0,7,14,22
0	1	828	12	828	27	1	12,17,21,25	0,13,15,24	0,7,8,22
0	1	828	12	828	27	1	12,17,21,25	0,15,23,24	0,7,8,14
0	1	828	12	828	27	1	12,17,21,25	0,15,23,24	0,7,8,22
0	1	828	12	828	27	1	12,17,21,25	13,15,23,24	0,8,14,22
0	1	828	12	828	27	2	0,12,17,21	0,13,15,23	0,7,8,14
0	1	828	12	828	27	2	0,12,17,21	0,13,15,23	0,8,14,22
0	1	828	12	828	27	2	0,12,17,21	0,13,15,24	0,7,14,22
0	1	828	12	828	27	2	0,12,17,21	0,15,23,24	0,8,14,22
0	1	828	12	828	27	2	0,12,17,21	0,15,23,24	7,8,14,22
0	1	828	12	828	27	2	0,12,17,21	13,15,23,24	0,7,8,14
0	1	828	12	828	27	2	0,12,17,25	0,13,15,23	0,7,8,22
0	1	828	12	828	27	2	0,12,17,25	0,13,15,24	0,7,8,14
0	1	828	12	828	27	2	0,12,17,25	0,13,15,24	0,7,14,22
0	1	828	12	828	27	2	0,12,17,25	0,13,23,24	0,7,8,22
0	1	828	12	828	27	2	0,12,17,25	0,15,23,24	7,8,14,22
0	1	828	12	828	27	2	0,12,21,25	0,13,15,23	0,8,14,22
0	1	828	12	828	27	2	0,12,21,25	0,13,15,24	0,7,8,14
0	1	828	12	828	27	2	0,12,21,25	0,13,15,24	0,8,14,22
0	1	828	12	828	27	2	0,12,21,25	0,13,15,24	7,8,14,22
0	1	828	12	828	27	2	0,12,21,25	0,13,23,24	0,7,8,14
0	1	828	12	828	27	2	0,12,21,25	13,15,23,24	0,7,8,14
0	1	828	12	828	27	2	0,17,21,25	0,13,15,23	0,7,14,22
0	1	828	12	828	27	2	0,17,21,25	0,13,15,23	0,8,14,22
0	1	828	12	828	27	2	0,17,21,25	0,13,15,24	0,8,14,22
0	1	828	12	828	27	2	0,17,21,25	0,13,15,24	7,8,14,22
0	1	828	12	828	27	2	0,17,21,25	0,15,23,24	0,8,14,22
0	1	828	12	828	27	2	0,17,21,25	13,15,23,24	0,7,8,22
0	1	828	12	828	27	2	12,17,21,25	0,13,15,24	0,7,8,14
0	1	828	12	828	27	2	12,17,21,25	0,13,15,24	0,7,8,22
0	1	828	12	828	27	2	12,17,21,25	0,13,23,24	0,8,14,22
0	1	828	12	828	27	2	12,17,21,25	0,15,23,24	0,7,8,14
0	1	828	12	828	27	2	12,17,21,25	13,15,23,24	0,7,14,22
1	0	828	12	828	27	9	0,7,8,13	0,4,5,17	0,12,16,26
1	0	828	12	828	27	9	0,7,8,13	0,4,5,17	12,16,21,26
1	0	828	12	828	27	9	0,7,8,13	0,4,5,25	0,16,21,26
1	0	828	12	828	27	9	0,7,8,13	0,4,17,25	0,12,16,21
1	0	828	12	828	27	9	0,7,8,13	0,4,17,25	0,12,16,26
1	0	828	12	828	27	9	0,7,8,13	4,5,17,25	0,12,16,21
1	0	828	12	828	27	9	0,7,8,23	0,4,5,25	0,12,16,21
1	0	828	12	828	27	9	0,7,8,23	0,4,5,25	0,12,16,26
1	0	828	12	828	27	9	0,7,8,23	0,4,5,25	12,16,21,26
1	0	828	12	828	27	9	0,7,8,23	0,4,17,25	0,12,16,26
1	0	828	12	828	27	9	0,7,8,23	0,5,17,25	0,12,16,21
1	0	828	12	828	27	9	0,7,8,23	4,5,17,25	0,12,16,21
1	0	828	12	828	27	9	0,7,13,23	0,4,5,17	12,16,21,26
1	0	828	12	828	27	9	0,7,13,23	0,4,5,25	0,12,16,21
1	0	828	12	828	27	9	0,7,13,23	0,4,5,25	0,16,21,26
1	0	828	12	828	27	9	0,7,13,23	0,4,17,25	0,12,21,26
1	0	828	12	828	27	9	0,7,13,23	0,5,17,25	0,12,21,26
1	0	828	12	828	27	9	0,8,13,23	0,4,5,17	0,12,16,26
1	0	828	12	828	27	9	0,8,13,23	0,4,5,25	0,12,16,26
1	0	828	12	828	27	9	0,8,13,23	0,4,5,25	12,16,21,26
1	0	828	12	828	27	9	0,8,13,23	0,4,17,25	0,12,16,26
1	0	828	12	828	27	9	0,8,13,23	0,4,17,25	0,16,21,26
1	0	828	12	828	27	9	0,8,13,23	4,5,17,25	0,12,21,26
1	0	828	12	828	27	9	7,8,13,23	0,4,5,17	0,12,16,21
1	0	828	12	828	27	9	7,8,13,23	0,4,5,25	0,12,16,21
1	0	828	12	828	27	9	7,8,13,23	0,4,5,25	0,12,21,26
1	0	828	12	828	27	9	7,8,13,23	0,5,17,25	0,12,16,26
1	0	828	12	828	27	9	7,8,13,23	4,5,17,25	0,16,21,26
1	0	828	12	828	27	18	0,7,8,13	0,4,5,17	0,12,21,26
1	0	828	12	828	27	18	0,7,8,13	0,4,5,17	0,16,21,26
1	0	828	12	828	27	18	0,7,8,13	0,4,5,17	12,16,21,26
1	0	828	12	828	27	18	0,7,8,13	0,4,17,25	0,12,21,26
1	0	828	12	828	27	18	0,7,8,13	0,5,17,25	0,16,21,26
1	0	828	12	828	27	18	0,7,8,13	4,5,17,25	0,12,21,26
1	0	828	12	828	27	18	0,7,8,23	0,4,5,17	0,12,16,26
1	0	828	12	828	27	18	0,7,8,23	0,4,5,25	0,16,21,26
1	0	828	12	828	27	18	0,7,8,23	0,4,5,25	12,16,21,26
1	0	828	12	828	27	18	0,7,8,23	0,5,17,25	0,12,21,26
1	0	828	12	828	27	18	0,7,8,23	0,5,17,25	0,16,21,26
1	0	828	12	828	27	18	0,7,8,23	4,5,17,25	0,12,21,26
1	0	828	12	828	27	18	0,7,13,23	0,4,5,17	0,16,21,26
1	0	828	12	828	27	18	0,7,13,23	0,4,5,17	12,16,21,26
1	0	828	12	828	27	18	0,7,13,23	0,4,5,25	0,16,21,26
1	0	828	12	828	27	18	0,7,13,23	0,5,17,25	0,12,16,26
1	0	828	12	828	27	18	0,7,13,23	0,5,17,25	0,16,21,26
1	0	828	12	828	27	18	0,7,13,23	4,5,17,25	0,12,16,21
1	0	828	12	828	27	18	0,8,13,23	0,4,5,17	0,12,16,26
1	0	828	12	828	27	18	0,8,13,23	0,4,5,17	0,12,21,26
1	0	828	12	828	27	18	0,8,13,23	0,4,5,25	12,16,21,26
1	0	828	12	828	27	18	0,8,13,23	0,4,17,25	0,12,16,21
1	0	828	12	828	27	18	0,8,13,23	0,5,17,25	0,12,16,21
1	0	828	12	828	27	18	7,8,13,23	0,4,5,17	0,12,16,21
1	0	828	12	828	27	18	7,8,13,23	0,4,5,17	0,12,21,26
1	0	828	12	828	27	18	7,8,13,23	0,4,5,25	0,12,21,26
1	0	828	12	828	27	18	7,8,13,23	0,4,17,25	0,16,21,26
1	0	828	12	828	27	18	7,8,13,23	4,5,17,25	0,12,16,26
1	1	828	12	828	27	9	0,7,8,13	0,4,5,17	0,12,16,26
1	1	828	12	828	27	9	0,7,8,13	0,4,5,17	12,16,21,26
1	1	828	12	828	27	9	0,7,8,13	0,4,5,25	0,16,21,26
1	1	828	12	828	27	9	0,7,8,13	0,4,17,25	0,12,16,21
1	1	828	12	828	27	9	0,7,8,13	0,4,17,25	0,12,16,26
1	1	828	12	828	27	9	0,7,8,13	4,5,17,25	0,12,16,21
1	1	828	12	828	27	9	0,7,8,23	0,4,5,25	0,12,16,21
1	1	828	12	828	27	9	0,7,8,23	0,4,5,25	0,12,16,26
1	1	828	12	828	27	9	0,7,8,23	0,4,5,25	12,16,21,26
1	1	828	12	828	27	9	0,7,8,23	0,4,17,25	0,12,16,26
1	1	828	12	828	27	9	0,7,8,23	0,5,17,25	0,12,16,21
1	1	828	12	828	27	9	0,7,8,23	4,5,17,25	0,12,16,21
1	1	828	12	828	27	9	0,7,13,23	0,4,5,17	12,16,21,26
1	1	828	12	828	27	9	0,7,13,23	0,4,5,25	0,12,16,21
1	1	828	12	828	27	9	0,7,13,23	0,4,5,25	0,16,21,26
1	1	828	12	828	27	9	0,7,13,23	0,4,17,25	0,12,21,26
1	1	828	12	828	27	9	0,7,13,23	0,5,17,25	0,12,21,26
1	1	828	12	828	27	9	0,8,13,23	0,4,5,17	0,12,16,26
1	1	828	12	828	27	9	0,8,13,23	0,4,5,25	0,12,16,26
1	1	828	12	828	27	9	0,8,13,23	0,4,5,25	12,16,21,26
1	1	828	12	828	27	9	0,8,13,23	0,4,17,25	0,12,16,26
1	1	828	12	828	27	9	0,8,13,23	0,4,17,25	0,16,21,26
1	1	828	12	828	27	9	0,8,13,23	4,5,17,25	0,12,21,26
1	1	828	12	828	27	9	7,8,13,23	0,4,5,17	0,12,16,21
1	1	828	12	828	27	9	7,8,13,23	0,4,5,25	0,12,16,21
1	1	828	12	828	27	9	7,8,13,23	0,4,5,25	0,12,21,26
1	1	828	12	828	27	9	7,8,13,23	0,5,17,25	0,12,16,26
1	1	828	12	828	27	9	7,8,13,23	4,5,17,25	0,16,21,26
1	1	828	12	828	27	18	0,7,8,13	0,4,5,17	0,12,21,26
1	1	828	12	828	27	18	0,7,8,13	0,4,5,17	0,16,21,26
1	1	828	12	828	27	18	0,7,8,13	0,4,5,17	12,16,21,26
1	1	828	12	828	27	18	0,7,8,13	0,4,17,25	0,12,21,26
1	1	828	12	828	27	18	0,7,8,13	0,5,17,25	0,16,21,26
1	1	828	12	828	27	18	0,7,8,13	4,5,17,25	0,12,21,26
1	1	828	12	828	27	18	0,7,8,23	0,4,5,17	0,12,16,26
1	1	828	12	828	27	18	0,7,8,23	0,4,5,25	0,16,21,26
1	1	828	12	828	27	18	0,7,8,23	0,4,5,25	12,16,21,26
1	1	828	12	828	27	18	0,7,8,23	0,5,17,25	0,12,21,26
1	1	828	12	828	27	18	0,7,8,23	0,5,17,25	0,16,21,26
1	1	828	12	828	27	18	0,7,8,23	4,5,17,25	0,12,21,26
1	1	828	12	828	27	18	0,7,13,23	0,4,5,17	0,16,21,26
1	1	828	12	828	27	18	0,7,13,23	0,4,5,17	12,16,21,26
1	1	828	12	828	27	18	0,7,13,23	0,4,5,25	0,16,21,26
1	1	828	12	828	27	18	0,7,13,23	0,5,17,25	0,12,16,26
1	1	828	12	828	27	18	0,7,13,23	0,5,17,25	0,16,21,26
1	1	828	12	828	27	18	0,7,13,23	4,5,17,25	0,12,16,21
1	1	828	12	828	27	18	0,8,13,23	0,4,5,17	0,12,16,26
1	1	828	12	828	27	18	0,8,13,23	0,4,5,17	0,12,21,26
1	1	828	12	828	27	18	0,8,13,23	0,4,5,25	12,16,21,26
1	1	828	12	828	27	18	0,8,13,23	0,4,17,25	0,12,16,21
1	1	828	12	828	27	18	0,8,13,23	0,5,17,25	0,12,16,21
1	1	828	12	828	27	18	7,8,13,23	0,4,5,17	0,12,16,21
1	1	828	12	828	27	18	7,8,13,23	0,4,5,17	0,12,21,26
1	1	828	12	828	27	18	7,8,13,23	0,4,5,25	0,12,21,26
1	1	828	12	828	27	18	7,8,13,23	0,4,17,25	0,16,21,26
1	1	828	12	828	27	18	7,8,13,23	4,5,17,25	0,12,16,26
2	0	828	12	828	27	1	0,12,17,21	0,13,15,23	0,7,8,22
2	0	828	12	828	27	1	0,12,17,21	0,13,23,24	0,7,14,22
2	0	828	12	828	27	1	0,12,17,21	0,15,23,24	0,7,8,22
2	0	828	12	828	27	1	0,12,17,21	0,15,23,24	0,7,14,22
2	0	828	12	828	27	1	0,12,17,21	0,15,23,24	7,8,14,22
2	0	828	12	828	27	1	0,12,17,21	13,15,23,24	0,7,8,22
2	0	828	12	828	27	1	0,12,17,25	0,13,15,24	0,7,14,22
2	0	828	12	828	27	1	0,12,17,25	0,13,23,24	0,7,14,22
2	0	828	12	828	27	1	0,12,17,25	0,13,23,24	0,8,14,22
2	0	828	12	828	27	1	0,12,17,25	0,15,23,24	0,7,14,22
2	0	828	12	828	27	1	0,12,17,25	0,15,23,24	7,8,14,22
2	0	828	12	828	27	1	0,12,17,25	13,15,23,24	0,7,8,14
2	0	828	12	828	27	1	0,12,21,25	0,13,15,24	0,7,14,22
2	0	828	12	828	27	1	0,12,21,25	0,13,15,24	7,8,14,22
2	0	828	12	828	27	1	0,12,21,25	0,13,23,24	0,7,8,22
2	0	828	12	828	27	1	0,12,21,25	0,13,23,24	0,7,14,22
2	0	828	12	828	27	1	0,12,21,25	0,15,23,24	0,8,14,22
2	0	828	12	828	27	1	0,12,21,25	13,15,23,24	0,7,8,22
2	0	828	12	828	27	1	0,17,21,25	0,13,15,23	0,7,8,14
2	0	828	12	828	27	1	0,17,21,25	0,13,15,24	7,8,14,22
2	0	828	12	828	27	1	0,17,21,25	0,13,23,24	0,7,8,14
2	0	828	12	828	27	1	0,17,21,25	0,15,23,24	0,7,8,22
2	0	828	12	828	27	1	0,17,21,25	0,15,23,24	0,8,14,22
2	0	828	12	828	27	1	12,17,21,25	0,13,15,23	0,7,14,22
2	0	828	12	828	27	1	12,17,21,25	0,13,15,24	0,7,8,22
2	0	828	12	828	27	1	12,17,21,25	0,15,23,24	0,7,8,14
2	0	828	12	828	27	1	12,17,21,25	0,15,23,24	0,7,8,22
2	0	828	12	828	27	1	12,17,21,25	13,15,23,24	0,8,14,22
2	0	828	12	828	27	2	0,12,17,21	0,13,15,23	0,7,8,14
2	0	828	12	828	27	2	0,12,17,21	0,13,15,23	0,8,14,22
2	0	828	12	828	27	2	0,12,17,21	0,13,15,24	0,7,14,22
2	0	828	12	828	27	2	0,12,17,21	0,15,23,24	0,8,14,22
2	0	828	12	828	27	2	0,12,17,21	0,15,23,24	7,8,14,22
2	0	828	12	828	27	2	0,12,17,21	13,15,23,24	0,7,8,14
2	0	828	12	828	27	2	0,12,17,25	0,13,15,23	0,7,8,22
2	0	828	12	828	27	2	0,12,17,25	0,13,15,24	0,7,8,14
2	0	828	12	828	27	2	0,12,17,25	0,13,15,24	0,7,14,22
2	0	828	12	828	27	2	0,12,17,25	0,13,23,24	0,7,8,22
2	0	828	12	828	27	2	0,12,17,25	0,15,23,24	7,8,14,22
2	0	828	12	828	27	2	0,12,21,25	0,13,15,23	0,8,14,22
2	0	828	12	828	27	2	0,12,21,25	0,13,15,24	0,7,8,14
2	0	828	12	828	27	2	0,12,21,25	0,13,15,24	0,8,14,22
2	0	828	12	828	27	2	0,12,21,25	0,13,15,24	7,8,14,22
2	0	828	12	828	27	2	0,12,21,25	0,13,23,24	0,7,8,14
2	0	828	12	828	27	2	0,12,21,25	13,15,23,24	0,7,8,14
2	0	828	12	828	27	2	0,17,21,25	0,13,15,23	0,7,14,22
2	0	828	12	828	27	2	0,17,21,25	0,13,15,23	0,8,14,22
2	0	828	12	828	27	2	0,17,21,25	0,13,15,24	0,8,14,22
2	0	828	12	828	27	2	0,17,21,25	0,13,15,24	7,8,14,22
2	0	828	12	828	27	2	0,17,21,25	0,15,23,24	0,8,14,22
2	0	828	12	828	27	2	0,17,21,25	13,15,23,24	0,7,8,22
2	0	828	12	828	27	2	12,17,21,25	0,13,15,24	0,7,8,14
2	0	828	12	828	27	2	12,17,21,25	0,13,15,24	0,7,8,22
2	0	828	12	828	27	2	12,17,21,25	0,13,23,24	0,8,14,22
2	0	828	12	828	27	2	12,17,21,25	0,15,23,24	0,7,8,14
2	0	828	12	828	27	2	12,17,21,25	13,15,23,24	0,7,14,22
2	1	828	12	828	27	1	0,12,17,21	0,13,15,23	0,7,8,22
2	1	828	12	828	27	1	0,12,17,21	0,13,23,24	0,7,14,22
2	1	828	12	828	27	1	0,12,17,21	0,15,23,24	0,7,8,22
2	1	828	12	828	27	1	0,12,17,21	0,15,23,24	0,7,14,22
2	1	828	12	828	27	1	0,12,17,21	0,15,23,24	7,8,14,22
2	1	828	12	828	27	1	0,12,17,21	13,15,23,24	0,7,8,22
2	1	828	12	828	27	1	0,12,17,25	0,13,15,24	0,7,14,22
2	1	828	12	828	27	1	0,12,17,25	0,13,23,24	0,7,14,22
2	1	828	12	828	27	1	0,12,17,25	0,13,23,24	0,8,14,22
2	1	828	12	828	27	1	0,12,17,25	0,15,23,24	0,7,14,22
2	1	828	12	828	27	1	0,12,17,25	0,15,23,24	7,8,14,22
2	1	828	12	828	27	1	0,12,17,25	13,15,23,24	0,7,8,14
2	1	828	12	828	27	1	0,12,21,25	0,13,15,24	0,7,14,22
2	1	828	12	828	27	1	0,12,21,25	0,13,15,24	7,8,14,22
2	1	828	12	828	27	1	0,12,21,25	0,13,23,24	0,7,8,22
2	1	828	12	828	27	1	0,12,21,25	0,13,23,24	0,7,14,22
2	1	828	12	828	27	1	0,12,21,25	0,15,23,24	0,8,14,22
2	1	828	12	828	27	1	0,12,21,25	13,15,23,24	0,7,8,22
2	1	828	12	828	27	1	0,17,21,25	0,13,15,23	0,7,8,14
2	1	828	12	828	27	1	0,17,21,25	0,13,15,24	7,8,14,22
2	1	828	12	828	27	1	0,17,21,25	0,13,23,24	0,7,8,14
2	1	828	12	828	27	1	0,17,21,25	0,15,23,24	0,7,8,22
2	1	828	12	828	27	1	0,17,21,25	0,15,23,24	0,8,14,22
2	1	828	12	828	27	1	12,17,21,25	0,13,15,23	0,7,14,22
2	1	828	12	828	27	1	12,17,21,25	0,13,15,24	0,7,8,22
2	1	828	12	828	27	1	12,17,21,25	0,15,23,24	0,7,8,14
2	1	828	12	828	27	1	12,17,21,25	0,15,23,24	0,7,8,22
2	1	828	12	828	27	1	12,17,21,25	13,15,23,24	0,8,14,22
2	1	828	12	828	27	2	0,12,17,21	0,13,15,23	0,7,8,14
2	1	828	12	828	27	2	0,12,17,21	0,13,15,23	0,8,14,22
2	1	828	12	828	27	2	0,12,17,21	0,13,15,24	0,7,14,22
2	1	828	12	828	27	2	0,12,17,21	0,15,23,24	0,8,14,22
2	1	828	12	828	27	2	0,12,17,21	0,15,23,24	7,8,14,22
2	1	828	12	828	27	2	0,12,17,21	13,15,23,24	0,7,8,14
2	1	828	12	828	27	2	0,12,17,25	0,13,15,23	0,7,8,22
2	1	828	12	828	27	2	0,12,17,25	0,13,15,24	0,7,8,14
2	1	828	12	828	27	2	0,12,17,25	0,13,15,24	0,7,14,22
2	1	828	12	828	27	2	0,12,17,25	0,13,23,24	0,7,8,22
2	1	828	12	828	27	2	0,12,17,25	0,15,23,24	7,8,14,22
2	1	828	12	828	27	2	0,12,21,25	0,13,15,23	0,8,14,22
2	1	828	12	828	27	2	0,12,21,25	0,13,15,24	0,7,8,14
2	1	828	12	828	27	2	0,12,21,25	0,13,15,24	0,8,14,22
2	1	828	12	828	27	2	0,12,21,25	0,13,15,24	7,8,14,22
2	1	828	12	828	27	2	0,12,21,25	0,13,23,24	0,7,8,14
2	1	828	12	828	27	2	0,12,21,25	13,15,23,24	0,7,8,14
2	1	828	12	828	27	2	0,17,21,25	0,13,15,23	0,7,14,22
2	1	828	12	828	27	2	0,17,21,25	0,13,15,23	0,8,14,22
2	1	828	12	828	27	2	0,17,21,25	0,13,15,24	0,8,14,22
2	1	828	12	828	27	2	0,17,21,25	0,13,15,24	7,8,14,22
2	1	828	12	828	27	2	0,17,21,25	0,15,23,24	0,8,14,22
2	1	828	12	828	27	2	0,17,21,25	13,15,23,24	0,7,8,22
2	1	828	12	828	27	2	12,17,21,25	0,13,15,24	0,7,8,14
2	1	828	12	828	27	2	12,17,21,25	0,13,15,24	0,7,8,22
2	1	828	12	828	27	2	12,17,21,25	0,13,23,24	0,8,14,22
2	1	828	12	828	27	2	12,17,21,25	0,15,23,24	0,7,8,14
2	1	828	12	828	27	2	12,17,21,25	13,15,23,24	0,7,14,22
3	0	828	12	828	27	9	0,7,8,13	0,4,5,17	0,12,16,26
3	0	828	12	828	27	9	0,7,8,13	0,4,5,17	12,16,21,26
3	0	828	12	828	27	9	0,7,8,13	0,4,5,25	0,16,21,26
3	0	828	12	828	27	9	0,7,8,13	0,4,17,25	0,12,16,21
3	0	828	12	828	27	9	0,7,8,13	0,4,17,25	0,12,16,26
3	0	828	12	828	27	9	0,7,8,13	4,5,17,25	0,12,16,21
3	0	828	12	828	27	9	0,7,8,23	0,4,5,25	0,12,16,21
3	0	828	12	828	27	9	0,7,8,23	0,4,5,25	0,12,16,26
3	0	828	12	828	27	9	0,7,8,23	0,4,5,25	12,16,21,26
3	0	828	12	828	27	9	0,7,8,23	0,4,17,25	0,12,16,26
3	0	828	12	828	27	9	0,7,8,23	0,5,17,25	0,12,16,21
3	0	828	12	828	27	9	0,7,8,23	4,5,17,25	0,12,16,21
3	0	828	12	828	27	9	0,7,13,23	0,4,5,17	12,16,21,26
3	0	828	12	828	27	9	0,7,13,23	0,4,5,25	0,12,16,21
3	0	828	12	828	27	9	0,7,13,23	0,4,5,25	0,16,21,26
3	0	828	12	828	27	9	0,7,13,23	0,4,17,25	0,12,21,26
3	0	828	12	828	27	9	0,7,13,23	0,5,17,25	0,12,21,26
3	0	828	12	828	27	9	0,8,13,23	0,4,5,17	0,12,16,26
3	0	828	12	828	27	9	0,8,13,23	0,4,5,25	0,12,16,26
3	0	828	12	828	27	9	0,8,13,23	0,4,5,25	12,16,21,26
3	0	828	12	828	27	9	0,8,13,23	0,4,17,25	0,12,16,26
3	0	828	12	828	27	9	0,8,13,23	0,4,17,25	0,16,21,26
3	0	828	12	828	27	9	0,8,13,23	4,5,17,25	0,12,21,26
3	0	828	12	828	27	9	7,8,13,23	0,4,5,17	0,12,16,21
3	0	828	12	828	27	9	7,8,13,23	0,4,5,25	0,12,16,21
3	0	828	12	828	27	9	7,8,13,23	0,4,5,25	0,12,21,26
3	0	828	12	828	27	9	7,8,13,23	0,5,17,25	0,12,16,26
3	0	828	12	828	27	9	7,8,13,23	4,5,17,25	0,16,21,26
3	0	828	12	828	27	18	0,7,8,13	0,4,5,17	0,12,21,26
3	0	828	12	828	27	18	0,7,8,13	0,4,5,17	0,16,21,26
3	0	828	12	828	27	18	0,7,8,13	0,4,5,17	12,16,21,26
3	0	828	12	828	27	18	0,7,8,13	0,4,17,25	0,12,21,26
3	0	828	12	828	27	18	0,7,8,13	0,5,17,25	0,16,21,26
3	0	828	12	828	27	18	0,7,8,13	4,5,17,25	0,12,21,26
3	0	828	12	828	27	18	0,7,8,23	0,4,5,17	0,12,16,26
3	0	828	12	828	27	18	0,7,8,23	0,4,5,25	0,16,21,26
3	0	828	12	828	27	18	0,7,8,23	0,4,5,25	12,16,21,26
3	0	828	12	828	27	18	0,7,8,23	0,5,17,25	0,12,21,26
3	0	828	12	828	27	18	0,7,8,23	0,5,17,25	0,16,21,26
3	0	828	12	828	27	18	0,7,8,23	4,5,17,25	0,12,21,26
3	0	828	12	828	27	18	0,7,13,23	0,4,5,17	0,16,21,26
3	0	828	12	828	27	18	0,7,13,23	0,4,5,17	12,16,21,26
3	0	828	12	828	27	18	0,7,13,23	0,4,5,25	0,16,21,26
3	0	828	12	828	27	18	0,7,13,23	0,5,17,25	0,12,16,26
3	0	828	12	828	27	18	0,7,13,23	0,5,17,25	0,16,21,26
3	0	828	12	828	27	18	0,7,13,23	4,5,17,25	0,12,16,21
3	0	828	12	828	27	18	0,8,13,23	0,4,5,17	0,12,16,26
3	0	828	12	828	27	18	0,8,13,23	0,4,5,17	0,12,21,26
3	0	828	12	828	27	18	0,8,13,23	0,4,5,25	12,16,21,26
3	0	828	12	828	27	18	0,8,13,23	0,4,17,25	0,12,16,21
3	0	828	12	828	27	18	0,8,13,23	0,5,17,25	0,12,16,21
3	0	828	12	828	27	18	7,8,13,23	0,4,5,17	0,12,16,21
3	0	828	12	828	27	18	7,8,13,23	0,4,5,17	0,12,21,26
3	0	828	12	828	27	18	7,8,13,23	0,4,5,25	0,12,21,26
3	0	828	12	828	27	18	7,8,13,23	0,4,17,25	0,16,21,26
3	0	828	12	828	27	18	7,8,13,23	4,5,17,25	0,12,16,26
3	1	828	12	828	27	9	0,7,8,13	0,4,5,17	0,12,16,26
3	1	828	12	828	27	9	0,7,8,13	0,4,5,17	12,16,21,26
3	1	828	12	828	27	9	0,7,8,13	0,4,5,25	0,16,21,26
3	1	828	12	828	27	9	0,7,8,13	0,4,17,25	0,12,16,21
3	1	828	12	828	27	9	0,7,8,13	0,4,17,25	0,12,16,26
3	1	828	12	828	27	9	0,7,8,13	4,5,17,25	0,12,16,21
3	1	828	12	828	27	9	0,7,8,23	0,4,5,25	0,12,16,21
3	1	828	12	828	27	9	0,7,8,23	0,4,5,25	0,12,16,26
3	1	828	12	828	27	9	0,7,8,23	0,4,5,25	12,16,21,26
3	1	828	12	828	27	9	0,7,8,23	0,4,17,25	0,12,16,26
3	1	828	12	828	27	9	0,7,8,23	0,5,17,25	0,12,16,21
3	1	828	12	828	27	9	0,7,8,23	4,5,17,25	0,12,16,21
3	1	828	12	828	27	9	0,7,13,23	0,4,5,17	12,16,21,26
3	1	828	12	828	27	9	0,7,13,23	0,4,5,25	0,12,16,21
3	1	828	12	828	27	9	0,7,13,23	0,4,5,25	0,16,21,26
3	1	828	12	828	27	9	0,7,13,23	0,4,17,25	0,12,21,26
3	1	828	12	828	27	9	0,7,13,23	0,5,17,25	0,12,21,26
3	1	828	12	828	27	9	0,8,13,23	0,4,5,17	0,12,16,26
3	1	828	12	828	27	9	0,8,13,23	0,4,5,25	0,12,16,26
3	1	828	12	828	27	9	0,8,13,23	0,4,5,25	12,16,21,26
3	1	828	12	828	27	9	0,8,13,23	0,4,17,25	0,12,16,26
3	1	828	12	828	27	9	0,8,13,23	0,4,17,25	0,16,21,26
3	1	828	12	828	27	9	0,8,13,23	4,5,17,25	0,12,21,26
3	1	828	12	828	27	9	7,8,13,23	0,4,5,17	0,12,16,21
3	1	828	12	828	27	9	7,8,13,23	0,4,5,25	0,12,16,21
3	1	828	12	828	27	9	7,8,13,23	0,4,5,25	0,12,21,26
3	1	828	12	828	27	9	7,8,13,23	0,5,17,25	0,12,16,26
3	1	828	12	828	27	9	7,8,13,23	4,5,17,25	0,16,21,26
3	1	828	12	828	27	18	0,7,8,13	0,4,5,17	0,12,21,26
3	1	828	12	828	27	18	0,7,8,13	0,4,5,17	0,16,21,26
3	1	828	12	828	27	18	0,7,8,13	0,4,5,17	12,16,21,26
3	1	828	12	828	27	18	0,7,8,13	0,4,17,25	0,12,21,26
3	1	828	12	828	27	18	0,7,8,13	0,5,17,25	0,16,21,26
3	1	828	12	828	27	18	0,7,8,13	4,5,17,25	0,12,21,26
3	1	828	12	828	27	18	0,7,8,23	0,4,5,17	0,12,16,26
3	1	828	12	828	27	18	0,7,8,23	0,4,5,25	0,16,21,26
3	1	828	12	828	27	18	0,7,8,23	0,4,5,25	12,16,21,26
3	1	828	12	828	27	18	0,7,8,23	0,5,17,25	0,12,21,26
3	1	828	12	828	27	18	0,7,8,23	0,5,17,25	0,16,21,26
3	1	828	12	828	27	18	0,7,8,23	4,5,17,25	0,12,21,26
3	1	828	12	828	27	18	0,7,13,23	0,4,5,17	0,16,21,26
3	1	828	12	828	27	18	0,7,13,23	0,4,5,17	12,16,21,26
3	1	828	12	828	27	18	0,7,13,23	0,4,5,25	0,16,21,26
3	1	828	12	828	27	18	0,7,13,23	0,5,17,25	0,12,16,26
3	1	828	12	828	27	18	0,7,13,23	0,5,17,25	0,16,21,26
3	1	828	12	828	27	18	0,7,13,23	4,5,17,25	0,12,16,21
3	1	828	12	828	27	18	0,8,13,23	0,4,5,17	0,12,16,26
3	1	828	12	828	27	18	0,8,13,23	0,4,5,17	0,12,21,26
3	1	828	12	828	27	18	0,8,13,23	0,4,5,25	12,16,21,26
3	1	828	12	828	27	18	0,8,13,23	0,4,17,25	0,12,16,21
3	1	828	12	828	27	18	0,8,13,23	0,5,17,25	0,12,16,21
3	1	828	12	828	27	18	7,8,13,23	0,4,5,17	0,12,16,21
3	1	828	12	828	27	18	7,8,13,23	0,4,5,17	0,12,21,26
3	1	828	12	828	27	18	7,8,13,23	0,4,5,25	0,12,21,26
3	1	828	12	828	27	18	7,8,13,23	0,4,17,25	0,16,21,26
3	1	828	12	828	27	18	7,8,13,23	4,5,17,25	0,12,16,26
0	0	828	27	828	12	1	0,13,15,23	0,12,17,21	0,7,8,22
0	0	828	27	828	12	1	0,13,15,23	0,17,21,25	0,7,8,14
0	0	828	27	828	12	1	0,13,15,23	12,17,21,25	0,7,14,22
0	0	828	27	828	12	1	0,13,15,24	0,12,17,25	0,7,14,22
0	0	828	27	828	12	1	0,13,15,24	0,12,21,25	0,7,14,22
0	0	828	27	828	12	1	0,13,15,24	0,12,21,25	7,8,14,22
0	0	828	27	828	12	1	0,13,15,24	0,17,21,25	7,8,14,22
0	0	828	27	828	12	1	0,13,15,24	12,17,21,25	0,7,8,22
0	0	828	27	828	12	1	0,13,23,24	0,12,17,21	0,7,14,22
0	0	828	27	828	12	1	0,13,23,24	0,12,17,25	0,7,14,22
0	0	828	27	828	12	1	0,13,23,24	0,12,17,25	0,8,14,22
0	0	828	27	828	12	1	0,13,23,24	0,12,21,25	0,7,8,22
0	0	828	27	828	12	1	0,13,23,24	0,12,21,25	0,7,14,22
0	0	828	27	828	12	1	0,13,23,24	0,17,21,25	0,7,8,14
0	0	828	27	828	12	1	0,15,23,24	0,12,17,21	0,7,8,22
0	0	828	27	828	12	1	0,15,23,24	0,12,17,21	0,7,14,22
0	0	828	27	828	12	1	0,15,23,24	0,12,17,21	7,8,14,22
0	0	828	27	828	12	1	0,15,23,24	0,12,17,25	0,7,14,22
0	0	828	27	828	12	1	0,15,23,24	0,12,17,25	7,8,14,22
0	0	828	27	828	12	1	0,15,23,24	0,12,21,25	0,8,14,22
0	0	828	27	828	12	1	0,15,23,24	0,17,21,25	0,7,8,22
0	0	828	27	828	12	1	0,15,23,24	0,17,21,25	0,8,14,22
0	0	828	27	828	12	1	0,15,23,24	12,17,21,25	0,7,8,14
0	0	828	27	828	12	1	0,15,23,24	12,17,21,25	0,7,8,22
0	0	828	27	828	12	1	13,15,23,24	0,12,17,21	0,7,8,22
0	0	828	27	828	12	1	13,15,23,24	0,12,17,25	0,7,8,14
0	0	828	27	828	12	1	13,15,23,24	0,12,21,25	0,7,8,22
0	0	828	27	828	12	1	13,15,23,24	12,17,21,25	0,8,14,22
0	0	828	27	828	12	2	0,13,15,23	0,12,17,21	0,7,8,14
0	0	828	27	828	12	2	0,13,15,23	0,12,17,21	0,8,14,22
0	0	828	27	828	12	2	0,13,15,23	0,12,17,25	0,7,8,22
0	0	828	27	828	12	2	0,13,15,23	0,12,21,25	0,8,14,22
0	0	828	27	828	12	2	0,13,15,23	0,17,21,25	0,7,14,22
0	0	828	27	828	12	2	0,13,15,23	0,17,21,25	0,8,14,22
0	0	828	27	828	12	2	0,13,15,24	0,12,17,21	0,7,14,22
0	0	828	27	828	12	2	0,13,15,24	0,12,17,25	0,7,8,14
0	0	828	27	828	12	2	0,13,15,24	0,12,17,25	0,7,14,22
0	0	828	27	828	12	2	0,13,15,24	0,12,21,25	0,7,8,14
0	0	828	27	828	12	2	0,13,15,24	0,12,21,25	0,8,14,22
0	0	828	27	828	12	2	0,13,15,24	0,12,21,25	7,8,14,22
0	0	828	27	828	12	2	0,13,15,24	0,17,21,25	0,8,14,22
0	0	828	27	828	12	2	0,13,15,24	0,17,21,25	7,8,14,22
0	0	828	27	828	12	2	0,13,15,24	12,17,21,25	0,7,8,14
0	0	828	27	828	12	2	0,13,15,24	12,17,21,25	0,7,8,22
0	0	828	27	828	12	2	0,13,23,24	0,12,17,25	0,7,8,22
0	0	828	27	828	12	2	0,13,23,24	0,12,21,25	0,7,8,14
0	0	828	27	828	12	2	0,13,23,24	12,17,21,25	0,8,14,22
0	0	828	27	828	12	2	0,15,23,24	0,12,17,21	0,8,14,22
0	0	828	27	828	12	2	0,15,23,24	0,12,17,21	7,8,14,22
0	0	828	27	828	12	2	0,15,23,24	0,12,17,25	7,8,14,22
0	0	828	27	828	12	2	0,15,23,24	0,17,21,25	0,8,14,22
0	0	828	27	828	12	2	0,15,23,24	12,17,21,25	0,7,8,14
0	0	828	27	828	12	2	13,15,23,24	0,12,17,21	0,7,8,14
0	0	828	27	828	12	2	13,15,23,24	0,12,21,25	0,7,8,14
0	0	828	27	828	12	2	13,15,23,24	0,17,21,25	0,7,8,22
0	0	828	27	828	12	2	13,15,23,24	12,17,21,25	0,7,14,22
0	1	828	27	828	12	9	0,7,8,13	0,4,5,17	0,14,15,22
0	1	828	27	828	12	9	0,7,8,13	0,4,5,17	14,15,22,24
0	1	828	27	828	12	9	0,7,8,13	0,4,17,25	0,14,15,22
0	1	828	27	828	12	9	0,7,8,13	0,5,17,25	14,15,22,24
0	1	828	27	828	12	9	0,7,8,13	4,5,17,25	0,14,15,24
0	1	828	27	828	12	9	0,7,8,23	0,4,5,17	0,14,22,24
0	1	828	27	828	12	9	0,7,8,23	0,4,5,25	0,14,15,22
0	1	828	27	828	12	9	0,7,8,23	0,4,5,25	0,14,15,24
0	1	828	27	828	12	9	0,7,8,23	0,4,5,25	14,15,22,24
0	1	828	27	828	12	9	0,7,8,23	0,4,17,25	0,14,15,22
0	1	828	27	828	12	9	0,7,8,23	0,4,17,25	14,15,22,24
0	1	828	27	828	12	9	0,7,8,23	0,5,17,25	0,14,15,24
0	1	828	27	828	12	9	0,7,8,23	0,5,17,25	0,14,22,24
0	1	828	27	828	12	9	0,7,8,23	4,5,17,25	0,14,15,24
0	1	828	27	828	12	9	0,7,8,23	4,5,17,25	0,15,22,24
0	1	828	27	828	12	9	0,7,13,23	0,4,5,25	0,14,15,24
0	1	828	27	828	12	9	0,7,13,23	0,5,17,25	0,15,22,24
0	1	828	27	828	12	9	0,7,13,23	4,5,17,25	0,14,15,22
0	1	828	27	828	12	9	0,8,13,23	0,4,5,17	0,14,15,22
0	1	828	27	828	12	9	0,8,13,23	0,4,5,17	0,14,15,24
0	1	828	27	828	12	9	0,8,13,23	0,4,5,25	0,14,15,22
0	1	828	27	828	12	9	0,8,13,23	0,4,17,25	0,14,15,22
0	1	828	27	828	12	9	0,8,13,23	0,4,17,25	0,14,22,24
0	1	828	27	828	12	9	0,8,13,23	0,5,17,25	0,15,22,24
0	1	828	27	828	12	9	7,8,13,23	0,4,5,17	0,14,15,24
0	1	828	27	828	12	9	7,8,13,23	0,4,5,25	0,14,15,24
0	1	828	27	828	12	9	7,8,13,23	0,4,17,25	0,15,22,24
0	1	828	27	828	12	9	7,8,13,23	4,5,17,25	0,14,22,24
0	1	828	27	828	12	18	0,7,8,13	0,4,5,17	0,14,22,24
0	1	828	27	828	12	18	0,7,8,13	0,4,5,17	0,15,22,24
0	1	828	27	828	12	18	0,7,8,13	0,4,5,17	14,15,22,24
0	1	828	27	828	12	18	0,7,8,13	0,4,5,25	0,14,15,22
0	1	828	27	828	12	18	0,7,8,13	0,4,17,25	0,14,15,22
0	1	828	27	828	12	18	0,7,8,13	0,4,17,25	0,15,22,24
0	1	828	27	828	12	18	0,7,8,13	0,5,17,25	0,14,22,24
0	1	828	27	828	12	18	0,7,8,13	0,5,17,25	14,15,22,24
0	1	828	27	828	12	18	0,7,8,13	4,5,17,25	0,14,15,24
0	1	828	27	828	12	18	0,7,8,13	4,5,17,25	0,15,22,24
0	1	828	27	828	12	18	0,7,8,23	0,4,5,25	0,14,22,24
0	1	828	27	828	12	18	0,7,8,23	0,4,5,25	14,15,22,24
0	1	828	27	828	12	18	0,7,8,23	0,4,17,25	14,15,22,24
0	1	828	27	828	12	18	0,7,8,23	0,5,17,25	0,14,22,24
0	1	828	27	828	12	18	0,7,8,23	4,5,17,25	0,15,22,24
0	1	828	27	828	12	18	0,7,13,23	0,4,5,17	0,14,22,24
0	1	828	27	828	12	18	0,7,13,23	0,4,5,25	0,14,22,24
0	1	828	27	828	12	18	0,7,13,23	0,4,5,25	0,15,22,24
0	1	828	27	828	12	18	0,7,13,23	0,4,17,25	0,14,15,24
0	1	828	27	828	12	18	0,7,13,23	0,5,17,25	0,14,15,22
0	1	828	27	828	12	18	0,7,13,23	0,5,17,25	0,14,22,24
0	1	828	27	828	12	18	0,8,13,23	0,4,5,17	0,15,22,24
0	1	828	27	828	12	18	0,8,13,23	0,4,17,25	0,14,15,24
0	1	828	27	828	12	18	0,8,13,23	4,5,17,25	0,14,22,24
0	1	828	27	828	12	18	7,8,13,23	0,4,5,17	0,15,22,24
0	1	828	27	828	12	18	7,8,13,23	0,4,5,25	0,15,22,24
0	1	828	27	828	12	18	7,8,13,23	0,5,17,25	0,14,15,24
0	1	828	27	828	12	18	7,8,13,23	4,5,17,25	0,14,15,22
1	0	828	27	828	12	1	0,13,15,23	0,12,17,21	0,7,8,22
1	0	828	27	828	12	1	0,13,15,23	0,17,21,25	0,7,8,14
1	0	828	27	828	12	1	0,13,15,23	12,17,21,25	0,7,14,22
1	0	828	27	828	12	1	0,13,15,24	0,12,17,25	0,7,14,22
1	0	828	27	828	12	1	0,13,15,24	0,12,21,25	0,7,14,22
1	0	828	27	828	12	1	0,13,15,24	0,12,21,25	7,8,14,22
1	0	828	27	828	12	1	0,13,15,24	0,17,21,25	7,8,14,22
1	0	828	27	828	12	1	0,13,15,24	12,17,21,25	0,7,8,22
1	0	828	27	828	12	1	0,13,23,24	0,12,17,21	0,7,14,22
1	0	828	27	828	12	1	0,13,23,24	0,12,17,25	0,7,14,22
1	0	828	27	828	12	1	0,13,23,24	0,12,17,25	0,8,14,22
1	0	828	27	828	12	1	0,13,23,24	0,12,21,25	0,7,8,22
1	0	828	27	828	12	1	0,13,23,24	0,12,21,25	0,7,14,22
1	0	828	27	828	12	1	0,13,23,24	0,17,21,25	0,7,8,14
1	0	828	27	828	12	1	0,15,23,24	0,12,17,21	0,7,8,22
1	0	828	27	828	12	1	0,15,23,24	0,12,17,21	0,7,14,22
1	0	828	27	828	12	1	0,15,23,24	0,12,17,21	7,8,14,22
1	0	828	27	828	12	1	0,15,23,24	0,12,17,25	0,7,14,22
1	0	828	27	828	12	1	0,15,23,24	0,12,17,25	7,8,14,22
1	0	828	27	828	12	1	0,15,23,24	0,12,21,25	0,8,14,22
1	0	828	27	828	12	1	0,15,23,24	0,17,21,25	0,7,8,22
1	0	828	27	828	12	1	0,15,23,24	0,17,21,25	0,8,14,22
1	0	828	27	828	12	1	0,15,23,24	12,17,21,25	0,7,8,14
1	0	828	27	828	12	1	0,15,23,24	12,17,21,25	0,7,8,22
1	0	828	27	828	12	1	13,15,23,24	0,12,17,21	0,7,8,22
1	0	828	27	828	12	1	13,15,23,24	0,12,17,25	0,7,8,14
1	0	828	27	828	12	1	13,15,23,24	0,12,21,25	0,7,8,22
1	0	828	27	828	12	1	13,15,23,24	12,17,21,25	0,8,14,22
1	0	828	27	828	12	2	0,13,15,23	0,12,17,21	0,7,8,14
1	0	828	27	828	12	2	0,13,15,23	0,12,17,21	0,8,14,22
1	0	828	27	828	12	2	0,13,15,23	0,12,17,25	0,7,8,22
1	0	828	27	828	12	2	0,13,15,23	0,12,21,25	0,8,14,22
1	0	828	27	828	12	2	0,13,15,23	0,17,21,25	0,7,14,22
1	0	828	27	828	12	2	0,13,15,23	0,17,21,25	0,8,14,22
1	0	828	27	828	12	2	0,13,15,24	0,12,17,21	0,7,14,22
1	0	828	27	828	12	2	0,13,15,24	0,12,17,25	0,7,8,14
1	0	828	27	828	12	2	0,13,15,24	0,12,17,25	0,7,14,22
1	0	828	27	828	12	2	0,13,15,24	0,12,21,25	0,7,8,14
1	0	828	27	828	12	2	0,13,15,24	0,12,21,25	0,8,14,22
1	0	828	27	828	12	2	0,13,15,24	0,12,21,25	7,8,14,22
1	0	828	27	828	12	2	0,13,15,24	0,17,21,25	0,8,14,22
1	0	828	27	828	12	2	0,13,15,24	0,17,21,25	7,8,14,22
1	0	828	27	828	12	2	0,13,15,24	12,17,21,25	0,7,8,14
1	0	828	27	828	12	2	0,13,15,24	12,17,21,25	0,7,8,22
1	0	828	27	828	12	2	0,13,23,24	0,12,17,25	0,7,8,22
1	0	828	27	828	12	2	0,13,23,24	0,12,21,25	0,7,8,14
1	0	828	27	828	12	2	0,13,23,24	12,17,21,25	0,8,14,22
1	0	828	27	828	12	2	0,15,23,24	0,12,17,21	0,8,14,22
1	0	828	27	828	12	2	0,15,23,24	0,12,17,21	7,8,14,22
1	0	828	27	828	12	2	0,15,23,24	0,12,17,25	7,8,14,22
1	0	828	27	828	12	2	0,15,23,24	0,17,21,25	0,8,14,22
1	0	828	27	828	12	2	0,15,23,24	12,17,21,25	0,7,8,14
1	0	828	27	828	12	2	13,15,23,24	0,12,17,21	0,7,8,14
1	0	828	27	828	12	2	13,15,23,24	0,12,21,25	0,7,8,14
1	0	828	27	828	12	2	13,15,23,24	0,17,21,25	0,7,8,22
1	0	828	27	828	12	2	13,15,23,24	12,17,21,25	0,7,14,22
1	1	828	27	828	12	9	0,7,8,13	0,4,5,17	0,14,15,22
1	1	828	27	828	12	9	0,7,8,13	0,4,5,17	14,15,22,24
1	1	828	27	828	12	9	0,7,8,13	0,4,17,25	0,14,15,22
1	1	828	27	828	12	9	0,7,8,13	0,5,17,25	14,15,22,24
1	1	828	27	828	12	9	0,7,8,13	4,5,17,25	0,14,15,24
1	1	828	27	828	12	9	0,7,8,23	0,4,5,17	0,14,22,24
1	1	828	27	828	12	9	0,7,8,23	0,4,5,25	0,14,15,22
1	1	828	27	828	12	9	0,7,8,23	0,4,5,25	0,14,15,24
1	1	828	27	828	12	9	0,7,8,23	0,4,5,25	14,15,22,24
1	1	828	27	828	12	9	0,7,8,23	0,4,17,25	0,14,15,22
1	1	828	27	828	12	9	0,7,8,23	0,4,17,25	14,15,22,24
1	1	828	27	828	12	9	0,7,8,23	0,5,17,25	0,14,15,24
1	1	828	27	828	12	9	0,7,8,23	0,5,17,25	0,14,22,24
1	1	828	27	828	12	9	0,7,8,23	4,5,17,25	0,14,15,24
1	1	828	27	828	12	9	0,7,8,23	4,5,17,25	0,15,22,24
1	1	828	27	828	12	9	0,7,13,23	0,4,5,25	0,14,15,24
1	1	828	27	828	12	9	0,7,13,23	0,5,17,25	0,15,22,24
1	1	828	27	828	12	9	0,7,13,23	4,5,17,25	0,14,15,22
1	1	828	27	828	12	9	0,8,13,23	0,4,5,17	0,14,15,22
1	1	828	27	828	12	9	0,8,13,23	0,4,5,17	0,14,15,24
1	1	828	27	828	12	9	0,8,13,23	0,4,5,25	0,14,15,22
1	1	828	27	828	12	9	0,8,13,23	0,4,17,25	0,14,15,22
1	1	828	27	828	12	9	0,8,13,23	0,4,17,25	0,14,22,24
1	1	828	27	828	12	9	0,8,13,23	0,5,17,25	0,15,22,24
1	1	828	27	828	12	9	7,8,13,23	0,4,5,17	0,14,15,24
1	1	828	27	828	12	9	7,8,13,23	0,4,5,25	0,14,15,24
1	1	828	27	828	12	9	7,8,13,23	0,4,17,25	0,15,22,24
1	1	828	27	828	12	9	7,8,13,23	4,5,17,25	0,14,22,24
1	1	828	27	828	12	18	0,7,8,13	0,4,5,17	0,14,22,24
1	1	828	27	828	12	18	0,7,8,13	0,4,5,17	0,15,22,24
1	1	828	27	828	12	18	0,7,8,13	0,4,5,17	14,15,22,24
1	1	828	27	828	12	18	0,7,8,13	0,4,5,25	0,14,15,22
1	1	828	27	828	12	18	0,7,8,13	0,4,17,25	0,14,15,22
1	1	828	27	828	12	18	0,7,8,13	0,4,17,25	0,15,22,24
1	1	828	27	828	12	18	0,7,8,13	0,5,17,25	0,14,22,24
1	1	828	27	828	12	18	0,7,8,13	0,5,17,25	14,15,22,24
1	1	828	27	828	12	18	0,7,8,13	4,5,17,25	0,14,15,24
1	1	828	27	828	12	18	0,7,8,13	4,5,17,25	0,15,22,24
1	1	828	27	828	12	18	0,7,8,23	0,4,5,25	0,14,22,24
1	1	828	27	828	12	18	0,7,8,23	0,4,5,25	14,15,22,24
1	1	828	27	828	12	18	0,7,8,23	0,4,17,25	14,15,22,24
1	1	828	27	828	12	18	0,7,8,23	0,5,17,25	0,14,22,24
1	1	828	27	828	12	18	0,7,8,23	4,5,17,25	0,15,22,24
1	1	828	27	828	12	18	0,7,13,23	0,4,5,17	0,14,22,24
1	1	828	27	828	12	18	0,7,13,23	0,4,5,25	0,14,22,24
1	1	828	27	828	12	18	0,7,13,23	0,4,5,25	0,15,22,24
1	1	828	27	828	12	18	0,7,13,23	0,4,17,25	0,14,15,24
1	1	828	27	828	12	18	0,7,13,23	0,5,17,25	0,14,15,22
1	1	828	27	828	12	18	0,7,13,23	0,5,17,25	0,14,22,24
1	1	828	27	828	12	18	0,8,13,23	0,4,5,17	0,15,22,24
1	1	828	27	828	12	18	0,8,13,23	0,4,17,25	0,14,15,24
1	1	828	27	828	12	18	0,8,13,23	4,5,17,25	0,14,22,24
1	1	828	27	828	12	18	7,8,13,23	0,4,5,17	0,15,22,24
1	1	828	27	828	12	18	7,8,13,23	0,4,5,25	0,15,22,24
1	1	828	27	828	12	18	7,8,13,23	0,5,17,25	0,14,15,24
1	1	828	27	828	12	18	7,8,13,23	4,5,17,25	0,14,15,22
2	0	828	27	828	12	1	0,13,15,23	0,12,17,21	0,7,8,22
2	0	828	27	828	12	1	0,13,15,23	0,17,21,25	0,7,8,14
2	0	828	27	828	12	1	0,13,15,23	12,17,21,25	0,7,14,22
2	0	828	27	828	12	1	0,13,15,24	0,12,17,25	0,7,14,22
2	0	828	27	828	12	1	0,13,15,24	0,12,21,25	0,7,14,22
2	0	828	27	828	12	1	0,13,15,24	0,12,21,25	7,8,14,22
2	0	828	27	828	12	1	0,13,15,24	0,17,21,25	7,8,14,22
2	0	828	27	828	12	1	0,13,15,24	12,17,21,25	0,7,8,22
2	0	828	27	828	12	1	0,13,23,24	0,12,17,21	0,7,14,22
2	0	828	27	828	12	1	0,13,23,24	0,12,17,25	0,7,14,22
2	0	828	27	828	12	1	0,13,23,24	0,12,17,25	0,8,14,22
2	0	828	27	828	12	1	0,13,23,24	0,12,21,25	0,7,8,22
2	0	828	27	828	12	1	0,13,23,24	0,12,21,25	0,7,14,22
2	0	828	27	828	12	1	0,13,23,24	0,17,21,25	0,7,8,14
2	0	828	27	828	12	1	0,15,23,24	0,12,17,21	0,7,8,22
2	0	828	27	828	12	1	0,15,23,24	0,12,17,21	0,7,14,22
2	0	828	27	828	12	1	0,15,23,24	0,12,17,21	7,8,14,22
2	0	828	27	828	12	1	0,15,23,24	0,12,17,25	0,7,14,22
2	0	828	27	828	12	1	0,15,23,24	0,12,17,25	7,8,14,22
2	0	828	27	828	12	1	0,15,23,24	0,12,21,25	0,8,14,22
2	0	828	27	828	12	1	0,15,23,24	0,17,21,25	0,7,8,22
2	0	828	27	828	12	1	0,15,23,24	0,17,21,25	0,8,14,22
2	0	828	27	828	12	1	0,15,23,24	12,17,21,25	0,7,8,14
2	0	828	27	828	12	1	0,15,23,24	12,17,21,25	0,7,8,22
2	0	828	27	828	12	1	13,15,23,24	0,12,17,21	0,7,8,22
2	0	828	27	828	12	1	13,15,23,24	0,12,17,25	0,7,8,14
2	0	828	27	828	12	1	13,15,23,24	0,12,21,25	0,7,8,22
2	0	828	27	828	12	1	13,15,23,24	12,17,21,25	0,8,14,22
2	0	828	27	828	12	2	0,13,15,23	0,12,17,21	0,7,8,14
2	0	828	27	828	12	2	0,13,15,23	0,12,17,21	0,8,14,22
2	0	828	27	828	12	2	0,13,15,23	0,12,17,25	0,7,8,22
2	0	828	27	828	12	2	0,13,15,23	0,12,21,25	0,8,14,22
2	0	828	27	828	12	2	0,13,15,23	0,17,21,25	0,7,14,22
2	0	828	27	828	12	2	0,13,15,23	0,17,21,25	0,8,14,22
2	0	828	27	828	12	2	0,13,15,24	0,12,17,21	0,7,14,22
2	0	828	27	828	12	2	0,13,15,24	0,12,17,25	0,7,8,14
2	0	828	27	828	12	2	0,13,15,24	0,12,17,25	0,7,14,22
2	0	828	27	828	12	2	0,13,15,24	0,12,21,25	0,7,8,14
2	0	828	27	828	12	2	0,13,15,24	0,12,21,25	0,8,14,22
2	0	828	27	828	12	2	0,13,15,24	0,12,21,25	7,8,14,22
2	0	828	27	828	12	2	0,13,15,24	0,17,21,25	0,8,14,22
2	0	828	27	828	12	2	0,13,15,24	0,17,21,25	7,8,14,22
2	0	828	27	828	12	2	0,13,15,24	12,17,21,25	0,7,8,14
2	0	828	27	828	12	2	0,13,15,24	12,17,21,25	0,7,8,22
2	0	828	27	828	12	2	0,13,23,24	0,12,17,25	0,7,8,22
2	0	828	27	828	12	2	0,13,23,24	0,12,21,25	0,7,8,14
2	0	828	27	828	12	2	0,13,23,24	12,17,21,25	0,8,14,22
2	0	828	27	828	12	2	0,15,23,24	0,12,17,21	0,8,14,22
2	0	828	27	828	12	2	0,15,23,24	0,12,17,21	7,8,14,22
2	0	828	27	828	12	2	0,15,23,24	0,12,17,25	7,8,14,22
2	0	828	27	828	12	2	0,15,23,24	0,17,21,25	0,8,14,22
2	0	828	27	828	12	2	0,15,23,24	12,17,21,25	0,7,8,14
2	0	828	27	828	12	2	13,15,23,24	0,12,17,21	0,7,8,14
2	0	828	27	828	12	2	13,15,23,24	0,12,21,25	0,7,8,14
2	0	828	27	828	12	2	13,15,23,24	0,17,21,25	0,7,8,22
2	0	828	27	828	12	2	13,15,23,24	12,17,21,25	0,7,14,22
2	1	828	27	828	12	9	0,7,8,13	0,4,5,17	0,14,15,22
2	1	828	27	828	12	9	0,7,8,13	0,4,5,17	14,15,22,24
2	1	828	27	828	12	9	0,7,8,13	0,4,17,25	0,14,15,22
2	1	828	27	828	12	9	0,7,8,13	0,5,17,25	14,15,22,24
2	1	828	27	828	12	9	0,7,8,13	4,5,17,25	0,14,15,24
2	1	828	27	828	12	9	0,7,8,23	0,4,5,17	0,14,22,24
2	1	828	27	828	12	9	0,7,8,23	0,4,5,25	0,14,15,22
2	1	828	27	828	12	9	0,7,8,23	0,4,5,25	0,14,15,24
2	1	828	27	828	12	9	0,7,8,23	0,4,5,25	14,15,22,24
2	1	828	27	828	12	9	0,7,8,23	0,4,17,25	0,14,15,22
2	1	828	27	828	12	9	0,7,8,23	0,4,17,25	14,15,22,24
2	1	828	27	828	12	9	0,7,8,23	0,5,17,25	0,14,15,24
2	1	828	27	828	12	9	0,7,8,23	0,5,17,25	0,14,22,24
2	1	828	27	828	12	9	0,7,8,23	4,5,17,25	0,14,15,24
2	1	828	27	828	12	9	0,7,8,23	4,5,17,25	0,15,22,24
2	1	828	27	828	12	9	0,7,13,23	0,4,5,25	0,14,15,24
2	1	828	27	828	12	9	0,7,13,23	0,5,17,25	0,15,22,24
2	1	828	27	828	12	9	0,7,13,23	4,5,17,25	0,14,15,22
2	1	828	27	828	12	9	0,8,13,23	0,4,5,17	0,14,15,22
2	1	828	27	828	12	9	0,8,13,23	0,4,5,17	0,14,15,24
2	1	828	27	828	12	9	0,8,13,23	0,4,5,25	0,14,15,22
2	1	828	27	828	12	9	0,8,13,23	0,4,17,25	0,14,15,22
2	1	828	27	828	12	9	0,8,13,23	0,4,17,25	0,14,22,24
2	1	828	27	828	12	9	0,8,13,23	0,5,17,25	0,15,22,24
2	1	828	27	828	12	9	7,8,13,23	0,4,5,17	0,14,15,24
2	1	828	27	828	12	9	7,8,13,23	0,4,5,25	0,14,15,24
2	1	828	27	828	12	9	7,8,13,23	0,4,17,25	0,15,22,24
2	1	828	27	828	12	9	7,8,13,23	4,5,17,25	0,14,22,24
2	1	828	27	828	12	18	0,7,8,13	0,4,5,17	0,14,22,24
2	1	828	27	828	12	18	0,7,8,13	0,4,5,17	0,15,22,24
2	1	828	27	828	12	18	0,7,8,13	0,4,5,17	14,15,22,24
2	1	828	27	828	12	18	0,7,8,13	0,4,5,25	0,14,15,22
2	1	828	27	828	12	18	0,7,8,13	0,4,17,25	0,14,15,22
2	1	828	27	828	12	18	0,7,8,13	0,4,17,25	0,15,22,24
2	1	828	27	828	12	18	0,7,8,13	0,5,17,25	0,14,22,24
2	1	828	27	828	12	18	0,7,8,13	0,5,17,25	14,15,22,24
2	1	828	27	828	12	18	0,7,8,13	4,5,17,25	0,14,15,24
2	1	828	27	828	12	18	0,7,8,13	4,5,17,25	0,15,22,24
2	1	828	27	828	12	18	0,7,8,23	0,4,5,25	0,14,22,24
2	1	828	27	828	12	18	0,7,8,23	0,4,5,25	14,15,22,24
2	1	828	27	828	12	18	0,7,8,23	0,4,17,25	14,15,22,24
2	1	828	27	828	12	18	0,7,8,23	0,5,17,25	0,14,22,24
2	1	828	27	828	12	18	0,7,8,23	4,5,17,25	0,15,22,24
2	1	828	27	828	12	18	0,7,13,23	0,4,5,17	0,14,22,24
2	1	828	27	828	12	18	0,7,13,23	0,4,5,25	0,14,22,24
2	1	828	27	828	12	18	0,7,13,23	0,4,5,25	0,15,22,24
2	1	828	27	828	12	18	0,7,13,23	0,4,17,25	0,14,15,24
2	1	828	27	828	12	18	0,7,13,23	0,5,17,25	0,14,15,22
2	1	828	27	828	12	18	0,7,13,23	0,5,17,25	0,14,22,24
2	1	828	27	828	12	18	0,8,13,23	0,4,5,17	0,15,22,24
2	1	828	27	828	12	18	0,8,13,23	0,4,17,25	0,14,15,24
2	1	828	27	828	12	18	0,8,13,23	4,5,17,25	0,14,22,24
2	1	828	27	828	12	18	7,8,13,23	0,4,5,17	0,15,22,24
2	1	828	27	828	12	18	7,8,13,23	0,4,5,25	0,15,22,24
2	1	828	27	828	12	18	7,8,13,23	0,5,17,25	0,14,15,24
2	1	828	27	828	12	18	7,8,13,23	4,5,17,25	0,14,15,22
3	0	828	27	828	12	1	0,13,15,23	0,12,17,21	0,7,8,22
3	0	828	27	828	12	1	0,13,15,23	0,17,21,25	0,7,8,14
3	0	828	27	828	12	1	0,13,15,23	12,17,21,25	0,7,14,22
3	0	828	27	828	12	1	0,13,15,24	0,12,17,25	0,7,14,22
3	0	828	27	828	12	1	0,13,15,24	0,12,21,25	0,7,14,22
3	0	828	27	828	12	1	0,13,15,24	0,12,21,25	7,8,14,22
3	0	828	27	828	12	1	0,13,15,24	0,17,21,25	7,8,14,22
3	0	828	27	828	12	1	0,13,15,24	12,17,21,25	0,7,8,22
3	0	828	27	828	12	1	0,13,23,24	0,12,17,21	0,7,14,22
3	0	828	27	828	12	1	0,13,23,24	0,12,17,25	0,7,14,22
3	0	828	27	828	12	1	0,13,23,24	0,12,17,25	0,8,14,22
3	0	828	27	828	12	1	0,13,23,24	0,12,21,25	0,7,8,22
3	0	828	27	828	12	1	0,13,23,24	0,12,21,25	0,7,14,22
3	0	828	27	828	12	1	0,13,23,24	0,17,21,25	0,7,8,14
3	0	828	27	828	12	1	0,15,23,24	0,12,17,21	0,7,8,22
3	0	828	27	828	12	1	0,15,23,24	0,12,17,21	0,7,14,22
3	0	828	27	828	12	1	0,15,23,24	0,12,17,21	7,8,14,22
3	0	828	27	828	12	1	0,15,23,24	0,12,17,25	0,7,14,22
3	0	828	27	828	12	1	0,15,23,24	0,12,17,25	7,8,14,22
3	0	828	27	828	12	1	0,15,23,24	0,12,21,25	0,8,14,22
3	0	828	27	828	12	1	0,15,23,24	0,17,21,25	0,7,8,22
3	0	828	27	828	12	1	0,15,23,24	0,17,21,25	0,8,14,22
3	0	828	27	828	12	1	0,15,23,24	12,17,21,25	0,7,8,14
3	0	828	27	828	12	1	0,15,23,24	12,17,21,25	0,7,8,22
3	0	828	27	828	12	1	13,15,23,24	0,12,17,21	0,7,8,22
3	0	828	27	828	12	1	13,15,23,24	0,12,17,25	0,7,8,14
3	0	828	27	828	12	1	13,15,23,24	0,12,21,25	0,7,8,22
3	0	828	27	828	12	1	13,15,23,24	12,17,21,25	0,8,14,22
3	0	828	27	828	12	2	0,13,15,23	0,12,17,21	0,7,8,14
3	0	828	27	828	12	2	0,13,15,23	0,12,17,21	0,8,14,22
3	0	828	27	828	12	2	0,13,15,23	0,12,17,25	0,7,8,22
3	0	828	27	828	12	2	0,13,15,23	0,12,21,25	0,8,14,22
3	0	828	27	828	12	2	0,13,15,23	0,17,21,25	0,7,14,22
3	0	828	27	828	12	2	0,13,15,23	0,17,21,25	0,8,14,22
3	0	828	27	828	12	2	0,13,15,24	0,12,17,21	0,7,14,22
3	0	828	27	828	12	2	0,13,15,24	0,12,17,25	0,7,8,14
3	0	828	27	828	12	2	0,13,15,24	0,12,17,25	0,7,14,22
3	0	828	27	828	12	2	0,13,15,24	0,12,21,25	0,7,8,14
3	0	828	27	828	12	2	0,13,15,24	0,12,21,25	0,8,14,22
3	0	828	27	828	12	2	0,13,15,24	0,12,21,25	7,8,14,22
3	0	828	27	828	12	2	0,13,15,24	0,17,21,25	0,8,14,22
3	0	828	27	828	12	2	0,13,15,24	0,17,21,25	7,8,14,22
3	0	828	27	828	12	2	0,13,15,24	12,17,21,25	0,7,8,14
3	0	828	27	828	12	2	0,13,15,24	12,17,21,25	0,7,8,22
3	0	828	27	828	12	2	0,13,23,24	0,12,17,25	0,7,8,22
3	0	828	27	828	12	2	0,13,23,24	0,12,21,25	0,7,8,14
3	0	828	27	828	12	2	0,13,23,24	12,17,21,25	0,8,14,22
3	0	828	27	828	12	2	0,15,23,24	0,12,17,21	0,8,14,22
3	0	828	27	828	12	2	0,15,23,24	0,12,17,21	7,8,14,22
3	0	828	27	828	12	2	0,15,23,24	0,12,17,25	7,8,14,22
3	0	828	27	828	12	2	0,15,23,24	0,17,21,25	0,8,14,22
3	0	828	27	828	12	2	0,15,23,24	12,17,21,25	0,7,8,14
3	0	828	27	828	12	2	13,15,23,24	0,12,17,21	0,7,8,14
3	0	828	27	828	12	2	13,15,23,24	0,12,21,25	0,7,8,14
3	0	828	27	828	12	2	13,15,23,24	0,17,21,25	0,7,8,22
3	0	828	27	828	12	2	13,15,23,24	12,17,21,25	0,7,14,22
3	1	828	27	828	12	9	0,7,8,13	0,4,5,17	0,14,15,22
3	1	828	27	828	12	9	0,7,8,13	0,4,5,17	14,15,22,24
3	1	828	27	828	12	9	0,7,8,13	0,4,17,25	0,14,15,22
3	1	828	27	828	12	9	0,7,8,13	0,5,17,25	14,15,22,24
3	1	828	27	828	12	9	0,7,8,13	4,5,17,25	0,14,15,24
3	1	828	27	828	12	9	0,7,8,23	0,4,5,17	0,14,22,24
3	1	828	27	828	12	9	0,7,8,23	0,4,5,25	0,14,15,22
3	1	828	27	828	12	9	0,7,8,23	0,4,5,25	0,14,15,24
3	1	828	27	828	12	9	0,7,8,23	0,4,5,25	14,15,22,24
3	1	828	27	828	12	9	0,7,8,23	0,4,17,25	0,14,15,22
3	1	828	27	828	12	9	0,7,8,23	0,4,17,25	14,15,22,24
3	1	828	27	828	12	9	0,7,8,23	0,5,17,25	0,14,15,24
3	1	828	27	828	12	9	0,7,8,23	0,5,17,25	0,14,22,24
3	1	828	27	828	12	9	0,7,8,23	4,5,17,25	0,14,15,24
3	1	828	27	828	12	9	0,7,8,23	4,5,17,25	0,15,22,24
3	1	828	27	828	12	9	0,7,13,23	0,4,5,25	0,14,15,24
3	1	828	27	828	12	9	0,7,13,23	0,5,17,25	0,15,22,24
3	1	828	27	828	12	9	0,7,13,23	4,5,17,25	0,14,15,22
3	1	828	27	828	12	9	0,8,13,23	0,4,5,17	0,14,15,22
3	1	828	27	828	12	9	0,8,13,23	0,4,5,17	0,14,15,24
3	1	828	27	828	12	9	0,8,13,23	0,4,5,25	0,14,15,22
3	1	828	27	828	12	9	0,8,13,23	0,4,17,25	0,14,15,22
3	1	828	27	828	12	9	0,8,13,23	0,4,17,25	0,14,22,24
3	1	828	27	828	12	9	0,8,13,23	0,5,17,25	0,15,22,24
3	1	828	27	828	12	9	7,8,13,23	0,4,5,17	0,14,15,24
3	1	828	27	828	12	9	7,8,13,23	0,4,5,25	0,14,15,24
3	1	828	27	828	12	9	7,8,13,23	0,4,17,25	0,15,22,24
3	1	828	27	828	12	9	7,8,13,23	4,5,17,25	0,14,22,24
3	1	828	27	828	12	18	0,7,8,13	0,4,5,17	0,14,22,24
3	1	828	27	828	12	18	0,7,8,13	0,4,5,17	0,15,22,24
3	1	828	27	828	12	18	0,7,8,13	0,4,5,17	14,15,22,24
3	1	828	27	828	12	18	0,7,8,13	0,4,5,25	0,14,15,22
3	1	828	27	828	12	18	0,7,8,13	0,4,17,25	0,14,15,22
3	1	828	27	828	12	18	0,7,8,13	0,4,17,25	0,15,22,24
3	1	828	27	828	12	18	0,7,8,13	0,5,17,25	0,14,22,24
3	1	828	27	828	12	18	0,7,8,13	0,5,17,25	14,15,22,24
3	1	828	27	828	12	18	0,7,8,13	4,5,17,25	0,14,15,24
3	1	828	27	828	12	18	0,7,8,13	4,5,17,25	0,15,22,24
3	1	828	27	828	12	18	0,7,8,23	0,4,5,25	0,14,22,24
3	1	828	27	828	12	18	0,7,8,23	0,4,5,25	14,15,22,24
3	1	828	27	828	12	18	0,7,8,23	0,4,17,25	14,15,22,24
3	1	828	27	828	12	18	0,7,8,23	0,5,17,25	0,14,22,24
3	1	828	27	828	12	18	0,7,8,23	4,5,17,25	0,15,22,24
3	1	828	27	828	12	18	0,7,13,23	0,4,5,17	0,14,22,24
3	1	828	27	828	12	18	0,7,13,23	0,4,5,25	0,14,22,24
3	1	828	27	828	12	18	0,7,13,23	0,4,5,25	0,15,22,24
3	1	828	27	828	12	18	0,7,13,23	0,4,17,25	0,14,15,24
3	1	828	27	828	12	18	0,7,13,23	0,5,17,25	0,14,15,22
3	1	828	27	828	12	18	0,7,13,23	0,5,17,25	0,14,22,24
3	1	828	27	828	12	18	0,8,13,23	0,4,5,17	0,15,22,24
3	1	828	27	828	12	18	0,8,13,23	0,4,17,25	0,14,15,24
3	1	828	27	828	12	18	0,8,13,23	4,5,17,25	0,14,22,24
3	1	828	27	828	12	18	7,8,13,23	0,4,5,17	0,15,22,24
3	1	828	27	828	12	18	7,8,13,23	0,4,5,25	0,15,22,24
3	1	828	27	828	12	18	7,8,13,23	0,5,17,25	0,14,15,24
3	1	828	27	828	12	18	7,8,13,23	4,5,17,25	0,14,15,22
Cap configurations: 896

3-flat point count: 8,2,8;1,2,4;8,4,4
Excluded point counts: 5,18,18;6,17,18
0	0	828	12	818	194	1,2	0,12,17,21	0,13,15,23	0,7,8,14
0	0	828	12	818	194	1,2	0,12,17,21	0,13,15,23	0,7,8,22
0	0	828	12	818	194	1,2	0,12,17,21	0,13,15,23	0,8,14,22
0	0	828	12	818	194	1,2	0,12,17,21	0,13,15,23	7,8,14,22
0	0	828	12	818	194	1,2	0,12,17,21	0,13,15,24	0,7,8,22
0	0	828	12	818	194	1,2	0,12,17,21	0,13,23,24	7,8,14,22
0	0	828	12	818	194	1,2	0,12,17,21	13,15,23,24	0,7,8,14
0	0	828	12	818	194	1,2	0,12,17,21	13,15,23,24	0,7,8,22
0	0	828	12	818	194	1,2	0,12,17,21	13,15,23,24	0,8,14,22
0	0	828	12	818	194	1,2	0,12,17,25	0,13,15,24	0,7,8,14
0	0	828	12	818	194	1,2	0,12,17,25	0,13,15,24	0,7,14,22
0	0	828	12	818	194	1,2	0,12,17,25	0,13,15,24	0,8,14,22
0	0	828	12	818	194	1,2	0,12,17,25	0,13,23,24	0,7,14,22
0	0	828	12	818	194	1,2	0,12,17,25	0,13,23,24	0,8,14,22
0	0	828	12	818	194	1,2	0,12,17,25	0,15,23,24	0,7,14,22
0	0	828	12	818	194	1,2	0,12,21,25	0,13,15,23	7,8,14,22
0	0	828	12	818	194	1,2	0,12,21,25	0,13,23,24	0,7,8,14
0	0	828	12	818	194	1,2	0,12,21,25	0,13,23,24	0,7,8,22
0	0	828	12	818	194	1,2	0,12,21,25	0,13,23,24	0,7,14,22
0	0	828	12	818	194	1,2	0,12,21,25	0,13,23,24	7,8,14,22
0	0	828	12	818	194	1,2	0,12,21,25	0,15,23,24	0,7,8,14
0	0	828	12	818	194	1,2	0,12,21,25	13,15,23,24	0,7,8,14
0	0	828	12	818	194	1,2	0,12,21,25	13,15,23,24	0,7,8,22
0	0	828	12	818	194	1,2	0,12,21,25	13,15,23,24	0,7,14,22
0	0	828	12	818	194	1,2	0,17,21,25	0,13,15,23	0,7,14,22
0	0	828	12	818	194	1,2	0,17,21,25	0,13,15,23	0,8,14,22
0	0	828	12	818	194	1,2	0,17,21,25	0,13,15,24	0,8,14,22
0	0	828	12	818	194	1,2	0,17,21,25	0,15,23,24	0,7,8,22
0	0	828	12	818	194	1,2	0,17,21,25	0,15,23,24	0,7,14,22
0	0	828	12	818	194	1,2	0,17,21,25	0,15,23,24	0,8,14,22
0	0	828	12	818	194	1,2	12,17,21,25	0,13,15,24	0,7,8,14
0	0	828	12	818	194	1,2	12,17,21,25	0,13,15,24	0,7,8,22
0	0	828	12	818	194	1,2	12,17,21,25	0,13,15,24	7,8,14,22
0	0	828	12	818	194	1,2	12,17,21,25	0,15,23,24	0,7,8,14
0	0	828	12	818	194	1,2	12,17,21,25	0,15,23,24	0,7,8,22
0	0	828	12	818	194	1,2	12,17,21,25	0,15,23,24	7,8,14,22
0	0	828	12	818	195	1,2	0,12,17,21	0,13,15,24	0,7,8,22
0	0	828	12	818	195	1,2	0,12,17,21	0,13,15,24	0,7,14,22
0	0	828	12	818	195	1,2	0,12,17,21	0,13,23,24	0,7,14,22
0	0	828	12	818	195	1,2	0,12,17,21	0,15,23,24	0,7,8,22
0	0	828	12	818	195	1,2	0,12,17,21	0,15,23,24	0,7,14,22
0	0	828	12	818	195	1,2	0,12,17,21	0,15,23,24	0,8,14,22
0	0	828	12	818	195	1,2	0,12,17,25	0,13,15,23	0,7,8,22
0	0	828	12	818	195	1,2	0,12,17,25	0,13,15,23	7,8,14,22
0	0	828	12	818	195	1,2	0,12,17,25	0,13,23,24	0,7,8,22
0	0	828	12	818	195	1,2	0,12,17,25	0,13,23,24	0,8,14,22
0	0	828	12	818	195	1,2	0,12,17,25	0,13,23,24	7,8,14,22
0	0	828	12	818	195	1,2	0,12,17,25	0,15,23,24	0,7,8,22
0	0	828	12	818	195	1,2	0,12,17,25	0,15,23,24	7,8,14,22
0	0	828	12	818	195	1,2	0,12,17,25	13,15,23,24	0,7,8,14
0	0	828	12	818	195	1,2	0,12,17,25	13,15,23,24	0,7,8,22
0	0	828	12	818	195	1,2	0,12,21,25	0,13,15,23	0,8,14,22
0	0	828	12	818	195	1,2	0,12,21,25	0,13,15,24	0,7,8,14
0	0	828	12	818	195	1,2	0,12,21,25	0,13,15,24	0,7,14,22
0	0	828	12	818	195	1,2	0,12,21,25	0,13,15,24	0,8,14,22
0	0	828	12	818	195	1,2	0,12,21,25	0,15,23,24	0,7,8,14
0	0	828	12	818	195	1,2	0,12,21,25	0,15,23,24	0,8,14,22
0	0	828	12	818	195	1,2	0,17,21,25	0,13,15,23	0,7,8,14
0	0	828	12	818	195	1,2	0,17,21,25	0,13,15,23	0,7,14,22
0	0	828	12	818	195	1,2	0,17,21,25	0,13,15,23	7,8,14,22
0	0	828	12	818	195	1,2	0,17,21,25	0,13,15,24	0,7,8,14
0	0	828	12	818	195	1,2	0,17,21,25	0,13,15,24	7,8,14,22
0	0	828	12	818	195	1,2	0,17,21,25	0,13,23,24	0,7,8,14
0	0	828	12	818	195	1,2	0,17,21,25	0,13,23,24	7,8,14,22
0	0	828	12	818	195	1,2	0,17,21,25	13,15,23,24	0,7,8,14
0	0	828	12	818	195	1,2	0,17,21,25	13,15,23,24	0,7,8,22
0	0	828	12	818	195	1,2	12,17,21,25	0,13,15,23	0,7,14,22
0	0	828	12	818	195	1,2	12,17,21,25	0,13,15,23	0,8,14,22
0	0	828	12	818	195	1,2	12,17,21,25	0,13,23,24	0,7,14,22
0	0	828	12	818	195	1,2	12,17,21,25	0,13,23,24	0,8,14,22
0	0	828	12	818	195	1,2	12,17,21,25	13,15,23,24	0,7,14,22
0	0	828	12	818	195	1,2	12,17,21,25	13,15,23,24	0,8,14,22
0	1	828	12	818	194	1,2	0,12,17,21	0,13,15,23	0,7,8,14
0	1	828	12	818	194	1,2	0,12,17,21	0,13,15,23	0,7,8,22
0	1	828	12	818	194	1,2	0,12,17,21	0,13,15,23	0,8,14,22
0	1	828	12	818	194	1,2	0,12,17,21	0,13,15,23	7,8,14,22
0	1	828	12	818	194	1,2	0,12,17,21	0,13,15,24	0,7,8,22
0	1	828	12	818	194	1,2	0,12,17,21	0,13,23,24	7,8,14,22
0	1	828	12	818	194	1,2	0,12,17,21	13,15,23,24	0,7,8,14
0	1	828	12	818	194	1,2	0,12,17,21	13,15,23,24	0,7,8,22
0	1	828	12	818	194	1,2	0,12,17,21	13,15,23,24	0,8,14,22
0	1	828	12	818	194	1,2	0,12,17,25	0,13,15,24	0,7,8,14
0	1	828	12	818	194	1,2	0,12,17,25	0,13,15,24	0,7,14,22
0	1	828	12	818	194	1,2	0,12,17,25	0,13,15,24	0,8,14,22
0	1	828	12	818	194	1,2	0,12,17,25	0,13,23,24	0,7,14,22
0	1	828	12	818	194	1,2	0,12,17,25	0,13,23,24	0,8,14,22
0	1	828	12	818	194	1,2	0,12,17,25	0,15,23,24	0,7,14,22
0	1	828	12	818	194	1,2	0,12,21,25	0,13,15,23	7,8,14,22
0	1	828	12	818	194	1,2	0,12,21,25	0,13,23,24	0,7,8,14
0	1	828	12	818	194	1,2	0,12,21,25	0,13,23,24	0,7,8,22
0	1	828	12	818	194	1,2	0,12,21,25	0,13,23,24	0,7,14,22
0	1	828	12	818	194	1,2	0,12,21,25	0,13,23,24	7,8,14,22
0	1	828	12	818	194	1,2	0,12,21,25	0,15,23,24	0,7,8,14
0	1	828	12	818	194	1,2	0,12,21,25	13,15,23,24	0,7,8,14
0	1	828	12	818	194	1,2	0,12,21,25	13,15,23,24	0,7,8,22
0	1	828	12	818	194	1,2	0,12,21,25	13,15,23,24	0,7,14,22
0	1	828	12	818	194	1,2	0,17,21,25	0,13,15,23	0,7,14,22
0	1	828	12	818	194	1,2	0,17,21,25	0,13,15,23	0,8,14,22
0	1	828	12	818	194	1,2	0,17,21,25	0,13,15,24	0,8,14,22
0	1	828	12	818	194	1,2	0,17,21,25	0,15,23,24	0,7,8,22
0	1	828	12	818	194	1,2	0,17,21,25	0,15,23,24	0,7,14,22
0	1	828	12	818	194	1,2	0,17,21,25	0,15,23,24	0,8,14,22
0	1	828	12	818	194	1,2	12,17,21,25	0,13,15,24	0,7,8,14
0	1	828	12	818	194	1,2	12,17,21,25	0,13,15,24	0,7,8,22
0	1	828	12	818	194	1,2	12,17,21,25	0,13,15,24	7,8,14,22
0	1	828	12	818	194	1,2	12,17,21,25	0,15,23,24	0,7,8,14
0	1	828	12	818	194	1,2	12,17,21,25	0,15,23,24	0,7,8,22
0	1	828	12	818	194	1,2	12,17,21,25	0,15,23,24	7,8,14,22
0	1	828	12	818	195	1,2	0,12,17,21	0,13,15,24	0,7,8,22
0	1	828	12	818	195	1,2	0,12,17,21	0,13,15,24	0,7,14,22
0	1	828	12	818	195	1,2	0,12,17,21	0,13,23,24	0,7,14,22
0	1	828	12	818	195	1,2	0,12,17,21	0,15,23,24	0,7,8,22
0	1	828	12	818	195	1,2	0,12,17,21	0,15,23,24	0,7,14,22
0	1	828	12	818	195	1,2	0,12,17,21	0,15,23,24	0,8,14,22
0	1	828	12	818	195	1,2	0,12,17,25	0,13,15,23	0,7,8,22
0	1	828	12	818	195	1,2	0,12,17,25	0,13,15,23	7,8,14,22
0	1	828	12	818	195	1,2	0,12,17,25	0,13,23,24	0,7,8,22
0	1	828	12	818	195	1,2	0,12,17,25	0,13,23,24	0,8,14,22
0	1	828	12	818	195	1,2	0,12,17,25	0,13,23,24	7,8,14,22
0	1	828	12	818	195	1,2	0,12,17,25	0,15,23,24	0,7,8,22
0	1	828	12	818	195	1,2	0,12,17,25	0,15,23,24	7,8,14,22
0	1	828	12	818	195	1,2	0,12,17,25	13,15,23,24	0,7,8,14
0	1	828	12	818	195	1,2	0,12,17,25	13,15,23,24	0,7,8,22
0	1	828	12	818	195	1,2	0,12,21,25	0,13,15,23	0,8,14,22
0	1	828	12	818	195	1,2	0,12,21,25	0,13,15,24	0,7,8,14
0	1	828	12	818	195	1,2	0,12,21,25	0,13,15,24	0,7,14,22
0	1	828	12	818	195	1,2	0,12,21,25	0,13,15,24	0,8,14,22
0	1	828	12	818	195	1,2	0,12,21,25	0,15,23,24	0,7,8,14
0	1	828	12	818	195	1,2	0,12,21,25	0,15,23,24	0,8,14,22
0	1	828	12	818	195	1,2	0,17,21,25	0,13,15,23	0,7,8,14
0	1	828	12	818	195	1,2	0,17,21,25	0,13,15,23	0,7,14,22
0	1	828	12	818	195	1,2	0,17,21,25	0,13,15,23	7,8,14,22
0	1	828	12	818	195	1,2	0,17,21,25	0,13,15,24	0,7,8,14
0	1	828	12	818	195	1,2	0,17,21,25	0,13,15,24	7,8,14,22
0	1	828	12	818	195	1,2	0,17,21,25	0,13,23,24	0,7,8,14
0	1	828	12	818	195	1,2	0,17,21,25	0,13,23,24	7,8,14,22
0	1	828	12	818	195	1,2	0,17,21,25	13,15,23,24	0,7,8,14
0	1	828	12	818	195	1,2	0,17,21,25	13,15,23,24	0,7,8,22
0	1	828	12	818	195	1,2	12,17,21,25	0,13,15,23	0,7,14,22
0	1	828	12	818	195	1,2	12,17,21,25	0,13,15,23	0,8,14,22
0	1	828	12	818	195	1,2	12,17,21,25	0,13,23,24	0,7,14,22
0	1	828	12	818	195	1,2	12,17,21,25	0,13,23,24	0,8,14,22
0	1	828	12	818	195	1,2	12,17,21,25	13,15,23,24	0,7,14,22
0	1	828	12	818	195	1,2	12,17,21,25	13,15,23,24	0,8,14,22
1	0	828	12	818	194	9,18	0,7,8,13	0,4,5,17	0,12,16,26
1	0	828	12	818	194	9,18	0,7,8,13	0,4,5,17	0,12,21,26
1	0	828	12	818	194	9,18	0,7,8,13	0,4,5,17	0,16,21,26
1	0	828	12	818	194	9,18	0,7,8,13	0,4,5,25	0,12,21,26
1	0	828	12	818	194	9,18	0,7,8,13	0,4,5,25	0,16,21,26
1	0	828	12	818	194	9,18	0,7,8,13	0,5,17,25	0,16,21,26
1	0	828	12	818	194	9,18	0,7,8,23	0,4,5,17	0,12,16,21
1	0	828	12	818	194	9,18	0,7,8,23	0,4,5,17	0,12,16,26
1	0	828	12	818	194	9,18	0,7,8,23	0,4,5,25	0,12,16,21
1	0	828	12	818	194	9,18	0,7,8,23	0,4,5,25	0,12,16,26
1	0	828	12	818	194	9,18	0,7,8,23	0,4,5,25	0,16,21,26
1	0	828	12	818	194	9,18	0,7,8,23	0,4,17,25	0,12,16,26
1	0	828	12	818	194	9,18	0,7,13,23	0,4,5,17	0,12,21,26
1	0	828	12	818	194	9,18	0,7,13,23	0,4,5,17	12,16,21,26
1	0	828	12	818	194	9,18	0,7,13,23	0,4,17,25	0,12,21,26
1	0	828	12	818	194	9,18	0,7,13,23	0,4,17,25	12,16,21,26
1	0	828	12	818	194	9,18	0,7,13,23	0,5,17,25	0,12,16,26
1	0	828	12	818	194	9,18	0,7,13,23	0,5,17,25	0,12,21,26
1	0	828	12	818	194	9,18	0,7,13,23	0,5,17,25	12,16,21,26
1	0	828	12	818	194	9,18	0,7,13,23	4,5,17,25	0,12,16,21
1	0	828	12	818	194	9,18	0,7,13,23	4,5,17,25	0,12,21,26
1	0	828	12	818	194	9,18	0,8,13,23	0,4,5,25	0,12,16,21
1	0	828	12	818	194	9,18	0,8,13,23	0,4,5,25	12,16,21,26
1	0	828	12	818	194	9,18	0,8,13,23	0,4,17,25	0,12,16,21
1	0	828	12	818	194	9,18	0,8,13,23	0,4,17,25	0,16,21,26
1	0	828	12	818	194	9,18	0,8,13,23	0,4,17,25	12,16,21,26
1	0	828	12	818	194	9,18	0,8,13,23	0,5,17,25	0,12,16,21
1	0	828	12	818	194	9,18	0,8,13,23	0,5,17,25	12,16,21,26
1	0	828	12	818	194	9,18	0,8,13,23	4,5,17,25	0,12,16,21
1	0	828	12	818	194	9,18	0,8,13,23	4,5,17,25	0,12,21,26
1	0	828	12	818	194	9,18	7,8,13,23	0,4,17,25	0,12,16,26
1	0	828	12	818	194	9,18	7,8,13,23	0,4,17,25	0,16,21,26
1	0	828	12	818	194	9,18	7,8,13,23	0,5,17,25	0,12,16,26
1	0	828	12	818	194	9,18	7,8,13,23	0,5,17,25	0,16,21,26
1	0	828	12	818	194	9,18	7,8,13,23	4,5,17,25	0,12,16,26
1	0	828	12	818	194	9,18	7,8,13,23	4,5,17,25	0,16,21,26
1	0	828	12	818	195	9,18	0,7,8,13	0,4,5,25	0,12,21,26
1	0	828	12	818	195	9,18	0,7,8,13	0,4,17,25	0,12,16,21
1	0	828	12	818	195	9,18	0,7,8,13	0,4,17,25	0,12,16,26
1	0	828	12	818	195	9,18	0,7,8,13	0,4,17,25	0,12,21,26
1	0	828	12	818	195	9,18	0,7,8,13	0,4,17,25	12,16,21,26
1	0	828	12	818	195	9,18	0,7,8,13	0,5,17,25	12,16,21,26
1	0	828	12	818	195	9,18	0,7,8,13	4,5,17,25	0,12,16,21
1	0	828	12	818	195	9,18	0,7,8,13	4,5,17,25	0,12,16,26
1	0	828	12	818	195	9,18	0,7,8,13	4,5,17,25	0,12,21,26
1	0	828	12	818	195	9,18	0,7,8,23	0,4,5,17	0,12,16,21
1	0	828	12	818	195	9,18	0,7,8,23	0,4,17,25	12,16,21,26
1	0	828	12	818	195	9,18	0,7,8,23	0,5,17,25	0,12,16,21
1	0	828	12	818	195	9,18	0,7,8,23	0,5,17,25	0,12,21,26
1	0	828	12	818	195	9,18	0,7,8,23	0,5,17,25	0,16,21,26
1	0	828	12	818	195	9,18	0,7,8,23	0,5,17,25	12,16,21,26
1	0	828	12	818	195	9,18	0,7,8,23	4,5,17,25	0,12,16,21
1	0	828	12	818	195	9,18	0,7,8,23	4,5,17,25	0,12,21,26
1	0	828	12	818	195	9,18	0,7,8,23	4,5,17,25	0,16,21,26
1	0	828	12	818	195	9,18	0,7,13,23	0,4,5,17	0,16,21,26
1	0	828	12	818	195	9,18	0,7,13,23	0,4,5,25	0,12,16,21
1	0	828	12	818	195	9,18	0,7,13,23	0,4,5,25	0,12,16,26
1	0	828	12	818	195	9,18	0,7,13,23	0,4,5,25	0,16,21,26
1	0	828	12	818	195	9,18	0,7,13,23	0,5,17,25	0,12,16,26
1	0	828	12	818	195	9,18	0,7,13,23	0,5,17,25	0,16,21,26
1	0	828	12	818	195	9,18	0,8,13,23	0,4,5,17	0,12,16,26
1	0	828	12	818	195	9,18	0,8,13,23	0,4,5,17	0,12,21,26
1	0	828	12	818	195	9,18	0,8,13,23	0,4,5,17	0,16,21,26
1	0	828	12	818	195	9,18	0,8,13,23	0,4,5,25	0,12,16,26
1	0	828	12	818	195	9,18	0,8,13,23	0,4,17,25	0,12,16,26
1	0	828	12	818	195	9,18	0,8,13,23	0,4,17,25	0,16,21,26
1	0	828	12	818	195	9,18	7,8,13,23	0,4,5,17	0,12,16,21
1	0	828	12	818	195	9,18	7,8,13,23	0,4,5,17	0,12,21,26
1	0	828	12	818	195	9,18	7,8,13,23	0,4,5,17	12,16,21,26
1	0	828	12	818	195	9,18	7,8,13,23	0,4,5,25	0,12,16,21
1	0	828	12	818	195	9,18	7,8,13,23	0,4,5,25	0,12,21,26
1	0	828	12	818	195	9,18	7,8,13,23	0,4,5,25	12,16,21,26
1	1	828	12	818	194	9,18	0,7,8,13	0,4,5,17	0,12,16,26
1	1	828	12	818	194	9,18	0,7,8,13	0,4,5,17	0,12,21,26
1	1	828	12	818	194	9,18	0,7,8,13	0,4,5,17	0,16,21,26
1	1	828	12	818	194	9,18	0,7,8,13	0,4,5,25	0,12,21,26
1	1	828	12	818	194	9,18	0,7,8,13	0,4,5,25	0,16,21,26
1	1	828	12	818	194	9,18	0,7,8,13	0,5,17,25	0,16,21,26
1	1	828	12	818	194	9,18	0,7,8,23	0,4,5,17	0,12,16,21
1	1	828	12	818	194	9,18	0,7,8,23	0,4,5,17	0,12,16,26
1	1	828	12	818	194	9,18	0,7,8,23	0,4,5,25	0,12,16,21
1	1	828	12	818	194	9,18	0,7,8,23	0,4,5,25	0,12,16,26
1	1	828	12	818	194	9,18	0,7,8,23	0,4,5,25	0,16,21,26
1	1	828	12	818	194	9,18	0,7,8,23	0,4,17,25	0,12,16,26
1	1	828	12	818	194	9,18	0,7,13,23	0,4,5,17	0,12,21,26
1	1	828	12	818	194	9,18	0,7,13,23	0,4,5,17	12,16,21,26
1	1	828	12	818	194	9,18	0,7,13,23	0,4,17,25	0,12,21,26
1	1	828	12	818	194	9,18	0,7,13,23	0,4,17,25	12,16,21,26
1	1	828	12	818	194	9,18	0,7,13,23	0,5,17,25	0,12,16,26
1	1	828	12	818	194	9,18	0,7,13,23	0,5,17,25	0,12,21,26
1	1	828	12	818	194	9,18	0,7,13,23	0,5,17,25	12,16,21,26
1	1	828	12	818	194	9,18	0,7,13,23	4,5,17,25	0,12,16,21
1	1	828	12	818	194	9,18	0,7,13,23	4,5,17,25	0,12,21,26
1	1	828	12	818	194	9,18	0,8,13,23	0,4,5,25	0,12,16,21
1	1	828	12	818	194	9,18	0,8,13,23	0,4,5,25	12,16,21,26
1	1	828	12	818	194	9,18	0,8,13,23	0,4,17,25	0,12,16,21
1	1	828	12	818	194	9,18	0,8,13,23	0,4,17,25	0,16,21,26
1	1	828	12	818	194	9,18	0,8,13,23	0,4,17,25	12,16,21,26
1	1	828	12	818	194	9,18	0,8,13,23	0,5,17,25	0,12,16,21
1	1	828	12	818	194	9,18	0,8,13,23	0,5,17,25	12,16,21,26
1	1	828	12	818	194	9,18	0,8,13,23	4,5,17,25	0,12,16,21
1	1	828	12	818	194	9,18	0,8,13,23	4,5,17,25	0,12,21,26
1	1	828	12	818	194	9,18	7,8,13,23	0,4,17,25	0,12,16,26
1	1	828	12	818	194	9,18	7,8,13,23	0,4,17,25	0,16,21,26
1	1	828	12	818	194	9,18	7,8,13,23	0,5,17,25	0,12,16,26
1	1	828	12	818	194	9,18	7,8,13,23	0,5,17,25	0,16,21,26
1	1	828	12	818	194	9,18	7,8,13,23	4,5,17,25	0,12,16,26
1	1	828	12	818	194	9,18	7,8,13,23	4,5,17,25	0,16,21,26
1	1	828	12	818	195	9,18	0,7,8,13	0,4,5,25	0,12,21,26
1	1	828	12	818	195	9,18	0,7,8,13	0,4,17,25	0,12,16,21
1	1	828	12	818	195	9,18	0,7,8,13	0,4,17,25	0,12,16,26
1	1	828	12	818	195	9,18	0,7,8,13	0,4,17,25	0,12,21,26
1	1	828	12	818	195	9,18	0,7,8,13	0,4,17,25	12,16,21,26
1	1	828	12	818	195	9,18	0,7,8,13	0,5,17,25	12,16,21,26
1	1	828	12	818	195	9,18	0,7,8,13	4,5,17,25	0,12,16,21
1	1	828	12	818	195	9,18	0,7,8,13	4,5,17,25	0,12,16,26
1	1	828	12	818	195	9,18	0,7,8,13	4,5,17,25	0,12,21,26
1	1	828	12	818	195	9,18	0,7,8,23	0,4,5,17	0,12,16,21
1	1	828	12	818	195	9,18	0,7,8,23	0,4,17,25	12,16,21,26
1	1	828	12	818	195	9,18	0,7,8,23	0,5,17,25	0,12,16,21
1	1	828	12	818	195	9,18	0,7,8,23	0,5,17,25	0,12,21,26
1	1	828	12	818	195	9,18	0,7,8,23	0,5,17,25	0,16,21,26
1	1	828	12	818	195	9,18	0,7,8,23	0,5,17,25	12,16,21,26
1	1	828	12	818	195	9,18	0,7,8,23	4,5,17,25	0,12,16,21
1	1	828	12	818	195	9,18	0,7,8,23	4,5,17,25	0,12,21,26
1	1	828	12	818	195	9,18	0,7,8,23	4,5,17,25	0,16,21,26
1	1	828	12	818	195	9,18	0,7,13,23	0,4,5,17	0,16,21,26
1	1	828	12	818	195	9,18	0,7,13,23	0,4,5,25	0,12,16,21
1	1	828	12	818	195	9,18	0,7,13,23	0,4,5,25	0,12,16,26
1	1	828	12	818	195	9,18	0,7,13,23	0,4,5,25	0,16,21,26
1	1	828	12	818	195	9,18	0,7,13,23	0,5,17,25	0,12,16,26
1	1	828	12	818	195	9,18	0,7,13,23	0,5,17,25	0,16,21,26
1	1	828	12	818	195	9,18	0,8,13,23	0,4,5,17	0,12,16,26
1	1	828	12	818	195	9,18	0,8,13,23	0,4,5,17	0,12,21,26
1	1	828	12	818	195	9,18	0,8,13,23	0,4,5,17	0,16,21,26
1	1	828	12	818	195	9,18	0,8,13,23	0,4,5,25	0,12,16,26
1	1	828	12	818	195	9,18	0,8,13,23	0,4,17,25	0,12,16,26
1	1	828	12	818	195	9,18	0,8,13,23	0,4,17,25	0,16,21,26
1	1	828	12	818	195	9,18	7,8,13,23	0,4,5,17	0,12,16,21
1	1	828	12	818	195	9,18	7,8,13,23	0,4,5,17	0,12,21,26
1	1	828	12	818	195	9,18	7,8,13,23	0,4,5,17	12,16,21,26
1	1	828	12	818	195	9,18	7,8,13,23	0,4,5,25	0,12,16,21
1	1	828	12	818	195	9,18	7,8,13,23	0,4,5,25	0,12,21,26
1	1	828	12	818	195	9,18	7,8,13,23	0,4,5,25	12,16,21,26
2	0	828	12	818	194	1,2	0,12,17,21	0,13,15,23	0,7,8,14
2	0	828	12	818	194	1,2	0,12,17,21	0,13,15,23	0,7,8,22
2	0	828	12	818	194	1,2	0,12,17,21	0,13,15,23	0,8,14,22
2	0	828	12	818	194	1,2	0,12,17,21	0,13,15,23	7,8,14,22
2	0	828	12	818	194	1,2	0,12,17,21	0,13,15,24	0,7,8,22
2	0	828	12	818	194	1,2	0,12,17,21	0,13,23,24	7,8,14,22
2	0	828	12	818	194	1,2	0,12,17,21	13,15,23,24	0,7,8,14
2	0	828	12	818	194	1,2	0,12,17,21	13,15,23,24	0,7,8,22
2	0	828	12	818	194	1,2	0,12,17,21	13,15,23,24	0,8,14,22
2	0	828	12	818	194	1,2	0,12,17,25	0,13,15,24	0,7,8,14
2	0	828	12	818	194	1,2	0,12,17,25	0,13,15,24	0,7,14,22
2	0	828	12	818	194	1,2	0,12,17,25	0,13,15,24	0,8,14,22
2	0	828	12	818	194	1,2	0,12,17,25	0,13,23,24	0,7,14,22
2	0	828	12	818	194	1,2	0,12,17,25	0,13,23,24	0,8,14,22
2	0	828	12	818	194	1,2	0,12,17,25	0,15,23,24	0,7,14,22
2	0	828	12	818	194	1,2	0,12,21,25	0,13,15,23	7,8,14,22
2	0	828	12	818	194	1,2	0,12,21,25	0,13,23,24	0,7,8,14
2	0	828	12	818	194	1,2	0,12,21,25	0,13,23,24	0,7,8,22
2	0	828	12	818	194	1,2	0,12,21,25	0,13,23,24	0,7,14,22
2	0	828	12	818	194	1,2	0,12,21,25	0,13,23,24	7,8,14,22
2	0	828	12	818	194	1,2	0,12,21,25	0,15,23,24	0,7,8,14
2	0	828	12	818	194	1,2	0,12,21,25	13,15,23,24	0,7,8,14
2	0	828	12	818	194	1,2	0,12,21,25	13,15,23,24	0,7,8,22
2	0	828	12	818	194	1,2	0,12,21,25	13,15,23,24	0,7,14,22
2	0	828	12	818	194	1,2	0,17,21,25	0,13,15,23	0,7,14,22
2	0	828	12	818	194	1,2	0,17,21,25	0,13,15,23	0,8,14,22
2	0	828	12	818	194	1,2	0,17,21,25	0,13,15,24	0,8,14,22
2	0	828	12	818	194	1,2	0,17,21,25	0,15,23,24	0,7,8,22
2	0	828	12	818	194	1,2	0,17,21,25	0,15,23,24	0,7,14,22
2	0	828	12	818	194	1,2	0,17,21,25	0,15,23,24	0,8,14,22
2	0	828	12	818	194	1,2	12,17,21,25	0,13,15,24	0,7,8,14
2	0	828	12	818	194	1,2	12,17,21,25	0,13,15,24	0,7,8,22
2	0	828	12	818	194	1,2	12,17,21,25	0,13,15,24	7,8,14,22
2	0	828	12	818	194	1,2	12,17,21,25	0,15,23,24	0,7,8,14
2	0	828	12	818	194	1,2	12,17,21,25	0,15,23,24	0,7,8,22
2	0	828	12	818	194	1,2	12,17,21,25	0,15,23,24	7,8,14,22
2	0	828	12	818	195	1,2	0,12,17,21	0,13,15,24	0,7,8,22
2	0	828	12	818	195	1,2	0,12,17,21	0,13,15,24	0,7,14,22
2	0	828	12	818	195	1,2	0,12,17,21	0,13,23,24	0,7,14,22
2	0	828	12	818	195	1,2	0,12,17,21	0,15,23,24	0,7,8,22
2	0	828	12	818	195	1,2	0,12,17,21	0,15,23,24	0,7,14,22
2	0	828	12	818	195	1,2	0,12,17,21	0,15,23,24	0,8,14,22
2	0	828	12	818	195	1,2	0,12,17,25	0,13,15,23	0,7,8,22
2	0	828	12	818	195	1,2	0,12,17,25	0,13,15,23	7,8,14,22
2	0	828	12	818	195	1,2	0,12,17,25	0,13,23,24	0,7,8,22
2	0	828	12	818	195	1,2	0,12,17,25	0,13,23,24	0,8,14,22
2	0	828	12	818	195	1,2	0,12,17,25	0,13,23,24	7,8,14,22
2	0	828	12	818	195	1,2	0,12,17,25	0,15,23,24	0,7,8,22
2	0	828	12	818	195	1,2	0,12,17,25	0,15,23,24	7,8,14,22
2	0	828	12	818	195	1,2	0,12,17,25	13,15,23,24	0,7,8,14
2	0	828	12	818	195	1,2	0,12,17,25	13,15,23,24	0,7,8,22
2	0	828	12	818	195	1,2	0,12,21,25	0,13,15,23	0,8,14,22
2	0	828	12	818	195	1,2	0,12,21,25	0,13,15,24	0,7,8,14
2	0	828	12	818	195	1,2	0,12,21,25	0,13,15,24	0,7,14,22
2	0	828	12	818	195	1,2	0,12,21,25	0,13,15,24	0,8,14,22
2	0	828	12	818	195	1,2	0,12,21,25	0,15,23,24	0,7,8,14
2	0	828	12	818	195	1,2	0,12,21,25	0,15,23,24	0,8,14,22
2	0	828	12	818	195	1,2	0,17,21,25	0,13,15,23	0,7,8,14
2	0	828	12	818	195	1,2	0,17,21,25	0,13,15,23	0,7,14,22
2	0	828	12	818	195	1,2	0,17,21,25	0,13,15,23	7,8,14,22
2	0	828	12	818	195	1,2	0,17,21,25	0,13,15,24	0,7,8,14
2	0	828	12	818	195	1,2	0,17,21,25	0,13,15,24	7,8,14,22
2	0	828	12	818	195	1,2	0,17,21,25	0,13,23,24	0,7,8,14
2	0	828	12	818	195	1,2	0,17,21,25	0,13,23,24	7,8,14,22
2	0	828	12	818	195	1,2	0,17,21,25	13,15,23,24	0,7,8,14
2	0	828	12	818	195	1,2	0,17,21,25	13,15,23,24	0,7,8,22
2	0	828	12	818	195	1,2	12,17,21,25	0,13,15,23	0,7,14,22
2	0	828	12	818	195	1,2	12,17,21,25	0,13,15,23	0,8,14,22
2	0	828	12	818	195	1,2	12,17,21,25	0,13,23,24	0,7,14,22
2	0	828	12	818	195	1,2	12,17,21,25	0,13,23,24	0,8,14,22
2	0	828	12	818	195	1,2	12,17,21,25	13,15,23,24	0,7,14,22
2	0	828	12	818	195	1,2	12,17,21,25	13,15,23,24	0,8,14,22
2	1	828	12	818	194	1,2	0,12,17,21	0,13,15,23	0,7,8,14
2	1	828	12	818	194	1,2	0,12,17,21	0,13,15,23	0,7,8,22
2	1	828	12	818	194	1,2	0,12,17,21	0,13,15,23	0,8,14,22
2	1	828	12	818	194	1,2	0,12,17,21	0,13,15,23	7,8,14,22
2	1	828	12	818	194	1,2	0,12,17,21	0,13,15,24	0,7,8,22
2	1	828	12	818	194	1,2	0,12,17,21	0,13,23,24	7,8,14,22
2	1	828	12	818	194	1,2	0,12,17,21	13,15,23,24	0,7,8,14
2	1	828	12	818	194	1,2	0,12,17,21	13,15,23,24	0,7,8,22
2	1	828	12	818	194	1,2	0,12,17,21	13,15,23,24	0,8,14,22
2	1	828	12	818	194	1,2	0,12,17,25	0,13,15,24	0,7,8,14
2	1	828	12	818	194	1,2	0,12,17,25	0,13,15,24	0,7,14,22
2	1	828	12	818	194	1,2	0,12,17,25	0,13,15,24	0,8,14,22
2	1	828	12	818	194	1,2	0,12,17,25	0,13,23,24	0,7,14,22
2	1	828	12	818	194	1,2	0,12,17,25	0,13,23,24	0,8,14,22
2	1	828	12	818	194	1,2	0,12,17,25	0,15,23,24	0,7,14,22
2	1	828	12	818	194	1,2	0,12,21,25	0,13,15,23	7,8,14,22
2	1	828	12	818	194	1,2	0,12,21,25	0,13,23,24	0,7,8,14
2	1	828	12	818	194	1,2	0,12,21,25	0,13,23,24	0,7,8,22
2	1	828	12	818	194	1,2	0,12,21,25	0,13,23,24	0,7,14,22
2	1	828	12	818	194	1,2	0,12,21,25	0,13,23,24	7,8,14,22
2	1	828	12	818	194	1,2	0,12,21,25	0,15,23,24	0,7,8,14
2	1	828	12	818	194	1,2	0,12,21,25	13,15,23,24	0,7,8,14
2	1	828	12	818	194	1,2	0,12,21,25	13,15,23,24	0,7,8,22
2	1	828	12	818	194	1,2	0,12,21,25	13,15,23,24	0,7,14,22
2	1	828	12	818	194	1,2	0,17,21,25	0,13,15,23	0,7,14,22
2	1	828	12	818	194	1,2	0,17,21,25	0,13,15,23	0,8,14,22
2	1	828	12	818	194	1,2	0,17,21,25	0,13,15,24	0,8,14,22
2	1	828	12	818	194	1,2	0,17,21,25	0,15,23,24	0,7,8,22
2	1	828	12	818	194	1,2	0,17,21,25	0,15,23,24	0,7,14,22
2	1	828	12	818	194	1,2	0,17,21,25	0,15,23,24	0,8,14,22
2	1	828	12	818	194	1,2	12,17,21,25	0,13,15,24	0,7,8,14
2	1	828	12	818	194	1,2	12,17,21,25	0,13,15,24	0,7,8,22
2	1	828	12	818	194	1,2	12,17,21,25	0,13,15,24	7,8,14,22
2	1	828	12	818	194	1,2	12,17,21,25	0,15,23,24	0,7,8,14
2	1	828	12	818	194	1,2	12,17,21,25	0,15,23,24	0,7,8,22
2	1	828	12	818	194	1,2	12,17,21,25	0,15,23,24	7,8,14,22
2	1	828	12	818	195	1,2	0,12,17,21	0,13,15,24	0,7,8,22
2	1	828	12	818	195	1,2	0,12,17,21	0,13,15,24	0,7,14,22
2	1	828	12	818	195	1,2	0,12,17,21	0,13,23,24	0,7,14,22
2	1	828	12	818	195	1,2	0,12,17,21	0,15,23,24	0,7,8,22
2	1	828	12	818	195	1,2	0,12,17,21	0,15,23,24	0,7,14,22
2	1	828	12	818	195	1,2	0,12,17,21	0,15,23,24	0,8,14,22
2	1	828	12	818	195	1,2	0,12,17,25	0,13,15,23	0,7,8,22
2	1	828	12	818	195	1,2	0,12,17,25	0,13,15,23	7,8,14,22
2	1	828	12	818	195	1,2	0,12,17,25	0,13,23,24	0,7,8,22
2	1	828	12	818	195	1,2	0,12,17,25	0,13,23,24	0,8,14,22
2	1	828	12	818	195	1,2	0,12,17,25	0,13,23,24	7,8,14,22
2	1	828	12	818	195	1,2	0,12,17,25	0,15,23,24	0,7,8,22
2	1	828	12	818	195	1,2	0,12,17,25	0,15,23,24	7,8,14,22
2	1	828	12	818	195	1,2	0,12,17,25	13,15,23,24	0,7,8,14
2	1	828	12	818	195	1,2	0,12,17,25	13,15,23,24	0,7,8,22
2	1	828	12	818	195	1,2	0,12,21,25	0,13,15,23	0,8,14,22
2	1	828	12	818	195	1,2	0,12,21,25	0,13,15,24	0,7,8,14
2	1	828	12	818	195	1,2	0,12,21,25	0,13,15,24	0,7,14,22
2	1	828	12	818	195	1,2	0,12,21,25	0,13,15,24	0,8,14,22
2	1	828	12	818	195	1,2	0,12,21,25	0,15,23,24	0,7,8,14
2	1	828	12	818	195	1,2	0,12,21,25	0,15,23,24	0,8,14,22
2	1	828	12	818	195	1,2	0,17,21,25	0,13,15,23	0,7,8,14
2	1	828	12	818	195	1,2	0,17,21,25	0,13,15,23	0,7,14,22
2	1	828	12	818	195	1,2	0,17,21,25	0,13,15,23	7,8,14,22
2	1	828	12	818	195	1,2	0,17,21,25	0,13,15,24	0,7,8,14
2	1	828	12	818	195	1,2	0,17,21,25	0,13,15,24	7,8,14,22
2	1	828	12	818	195	1,2	0,17,21,25	0,13,23,24	0,7,8,14
2	1	828	12	818	195	1,2	0,17,21,25	0,13,23,24	7,8,14,22
2	1	828	12	818	195	1,2	0,17,21,25	13,15,23,24	0,7,8,14
2	1	828	12	818	195	1,2	0,17,21,25	13,15,23,24	0,7,8,22
2	1	828	12	818	195	1,2	12,17,21,25	0,13,15,23	0,7,14,22
2	1	828	12	818	195	1,2	12,17,21,25	0,13,15,23	0,8,14,22
2	1	828	12	818	195	1,2	12,17,21,25	0,13,23,24	0,7,14,22
2	1	828	12	818	195	1,2	12,17,21,25	0,13,23,24	0,8,14,22
2	1	828	12	818	195	1,2	12,17,21,25	13,15,23,24	0,7,14,22
2	1	828	12	818	195	1,2	12,17,21,25	13,15,23,24	0,8,14,22
3	0	828	12	818	194	9,18	0,7,8,13	0,4,5,17	0,12,16,26
3	0	828	12	818	194	9,18	0,7,8,13	0,4,5,17	0,12,21,26
3	0	828	12	818	194	9,18	0,7,8,13	0,4,5,17	0,16,21,26
3	0	828	12	818	194	9,18	0,7,8,13	0,4,5,25	0,12,21,26
3	0	828	12	818	194	9,18	0,7,8,13	0,4,5,25	0,16,21,26
3	0	828	12	818	194	9,18	0,7,8,13	0,5,17,25	0,16,21,26
3	0	828	12	818	194	9,18	0,7,8,23	0,4,5,17	0,12,16,21
3	0	828	12	818	194	9,18	0,7,8,23	0,4,5,17	0,12,16,26
3	0	828	12	818	194	9,18	0,7,8,23	0,4,5,25	0,12,16,21
3	0	828	12	818	194	9,18	0,7,8,23	0,4,5,25	0,12,16,26
3	0	828	12	818	194	9,18	0,7,8,23	0,4,5,25	0,16,21,26
3	0	828	12	818	194	9,18	0,7,8,23	0,4,17,25	0,12,16,26
3	0	828	12	818	194	9,18	0,7,13,23	0,4,5,17	0,12,21,26
3	0	828	12	818	194	9,18	0,7,13,23	0,4,5,17	12,16,21,26
3	0	828	12	818	194	9,18	0,7,13,23	0,4,17,25	0,12,21,26
3	0	828	12	818	194	9,18	0,7,13,23	0,4,17,25	12,16,21,26
3	0	828	12	818	194	9,18	0,7,13,23	0,5,17,25	0,12,16,26
3	0	828	12	818	194	9,18	0,7,13,23	0,5,17,25	0,12,21,26
3	0	828	12	818	194	9,18	0,7,13,23	0,5,17,25	12,16,21,26
3	0	828	12	818	194	9,18	0,7,13,23	4,5,17,25	0,12,16,21
3	0	828	12	818	194	9,18	0,7,13,23	4,5,17,25	0,12,21,26
3	0	828	12	818	194	9,18	0,8,13,23	0,4,5,25	0,12,16,21
3	0	828	12	818	194	9,18	0,8,13,23	0,4,5,25	12,16,21,26
3	0	828	12	818	194	9,18	0,8,13,23	0,4,17,25	0,12,16,21
3	0	828	12	818	194	9,18	0,8,13,23	0,4,17,25	0,16,21,26
3	0	828	12	818	194	9,18	0,8,13,23	0,4,17,25	12,16,21,26
3	0	828	12	818	194	9,18	0,8,13,23	0,5,17,25	0,12,16,21
3	0	828	12	818	194	9,18	0,8,13,23	0,5,17,25	12,16,21,26
3	0	828	12	818	194	9,18	0,8,13,23	4,5,17,25	0,12,16,21
3	0	828	12	818	194	9,18	0,8,13,23	4,5,17,25	0,12,21,26
3	0	828	12	818	194	9,18	7,8,13,23	0,4,17,25	0,12,16,26
3	0	828	12	818	194	9,18	7,8,13,23	0,4,17,25	0,16,21,26
3	0	828	12	818	194	9,18	7,8,13,23	0,5,17,25	0,12,16,26
3	0	828	12	818	194	9,18	7,8,13,23	0,5,17,25	0,16,21,26
3	0	828	12	818	194	9,18	7,8,13,23	4,5,17,25	0,12,16,26
3	0	828	12	818	194	9,18	7,8,13,23	4,5,17,25	0,16,21,26
3	0	828	12	818	195	9,18	0,7,8,13	0,4,5,25	0,12,21,26
3	0	828	12	818	195	9,18	0,7,8,13	0,4,17,25	0,12,16,21
3	0	828	12	818	195	9,18	0,7,8,13	0,4,17,25	0,12,16,26
3	0	828	12	818	195	9,18	0,7,8,13	0,4,17,25	0,12,21,26
3	0	828	12	818	195	9,18	0,7,8,13	0,4,17,25	12,16,21,26
3	0	828	12	818	195	9,18	0,7,8,13	0,5,17,25	12,16,21,26
3	0	828	12	818	195	9,18	0,7,8,13	4,5,17,25	0,12,16,21
3	0	828	12	818	195	9,18	0,7,8,13	4,5,17,25	0,12,16,26
3	0	828	12	818	195	9,18	0,7,8,13	4,5,17,25	0,12,21,26
3	0	828	12	818	195	9,18	0,7,8,23	0,4,5,17	0,12,16,21
3	0	828	12	818	195	9,18	0,7,8,23	0,4,17,25	12,16,21,26
3	0	828	12	818	195	9,18	0,7,8,23	0,5,17,25	0,12,16,21
3	0	828	12	818	195	9,18	0,7,8,23	0,5,17,25	0,12,21,26
3	0	828	12	818	195	9,18	0,7,8,23	0,5,17,25	0,16,21,26
3	0	828	12	818	195	9,18	0,7,8,23	0,5,17,25	12,16,21,26
3	0	828	12	818	195	9,18	0,7,8,23	4,5,17,25	0,12,16,21
3	0	828	12	818	195	9,18	0,7,8,23	4,5,17,25	0,12,21,26
3	0	828	12	818	195	9,18	0,7,8,23	4,5,17,25	0,16,21,26
3	0	828	12	818	195	9,18	0,7,13,23	0,4,5,17	0,16,21,26
3	0	828	12	818	195	9,18	0,7,13,23	0,4,5,25	0,12,16,21
3	0	828	12	818	195	9,18	0,7,13,23	0,4,5,25	0,12,16,26
3	0	828	12	818	195	9,18	0,7,13,23	0,4,5,25	0,16,21,26
3	0	828	12	818	195	9,18	0,7,13,23	0,5,17,25	0,12,16,26
3	0	828	12	818	195	9,18	0,7,13,23	0,5,17,25	0,16,21,26
3	0	828	12	818	195	9,18	0,8,13,23	0,4,5,17	0,12,16,26
3	0	828	12	818	195	9,18	0,8,13,23	0,4,5,17	0,12,21,26
3	0	828	12	818	195	9,18	0,8,13,23	0,4,5,17	0,16,21,26
3	0	828	12	818	195	9,18	0,8,13,23	0,4,5,25	0,12,16,26
3	0	828	12	818	195	9,18	0,8,13,23	0,4,17,25	0,12,16,26
3	0	828	12	818	195	9,18	0,8,13,23	0,4,17,25	0,16,21,26
3	0	828	12	818	195	9,18	7,8,13,23	0,4,5,17	0,12,16,21
3	0	828	12	818	195	9,18	7,8,13,23	0,4,5,17	0,12,21,26
3	0	828	12	818	195	9,18	7,8,13,23	0,4,5,17	12,16,21,26
3	0	828	12	818	195	9,18	7,8,13,23	0,4,5,25	0,12,16,21
3	0	828	12	818	195	9,18	7,8,13,23	0,4,5,25	0,12,21,26
3	0	828	12	818	195	9,18	7,8,13,23	0,4,5,25	12,16,21,26
3	1	828	12	818	194	9,18	0,7,8,13	0,4,5,17	0,12,16,26
3	1	828	12	818	194	9,18	0,7,8,13	0,4,5,17	0,12,21,26
3	1	828	12	818	194	9,18	0,7,8,13	0,4,5,17	0,16,21,26
3	1	828	12	818	194	9,18	0,7,8,13	0,4,5,25	0,12,21,26
3	1	828	12	818	194	9,18	0,7,8,13	0,4,5,25	0,16,21,26
3	1	828	12	818	194	9,18	0,7,8,13	0,5,17,25	0,16,21,26
3	1	828	12	818	194	9,18	0,7,8,23	0,4,5,17	0,12,16,21
3	1	828	12	818	194	9,18	0,7,8,23	0,4,5,17	0,12,16,26
3	1	828	12	818	194	9,18	0,7,8,23	0,4,5,25	0,12,16,21
3	1	828	12	818	194	9,18	0,7,8,23	0,4,5,25	0,12,16,26
3	1	828	12	818	194	9,18	0,7,8,23	0,4,5,25	0,16,21,26
3	1	828	12	818	194	9,18	0,7,8,23	0,4,17,25	0,12,16,26
3	1	828	12	818	194	9,18	0,7,13,23	0,4,5,17	0,12,21,26
3	1	828	12	818	194	9,18	0,7,13,23	0,4,5,17	12,16,21,26
3	1	828	12	818	194	9,18	0,7,13,23	0,4,17,25	0,12,21,26
3	1	828	12	818	194	9,18	0,7,13,23	0,4,17,25	12,16,21,26
3	1	828	12	818	194	9,18	0,7,13,23	0,5,17,25	0,12,16,26
3	1	828	12	818	194	9,18	0,7,13,23	0,5,17,25	0,12,21,26
3	1	828	12	818	194	9,18	0,7,13,23	0,5,17,25	12,16,21,26
3	1	828	12	818	194	9,18	0,7,13,23	4,5,17,25	0,12,16,21
3	1	828	12	818	194	9,18	0,7,13,23	4,5,17,25	0,12,21,26
3	1	828	12	818	194	9,18	0,8,13,23	0,4,5,25	0,12,16,21
3	1	828	12	818	194	9,18	0,8,13,23	0,4,5,25	12,16,21,26
3	1	828	12	818	194	9,18	0,8,13,23	0,4,17,25	0,12,16,21
3	1	828	12	818	194	9,18	0,8,13,23	0,4,17,25	0,16,21,26
3	1	828	12	818	194	9,18	0,8,13,23	0,4,17,25	12,16,21,26
3	1	828	12	818	194	9,18	0,8,13,23	0,5,17,25	0,12,16,21
3	1	828	12	818	194	9,18	0,8,13,23	0,5,17,25	12,16,21,26
3	1	828	12	818	194	9,18	0,8,13,23	4,5,17,25	0,12,16,21
3	1	828	12	818	194	9,18	0,8,13,23	4,5,17,25	0,12,21,26
3	1	828	12	818	194	9,18	7,8,13,23	0,4,17,25	0,12,16,26
3	1	828	12	818	194	9,18	7,8,13,23	0,4,17,25	0,16,21,26
3	1	828	12	818	194	9,18	7,8,13,23	0,5,17,25	0,12,16,26
3	1	828	12	818	194	9,18	7,8,13,23	0,5,17,25	0,16,21,26
3	1	828	12	818	194	9,18	7,8,13,23	4,5,17,25	0,12,16,26
3	1	828	12	818	194	9,18	7,8,13,23	4,5,17,25	0,16,21,26
3	1	828	12	818	195	9,18	0,7,8,13	0,4,5,25	0,12,21,26
3	1	828	12	818	195	9,18	0,7,8,13	0,4,17,25	0,12,16,21
3	1	828	12	818	195	9,18	0,7,8,13	0,4,17,25	0,12,16,26
3	1	828	12	818	195	9,18	0,7,8,13	0,4,17,25	0,12,21,26
3	1	828	12	818	195	9,18	0,7,8,13	0,4,17,25	12,16,21,26
3	1	828	12	818	195	9,18	0,7,8,13	0,5,17,25	12,16,21,26
3	1	828	12	818	195	9,18	0,7,8,13	4,5,17,25	0,12,16,21
3	1	828	12	818	195	9,18	0,7,8,13	4,5,17,25	0,12,16,26
3	1	828	12	818	195	9,18	0,7,8,13	4,5,17,25	0,12,21,26
3	1	828	12	818	195	9,18	0,7,8,23	0,4,5,17	0,12,16,21
3	1	828	12	818	195	9,18	0,7,8,23	0,4,17,25	12,16,21,26
3	1	828	12	818	195	9,18	0,7,8,23	0,5,17,25	0,12,16,21
3	1	828	12	818	195	9,18	0,7,8,23	0,5,17,25	0,12,21,26
3	1	828	12	818	195	9,18	0,7,8,23	0,5,17,25	0,16,21,26
3	1	828	12	818	195	9,18	0,7,8,23	0,5,17,25	12,16,21,26
3	1	828	12	818	195	9,18	0,7,8,23	4,5,17,25	0,12,16,21
3	1	828	12	818	195	9,18	0,7,8,23	4,5,17,25	0,12,21,26
3	1	828	12	818	195	9,18	0,7,8,23	4,5,17,25	0,16,21,26
3	1	828	12	818	195	9,18	0,7,13,23	0,4,5,17	0,16,21,26
3	1	828	12	818	195	9,18	0,7,13,23	0,4,5,25	0,12,16,21
3	1	828	12	818	195	9,18	0,7,13,23	0,4,5,25	0,12,16,26
3	1	828	12	818	195	9,18	0,7,13,23	0,4,5,25	0,16,21,26
3	1	828	12	818	195	9,18	0,7,13,23	0,5,17,25	0,12,16,26
3	1	828	12	818	195	9,18	0,7,13,23	0,5,17,25	0,16,21,26
3	1	828	12	818	195	9,18	0,8,13,23	0,4,5,17	0,12,16,26
3	1	828	12	818	195	9,18	0,8,13,23	0,4,5,17	0,12,21,26
3	1	828	12	818	195	9,18	0,8,13,23	0,4,5,17	0,16,21,26
3	1	828	12	818	195	9,18	0,8,13,23	0,4,5,25	0,12,16,26
3	1	828	12	818	195	9,18	0,8,13,23	0,4,17,25	0,12,16,26
3	1	828	12	818	195	9,18	0,8,13,23	0,4,17,25	0,16,21,26
3	1	828	12	818	195	9,18	7,8,13,23	0,4,5,17	0,12,16,21
3	1	828	12	818	195	9,18	7,8,13,23	0,4,5,17	0,12,21,26
3	1	828	12	818	195	9,18	7,8,13,23	0,4,5,17	12,16,21,26
3	1	828	12	818	195	9,18	7,8,13,23	0,4,5,25	0,12,16,21
3	1	828	12	818	195	9,18	7,8,13,23	0,4,5,25	0,12,21,26
3	1	828	12	818	195	9,18	7,8,13,23	0,4,5,25	12,16,21,26
0	0	828	27	818	39	1,2	0,13,15,23	0,12,17,21	0,7,8,14
0	0	828	27	818	39	1,2	0,13,15,23	0,12,17,21	0,7,8,22
0	0	828	27	818	39	1,2	0,13,15,23	0,12,21,25	7,8,14,22
0	0	828	27	818	39	1,2	0,13,15,23	12,17,21,25	0,7,14,22
0	0	828	27	818	39	1,2	0,13,15,24	0,12,17,25	0,7,8,14
0	0	828	27	818	39	1,2	0,13,15,24	0,12,17,25	0,7,14,22
0	0	828	27	818	39	1,2	0,13,15,24	0,12,21,25	0,7,8,14
0	0	828	27	818	39	1,2	0,13,15,24	0,12,21,25	0,7,14,22
0	0	828	27	818	39	1,2	0,13,15,24	0,12,21,25	0,8,14,22
0	0	828	27	818	39	1,2	0,13,15,24	0,17,21,25	0,7,8,14
0	0	828	27	818	39	1,2	0,13,15,24	0,17,21,25	0,8,14,22
0	0	828	27	818	39	1,2	0,13,15,24	12,17,21,25	0,7,8,22
0	0	828	27	818	39	1,2	0,13,23,24	0,12,17,21	0,7,14,22
0	0	828	27	818	39	1,2	0,13,23,24	0,12,17,25	0,7,8,22
0	0	828	27	818	39	1,2	0,13,23,24	0,12,17,25	0,7,14,22
0	0	828	27	818	39	1,2	0,13,23,24	0,12,17,25	7,8,14,22
0	0	828	27	818	39	1,2	0,13,23,24	0,17,21,25	0,7,8,14
0	0	828	27	818	39	1,2	0,13,23,24	0,17,21,25	7,8,14,22
0	0	828	27	818	39	1,2	0,13,23,24	12,17,21,25	0,7,14,22
0	0	828	27	818	39	1,2	0,13,23,24	12,17,21,25	0,8,14,22
0	0	828	27	818	39	1,2	0,15,23,24	0,12,17,21	0,7,14,22
0	0	828	27	818	39	1,2	0,15,23,24	0,12,21,25	0,7,8,14
0	0	828	27	818	39	1,2	0,15,23,24	0,17,21,25	0,7,14,22
0	0	828	27	818	39	1,2	0,15,23,24	12,17,21,25	7,8,14,22
0	0	828	27	818	39	1,2	13,15,23,24	0,12,17,21	0,8,14,22
0	0	828	27	818	39	1,2	13,15,23,24	0,12,17,25	0,7,14,22
0	0	828	27	818	39	1,2	13,15,23,24	0,12,21,25	0,7,14,22
0	0	828	27	818	39	1,2	13,15,23,24	0,17,21,25	0,8,14,22
0	0	828	27	818	40	1,2	0,13,15,23	0,12,17,25	0,7,8,22
0	0	828	27	818	40	1,2	0,13,15,23	0,12,17,25	7,8,14,22
0	0	828	27	818	40	1,2	0,13,15,23	0,12,21,25	0,8,14,22
0	0	828	27	818	40	1,2	0,13,15,23	0,17,21,25	0,7,8,14
0	0	828	27	818	40	1,2	0,13,15,23	0,17,21,25	0,8,14,22
0	0	828	27	818	40	1,2	0,13,15,23	0,17,21,25	7,8,14,22
0	0	828	27	818	40	1,2	0,13,15,23	12,17,21,25	0,7,14,22
0	0	828	27	818	40	1,2	0,13,15,23	12,17,21,25	0,8,14,22
0	0	828	27	818	40	1,2	0,13,15,24	0,12,17,21	0,7,8,22
0	0	828	27	818	40	1,2	0,13,15,24	0,12,17,25	0,8,14,22
0	0	828	27	818	40	1,2	0,13,15,24	0,12,21,25	0,8,14,22
0	0	828	27	818	40	1,2	0,13,15,24	12,17,21,25	7,8,14,22
0	0	828	27	818	40	1,2	0,13,23,24	0,12,17,21	7,8,14,22
0	0	828	27	818	40	1,2	0,13,23,24	0,12,21,25	0,7,8,14
0	0	828	27	818	40	1,2	0,13,23,24	0,12,21,25	0,7,8,22
0	0	828	27	818	40	1,2	0,13,23,24	12,17,21,25	0,8,14,22
0	0	828	27	818	40	1,2	0,15,23,24	0,12,17,21	0,7,8,22
0	0	828	27	818	40	1,2	0,15,23,24	0,12,17,21	0,7,14,22
0	0	828	27	818	40	1,2	0,15,23,24	0,12,17,21	0,8,14,22
0	0	828	27	818	40	1,2	0,15,23,24	0,12,17,25	0,7,8,22
0	0	828	27	818	40	1,2	0,15,23,24	0,12,17,25	0,7,14,22
0	0	828	27	818	40	1,2	0,15,23,24	0,17,21,25	0,7,8,22
0	0	828	27	818	40	1,2	0,15,23,24	0,17,21,25	0,8,14,22
0	0	828	27	818	40	1,2	0,15,23,24	12,17,21,25	0,7,8,14
0	0	828	27	818	40	1,2	13,15,23,24	0,12,17,21	0,8,14,22
0	0	828	27	818	40	1,2	13,15,23,24	0,12,17,25	0,7,14,22
0	0	828	27	818	40	1,2	13,15,23,24	0,12,21,25	0,7,14,22
0	0	828	27	818	40	1,2	13,15,23,24	0,17,21,25	0,8,14,22
0	1	828	27	818	39	9,18	0,7,8,13	0,4,5,17	0,14,15,22
0	1	828	27	818	39	9,18	0,7,8,13	0,4,5,17	0,14,22,24
0	1	828	27	818	39	9,18	0,7,8,13	0,4,5,17	0,15,22,24
0	1	828	27	818	39	9,18	0,7,8,13	0,4,17,25	0,14,15,22
0	1	828	27	818	39	9,18	0,7,8,13	0,4,17,25	0,15,22,24
0	1	828	27	818	39	9,18	0,7,8,13	0,5,17,25	0,14,22,24
0	1	828	27	818	39	9,18	0,7,8,13	0,5,17,25	0,15,22,24
0	1	828	27	818	39	9,18	0,7,8,13	4,5,17,25	0,14,15,24
0	1	828	27	818	39	9,18	0,7,8,23	0,4,5,17	0,15,22,24
0	1	828	27	818	39	9,18	0,7,8,23	0,4,5,25	0,14,15,22
0	1	828	27	818	39	9,18	0,7,8,23	0,5,17,25	0,14,15,22
0	1	828	27	818	39	9,18	0,7,8,23	4,5,17,25	14,15,22,24
0	1	828	27	818	39	9,18	0,7,13,23	0,4,5,17	14,15,22,24
0	1	828	27	818	39	9,18	0,7,13,23	0,4,5,25	0,14,15,24
0	1	828	27	818	39	9,18	0,7,13,23	0,4,5,25	0,15,22,24
0	1	828	27	818	39	9,18	0,7,13,23	4,5,17,25	0,14,15,22
0	1	828	27	818	39	9,18	0,8,13,23	0,4,5,25	0,14,15,22
0	1	828	27	818	39	9,18	0,8,13,23	0,4,17,25	0,14,15,22
0	1	828	27	818	39	9,18	0,8,13,23	0,4,17,25	0,14,15,24
0	1	828	27	818	39	9,18	0,8,13,23	0,4,17,25	14,15,22,24
0	1	828	27	818	39	9,18	0,8,13,23	0,5,17,25	0,15,22,24
0	1	828	27	818	39	9,18	0,8,13,23	0,5,17,25	14,15,22,24
0	1	828	27	818	39	9,18	0,8,13,23	4,5,17,25	0,14,15,22
0	1	828	27	818	39	9,18	0,8,13,23	4,5,17,25	0,14,22,24
0	1	828	27	818	39	9,18	7,8,13,23	0,4,5,17	0,14,15,22
0	1	828	27	818	39	9,18	7,8,13,23	0,4,5,25	0,14,22,24
0	1	828	27	818	39	9,18	7,8,13,23	0,4,17,25	0,14,15,22
0	1	828	27	818	39	9,18	7,8,13,23	0,5,17,25	0,14,22,24
0	1	828	27	818	40	9,18	0,7,8,13	0,4,5,17	0,14,22,24
0	1	828	27	818	40	9,18	0,7,8,13	0,4,5,25	0,14,15,24
0	1	828	27	818	40	9,18	0,7,8,13	0,4,17,25	0,14,22,24
0	1	828	27	818	40	9,18	0,7,8,13	4,5,17,25	14,15,22,24
0	1	828	27	818	40	9,18	0,7,8,23	0,4,5,25	0,14,15,22
0	1	828	27	818	40	9,18	0,7,8,23	0,4,5,25	0,14,15,24
0	1	828	27	818	40	9,18	0,7,8,23	0,4,5,25	0,14,22,24
0	1	828	27	818	40	9,18	0,7,8,23	0,4,17,25	0,14,15,22
0	1	828	27	818	40	9,18	0,7,8,23	0,4,17,25	0,14,15,24
0	1	828	27	818	40	9,18	0,7,8,23	0,5,17,25	0,14,15,24
0	1	828	27	818	40	9,18	0,7,8,23	0,5,17,25	0,14,22,24
0	1	828	27	818	40	9,18	0,7,8,23	4,5,17,25	0,15,22,24
0	1	828	27	818	40	9,18	0,7,13,23	0,4,5,17	0,14,22,24
0	1	828	27	818	40	9,18	0,7,13,23	0,4,17,25	0,14,15,24
0	1	828	27	818	40	9,18	0,7,13,23	0,4,17,25	14,15,22,24
0	1	828	27	818	40	9,18	0,7,13,23	0,5,17,25	0,14,22,24
0	1	828	27	818	40	9,18	0,7,13,23	0,5,17,25	0,15,22,24
0	1	828	27	818	40	9,18	0,7,13,23	0,5,17,25	14,15,22,24
0	1	828	27	818	40	9,18	0,7,13,23	4,5,17,25	0,14,15,22
0	1	828	27	818	40	9,18	0,7,13,23	4,5,17,25	0,14,22,24
0	1	828	27	818	40	9,18	0,8,13,23	0,4,5,17	0,14,15,24
0	1	828	27	818	40	9,18	0,8,13,23	0,4,5,17	0,15,22,24
0	1	828	27	818	40	9,18	0,8,13,23	0,4,5,25	14,15,22,24
0	1	828	27	818	40	9,18	0,8,13,23	4,5,17,25	0,14,22,24
0	1	828	27	818	40	9,18	7,8,13,23	0,4,5,17	0,14,15,22
0	1	828	27	818	40	9,18	7,8,13,23	0,4,5,25	0,14,22,24
0	1	828	27	818	40	9,18	7,8,13,23	0,4,17,25	0,14,15,22
0	1	828	27	818	40	9,18	7,8,13,23	0,5,17,25	0,14,22,24
1	0	828	27	818	39	1,2	0,13,15,23	0,12,17,21	0,7,8,14
1	0	828	27	818	39	1,2	0,13,15,23	0,12,17,21	0,7,8,22
1	0	828	27	818	39	1,2	0,13,15,23	0,12,21,25	7,8,14,22
1	0	828	27	818	39	1,2	0,13,15,23	12,17,21,25	0,7,14,22
1	0	828	27	818	39	1,2	0,13,15,24	0,12,17,25	0,7,8,14
1	0	828	27	818	39	1,2	0,13,15,24	0,12,17,25	0,7,14,22
1	0	828	27	818	39	1,2	0,13,15,24	0,12,21,25	0,7,8,14
1	0	828	27	818	39	1,2	0,13,15,24	0,12,21,25	0,7,14,22
1	0	828	27	818	39	1,2	0,13,15,24	0,12,21,25	0,8,14,22
1	0	828	27	818	39	1,2	0,13,15,24	0,17,21,25	0,7,8,14
1	0	828	27	818	39	1,2	0,13,15,24	0,17,21,25	0,8,14,22
1	0	828	27	818	39	1,2	0,13,15,24	12,17,21,25	0,7,8,22
1	0	828	27	818	39	1,2	0,13,23,24	0,12,17,21	0,7,14,22
1	0	828	27	818	39	1,2	0,13,23,24	0,12,17,25	0,7,8,22
1	0	828	27	818	39	1,2	0,13,23,24	0,12,17,25	0,7,14,22
1	0	828	27	818	39	1,2	0,13,23,24	0,12,17,25	7,8,14,22
1	0	828	27	818	39	1,2	0,13,23,24	0,17,21,25	0,7,8,14
1	0	828	27	818	39	1,2	0,13,23,24	0,17,21,25	7,8,14,22
1	0	828	27	818	39	1,2	0,13,23,24	12,17,21,25	0,7,14,22
1	0	828	27	818	39	1,2	0,13,23,24	12,17,21,25	0,8,14,22
1	0	828	27	818	39	1,2	0,15,23,24	0,12,17,21	0,7,14,22
1	0	828	27	818	39	1,2	0,15,23,24	0,12,21,25	0,7,8,14
1	0	828	27	818	39	1,2	0,15,23,24	0,17,21,25	0,7,14,22
1	0	828	27	818	39	1,2	0,15,23,24	12,17,21,25	7,8,14,22
1	0	828	27	818	39	1,2	13,15,23,24	0,12,17,21	0,8,14,22
1	0	828	27	818	39	1,2	13,15,23,24	0,12,17,25	0,7,14,22
1	0	828	27	818	39	1,2	13,15,23,24	0,12,21,25	0,7,14,22
1	0	828	27	818	39	1,2	13,15,23,24	0,17,21,25	0,8,14,22
1	0	828	27	818	40	1,2	0,13,15,23	0,12,17,25	0,7,8,22
1	0	828	27	818	40	1,2	0,13,15,23	0,12,17,25	7,8,14,22
1	0	828	27	818	40	1,2	0,13,15,23	0,12,21,25	0,8,14,22
1	0	828	27	818	40	1,2	0,13,15,23	0,17,21,25	0,7,8,14
1	0	828	27	818	40	1,2	0,13,15,23	0,17,21,25	0,8,14,22
1	0	828	27	818	40	1,2	0,13,15,23	0,17,21,25	7,8,14,22
1	0	828	27	818	40	1,2	0,13,15,23	12,17,21,25	0,7,14,22
1	0	828	27	818	40	1,2	0,13,15,23	12,17,21,25	0,8,14,22
1	0	828	27	818	40	1,2	0,13,15,24	0,12,17,21	0,7,8,22
1	0	828	27	818	40	1,2	0,13,15,24	0,12,17,25	0,8,14,22
1	0	828	27	818	40	1,2	0,13,15,24	0,12,21,25	0,8,14,22
1	0	828	27	818	40	1,2	0,13,15,24	12,17,21,25	7,8,14,22
1	0	828	27	818	40	1,2	0,13,23,24	0,12,17,21	7,8,14,22
1	0	828	27	818	40	1,2	0,13,23,24	0,12,21,25	0,7,8,14
1	0	828	27	818	40	1,2	0,13,23,24	0,12,21,25	0,7,8,22
1	0	828	27	818	40	1,2	0,13,23,24	12,17,21,25	0,8,14,22
1	0	828	27	818	40	1,2	0,15,23,24	0,12,17,21	0,7,8,22
1	0	828	27	818	40	1,2	0,15,23,24	0,12,17,21	0,7,14,22
1	0	828	27	818	40	1,2	0,15,23,24	0,12,17,21	0,8,14,22
1	0	828	27	818	40	1,2	0,15,23,24	0,12,17,25	0,7,8,22
1	0	828	27	818	40	1,2	0,15,23,24	0,12,17,25	0,7,14,22
1	0	828	27	818	40	1,2	0,15,23,24	0,17,21,25	0,7,8,22
1	0	828	27	818	40	1,2	0,15,23,24	0,17,21,25	0,8,14,22
1	0	828	27	818	40	1,2	0,15,23,24	12,17,21,25	0,7,8,14
1	0	828	27	818	40	1,2	13,15,23,24	0,12,17,21	0,8,14,22
1	0	828	27	818	40	1,2	13,15,23,24	0,12,17,25	0,7,14,22
1	0	828	27	818	40	1,2	13,15,23,24	0,12,21,25	0,7,14,22
1	0	828	27	818	40	1,2	13,15,23,24	0,17,21,25	0,8,14,22
1	1	828	27	818	39	9,18	0,7,8,13	0,4,5,17	0,14,15,22
1	1	828	27	818	39	9,18	0,7,8,13	0,4,5,17	0,14,22,24
1	1	828	27	818	39	9,18	0,7,8,13	0,4,5,17	0,15,22,24
1	1	828	27	818	39	9,18	0,7,8,13	0,4,17,25	0,14,15,22
1	1	828	27	818	39	9,18	0,7,8,13	0,4,17,25	0,15,22,24
1	1	828	27	818	39	9,18	0,7,8,13	0,5,17,25	0,14,22,24
1	1	828	27	818	39	9,18	0,7,8,13	0,5,17,25	0,15,22,24
1	1	828	27	818	39	9,18	0,7,8,13	4,5,17,25	0,14,15,24
1	1	828	27	818	39	9,18	0,7,8,23	0,4,5,17	0,15,22,24
1	1	828	27	818	39	9,18	0,7,8,23	0,4,5,25	0,14,15,22
1	1	828	27	818	39	9,18	0,7,8,23	0,5,17,25	0,14,15,22
1	1	828	27	818	39	9,18	0,7,8,23	4,5,17,25	14,15,22,24
1	1	828	27	818	39	9,18	0,7,13,23	0,4,5,17	14,15,22,24
1	1	828	27	818	39	9,18	0,7,13,23	0,4,5,25	0,14,15,24
1	1	828	27	818	39	9,18	0,7,13,23	0,4,5,25	0,15,22,24
1	1	828	27	818	39	9,18	0,7,13,23	4,5,17,25	0,14,15,22
1	1	828	27	818	39	9,18	0,8,13,23	0,4,5,25	0,14,15,22
1	1	828	27	818	39	9,18	0,8,13,23	0,4,17,25	0,14,15,22
1	1	828	27	818	39	9,18	0,8,13,23	0,4,17,25	0,14,15,24
1	1	828	27	818	39	9,18	0,8,13,23	0,4,17,25	14,15,22,24
1	1	828	27	818	39	9,18	0,8,13,23	0,5,17,25	0,15,22,24
1	1	828	27	818	39	9,18	0,8,13,23	0,5,17,25	14,15,22,24
1	1	828	27	818	39	9,18	0,8,13,23	4,5,17,25	0,14,15,22
1	1	828	27	818	39	9,18	0,8,13,23	4,5,17,25	0,14,22,24
1	1	828	27	818	39	9,18	7,8,13,23	0,4,5,17	0,14,15,22
1	1	828	27	818	39	9,18	7,8,13,23	0,4,5,25	0,14,22,24
1	1	828	27	818	39	9,18	7,8,13,23	0,4,17,25	0,14,15,22
1	1	828	27	818	39	9,18	7,8,13,23	0,5,17,25	0,14,22,24
1	1	828	27	818	40	9,18	0,7,8,13	0,4,5,17	0,14,22,24
1	1	828	27	818	40	9,18	0,7,8,13	0,4,5,25	0,14,15,24
1	1	828	27	818	40	9,18	0,7,8,13	0,4,17,25	0,14,22,24
1	1	828	27	818	40	9,18	0,7,8,13	4,5,17,25	14,15,22,24
1	1	828	27	818	40	9,18	0,7,8,23	0,4,5,25	0,14,15,22
1	1	828	27	818	40	9,18	0,7,8,23	0,4,5,25	0,14,15,24
1	1	828	27	818	40	9,18	0,7,8,23	0,4,5,25	0,14,22,24
1	1	828	27	818	40	9,18	0,7,8,23	0,4,17,25	0,14,15,22
1	1	828	27	818	40	9,18	0,7,8,23	0,4,17,25	0,14,15,24
1	1	828	27	818	40	9,18	0,7,8,23	0,5,17,25	0,14,15,24
1	1	828	27	818	40	9,18	0,7,8,23	0,5,17,25	0,14,22,24
1	1	828	27	818	40	9,18	0,7,8,23	4,5,17,25	0,15,22,24
1	1	828	27	818	40	9,18	0,7,13,23	0,4,5,17	0,14,22,24
1	1	828	27	818	40	9,18	0,7,13,23	0,4,17,25	0,14,15,24
1	1	828	27	818	40	9,18	0,7,13,23	0,4,17,25	14,15,22,24
1	1	828	27	818	40	9,18	0,7,13,23	0,5,17,25	0,14,22,24
1	1	828	27	818	40	9,18	0,7,13,23	0,5,17,25	0,15,22,24
1	1	828	27	818	40	9,18	0,7,13,23	0,5,17,25	14,15,22,24
1	1	828	27	818	40	9,18	0,7,13,23	4,5,17,25	0,14,15,22
1	1	828	27	818	40	9,18	0,7,13,23	4,5,17,25	0,14,22,24
1	1	828	27	818	40	9,18	0,8,13,23	0,4,5,17	0,14,15,24
1	1	828	27	818	40	9,18	0,8,13,23	0,4,5,17	0,15,22,24
1	1	828	27	818	40	9,18	0,8,13,23	0,4,5,25	14,15,22,24
1	1	828	27	818	40	9,18	0,8,13,23	4,5,17,25	0,14,22,24
1	1	828	27	818	40	9,18	7,8,13,23	0,4,5,17	0,14,15,22
1	1	828	27	818	40	9,18	7,8,13,23	0,4,5,25	0,14,22,24
1	1	828	27	818	40	9,18	7,8,13,23	0,4,17,25	0,14,15,22
1	1	828	27	818	40	9,18	7,8,13,23	0,5,17,25	0,14,22,24
2	0	828	27	818	39	1,2	0,13,15,23	0,12,17,21	0,7,8,14
2	0	828	27	818	39	1,2	0,13,15,23	0,12,17,21	0,7,8,22
2	0	828	27	818	39	1,2	0,13,15,23	0,12,21,25	7,8,14,22
2	0	828	27	818	39	1,2	0,13,15,23	12,17,21,25	0,7,14,22
2	0	828	27	818	39	1,2	0,13,15,24	0,12,17,25	0,7,8,14
2	0	828	27	818	39	1,2	0,13,15,24	0,12,17,25	0,7,14,22
2	0	828	27	818	39	1,2	0,13,15,24	0,12,21,25	0,7,8,14
2	0	828	27	818	39	1,2	0,13,15,24	0,12,21,25	0,7,14,22
2	0	828	27	818	39	1,2	0,13,15,24	0,12,21,25	0,8,14,22
2	0	828	27	818	39	1,2	0,13,15,24	0,17,21,25	0,7,8,14
2	0	828	27	818	39	1,2	0,13,15,24	0,17,21,25	0,8,14,22
2	0	828	27	818	39	1,2	0,13,15,24	12,17,21,25	0,7,8,22
2	0	828	27	818	39	1,2	0,13,23,24	0,12,17,21	0,7,14,22
2	0	828	27	818	39	1,2	0,13,23,24	0,12,17,25	0,7,8,22
2	0	828	27	818	39	1,2	0,13,23,24	0,12,17,25	0,7,14,22
2	0	828	27	818	39	1,2	0,13,23,24	0,12,17,25	7,8,14,22
2	0	828	27	818	39	1,2	0,13,23,24	0,17,21,25	0,7,8,14
2	0	828	27	818	39	1,2	0,13,23,24	0,17,21,25	7,8,14,22
2	0	828	27	818	39	1,2	0,13,23,24	12,17,21,25	0,7,14,22
2	0	828	27	818	39	1,2	0,13,23,24	12,17,21,25	0,8,14,22
2	0	828	27	818	39	1,2	0,15,23,24	0,12,17,21	0,7,14,22
2	0	828	27	818	39	1,2	0,15,23,24	0,12,21,25	0,7,8,14
2	0	828	27	818	39	1,2	0,15,23,24	0,17,21,25	0,7,14,22
2	0	828	27	818	39	1,2	0,15,23,24	12,17,21,25	7,8,14,22
2	0	828	27	818	39	1,2	13,15,23,24	0,12,17,21	0,8,14,22
2	0	828	27	818	39	1,2	13,15,23,24	0,12,17,25	0,7,14,22
2	0	828	27	818	39	1,2	13,15,23,24	0,12,21,25	0,7,14,22
2	0	828	27	818	39	1,2	13,15,23,24	0,17,21,25	0,8,14,22
2	0	828	27	818	40	1,2	0,13,15,23	0,12,17,25	0,7,8,22
2	0	828	27	818	40	1,2	0,13,15,23	0,12,17,25	7,8,14,22
2	0	828	27	818	40	1,2	0,13,15,23	0,12,21,25	0,8,14,22
2	0	828	27	818	40	1,2	0,13,15,23	0,17,21,25	0,7,8,14
2	0	828	27	818	40	1,2	0,13,15,23	0,17,21,25	0,8,14,22
2	0	828	27	818	40	1,2	0,13,15,23	0,17,21,25	7,8,14,22
2	0	828	27	818	40	1,2	0,13,15,23	12,17,21,25	0,7,14,22
2	0	828	27	818	40	1,2	0,13,15,23	12,17,21,25	0,8,14,22
2	0	828	27	818	40	1,2	0,13,15,24	0,12,17,21	0,7,8,22
2	0	828	27	818	40	1,2	0,13,15,24	0,12,17,25	0,8,14,22
2	0	828	27	818	40	1,2	0,13,15,24	0,12,21,25	0,8,14,22
2	0	828	27	818	40	1,2	0,13,15,24	12,17,21,25	7,8,14,22
2	0	828	27	818	40	1,2	0,13,23,24	0,12,17,21	7,8,14,22
2	0	828	27	818	40	1,2	0,13,23,24	0,12,21,25	0,7,8,14
2	0	828	27	818	40	1,2	0,13,23,24	0,12,21,25	0,7,8,22
2	0	828	27	818	40	1,2	0,13,23,24	12,17,21,25	0,8,14,22
2	0	828	27	818	40	1,2	0,15,23,24	0,12,17,21	0,7,8,22
2	0	828	27	818	40	1,2	0,15,23,24	0,12,17,21	0,7,14,22
2	0	828	27	818	40	1,2	0,15,23,24	0,12,17,21	0,8,14,22
2	0	828	27	818	40	1,2	0,15,23,24	0,12,17,25	0,7,8,22
2	0	828	27	818	40	1,2	0,15,23,24	0,12,17,25	0,7,14,22
2	0	828	27	818	40	1,2	0,15,23,24	0,17,21,25	0,7,8,22
2	0	828	27	818	40	1,2	0,15,23,24	0,17,21,25	0,8,14,22
2	0	828	27	818	40	1,2	0,15,23,24	12,17,21,25	0,7,8,14
2	0	828	27	818	40	1,2	13,15,23,24	0,12,17,21	0,8,14,22
2	0	828	27	818	40	1,2	13,15,23,24	0,12,17,25	0,7,14,22
2	0	828	27	818	40	1,2	13,15,23,24	0,12,21,25	0,7,14,22
2	0	828	27	818	40	1,2	13,15,23,24	0,17,21,25	0,8,14,22
2	1	828	27	818	39	9,18	0,7,8,13	0,4,5,17	0,14,15,22
2	1	828	27	818	39	9,18	0,7,8,13	0,4,5,17	0,14,22,24
2	1	828	27	818	39	9,18	0,7,8,13	0,4,5,17	0,15,22,24
2	1	828	27	818	39	9,18	0,7,8,13	0,4,17,25	0,14,15,22
2	1	828	27	818	39	9,18	0,7,8,13	0,4,17,25	0,15,22,24
2	1	828	27	818	39	9,18	0,7,8,13	0,5,17,25	0,14,22,24
2	1	828	27	818	39	9,18	0,7,8,13	0,5,17,25	0,15,22,24
2	1	828	27	818	39	9,18	0,7,8,13	4,5,17,25	0,14,15,24
2	1	828	27	818	39	9,18	0,7,8,23	0,4,5,17	0,15,22,24
2	1	828	27	818	39	9,18	0,7,8,23	0,4,5,25	0,14,15,22
2	1	828	27	818	39	9,18	0,7,8,23	0,5,17,25	0,14,15,22
2	1	828	27	818	39	9,18	0,7,8,23	4,5,17,25	14,15,22,24
2	1	828	27	818	39	9,18	0,7,13,23	0,4,5,17	14,15,22,24
2	1	828	27	818	39	9,18	0,7,13,23	0,4,5,25	0,14,15,24
2	1	828	27	818	39	9,18	0,7,13,23	0,4,5,25	0,15,22,24
2	1	828	27	818	39	9,18	0,7,13,23	4,5,17,25	0,14,15,22
2	1	828	27	818	39	9,18	0,8,13,23	0,4,5,25	0,14,15,22
2	1	828	27	818	39	9,18	0,8,13,23	0,4,17,25	0,14,15,22
2	1	828	27	818	39	9,18	0,8,13,23	0,4,17,25	0,14,15,24
2	1	828	27	818	39	9,18	0,8,13,23	0,4,17,25	14,15,22,24
2	1	828	27	818	39	9,18	0,8,13,23	0,5,17,25	0,15,22,24
2	1	828	27	818	39	9,18	0,8,13,23	0,5,17,25	14,15,22,24
2	1	828	27	818	39	9,18	0,8,13,23	4,5,17,25	0,14,15,22
2	1	828	27	818	39	9,18	0,8,13,23	4,5,17,25	0,14,22,24
2	1	828	27	818	39	9,18	7,8,13,23	0,4,5,17	0,14,15,22
2	1	828	27	818	39	9,18	7,8,13,23	0,4,5,25	0,14,22,24
2	1	828	27	818	39	9,18	7,8,13,23	0,4,17,25	0,14,15,22
2	1	828	27	818	39	9,18	7,8,13,23	0,5,17,25	0,14,22,24
2	1	828	27	818	40	9,18	0,7,8,13	0,4,5,17	0,14,22,24
2	1	828	27	818	40	9,18	0,7,8,13	0,4,5,25	0,14,15,24
2	1	828	27	818	40	9,18	0,7,8,13	0,4,17,25	0,14,22,24
2	1	828	27	818	40	9,18	0,7,8,13	4,5,17,25	14,15,22,24
2	1	828	27	818	40	9,18	0,7,8,23	0,4,5,25	0,14,15,22
2	1	828	27	818	40	9,18	0,7,8,23	0,4,5,25	0,14,15,24
2	1	828	27	818	40	9,18	0,7,8,23	0,4,5,25	0,14,22,24
2	1	828	27	818	40	9,18	0,7,8,23	0,4,17,25	0,14,15,22
2	1	828	27	818	40	9,18	0,7,8,23	0,4,17,25	0,14,15,24
2	1	828	27	818	40	9,18	0,7,8,23	0,5,17,25	0,14,15,24
2	1	828	27	818	40	9,18	0,7,8,23	0,5,17,25	0,14,22,24
2	1	828	27	818	40	9,18	0,7,8,23	4,5,17,25	0,15,22,24
2	1	828	27	818	40	9,18	0,7,13,23	0,4,5,17	0,14,22,24
2	1	828	27	818	40	9,18	0,7,13,23	0,4,17,25	0,14,15,24
2	1	828	27	818	40	9,18	0,7,13,23	0,4,17,25	14,15,22,24
2	1	828	27	818	40	9,18	0,7,13,23	0,5,17,25	0,14,22,24
2	1	828	27	818	40	9,18	0,7,13,23	0,5,17,25	0,15,22,24
2	1	828	27	818	40	9,18	0,7,13,23	0,5,17,25	14,15,22,24
2	1	828	27	818	40	9,18	0,7,13,23	4,5,17,25	0,14,15,22
2	1	828	27	818	40	9,18	0,7,13,23	4,5,17,25	0,14,22,24
2	1	828	27	818	40	9,18	0,8,13,23	0,4,5,17	0,14,15,24
2	1	828	27	818	40	9,18	0,8,13,23	0,4,5,17	0,15,22,24
2	1	828	27	818	40	9,18	0,8,13,23	0,4,5,25	14,15,22,24
2	1	828	27	818	40	9,18	0,8,13,23	4,5,17,25	0,14,22,24
2	1	828	27	818	40	9,18	7,8,13,23	0,4,5,17	0,14,15,22
2	1	828	27	818	40	9,18	7,8,13,23	0,4,5,25	0,14,22,24
2	1	828	27	818	40	9,18	7,8,13,23	0,4,17,25	0,14,15,22
2	1	828	27	818	40	9,18	7,8,13,23	0,5,17,25	0,14,22,24
3	0	828	27	818	39	1,2	0,13,15,23	0,12,17,21	0,7,8,14
3	0	828	27	818	39	1,2	0,13,15,23	0,12,17,21	0,7,8,22
3	0	828	27	818	39	1,2	0,13,15,23	0,12,21,25	7,8,14,22
3	0	828	27	818	39	1,2	0,13,15,23	12,17,21,25	0,7,14,22
3	0	828	27	818	39	1,2	0,13,15,24	0,12,17,25	0,7,8,14
3	0	828	27	818	39	1,2	0,13,15,24	0,12,17,25	0,7,14,22
3	0	828	27	818	39	1,2	0,13,15,24	0,12,21,25	0,7,8,14
3	0	828	27	818	39	1,2	0,13,15,24	0,12,21,25	0,7,14,22
3	0	828	27	818	39	1,2	0,13,15,24	0,12,21,25	0,8,14,22
3	0	828	27	818	39	1,2	0,13,15,24	0,17,21,25	0,7,8,14
3	0	828	27	818	39	1,2	0,13,15,24	0,17,21,25	0,8,14,22
3	0	828	27	818	39	1,2	0,13,15,24	12,17,21,25	0,7,8,22
3	0	828	27	818	39	1,2	0,13,23,24	0,12,17,21	0,7,14,22
3	0	828	27	818	39	1,2	0,13,23,24	0,12,17,25	0,7,8,22
3	0	828	27	818	39	1,2	0,13,23,24	0,12,17,25	0,7,14,22
3	0	828	27	818	39	1,2	0,13,23,24	0,12,17,25	7,8,14,22
3	0	828	27	818	39	1,2	0,13,23,24	0,17,21,25	0,7,8,14
3	0	828	27	818	39	1,2	0,13,23,24	0,17,21,25	7,8,14,22
3	0	828	27	818	39	1,2	0,13,23,24	12,17,21,25	0,7,14,22
3	0	828	27	818	39	1,2	0,13,23,24	12,17,21,25	0,8,14,22
3	0	828	27	818	39	1,2	0,15,23,24	0,12,17,21	0,7,14,22
3	0	828	27	818	39	1,2	0,15,23,24	0,12,21,25	0,7,8,14
3	0	828	27	818	39	1,2	0,15,23,24	0,17,21,25	0,7,14,22
3	0	828	27	818	39	1,2	0,15,23,24	12,17,21,25	7,8,14,22
3	0	828	27	818	39	1,2	13,15,23,24	0,12,17,21	0,8,14,22
3	0	828	27	818	39	1,2	13,15,23,24	0,12,17,25	0,7,14,22
3	0	828	27	818	39	1,2	13,15,23,24	0,12,21,25	0,7,14,22
3	0	828	27	818	39	1,2	13,15,23,24	0,17,21,25	0,8,14,22
3	0	828	27	818	40	1,2	0,13,15,23	0,12,17,25	0,7,8,22
3	0	828	27	818	40	1,2	0,13,15,23	0,12,17,25	7,8,14,22
3	0	828	27	818	40	1,2	0,13,15,23	0,12,21,25	0,8,14,22
3	0	828	27	818	40	1,2	0,13,15,23	0,17,21,25	0,7,8,14
3	0	828	27	818	40	1,2	0,13,15,23	0,17,21,25	0,8,14,22
3	0	828	27	818	40	1,2	0,13,15,23	0,17,21,25	7,8,14,22
3	0	828	27	818	40	1,2	0,13,15,23	12,17,21,25	0,7,14,22
3	0	828	27	818	40	1,2	0,13,15,23	12,17,21,25	0,8,14,22
3	0	828	27	818	40	1,2	0,13,15,24	0,12,17,21	0,7,8,22
3	0	828	27	818	40	1,2	0,13,15,24	0,12,17,25	0,8,14,22
3	0	828	27	818	40	1,2	0,13,15,24	0,12,21,25	0,8,14,22
3	0	828	27	818	40	1,2	0,13,15,24	12,17,21,25	7,8,14,22
3	0	828	27	818	40	1,2	0,13,23,24	0,12,17,21	7,8,14,22
3	0	828	27	818	40	1,2	0,13,23,24	0,12,21,25	0,7,8,14
3	0	828	27	818	40	1,2	0,13,23,24	0,12,21,25	0,7,8,22
3	0	828	27	818	40	1,2	0,13,23,24	12,17,21,25	0,8,14,22
3	0	828	27	818	40	1,2	0,15,23,24	0,12,17,21	0,7,8,22
3	0	828	27	818	40	1,2	0,15,23,24	0,12,17,21	0,7,14,22
3	0	828	27	818	40	1,2	0,15,23,24	0,12,17,21	0,8,14,22
3	0	828	27	818	40	1,2	0,15,23,24	0,12,17,25	0,7,8,22
3	0	828	27	818	40	1,2	0,15,23,24	0,12,17,25	0,7,14,22
3	0	828	27	818	40	1,2	0,15,23,24	0,17,21,25	0,7,8,22
3	0	828	27	818	40	1,2	0,15,23,24	0,17,21,25	0,8,14,22
3	0	828	27	818	40	1,2	0,15,23,24	12,17,21,25	0,7,8,14
3	0	828	27	818	40	1,2	13,15,23,24	0,12,17,21	0,8,14,22
3	0	828	27	818	40	1,2	13,15,23,24	0,12,17,25	0,7,14,22
3	0	828	27	818	40	1,2	13,15,23,24	0,12,21,25	0,7,14,22
3	0	828	27	818	40	1,2	13,15,23,24	0,17,21,25	0,8,14,22
3	1	828	27	818	39	9,18	0,7,8,13	0,4,5,17	0,14,15,22
3	1	828	27	818	39	9,18	0,7,8,13	0,4,5,17	0,14,22,24
3	1	828	27	818	39	9,18	0,7,8,13	0,4,5,17	0,15,22,24
3	1	828	27	818	39	9,18	0,7,8,13	0,4,17,25	0,14,15,22
3	1	828	27	818	39	9,18	0,7,8,13	0,4,17,25	0,15,22,24
3	1	828	27	818	39	9,18	0,7,8,13	0,5,17,25	0,14,22,24
3	1	828	27	818	39	9,18	0,7,8,13	0,5,17,25	0,15,22,24
3	1	828	27	818	39	9,18	0,7,8,13	4,5,17,25	0,14,15,24
3	1	828	27	818	39	9,18	0,7,8,23	0,4,5,17	0,15,22,24
3	1	828	27	818	39	9,18	0,7,8,23	0,4,5,25	0,14,15,22
3	1	828	27	818	39	9,18	0,7,8,23	0,5,17,25	0,14,15,22
3	1	828	27	818	39	9,18	0,7,8,23	4,5,17,25	14,15,22,24
3	1	828	27	818	39	9,18	0,7,13,23	0,4,5,17	14,15,22,24
3	1	828	27	818	39	9,18	0,7,13,23	0,4,5,25	0,14,15,24
3	1	828	27	818	39	9,18	0,7,13,23	0,4,5,25	0,15,22,24
3	1	828	27	818	39	9,18	0,7,13,23	4,5,17,25	0,14,15,22
3	1	828	27	818	39	9,18	0,8,13,23	0,4,5,25	0,14,15,22
3	1	828	27	818	39	9,18	0,8,13,23	0,4,17,25	0,14,15,22
3	1	828	27	818	39	9,18	0,8,13,23	0,4,17,25	0,14,15,24
3	1	828	27	818	39	9,18	0,8,13,23	0,4,17,25	14,15,22,24
3	1	828	27	818	39	9,18	0,8,13,23	0,5,17,25	0,15,22,24
3	1	828	27	818	39	9,18	0,8,13,23	0,5,17,25	14,15,22,24
3	1	828	27	818	39	9,18	0,8,13,23	4,5,17,25	0,14,15,22
3	1	828	27	818	39	9,18	0,8,13,23	4,5,17,25	0,14,22,24
3	1	828	27	818	39	9,18	7,8,13,23	0,4,5,17	0,14,15,22
3	1	828	27	818	39	9,18	7,8,13,23	0,4,5,25	0,14,22,24
3	1	828	27	818	39	9,18	7,8,13,23	0,4,17,25	0,14,15,22
3	1	828	27	818	39	9,18	7,8,13,23	0,5,17,25	0,14,22,24
3	1	828	27	818	40	9,18	0,7,8,13	0,4,5,17	0,14,22,24
3	1	828	27	818	40	9,18	0,7,8,13	0,4,5,25	0,14,15,24
3	1	828	27	818	40	9,18	0,7,8,13	0,4,17,25	0,14,22,24
3	1	828	27	818	40	9,18	0,7,8,13	4,5,17,25	14,15,22,24
3	1	828	27	818	40	9,18	0,7,8,23	0,4,5,25	0,14,15,22
3	1	828	27	818	40	9,18	0,7,8,23	0,4,5,25	0,14,15,24
3	1	828	27	818	40	9,18	0,7,8,23	0,4,5,25	0,14,22,24
3	1	828	27	818	40	9,18	0,7,8,23	0,4,17,25	0,14,15,22
3	1	828	27	818	40	9,18	0,7,8,23	0,4,17,25	0,14,15,24
3	1	828	27	818	40	9,18	0,7,8,23	0,5,17,25	0,14,15,24
3	1	828	27	818	40	9,18	0,7,8,23	0,5,17,25	0,14,22,24
3	1	828	27	818	40	9,18	0,7,8,23	4,5,17,25	0,15,22,24
3	1	828	27	818	40	9,18	0,7,13,23	0,4,5,17	0,14,22,24
3	1	828	27	818	40	9,18	0,7,13,23	0,4,17,25	0,14,15,24
3	1	828	27	818	40	9,18	0,7,13,23	0,4,17,25	14,15,22,24
3	1	828	27	818	40	9,18	0,7,13,23	0,5,17,25	0,14,22,24
3	1	828	27	818	40	9,18	0,7,13,23	0,5,17,25	0,15,22,24
3	1	828	27	818	40	9,18	0,7,13,23	0,5,17,25	14,15,22,24
3	1	828	27	818	40	9,18	0,7,13,23	4,5,17,25	0,14,15,22
3	1	828	27	818	40	9,18	0,7,13,23	4,5,17,25	0,14,22,24
3	1	828	27	818	40	9,18	0,8,13,23	0,4,5,17	0,14,15,24
3	1	828	27	818	40	9,18	0,8,13,23	0,4,5,17	0,15,22,24
3	1	828	27	818	40	9,18	0,8,13,23	0,4,5,25	14,15,22,24
3	1	828	27	818	40	9,18	0,8,13,23	4,5,17,25	0,14,22,24
3	1	828	27	818	40	9,18	7,8,13,23	0,4,5,17	0,14,15,22
3	1	828	27	818	40	9,18	7,8,13,23	0,4,5,25	0,14,22,24
3	1	828	27	818	40	9,18	7,8,13,23	0,4,17,25	0,14,15,22
3	1	828	27	818	40	9,18	7,8,13,23	0,5,17,25	0,14,22,24
Cap configurations: 1024

3-flat point count: 8,2,8;2,2,3;8,4,4
Excluded point counts: 5,18,18;6,17,18
0	0	828	12	828	27	1,2	0,12,17,21	0,13,23	7,8,14,22
0	0	828	12	828	27	1,2	0,12,17,21	0,15,23	0,7,8,22
0	0	828	12	828	27	1,2	0,12,17,21	0,15,23	7,8,14,22
0	0	828	12	828	27	1,2	0,12,17,21	0,15,24	0,7,8,22
0	0	828	12	828	27	1,2	0,12,17,21	13,15,24	0,7,8,22
0	0	828	12	828	27	1,2	0,12,17,21	15,23,24	0,8,14,22
0	0	828	12	828	27	1,2	0,12,17,25	0,13,23	7,8,14,22
0	0	828	12	828	27	1,2	0,12,17,25	0,13,24	0,8,14,22
0	0	828	12	828	27	1,2	0,12,17,25	13,15,23	0,7,8,22
0	0	828	12	828	27	1,2	0,12,17,25	13,15,24	0,7,14,22
0	0	828	12	828	27	1,2	0,12,17,25	13,23,24	0,7,8,22
0	0	828	12	828	27	1,2	0,12,17,25	13,23,24	0,7,14,22
0	0	828	12	828	27	1,2	0,12,17,25	15,23,24	0,7,14,22
0	0	828	12	828	27	1,2	0,12,21,25	0,13,23	7,8,14,22
0	0	828	12	828	27	1,2	0,12,21,25	0,13,24	0,7,8,14
0	0	828	12	828	27	1,2	0,12,21,25	0,13,24	7,8,14,22
0	0	828	12	828	27	1,2	0,12,21,25	0,15,24	0,7,8,14
0	0	828	12	828	27	1,2	0,12,21,25	13,15,24	0,7,14,22
0	0	828	12	828	27	1,2	0,12,21,25	15,23,24	0,7,8,14
0	0	828	12	828	27	1,2	0,17,21,25	0,13,23	7,8,14,22
0	0	828	12	828	27	1,2	0,17,21,25	0,15,23	0,7,14,22
0	0	828	12	828	27	1,2	0,17,21,25	13,15,23	0,7,8,14
0	0	828	12	828	27	1,2	0,17,21,25	13,15,23	0,8,14,22
0	0	828	12	828	27	1,2	0,17,21,25	13,15,24	0,8,14,22
0	0	828	12	828	27	1,2	0,17,21,25	13,23,24	0,7,8,14
0	0	828	12	828	27	1,2	0,17,21,25	15,23,24	0,8,14,22
0	0	828	12	828	27	1,2	12,17,21,25	13,15,23	0,8,14,22
0	0	828	12	828	27	1,2	12,17,21,25	13,15,24	7,8,14,22
0	0	828	12	828	27	1,2	12,17,21,25	13,23,24	0,7,14,22
0	0	828	12	828	27	1,2	12,17,21,25	15,23,24	7,8,14,22
0	1	828	12	828	27	1,2	0,12,17,21	0,13,23	7,8,14,22
0	1	828	12	828	27	1,2	0,12,17,21	0,15,23	0,7,8,22
0	1	828	12	828	27	1,2	0,12,17,21	0,15,23	7,8,14,22
0	1	828	12	828	27	1,2	0,12,17,21	0,15,24	0,7,8,22
0	1	828	12	828	27	1,2	0,12,17,21	13,15,24	0,7,8,22
0	1	828	12	828	27	1,2	0,12,17,21	15,23,24	0,8,14,22
0	1	828	12	828	27	1,2	0,12,17,25	0,13,23	7,8,14,22
0	1	828	12	828	27	1,2	0,12,17,25	0,13,24	0,8,14,22
0	1	828	12	828	27	1,2	0,12,17,25	13,15,23	0,7,8,22
0	1	828	12	828	27	1,2	0,12,17,25	13,15,24	0,7,14,22
0	1	828	12	828	27	1,2	0,12,17,25	13,23,24	0,7,8,22
0	1	828	12	828	27	1,2	0,12,17,25	13,23,24	0,7,14,22
0	1	828	12	828	27	1,2	0,12,17,25	15,23,24	0,7,14,22
0	1	828	12	828	27	1,2	0,12,21,25	0,13,23	7,8,14,22
0	1	828	12	828	27	1,2	0,12,21,25	0,13,24	0,7,8,14
0	1	828	12	828	27	1,2	0,12,21,25	0,13,24	7,8,14,22
0	1	828	12	828	27	1,2	0,12,21,25	0,15,24	0,7,8,14
0	1	828	12	828	27	1,2	0,12,21,25	13,15,24	0,7,14,22
0	1	828	12	828	27	1,2	0,12,21,25	15,23,24	0,7,8,14
0	1	828	12	828	27	1,2	0,17,21,25	0,13,23	7,8,14,22
0	1	828	12	828	27	1,2	0,17,21,25	0,15,23	0,7,14,22
0	1	828	12	828	27	1,2	0,17,21,25	13,15,23	0,7,8,14
0	1	828	12	828	27	1,2	0,17,21,25	13,15,23	0,8,14,22
0	1	828	12	828	27	1,2	0,17,21,25	13,15,24	0,8,14,22
0	1	828	12	828	27	1,2	0,17,21,25	13,23,24	0,7,8,14
0	1	828	12	828	27	1,2	0,17,21,25	15,23,24	0,8,14,22
0	1	828	12	828	27	1,2	12,17,21,25	13,15,23	0,8,14,22
0	1	828	12	828	27	1,2	12,17,21,25	13,15,24	7,8,14,22
0	1	828	12	828	27	1,2	12,17,21,25	13,23,24	0,7,14,22
0	1	828	12	828	27	1,2	12,17,21,25	15,23,24	7,8,14,22
1	0	828	12	828	27	9,18	0,7,8,13	0,4,5	0,12,21,26
1	0	828	12	828	27	9,18	0,7,8,13	0,4,17	0,12,21,26
1	0	828	12	828	27	9,18	0,7,8,13	0,4,17	12,16,21,26
1	0	828	12	828	27	9,18	0,7,8,13	0,17,25	12,16,21,26
1	0	828	12	828	27	9,18	0,7,8,13	4,5,17	0,12,16,26
1	0	828	12	828	27	9,18	0,7,8,13	4,5,25	0,12,21,26
1	0	828	12	828	27	9,18	0,7,8,23	0,4,5	0,12,16,21
1	0	828	12	828	27	9,18	0,7,8,23	0,5,25	0,12,16,21
1	0	828	12	828	27	9,18	0,7,8,23	0,5,25	12,16,21,26
1	0	828	12	828	27	9,18	0,7,8,23	0,17,25	12,16,21,26
1	0	828	12	828	27	9,18	0,7,8,23	4,5,17	0,12,16,21
1	0	828	12	828	27	9,18	0,7,8,23	4,5,25	0,16,21,26
1	0	828	12	828	27	9,18	0,7,13,23	0,5,25	0,12,16,26
1	0	828	12	828	27	9,18	0,7,13,23	0,17,25	12,16,21,26
1	0	828	12	828	27	9,18	0,7,13,23	4,5,17	0,16,21,26
1	0	828	12	828	27	9,18	0,7,13,23	4,5,25	0,16,21,26
1	0	828	12	828	27	9,18	0,7,13,23	4,17,25	0,12,21,26
1	0	828	12	828	27	9,18	0,7,13,23	5,17,25	0,12,21,26
1	0	828	12	828	27	9,18	0,7,13,23	5,17,25	0,16,21,26
1	0	828	12	828	27	9,18	0,8,13,23	0,4,17	0,16,21,26
1	0	828	12	828	27	9,18	0,8,13,23	0,17,25	12,16,21,26
1	0	828	12	828	27	9,18	0,8,13,23	4,5,17	0,12,16,26
1	0	828	12	828	27	9,18	0,8,13,23	4,5,25	0,12,16,26
1	0	828	12	828	27	9,18	0,8,13,23	4,17,25	0,12,16,21
1	0	828	12	828	27	9,18	0,8,13,23	4,17,25	0,12,16,26
1	0	828	12	828	27	9,18	0,8,13,23	5,17,25	0,12,16,21
1	0	828	12	828	27	9,18	7,8,13,23	4,5,17	12,16,21,26
1	0	828	12	828	27	9,18	7,8,13,23	4,5,25	12,16,21,26
1	0	828	12	828	27	9,18	7,8,13,23	4,17,25	0,12,16,26
1	0	828	12	828	27	9,18	7,8,13,23	5,17,25	0,16,21,26
1	1	828	12	828	27	9,18	0,7,8,13	0,4,5	0,12,21,26
1	1	828	12	828	27	9,18	0,7,8,13	0,4,17	0,12,21,26
1	1	828	12	828	27	9,18	0,7,8,13	0,4,17	12,16,21,26
1	1	828	12	828	27	9,18	0,7,8,13	0,17,25	12,16,21,26
1	1	828	12	828	27	9,18	0,7,8,13	4,5,17	0,12,16,26
1	1	828	12	828	27	9,18	0,7,8,13	4,5,25	0,12,21,26
1	1	828	12	828	27	9,18	0,7,8,23	0,4,5	0,12,16,21
1	1	828	12	828	27	9,18	0,7,8,23	0,5,25	0,12,16,21
1	1	828	12	828	27	9,18	0,7,8,23	0,5,25	12,16,21,26
1	1	828	12	828	27	9,18	0,7,8,23	0,17,25	12,16,21,26
1	1	828	12	828	27	9,18	0,7,8,23	4,5,17	0,12,16,21
1	1	828	12	828	27	9,18	0,7,8,23	4,5,25	0,16,21,26
1	1	828	12	828	27	9,18	0,7,13,23	0,5,25	0,12,16,26
1	1	828	12	828	27	9,18	0,7,13,23	0,17,25	12,16,21,26
1	1	828	12	828	27	9,18	0,7,13,23	4,5,17	0,16,21,26
1	1	828	12	828	27	9,18	0,7,13,23	4,5,25	0,16,21,26
1	1	828	12	828	27	9,18	0,7,13,23	4,17,25	0,12,21,26
1	1	828	12	828	27	9,18	0,7,13,23	5,17,25	0,12,21,26
1	1	828	12	828	27	9,18	0,7,13,23	5,17,25	0,16,21,26
1	1	828	12	828	27	9,18	0,8,13,23	0,4,17	0,16,21,26
1	1	828	12	828	27	9,18	0,8,13,23	0,17,25	12,16,21,26
1	1	828	12	828	27	9,18	0,8,13,23	4,5,17	0,12,16,26
1	1	828	12	828	27	9,18	0,8,13,23	4,5,25	0,12,16,26
1	1	828	12	828	27	9,18	0,8,13,23	4,17,25	0,12,16,21
1	1	828	12	828	27	9,18	0,8,13,23	4,17,25	0,12,16,26
1	1	828	12	828	27	9,18	0,8,13,23	5,17,25	0,12,16,21
1	1	828	12	828	27	9,18	7,8,13,23	4,5,17	12,16,21,26
1	1	828	12	828	27	9,18	7,8,13,23	4,5,25	12,16,21,26
1	1	828	12	828	27	9,18	7,8,13,23	4,17,25	0,12,16,26
1	1	828	12	828	27	9,18	7,8,13,23	5,17,25	0,16,21,26
2	0	828	12	828	27	1,2	0,12,17,21	0,13,23	7,8,14,22
2	0	828	12	828	27	1,2	0,12,17,21	0,15,23	0,7,8,22
2	0	828	12	828	27	1,2	0,12,17,21	0,15,23	7,8,14,22
2	0	828	12	828	27	1,2	0,12,17,21	0,15,24	0,7,8,22
2	0	828	12	828	27	1,2	0,12,17,21	13,15,24	0,7,8,22
2	0	828	12	828	27	1,2	0,12,17,21	15,23,24	0,8,14,22
2	0	828	12	828	27	1,2	0,12,17,25	0,13,23	7,8,14,22
2	0	828	12	828	27	1,2	0,12,17,25	0,13,24	0,8,14,22
2	0	828	12	828	27	1,2	0,12,17,25	13,15,23	0,7,8,22
2	0	828	12	828	27	1,2	0,12,17,25	13,15,24	0,7,14,22
2	0	828	12	828	27	1,2	0,12,17,25	13,23,24	0,7,8,22
2	0	828	12	828	27	1,2	0,12,17,25	13,23,24	0,7,14,22
2	0	828	12	828	27	1,2	0,12,17,25	15,23,24	0,7,14,22
2	0	828	12	828	27	1,2	0,12,21,25	0,13,23	7,8,14,22
2	0	828	12	828	27	1,2	0,12,21,25	0,13,24	0,7,8,14
2	0	828	12	828	27	1,2	0,12,21,25	0,13,24	7,8,14,22
2	0	828	12	828	27	1,2	0,12,21,25	0,15,24	0,7,8,14
2	0	828	12	828	27	1,2	0,12,21,25	13,15,24	0,7,14,22
2	0	828	12	828	27	1,2	0,12,21,25	15,23,24	0,7,8,14
2	0	828	12	828	27	1,2	0,17,21,25	0,13,23	7,8,14,22
2	0	828	12	828	27	1,2	0,17,21,25	0,15,23	0,7,14,22
2	0	828	12	828	27	1,2	0,17,21,25	13,15,23	0,7,8,14
2	0	828	12	828	27	1,2	0,17,21,25	13,15,23	0,8,14,22
2	0	828	12	828	27	1,2	0,17,21,25	13,15,24	0,8,14,22
2	0	828	12	828	27	1,2	0,17,21,25	13,23,24	0,7,8,14
2	0	828	12	828	27	1,2	0,17,21,25	15,23,24	0,8,14,22
2	0	828	12	828	27	1,2	12,17,21,25	13,15,23	0,8,14,22
2	0	828	12	828	27	1,2	12,17,21,25	13,15,24	7,8,14,22
2	0	828	12	828	27	1,2	12,17,21,25	13,23,24	0,7,14,22
2	0	828	12	828	27	1,2	12,17,21,25	15,23,24	7,8,14,22
2	1	828	12	828	27	1,2	0,12,17,21	0,13,23	7,8,14,22
2	1	828	12	828	27	1,2	0,12,17,21	0,15,23	0,7,8,22
2	1	828	12	828	27	1,2	0,12,17,21	0,15,23	7,8,14,22
2	1	828	12	828	27	1,2	0,12,17,21	0,15,24	0,7,8,22
2	1	828	12	828	27	1,2	0,12,17,21	13,15,24	0,7,8,22
2	1	828	12	828	27	1,2	0,12,17,21	15,23,24	0,8,14,22
2	1	828	12	828	27	1,2	0,12,17,25	0,13,23	7,8,14,22
2	1	828	12	828	27	1,2	0,12,17,25	0,13,24	0,8,14,22
2	1	828	12	828	27	1,2	0,12,17,25	13,15,23	0,7,8,22
2	1	828	12	828	27	1,2	0,12,17,25	13,15,24	0,7,14,22
2	1	828	12	828	27	1,2	0,12,17,25	13,23,24	0,7,8,22
2	1	828	12	828	27	1,2	0,12,17,25	13,23,24	0,7,14,22
2	1	828	12	828	27	1,2	0,12,17,25	15,23,24	0,7,14,22
2	1	828	12	828	27	1,2	0,12,21,25	0,13,23	7,8,14,22
2	1	828	12	828	27	1,2	0,12,21,25	0,13,24	0,7,8,14
2	1	828	12	828	27	1,2	0,12,21,25	0,13,24	7,8,14,22
2	1	828	12	828	27	1,2	0,12,21,25	0,15,24	0,7,8,14
2	1	828	12	828	27	1,2	0,12,21,25	13,15,24	0,7,14,22
2	1	828	12	828	27	1,2	0,12,21,25	15,23,24	0,7,8,14
2	1	828	12	828	27	1,2	0,17,21,25	0,13,23	7,8,14,22
2	1	828	12	828	27	1,2	0,17,21,25	0,15,23	0,7,14,22
2	1	828	12	828	27	1,2	0,17,21,25	13,15,23	0,7,8,14
2	1	828	12	828	27	1,2	0,17,21,25	13,15,23	0,8,14,22
2	1	828	12	828	27	1,2	0,17,21,25	13,15,24	0,8,14,22
2	1	828	12	828	27	1,2	0,17,21,25	13,23,24	0,7,8,14
2	1	828	12	828	27	1,2	0,17,21,25	15,23,24	0,8,14,22
2	1	828	12	828	27	1,2	12,17,21,25	13,15,23	0,8,14,22
2	1	828	12	828	27	1,2	12,17,21,25	13,15,24	7,8,14,22
2	1	828	12	828	27	1,2	12,17,21,25	13,23,24	0,7,14,22
2	1	828	12	828	27	1,2	12,17,21,25	15,23,24	7,8,14,22
3	0	828	12	828	27	9,18	0,7,8,13	0,4,5	0,12,21,26
3	0	828	12	828	27	9,18	0,7,8,13	0,4,17	0,12,21,26
3	0	828	12	828	27	9,18	0,7,8,13	0,4,17	12,16,21,26
3	0	828	12	828	27	9,18	0,7,8,13	0,17,25	12,16,21,26
3	0	828	12	828	27	9,18	0,7,8,13	4,5,17	0,12,16,26
3	0	828	12	828	27	9,18	0,7,8,13	4,5,25	0,12,21,26
3	0	828	12	828	27	9,18	0,7,8,23	0,4,5	0,12,16,21
3	0	828	12	828	27	9,18	0,7,8,23	0,5,25	0,12,16,21
3	0	828	12	828	27	9,18	0,7,8,23	0,5,25	12,16,21,26
3	0	828	12	828	27	9,18	0,7,8,23	0,17,25	12,16,21,26
3	0	828	12	828	27	9,18	0,7,8,23	4,5,17	0,12,16,21
3	0	828	12	828	27	9,18	0,7,8,23	4,5,25	0,16,21,26
3	0	828	12	828	27	9,18	0,7,13,23	0,5,25	0,12,16,26
3	0	828	12	828	27	9,18	0,7,13,23	0,17,25	12,16,21,26
3	0	828	12	828	27	9,18	0,7,13,23	4,5,17	0,16,21,26
3	0	828	12	828	27	9,18	0,7,13,23	4,5,25	0,16,21,26
3	0	828	12	828	27	9,18	0,7,13,23	4,17,25	0,12,21,26
3	0	828	12	828	27	9,18	0,7,13,23	5,17,25	0,12,21,26
3	0	828	12	828	27	9,18	0,7,13,23	5,17,25	0,16,21,26
3	0	828	12	828	27	9,18	0,8,13,23	0,4,17	0,16,21,26
3	0	828	12	828	27	9,18	0,8,13,23	0,17,25	12,16,21,26
3	0	828	12	828	27	9,18	0,8,13,23	4,5,17	0,12,16,26
3	0	828	12	828	27	9,18	0,8,13,23	4,5,25	0,12,16,26
3	0	828	12	828	27	9,18	0,8,13,23	4,17,25	0,12,16,21
3	0	828	12	828	27	9,18	0,8,13,23	4,17,25	0,12,16,26
3	0	828	12	828	27	9,18	0,8,13,23	5,17,25	0,12,16,21
3	0	828	12	828	27	9,18	7,8,13,23	4,5,17	12,16,21,26
3	0	828	12	828	27	9,18	7,8,13,23	4,5,25	12,16,21,26
3	0	828	12	828	27	9,18	7,8,13,23	4,17,25	0,12,16,26
3	0	828	12	828	27	9,18	7,8,13,23	5,17,25	0,16,21,26
3	1	828	12	828	27	9,18	0,7,8,13	0,4,5	0,12,21,26
3	1	828	12	828	27	9,18	0,7,8,13	0,4,17	0,12,21,26
3	1	828	12	828	27	9,18	0,7,8,13	0,4,17	12,16,21,26
3	1	828	12	828	27	9,18	0,7,8,13	0,17,25	12,16,21,26
3	1	828	12	828	27	9,18	0,7,8,13	4,5,17	0,12,16,26
3	1	828	12	828	27	9,18	0,7,8,13	4,5,25	0,12,21,26
3	1	828	12	828	27	9,18	0,7,8,23	0,4,5	0,12,16,21
3	1	828	12	828	27	9,18	0,7,8,23	0,5,25	0,12,16,21
3	1	828	12	828	27	9,18	0,7,8,23	0,5,25	12,16,21,26
3	1	828	12	828	27	9,18	0,7,8,23	0,17,25	12,16,21,26
3	1	828	12	828	27	9,18	0,7,8,23	4,5,17	0,12,16,21
3	1	828	12	828	27	9,18	0,7,8,23	4,5,25	0,16,21,26
3	1	828	12	828	27	9,18	0,7,13,23	0,5,25	0,12,16,26
3	1	828	12	828	27	9,18	0,7,13,23	0,17,25	12,16,21,26
3	1	828	12	828	27	9,18	0,7,13,23	4,5,17	0,16,21,26
3	1	828	12	828	27	9,18	0,7,13,23	4,5,25	0,16,21,26
3	1	828	12	828	27	9,18	0,7,13,23	4,17,25	0,12,21,26
3	1	828	12	828	27	9,18	0,7,13,23	5,17,25	0,12,21,26
3	1	828	12	828	27	9,18	0,7,13,23	5,17,25	0,16,21,26
3	1	828	12	828	27	9,18	0,8,13,23	0,4,17	0,16,21,26
3	1	828	12	828	27	9,18	0,8,13,23	0,17,25	12,16,21,26
3	1	828	12	828	27	9,18	0,8,13,23	4,5,17	0,12,16,26
3	1	828	12	828	27	9,18	0,8,13,23	4,5,25	0,12,16,26
3	1	828	12	828	27	9,18	0,8,13,23	4,17,25	0,12,16,21
3	1	828	12	828	27	9,18	0,8,13,23	4,17,25	0,12,16,26
3	1	828	12	828	27	9,18	0,8,13,23	5,17,25	0,12,16,21
3	1	828	12	828	27	9,18	7,8,13,23	4,5,17	12,16,21,26
3	1	828	12	828	27	9,18	7,8,13,23	4,5,25	12,16,21,26
3	1	828	12	828	27	9,18	7,8,13,23	4,17,25	0,12,16,26
3	1	828	12	828	27	9,18	7,8,13,23	5,17,25	0,16,21,26
0	0	828	27	828	12	1,2	0,13,15,23	0,12,17	0,7,8,22
0	0	828	27	828	12	1,2	0,13,15,23	0,12,17	7,8,14,22
0	0	828	27	828	12	1,2	0,13,15,23	0,12,21	0,8,14,22
0	0	828	27	828	12	1,2	0,13,15,23	0,17,21	0,7,8,14
0	0	828	27	828	12	1,2	0,13,15,23	0,17,21	7,8,14,22
0	0	828	27	828	12	1,2	0,13,15,23	12,17,21	0,8,14,22
0	0	828	27	828	12	1,2	0,13,15,23	17,21,25	0,7,14,22
0	0	828	27	828	12	1,2	0,13,15,23	17,21,25	0,8,14,22
0	0	828	27	828	12	1,2	0,13,15,24	0,12,17	0,7,14,22
0	0	828	27	828	12	1,2	0,13,15,24	0,12,21	0,7,14,22
0	0	828	27	828	12	1,2	0,13,15,24	0,12,25	0,8,14,22
0	0	828	27	828	12	1,2	0,13,15,24	0,17,25	0,7,8,14
0	0	828	27	828	12	1,2	0,13,15,24	0,17,25	0,8,14,22
0	0	828	27	828	12	1,2	0,13,15,24	12,17,21	0,7,8,22
0	0	828	27	828	12	1,2	0,13,15,24	12,21,25	0,7,8,14
0	0	828	27	828	12	1,2	0,13,15,24	12,21,25	7,8,14,22
0	0	828	27	828	12	1,2	0,13,15,24	17,21,25	0,7,8,14
0	0	828	27	828	12	1,2	0,13,15,24	17,21,25	7,8,14,22
0	0	828	27	828	12	1,2	0,13,23,24	0,12,21	0,7,14,22
0	0	828	27	828	12	1,2	0,13,23,24	0,12,25	0,7,8,22
0	0	828	27	828	12	1,2	0,13,23,24	0,12,25	7,8,14,22
0	0	828	27	828	12	1,2	0,13,23,24	0,21,25	0,7,8,14
0	0	828	27	828	12	1,2	0,13,23,24	0,21,25	7,8,14,22
0	0	828	27	828	12	1,2	0,13,23,24	12,17,25	0,7,14,22
0	0	828	27	828	12	1,2	0,13,23,24	12,17,25	0,8,14,22
0	0	828	27	828	12	1,2	0,13,23,24	12,21,25	0,7,14,22
0	0	828	27	828	12	1,2	0,15,23,24	0,12,21	0,8,14,22
0	0	828	27	828	12	1,2	0,15,23,24	0,17,21	0,7,14,22
0	0	828	27	828	12	1,2	0,15,23,24	0,17,25	0,7,8,22
0	0	828	27	828	12	1,2	0,15,23,24	0,17,25	0,7,14,22
0	0	828	27	828	12	1,2	0,15,23,24	0,21,25	0,8,14,22
0	0	828	27	828	12	1,2	0,15,23,24	12,17,21	0,7,8,22
0	0	828	27	828	12	1,2	0,15,23,24	12,17,21	7,8,14,22
0	0	828	27	828	12	1,2	0,15,23,24	12,17,25	0,7,8,22
0	0	828	27	828	12	1,2	0,15,23,24	12,17,25	7,8,14,22
0	0	828	27	828	12	1,2	0,15,23,24	12,21,25	0,7,8,14
0	0	828	27	828	12	1,2	13,15,23,24	0,12,17	0,7,8,22
0	0	828	27	828	12	1,2	13,15,23,24	0,12,25	0,7,8,22
0	0	828	27	828	12	1,2	13,15,23,24	0,17,21	0,7,8,14
0	0	828	27	828	12	1,2	13,15,23,24	0,21,25	0,7,8,14
0	0	828	27	828	12	1,2	13,15,23,24	12,17,21	0,8,14,22
0	0	828	27	828	12	1,2	13,15,23,24	12,17,25	0,7,14,22
0	0	828	27	828	12	1,2	13,15,23,24	12,21,25	0,7,14,22
0	0	828	27	828	12	1,2	13,15,23,24	17,21,25	0,8,14,22
0	1	828	27	828	12	9,18	0,7,8,13	0,4,5	0,14,15,22
0	1	828	27	828	12	9,18	0,7,8,13	0,4,17	0,14,22,24
0	1	828	27	828	12	9,18	0,7,8,13	0,4,25	0,14,15,22
0	1	828	27	828	12	9,18	0,7,8,13	0,17,25	0,14,22,24
0	1	828	27	828	12	9,18	0,7,8,13	0,17,25	0,15,22,24
0	1	828	27	828	12	9,18	0,7,8,13	4,5,17	0,15,22,24
0	1	828	27	828	12	9,18	0,7,8,13	4,5,17	14,15,22,24
0	1	828	27	828	12	9,18	0,7,8,13	4,5,25	0,14,15,24
0	1	828	27	828	12	9,18	0,7,8,13	5,17,25	0,15,22,24
0	1	828	27	828	12	9,18	0,7,8,13	5,17,25	14,15,22,24
0	1	828	27	828	12	9,18	0,7,8,23	0,4,5	0,14,22,24
0	1	828	27	828	12	9,18	0,7,8,23	0,5,17	0,14,22,24
0	1	828	27	828	12	9,18	0,7,8,23	0,5,25	0,14,15,22
0	1	828	27	828	12	9,18	0,7,8,23	0,17,25	0,14,15,22
0	1	828	27	828	12	9,18	0,7,8,23	0,17,25	0,14,15,24
0	1	828	27	828	12	9,18	0,7,8,23	4,5,17	0,15,22,24
0	1	828	27	828	12	9,18	0,7,8,23	4,5,25	0,14,15,24
0	1	828	27	828	12	9,18	0,7,8,23	4,5,25	14,15,22,24
0	1	828	27	828	12	9,18	0,7,8,23	4,17,25	0,14,15,24
0	1	828	27	828	12	9,18	0,7,8,23	4,17,25	14,15,22,24
0	1	828	27	828	12	9,18	0,7,13,23	0,4,5	0,14,22,24
0	1	828	27	828	12	9,18	0,7,13,23	0,4,25	0,14,15,24
0	1	828	27	828	12	9,18	0,7,13,23	0,4,25	14,15,22,24
0	1	828	27	828	12	9,18	0,7,13,23	0,5,25	0,15,22,24
0	1	828	27	828	12	9,18	0,7,13,23	0,5,25	14,15,22,24
0	1	828	27	828	12	9,18	0,7,13,23	4,5,25	0,14,22,24
0	1	828	27	828	12	9,18	0,7,13,23	5,17,25	0,14,15,22
0	1	828	27	828	12	9,18	0,7,13,23	5,17,25	0,14,22,24
0	1	828	27	828	12	9,18	0,8,13,23	0,4,5	0,14,15,22
0	1	828	27	828	12	9,18	0,8,13,23	0,4,17	0,14,15,24
0	1	828	27	828	12	9,18	0,8,13,23	0,4,17	14,15,22,24
0	1	828	27	828	12	9,18	0,8,13,23	0,5,17	0,15,22,24
0	1	828	27	828	12	9,18	0,8,13,23	0,5,17	14,15,22,24
0	1	828	27	828	12	9,18	0,8,13,23	4,5,17	0,14,15,22
0	1	828	27	828	12	9,18	0,8,13,23	4,17,25	0,14,15,22
0	1	828	27	828	12	9,18	0,8,13,23	4,17,25	0,14,22,24
0	1	828	27	828	12	9,18	7,8,13,23	0,4,17	0,14,15,24
0	1	828	27	828	12	9,18	7,8,13,23	0,4,25	0,14,15,24
0	1	828	27	828	12	9,18	7,8,13,23	0,5,17	0,15,22,24
0	1	828	27	828	12	9,18	7,8,13,23	0,5,25	0,15,22,24
0	1	828	27	828	12	9,18	7,8,13,23	4,5,17	0,14,15,22
0	1	828	27	828	12	9,18	7,8,13,23	4,5,25	0,14,22,24
0	1	828	27	828	12	9,18	7,8,13,23	4,17,25	0,14,15,22
0	1	828	27	828	12	9,18	7,8,13,23	5,17,25	0,14,22,24
1	0	828	27	828	12	1,2	0,13,15,23	0,12,17	0,7,8,22
1	0	828	27	828	12	1,2	0,13,15,23	0,12,17	7,8,14,22
1	0	828	27	828	12	1,2	0,13,15,23	0,12,21	0,8,14,22
1	0	828	27	828	12	1,2	0,13,15,23	0,17,21	0,7,8,14
1	0	828	27	828	12	1,2	0,13,15,23	0,17,21	7,8,14,22
1	0	828	27	828	12	1,2	0,13,15,23	12,17,21	0,8,14,22
1	0	828	27	828	12	1,2	0,13,15,23	17,21,25	0,7,14,22
1	0	828	27	828	12	1,2	0,13,15,23	17,21,25	0,8,14,22
1	0	828	27	828	12	1,2	0,13,15,24	0,12,17	0,7,14,22
1	0	828	27	828	12	1,2	0,13,15,24	0,12,21	0,7,14,22
1	0	828	27	828	12	1,2	0,13,15,24	0,12,25	0,8,14,22
1	0	828	27	828	12	1,2	0,13,15,24	0,17,25	0,7,8,14
1	0	828	27	828	12	1,2	0,13,15,24	0,17,25	0,8,14,22
1	0	828	27	828	12	1,2	0,13,15,24	12,17,21	0,7,8,22
1	0	828	27	828	12	1,2	0,13,15,24	12,21,25	0,7,8,14
1	0	828	27	828	12	1,2	0,13,15,24	12,21,25	7,8,14,22
1	0	828	27	828	12	1,2	0,13,15,24	17,21,25	0,7,8,14
1	0	828	27	828	12	1,2	0,13,15,24	17,21,25	7,8,14,22
1	0	828	27	828	12	1,2	0,13,23,24	0,12,21	0,7,14,22
1	0	828	27	828	12	1,2	0,13,23,24	0,12,25	0,7,8,22
1	0	828	27	828	12	1,2	0,13,23,24	0,12,25	7,8,14,22
1	0	828	27	828	12	1,2	0,13,23,24	0,21,25	0,7,8,14
1	0	828	27	828	12	1,2	0,13,23,24	0,21,25	7,8,14,22
1	0	828	27	828	12	1,2	0,13,23,24	12,17,25	0,7,14,22
1	0	828	27	828	12	1,2	0,13,23,24	12,17,25	0,8,14,22
1	0	828	27	828	12	1,2	0,13,23,24	12,21,25	0,7,14,22
1	0	828	27	828	12	1,2	0,15,23,24	0,12,21	0,8,14,22
1	0	828	27	828	12	1,2	0,15,23,24	0,17,21	0,7,14,22
1	0	828	27	828	12	1,2	0,15,23,24	0,17,25	0,7,8,22
1	0	828	27	828	12	1,2	0,15,23,24	0,17,25	0,7,14,22
1	0	828	27	828	12	1,2	0,15,23,24	0,21,25	0,8,14,22
1	0	828	27	828	12	1,2	0,15,23,24	12,17,21	0,7,8,22
1	0	828	27	828	12	1,2	0,15,23,24	12,17,21	7,8,14,22
1	0	828	27	828	12	1,2	0,15,23,24	12,17,25	0,7,8,22
1	0	828	27	828	12	1,2	0,15,23,24	12,17,25	7,8,14,22
1	0	828	27	828	12	1,2	0,15,23,24	12,21,25	0,7,8,14
1	0	828	27	828	12	1,2	13,15,23,24	0,12,17	0,7,8,22
1	0	828	27	828	12	1,2	13,15,23,24	0,12,25	0,7,8,22
1	0	828	27	828	12	1,2	13,15,23,24	0,17,21	0,7,8,14
1	0	828	27	828	12	1,2	13,15,23,24	0,21,25	0,7,8,14
1	0	828	27	828	12	1,2	13,15,23,24	12,17,21	0,8,14,22
1	0	828	27	828	12	1,2	13,15,23,24	12,17,25	0,7,14,22
1	0	828	27	828	12	1,2	13,15,23,24	12,21,25	0,7,14,22
1	0	828	27	828	12	1,2	13,15,23,24	17,21,25	0,8,14,22
1	1	828	27	828	12	9,18	0,7,8,13	0,4,5	0,14,15,22
1	1	828	27	828	12	9,18	0,7,8,13	0,4,17	0,14,22,24
1	1	828	27	828	12	9,18	0,7,8,13	0,4,25	0,14,15,22
1	1	828	27	828	12	9,18	0,7,8,13	0,17,25	0,14,22,24
1	1	828	27	828	12	9,18	0,7,8,13	0,17,25	0,15,22,24
1	1	828	27	828	12	9,18	0,7,8,13	4,5,17	0,15,22,24
1	1	828	27	828	12	9,18	0,7,8,13	4,5,17	14,15,22,24
1	1	828	27	828	12	9,18	0,7,8,13	4,5,25	0,14,15,24
1	1	828	27	828	12	9,18	0,7,8,13	5,17,25	0,15,22,24
1	1	828	27	828	12	9,18	0,7,8,13	5,17,25	14,15,22,24
1	1	828	27	828	12	9,18	0,7,8,23	0,4,5	0,14,22,24
1	1	828	27	828	12	9,18	0,7,8,23	0,5,17	0,14,22,24
1	1	828	27	828	12	9,18	0,7,8,23	0,5,25	0,14,15,22
1	1	828	27	828	12	9,18	0,7,8,23	0,17,25	0,14,15,22
1	1	828	27	828	12	9,18	0,7,8,23	0,17,25	0,14,15,24
1	1	828	27	828	12	9,18	0,7,8,23	4,5,17	0,15,22,24
1	1	828	27	828	12	9,18	0,7,8,23	4,5,25	0,14,15,24
1	1	828	27	828	12	9,18	0,7,8,23	4,5,25	14,15,22,24
1	1	828	27	828	12	9,18	0,7,8,23	4,17,25	0,14,15,24
1	1	828	27	828	12	9,18	0,7,8,23	4,17,25	14,15,22,24
1	1	828	27	828	12	9,18	0,7,13,23	0,4,5	0,14,22,24
1	1	828	27	828	12	9,18	0,7,13,23	0,4,25	0,14,15,24
1	1	828	27	828	12	9,18	0,7,13,23	0,4,25	14,15,22,24
1	1	828	27	828	12	9,18	0,7,13,23	0,5,25	0,15,22,24
1	1	828	27	828	12	9,18	0,7,13,23	0,5,25	14,15,22,24
1	1	828	27	828	12	9,18	0,7,13,23	4,5,25	0,14,22,24
1	1	828	27	828	12	9,18	0,7,13,23	5,17,25	0,14,15,22
1	1	828	27	828	12	9,18	0,7,13,23	5,17,25	0,14,22,24
1	1	828	27	828	12	9,18	0,8,13,23	0,4,5	0,14,15,22
1	1	828	27	828	12	9,18	0,8,13,23	0,4,17	0,14,15,24
1	1	828	27	828	12	9,18	0,8,13,23	0,4,17	14,15,22,24
1	1	828	27	828	12	9,18	0,8,13,23	0,5,17	0,15,22,24
1	1	828	27	828	12	9,18	0,8,13,23	0,5,17	14,15,22,24
1	1	828	27	828	12	9,18	0,8,13,23	4,5,17	0,14,15,22
1	1	828	27	828	12	9,18	0,8,13,23	4,17,25	0,14,15,22
1	1	828	27	828	12	9,18	0,8,13,23	4,17,25	0,14,22,24
1	1	828	27	828	12	9,18	7,8,13,23	0,4,17	0,14,15,24
1	1	828	27	828	12	9,18	7,8,13,23	0,4,25	0,14,15,24
1	1	828	27	828	12	9,18	7,8,13,23	0,5,17	0,15,22,24
1	1	828	27	828	12	9,18	7,8,13,23	0,5,25	0,15,22,24
1	1	828	27	828	12	9,18	7,8,13,23	4,5,17	0,14,15,22
1	1	828	27	828	12	9,18	7,8,13,23	4,5,25	0,14,22,24
1	1	828	27	828	12	9,18	7,8,13,23	4,17,25	0,14,15,22
1	1	828	27	828	12	9,18	7,8,13,23	5,17,25	0,14,22,24
2	0	828	27	828	12	1,2	0,13,15,23	0,12,17	0,7,8,22
2	0	828	27	828	12	1,2	0,13,15,23	0,12,17	7,8,14,22
2	0	828	27	828	12	1,2	0,13,15,23	0,12,21	0,8,14,22
2	0	828	27	828	12	1,2	0,13,15,23	0,17,21	0,7,8,14
2	0	828	27	828	12	1,2	0,13,15,23	0,17,21	7,8,14,22
2	0	828	27	828	12	1,2	0,13,15,23	12,17,21	0,8,14,22
2	0	828	27	828	12	1,2	0,13,15,23	17,21,25	0,7,14,22
2	0	828	27	828	12	1,2	0,13,15,23	17,21,25	0,8,14,22
2	0	828	27	828	12	1,2	0,13,15,24	0,12,17	0,7,14,22
2	0	828	27	828	12	1,2	0,13,15,24	0,12,21	0,7,14,22
2	0	828	27	828	12	1,2	0,13,15,24	0,12,25	0,8,14,22
2	0	828	27	828	12	1,2	0,13,15,24	0,17,25	0,7,8,14
2	0	828	27	828	12	1,2	0,13,15,24	0,17,25	0,8,14,22
2	0	828	27	828	12	1,2	0,13,15,24	12,17,21	0,7,8,22
2	0	828	27	828	12	1,2	0,13,15,24	12,21,25	0,7,8,14
2	0	828	27	828	12	1,2	0,13,15,24	12,21,25	7,8,14,22
2	0	828	27	828	12	1,2	0,13,15,24	17,21,25	0,7,8,14
2	0	828	27	828	12	1,2	0,13,15,24	17,21,25	7,8,14,22
2	0	828	27	828	12	1,2	0,13,23,24	0,12,21	0,7,14,22
2	0	828	27	828	12	1,2	0,13,23,24	0,12,25	0,7,8,22
2	0	828	27	828	12	1,2	0,13,23,24	0,12,25	7,8,14,22
2	0	828	27	828	12	1,2	0,13,23,24	0,21,25	0,7,8,14
2	0	828	27	828	12	1,2	0,13,23,24	0,21,25	7,8,14,22
2	0	828	27	828	12	1,2	0,13,23,24	12,17,25	0,7,14,22
2	0	828	27	828	12	1,2	0,13,23,24	12,17,25	0,8,14,22
2	0	828	27	828	12	1,2	0,13,23,24	12,21,25	0,7,14,22
2	0	828	27	828	12	1,2	0,15,23,24	0,12,21	0,8,14,22
2	0	828	27	828	12	1,2	0,15,23,24	0,17,21	0,7,14,22
2	0	828	27	828	12	1,2	0,15,23,24	0,17,25	0,7,8,22
2	0	828	27	828	12	1,2	0,15,23,24	0,17,25	0,7,14,22
2	0	828	27	828	12	1,2	0,15,23,24	0,21,25	0,8,14,22
2	0	828	27	828	12	1,2	0,15,23,24	12,17,21	0,7,8,22
2	0	828	27	828	12	1,2	0,15,23,24	12,17,21	7,8,14,22
2	0	828	27	828	12	1,2	0,15,23,24	12,17,25	0,7,8,22
2	0	828	27	828	12	1,2	0,15,23,24	12,17,25	7,8,14,22
2	0	828	27	828	12	1,2	0,15,23,24	12,21,25	0,7,8,14
2	0	828	27	828	12	1,2	13,15,23,24	0,12,17	0,7,8,22
2	0	828	27	828	12	1,2	13,15,23,24	0,12,25	0,7,8,22
2	0	828	27	828	12	1,2	13,15,23,24	0,17,21	0,7,8,14
2	0	828	27	828	12	1,2	13,15,23,24	0,21,25	0,7,8,14
2	0	828	27	828	12	1,2	13,15,23,24	12,17,21	0,8,14,22
2	0	828	27	828	12	1,2	13,15,23,24	12,17,25	0,7,14,22
2	0	828	27	828	12	1,2	13,15,23,24	12,21,25	0,7,14,22
2	0	828	27	828	12	1,2	13,15,23,24	17,21,25	0,8,14,22
2	1	828	27	828	12	9,18	0,7,8,13	0,4,5	0,14,15,22
2	1	828	27	828	12	9,18	0,7,8,13	0,4,17	0,14,22,24
2	1	828	27	828	12	9,18	0,7,8,13	0,4,25	0,14,15,22
2	1	828	27	828	12	9,18	0,7,8,13	0,17,25	0,14,22,24
2	1	828	27	828	12	9,18	0,7,8,13	0,17,25	0,15,22,24
2	1	828	27	828	12	9,18	0,7,8,13	4,5,17	0,15,22,24
2	1	828	27	828	12	9,18	0,7,8,13	4,5,17	14,15,22,24
2	1	828	27	828	12	9,18	0,7,8,13	4,5,25	0,14,15,24
2	1	828	27	828	12	9,18	0,7,8,13	5,17,25	0,15,22,24
2	1	828	27	828	12	9,18	0,7,8,13	5,17,25	14,15,22,24
2	1	828	27	828	12	9,18	0,7,8,23	0,4,5	0,14,22,24
2	1	828	27	828	12	9,18	0,7,8,23	0,5,17	0,14,22,24
2	1	828	27	828	12	9,18	0,7,8,23	0,5,25	0,14,15,22
2	1	828	27	828	12	9,18	0,7,8,23	0,17,25	0,14,15,22
2	1	828	27	828	12	9,18	0,7,8,23	0,17,25	0,14,15,24
2	1	828	27	828	12	9,18	0,7,8,23	4,5,17	0,15,22,24
2	1	828	27	828	12	9,18	0,7,8,23	4,5,25	0,14,15,24
2	1	828	27	828	12	9,18	0,7,8,23	4,5,25	14,15,22,24
2	1	828	27	828	12	9,18	0,7,8,23	4,17,25	0,14,15,24
2	1	828	27	828	12	9,18	0,7,8,23	4,17,25	14,15,22,24
2	1	828	27	828	12	9,18	0,7,13,23	0,4,5	0,14,22,24
2	1	828	27	828	12	9,18	0,7,13,23	0,4,25	0,14,15,24
2	1	828	27	828	12	9,18	0,7,13,23	0,4,25	14,15,22,24
2	1	828	27	828	12	9,18	0,7,13,23	0,5,25	0,15,22,24
2	1	828	27	828	12	9,18	0,7,13,23	0,5,25	14,15,22,24
2	1	828	27	828	12	9,18	0,7,13,23	4,5,25	0,14,22,24
2	1	828	27	828	12	9,18	0,7,13,23	5,17,25	0,14,15,22
2	1	828	27	828	12	9,18	0,7,13,23	5,17,25	0,14,22,24
2	1	828	27	828	12	9,18	0,8,13,23	0,4,5	0,14,15,22
2	1	828	27	828	12	9,18	0,8,13,23	0,4,17	0,14,15,24
2	1	828	27	828	12	9,18	0,8,13,23	0,4,17	14,15,22,24
2	1	828	27	828	12	9,18	0,8,13,23	0,5,17	0,15,22,24
2	1	828	27	828	12	9,18	0,8,13,23	0,5,17	14,15,22,24
2	1	828	27	828	12	9,18	0,8,13,23	4,5,17	0,14,15,22
2	1	828	27	828	12	9,18	0,8,13,23	4,17,25	0,14,15,22
2	1	828	27	828	12	9,18	0,8,13,23	4,17,25	0,14,22,24
2	1	828	27	828	12	9,18	7,8,13,23	0,4,17	0,14,15,24
2	1	828	27	828	12	9,18	7,8,13,23	0,4,25	0,14,15,24
2	1	828	27	828	12	9,18	7,8,13,23	0,5,17	0,15,22,24
2	1	828	27	828	12	9,18	7,8,13,23	0,5,25	0,15,22,24
2	1	828	27	828	12	9,18	7,8,13,23	4,5,17	0,14,15,22
2	1	828	27	828	12	9,18	7,8,13,23	4,5,25	0,14,22,24
2	1	828	27	828	12	9,18	7,8,13,23	4,17,25	0,14,15,22
2	1	828	27	828	12	9,18	7,8,13,23	5,17,25	0,14,22,24
3	0	828	27	828	12	1,2	0,13,15,23	0,12,17	0,7,8,22
3	0	828	27	828	12	1,2	0,13,15,23	0,12,17	7,8,14,22
3	0	828	27	828	12	1,2	0,13,15,23	0,12,21	0,8,14,22
3	0	828	27	828	12	1,2	0,13,15,23	0,17,21	0,7,8,14
3	0	828	27	828	12	1,2	0,13,15,23	0,17,21	7,8,14,22
3	0	828	27	828	12	1,2	0,13,15,23	12,17,21	0,8,14,22
3	0	828	27	828	12	1,2	0,13,15,23	17,21,25	0,7,14,22
3	0	828	27	828	12	1,2	0,13,15,23	17,21,25	0,8,14,22
3	0	828	27	828	12	1,2	0,13,15,24	0,12,17	0,7,14,22
3	0	828	27	828	12	1,2	0,13,15,24	0,12,21	0,7,14,22
3	0	828	27	828	12	1,2	0,13,15,24	0,12,25	0,8,14,22
3	0	828	27	828	12	1,2	0,13,15,24	0,17,25	0,7,8,14
3	0	828	27	828	12	1,2	0,13,15,24	0,17,25	0,8,14,22
3	0	828	27	828	12	1,2	0,13,15,24	12,17,21	0,7,8,22
3	0	828	27	828	12	1,2	0,13,15,24	12,21,25	0,7,8,14
3	0	828	27	828	12	1,2	0,13,15,24	12,21,25	7,8,14,22
3	0	828	27	828	12	1,2	0,13,15,24	17,21,25	0,7,8,14
3	0	828	27	828	12	1,2	0,13,15,24	17,21,25	7,8,14,22
3	0	828	27	828	12	1,2	0,13,23,24	0,12,21	0,7,14,22
3	0	828	27	828	12	1,2	0,13,23,24	0,12,25	0,7,8,22
3	0	828	27	828	12	1,2	0,13,23,24	0,12,25	7,8,14,22
3	0	828	27	828	12	1,2	0,13,23,24	0,21,25	0,7,8,14
3	0	828	27	828	12	1,2	0,13,23,24	0,21,25	7,8,14,22
3	0	828	27	828	12	1,2	0,13,23,24	12,17,25	0,7,14,22
3	0	828	27	828	12	1,2	0,13,23,24	12,17,25	0,8,14,22
3	0	828	27	828	12	1,2	0,13,23,24	12,21,25	0,7,14,22
3	0	828	27	828	12	1,2	0,15,23,24	0,12,21	0,8,14,22
3	0	828	27	828	12	1,2	0,15,23,24	0,17,21	0,7,14,22
3	0	828	27	828	12	1,2	0,15,23,24	0,17,25	0,7,8,22
3	0	828	27	828	12	1,2	0,15,23,24	0,17,25	0,7,14,22
3	0	828	27	828	12	1,2	0,15,23,24	0,21,25	0,8,14,22
3	0	828	27	828	12	1,2	0,15,23,24	12,17,21	0,7,8,22
3	0	828	27	828	12	1,2	0,15,23,24	12,17,21	7,8,14,22
3	0	828	27	828	12	1,2	0,15,23,24	12,17,25	0,7,8,22
3	0	828	27	828	12	1,2	0,15,23,24	12,17,25	7,8,14,22
3	0	828	27	828	12	1,2	0,15,23,24	12,21,25	0,7,8,14
3	0	828	27	828	12	1,2	13,15,23,24	0,12,17	0,7,8,22
3	0	828	27	828	12	1,2	13,15,23,24	0,12,25	0,7,8,22
3	0	828	27	828	12	1,2	13,15,23,24	0,17,21	0,7,8,14
3	0	828	27	828	12	1,2	13,15,23,24	0,21,25	0,7,8,14
3	0	828	27	828	12	1,2	13,15,23,24	12,17,21	0,8,14,22
3	0	828	27	828	12	1,2	13,15,23,24	12,17,25	0,7,14,22
3	0	828	27	828	12	1,2	13,15,23,24	12,21,25	0,7,14,22
3	0	828	27	828	12	1,2	13,15,23,24	17,21,25	0,8,14,22
3	1	828	27	828	12	9,18	0,7,8,13	0,4,5	0,14,15,22
3	1	828	27	828	12	9,18	0,7,8,13	0,4,17	0,14,22,24
3	1	828	27	828	12	9,18	0,7,8,13	0,4,25	0,14,15,22
3	1	828	27	828	12	9,18	0,7,8,13	0,17,25	0,14,22,24
3	1	828	27	828	12	9,18	0,7,8,13	0,17,25	0,15,22,24
3	1	828	27	828	12	9,18	0,7,8,13	4,5,17	0,15,22,24
3	1	828	27	828	12	9,18	0,7,8,13	4,5,17	14,15,22,24
3	1	828	27	828	12	9,18	0,7,8,13	4,5,25	0,14,15,24
3	1	828	27	828	12	9,18	0,7,8,13	5,17,25	0,15,22,24
3	1	828	27	828	12	9,18	0,7,8,13	5,17,25	14,15,22,24
3	1	828	27	828	12	9,18	0,7,8,23	0,4,5	0,14,22,24
3	1	828	27	828	12	9,18	0,7,8,23	0,5,17	0,14,22,24
3	1	828	27	828	12	9,18	0,7,8,23	0,5,25	0,14,15,22
3	1	828	27	828	12	9,18	0,7,8,23	0,17,25	0,14,15,22
3	1	828	27	828	12	9,18	0,7,8,23	0,17,25	0,14,15,24
3	1	828	27	828	12	9,18	0,7,8,23	4,5,17	0,15,22,24
3	1	828	27	828	12	9,18	0,7,8,23	4,5,25	0,14,15,24
3	1	828	27	828	12	9,18	0,7,8,23	4,5,25	14,15,22,24
3	1	828	27	828	12	9,18	0,7,8,23	4,17,25	0,14,15,24
3	1	828	27	828	12	9,18	0,7,8,23	4,17,25	14,15,22,24
3	1	828	27	828	12	9,18	0,7,13,23	0,4,5	0,14,22,24
3	1	828	27	828	12	9,18	0,7,13,23	0,4,25	0,14,15,24
3	1	828	27	828	12	9,18	0,7,13,23	0,4,25	14,15,22,24
3	1	828	27	828	12	9,18	0,7,13,23	0,5,25	0,15,22,24
3	1	828	27	828	12	9,18	0,7,13,23	0,5,25	14,15,22,24
3	1	828	27	828	12	9,18	0,7,13,23	4,5,25	0,14,22,24
3	1	828	27	828	12	9,18	0,7,13,23	5,17,25	0,14,15,22
3	1	828	27	828	12	9,18	0,7,13,23	5,17,25	0,14,22,24
3	1	828	27	828	12	9,18	0,8,13,23	0,4,5	0,14,15,22
3	1	828	27	828	12	9,18	0,8,13,23	0,4,17	0,14,15,24
3	1	828	27	828	12	9,18	0,8,13,23	0,4,17	14,15,22,24
3	1	828	27	828	12	9,18	0,8,13,23	0,5,17	0,15,22,24
3	1	828	27	828	12	9,18	0,8,13,23	0,5,17	14,15,22,24
3	1	828	27	828	12	9,18	0,8,13,23	4,5,17	0,14,15,22
3	1	828	27	828	12	9,18	0,8,13,23	4,17,25	0,14,15,22
3	1	828	27	828	12	9,18	0,8,13,23	4,17,25	0,14,22,24
3	1	828	27	828	12	9,18	7,8,13,23	0,4,17	0,14,15,24
3	1	828	27	828	12	9,18	7,8,13,23	0,4,25	0,14,15,24
3	1	828	27	828	12	9,18	7,8,13,23	0,5,17	0,15,22,24
3	1	828	27	828	12	9,18	7,8,13,23	0,5,25	0,15,22,24
3	1	828	27	828	12	9,18	7,8,13,23	4,5,17	0,14,15,22
3	1	828	27	828	12	9,18	7,8,13,23	4,5,25	0,14,22,24
3	1	828	27	828	12	9,18	7,8,13,23	4,17,25	0,14,15,22
3	1	828	27	828	12	9,18	7,8,13,23	5,17,25	0,14,22,24
Cap configurations: 592

8,2,8;3,5,8;6,1,0: has a {19,5,17} 4-flat direction; already covered by {19,5,17} cases.

8,2,8;3,5,8;6,0,1: has a {19,6,16} 4-flat direction; already covered by {19,6,16} cases.

8,2,8;1,1,5;8,3,5: has a {18,6,17} 4-flat direction; already covered by {18,6,17} cases.

3-flat point count: 8,2,8;3,5,8;5,0,2
Excluded point counts: 5,18,18;6,17,18
1	0	828	12	835	776	0,4,5,16,26		1,2,4,5,9,15,18,24	1,2
1	0	828	12	835	778	0,4,5,16,26		1,2,4,5,9,15,18,24	1,2
1	0	828	12	835	779	0,4,5,16,26		1,2,4,5,9,15,18,24	1,2
1	0	828	12	835	781	0,4,5,16,26		1,2,4,5,9,15,18,24	1,2
1	1	828	12	835	776	0,4,5,16,26		1,2,4,5,9,15,18,24	1,2
1	1	828	12	835	778	0,4,5,16,26		1,2,4,5,9,15,18,24	1,2
1	1	828	12	835	779	0,4,5,16,26		1,2,4,5,9,15,18,24	1,2
1	1	828	12	835	781	0,4,5,16,26		1,2,4,5,9,15,18,24	1,2
3	0	828	12	835	776	0,4,5,16,26		1,2,4,5,9,15,18,24	1,2
3	0	828	12	835	778	0,4,5,16,26		1,2,4,5,9,15,18,24	1,2
3	0	828	12	835	779	0,4,5,16,26		1,2,4,5,9,15,18,24	1,2
3	0	828	12	835	781	0,4,5,16,26		1,2,4,5,9,15,18,24	1,2
3	1	828	12	835	776	0,4,5,16,26		1,2,4,5,9,15,18,24	1,2
3	1	828	12	835	778	0,4,5,16,26		1,2,4,5,9,15,18,24	1,2
3	1	828	12	835	779	0,4,5,16,26		1,2,4,5,9,15,18,24	1,2
3	1	828	12	835	781	0,4,5,16,26		1,2,4,5,9,15,18,24	1,2
0	0	828	27	835	776	0,7,8,14,22		7,8,13,14,15,22,23,24	1,2
0	0	828	27	835	777	0,7,8,14,22		7,8,13,14,15,22,23,24	1,2
0	0	828	27	835	780	0,7,8,14,22		7,8,13,14,15,22,23,24	1,2
0	0	828	27	835	781	0,7,8,14,22		7,8,13,14,15,22,23,24	1,2
0	0	828	27	835	782	0,7,8,14,22		7,8,13,14,15,22,23,24	1,2
0	0	828	27	835	784	0,7,8,14,22		7,8,13,14,15,22,23,24	1,2
1	0	828	27	835	776	0,7,8,14,22		7,8,13,14,15,22,23,24	1,2
1	0	828	27	835	777	0,7,8,14,22		7,8,13,14,15,22,23,24	1,2
1	0	828	27	835	780	0,7,8,14,22		7,8,13,14,15,22,23,24	1,2
1	0	828	27	835	781	0,7,8,14,22		7,8,13,14,15,22,23,24	1,2
1	0	828	27	835	782	0,7,8,14,22		7,8,13,14,15,22,23,24	1,2
1	0	828	27	835	784	0,7,8,14,22		7,8,13,14,15,22,23,24	1,2
2	0	828	27	835	776	0,7,8,14,22		7,8,13,14,15,22,23,24	1,2
2	0	828	27	835	777	0,7,8,14,22		7,8,13,14,15,22,23,24	1,2
2	0	828	27	835	780	0,7,8,14,22		7,8,13,14,15,22,23,24	1,2
2	0	828	27	835	781	0,7,8,14,22		7,8,13,14,15,22,23,24	1,2
2	0	828	27	835	782	0,7,8,14,22		7,8,13,14,15,22,23,24	1,2
2	0	828	27	835	784	0,7,8,14,22		7,8,13,14,15,22,23,24	1,2
3	0	828	27	835	776	0,7,8,14,22		7,8,13,14,15,22,23,24	1,2
3	0	828	27	835	777	0,7,8,14,22		7,8,13,14,15,22,23,24	1,2
3	0	828	27	835	780	0,7,8,14,22		7,8,13,14,15,22,23,24	1,2
3	0	828	27	835	781	0,7,8,14,22		7,8,13,14,15,22,23,24	1,2
3	0	828	27	835	782	0,7,8,14,22		7,8,13,14,15,22,23,24	1,2
3	0	828	27	835	784	0,7,8,14,22		7,8,13,14,15,22,23,24	1,2
Cap configurations: 40

8,2,8;2,1,4;8,3,5: has a {18,6,17} 4-flat direction; already covered by {18,6,17} cases.

3-flat point count: 8,2,8;1,2,4;8,3,5
Excluded point counts: 5,18,18;6,17,18
0	0	828	12	818	194	1,2	0,12,17	0,13,15,23	0,7,8,14,22
0	0	828	12	818	194	1,2	0,12,17	0,13,15,24	0,7,8,14,22
0	0	828	12	818	194	1,2	0,12,21	0,13,15,23	0,7,8,14,22
0	0	828	12	818	194	1,2	0,12,21	0,13,23,24	0,7,8,14,22
0	0	828	12	818	194	1,2	0,12,25	0,13,23,24	0,7,8,14,22
0	0	828	12	818	194	1,2	0,12,25	0,15,23,24	0,7,8,14,22
0	0	828	12	818	194	1,2	0,17,21	0,13,15,23	0,7,8,14,22
0	0	828	12	818	194	1,2	0,17,21	0,13,15,24	0,7,8,14,22
0	0	828	12	818	194	1,2	0,21,25	0,13,23,24	0,7,8,14,22
0	0	828	12	818	194	1,2	0,21,25	0,15,23,24	0,7,8,14,22
0	0	828	12	818	194	1,2	12,17,25	0,13,15,23	0,7,8,14,22
0	0	828	12	818	194	1,2	12,17,25	0,13,23,24	0,7,8,14,22
0	0	828	12	818	194	1,2	12,17,25	0,15,23,24	0,7,8,14,22
0	0	828	12	818	194	1,2	17,21,25	0,13,15,23	0,7,8,14,22
0	0	828	12	818	194	1,2	17,21,25	0,13,15,24	0,7,8,14,22
0	0	828	12	818	194	1,2	17,21,25	0,13,23,24	0,7,8,14,22
0	0	828	12	818	195	1,2	0,12,25	0,15,23,24	0,7,8,14,22
0	0	828	12	818	195	1,2	0,17,21	0,13,15,24	0,7,8,14,22
0	0	828	12	818	195	1,2	0,17,25	0,13,15,23	0,7,8,14,22
0	0	828	12	818	195	1,2	0,17,25	0,13,23,24	0,7,8,14,22
0	0	828	12	818	195	1,2	12,17,21	0,13,23,24	0,7,8,14,22
0	0	828	12	818	195	1,2	12,21,25	0,13,15,23	0,7,8,14,22
0	1	828	12	818	194	1,2	0,12,17	0,13,15,23	0,7,8,14,22
0	1	828	12	818	194	1,2	0,12,17	0,13,15,24	0,7,8,14,22
0	1	828	12	818	194	1,2	0,12,21	0,13,15,23	0,7,8,14,22
0	1	828	12	818	194	1,2	0,12,21	0,13,23,24	0,7,8,14,22
0	1	828	12	818	194	1,2	0,12,25	0,13,23,24	0,7,8,14,22
0	1	828	12	818	194	1,2	0,12,25	0,15,23,24	0,7,8,14,22
0	1	828	12	818	194	1,2	0,17,21	0,13,15,23	0,7,8,14,22
0	1	828	12	818	194	1,2	0,17,21	0,13,15,24	0,7,8,14,22
0	1	828	12	818	194	1,2	0,21,25	0,13,23,24	0,7,8,14,22
0	1	828	12	818	194	1,2	0,21,25	0,15,23,24	0,7,8,14,22
0	1	828	12	818	194	1,2	12,17,25	0,13,15,23	0,7,8,14,22
0	1	828	12	818	194	1,2	12,17,25	0,13,23,24	0,7,8,14,22
0	1	828	12	818	194	1,2	12,17,25	0,15,23,24	0,7,8,14,22
0	1	828	12	818	194	1,2	17,21,25	0,13,15,23	0,7,8,14,22
0	1	828	12	818	194	1,2	17,21,25	0,13,15,24	0,7,8,14,22
0	1	828	12	818	194	1,2	17,21,25	0,13,23,24	0,7,8,14,22
0	1	828	12	818	195	1,2	0,12,25	0,15,23,24	0,7,8,14,22
0	1	828	12	818	195	1,2	0,17,21	0,13,15,24	0,7,8,14,22
0	1	828	12	818	195	1,2	0,17,25	0,13,15,23	0,7,8,14,22
0	1	828	12	818	195	1,2	0,17,25	0,13,23,24	0,7,8,14,22
0	1	828	12	818	195	1,2	12,17,21	0,13,23,24	0,7,8,14,22
0	1	828	12	818	195	1,2	12,21,25	0,13,15,23	0,7,8,14,22
1	0	828	12	818	194	9,18	0,7,23	0,4,5,17	0,12,16,21,26
1	0	828	12	818	194	9,18	0,8,13	0,4,5,25	0,12,16,21,26
1	0	828	12	818	194	9,18	0,13,23	0,4,17,25	0,12,16,21,26
1	0	828	12	818	194	9,18	0,13,23	0,5,17,25	0,12,16,21,26
1	0	828	12	818	194	9,18	7,8,13	0,5,17,25	0,12,16,21,26
1	0	828	12	818	194	9,18	7,8,23	0,4,17,25	0,12,16,21,26
1	0	828	12	818	195	9,18	0,7,8	0,4,17,25	0,12,16,21,26
1	0	828	12	818	195	9,18	0,7,8	0,5,17,25	0,12,16,21,26
1	0	828	12	818	195	9,18	0,7,13	0,4,5,25	0,12,16,21,26
1	0	828	12	818	195	9,18	0,7,13	0,4,17,25	0,12,16,21,26
1	0	828	12	818	195	9,18	0,7,23	0,4,5,17	0,12,16,21,26
1	0	828	12	818	195	9,18	0,7,23	0,5,17,25	0,12,16,21,26
1	0	828	12	818	195	9,18	0,8,13	0,4,5,25	0,12,16,21,26
1	0	828	12	818	195	9,18	0,8,13	0,4,17,25	0,12,16,21,26
1	0	828	12	818	195	9,18	0,8,23	0,4,5,17	0,12,16,21,26
1	0	828	12	818	195	9,18	0,8,23	0,5,17,25	0,12,16,21,26
1	0	828	12	818	195	9,18	7,13,23	0,4,5,17	0,12,16,21,26
1	0	828	12	818	195	9,18	7,13,23	0,4,17,25	0,12,16,21,26
1	0	828	12	818	195	9,18	7,13,23	0,5,17,25	0,12,16,21,26
1	0	828	12	818	195	9,18	8,13,23	0,4,5,25	0,12,16,21,26
1	0	828	12	818	195	9,18	8,13,23	0,4,17,25	0,12,16,21,26
1	0	828	12	818	195	9,18	8,13,23	0,5,17,25	0,12,16,21,26
1	1	828	12	818	194	9,18	0,7,23	0,4,5,17	0,12,16,21,26
1	1	828	12	818	194	9,18	0,8,13	0,4,5,25	0,12,16,21,26
1	1	828	12	818	194	9,18	0,13,23	0,4,17,25	0,12,16,21,26
1	1	828	12	818	194	9,18	0,13,23	0,5,17,25	0,12,16,21,26
1	1	828	12	818	194	9,18	7,8,13	0,5,17,25	0,12,16,21,26
1	1	828	12	818	194	9,18	7,8,23	0,4,17,25	0,12,16,21,26
1	1	828	12	818	195	9,18	0,7,8	0,4,17,25	0,12,16,21,26
1	1	828	12	818	195	9,18	0,7,8	0,5,17,25	0,12,16,21,26
1	1	828	12	818	195	9,18	0,7,13	0,4,5,25	0,12,16,21,26
1	1	828	12	818	195	9,18	0,7,13	0,4,17,25	0,12,16,21,26
1	1	828	12	818	195	9,18	0,7,23	0,4,5,17	0,12,16,21,26
1	1	828	12	818	195	9,18	0,7,23	0,5,17,25	0,12,16,21,26
1	1	828	12	818	195	9,18	0,8,13	0,4,5,25	0,12,16,21,26
1	1	828	12	818	195	9,18	0,8,13	0,4,17,25	0,12,16,21,26
1	1	828	12	818	195	9,18	0,8,23	0,4,5,17	0,12,16,21,26
1	1	828	12	818	195	9,18	0,8,23	0,5,17,25	0,12,16,21,26
1	1	828	12	818	195	9,18	7,13,23	0,4,5,17	0,12,16,21,26
1	1	828	12	818	195	9,18	7,13,23	0,4,17,25	0,12,16,21,26
1	1	828	12	818	195	9,18	7,13,23	0,5,17,25	0,12,16,21,26
1	1	828	12	818	195	9,18	8,13,23	0,4,5,25	0,12,16,21,26
1	1	828	12	818	195	9,18	8,13,23	0,4,17,25	0,12,16,21,26
1	1	828	12	818	195	9,18	8,13,23	0,5,17,25	0,12,16,21,26
2	0	828	12	818	194	1,2	0,12,17	0,13,15,23	0,7,8,14,22
2	0	828	12	818	194	1,2	0,12,17	0,13,15,24	0,7,8,14,22
2	0	828	12	818	194	1,2	0,12,21	0,13,15,23	0,7,8,14,22
2	0	828	12	818	194	1,2	0,12,21	0,13,23,24	0,7,8,14,22
2	0	828	12	818	194	1,2	0,12,25	0,13,23,24	0,7,8,14,22
2	0	828	12	818	194	1,2	0,12,25	0,15,23,24	0,7,8,14,22
2	0	828	12	818	194	1,2	0,17,21	0,13,15,23	0,7,8,14,22
2	0	828	12	818	194	1,2	0,17,21	0,13,15,24	0,7,8,14,22
2	0	828	12	818	194	1,2	0,21,25	0,13,23,24	0,7,8,14,22
2	0	828	12	818	194	1,2	0,21,25	0,15,23,24	0,7,8,14,22
2	0	828	12	818	194	1,2	12,17,25	0,13,15,23	0,7,8,14,22
2	0	828	12	818	194	1,2	12,17,25	0,13,23,24	0,7,8,14,22
2	0	828	12	818	194	1,2	12,17,25	0,15,23,24	0,7,8,14,22
2	0	828	12	818	194	1,2	17,21,25	0,13,15,23	0,7,8,14,22
2	0	828	12	818	194	1,2	17,21,25	0,13,15,24	0,7,8,14,22
2	0	828	12	818	194	1,2	17,21,25	0,13,23,24	0,7,8,14,22
2	0	828	12	818	195	1,2	0,12,25	0,15,23,24	0,7,8,14,22
2	0	828	12	818	195	1,2	0,17,21	0,13,15,24	0,7,8,14,22
2	0	828	12	818	195	1,2	0,17,25	0,13,15,23	0,7,8,14,22
2	0	828	12	818	195	1,2	0,17,25	0,13,23,24	0,7,8,14,22
2	0	828	12	818	195	1,2	12,17,21	0,13,23,24	0,7,8,14,22
2	0	828	12	818	195	1,2	12,21,25	0,13,15,23	0,7,8,14,22
2	1	828	12	818	194	1,2	0,12,17	0,13,15,23	0,7,8,14,22
2	1	828	12	818	194	1,2	0,12,17	0,13,15,24	0,7,8,14,22
2	1	828	12	818	194	1,2	0,12,21	0,13,15,23	0,7,8,14,22
2	1	828	12	818	194	1,2	0,12,21	0,13,23,24	0,7,8,14,22
2	1	828	12	818	194	1,2	0,12,25	0,13,23,24	0,7,8,14,22
2	1	828	12	818	194	1,2	0,12,25	0,15,23,24	0,7,8,14,22
2	1	828	12	818	194	1,2	0,17,21	0,13,15,23	0,7,8,14,22
2	1	828	12	818	194	1,2	0,17,21	0,13,15,24	0,7,8,14,22
2	1	828	12	818	194	1,2	0,21,25	0,13,23,24	0,7,8,14,22
2	1	828	12	818	194	1,2	0,21,25	0,15,23,24	0,7,8,14,22
2	1	828	12	818	194	1,2	12,17,25	0,13,15,23	0,7,8,14,22
2	1	828	12	818	194	1,2	12,17,25	0,13,23,24	0,7,8,14,22
2	1	828	12	818	194	1,2	12,17,25	0,15,23,24	0,7,8,14,22
2	1	828	12	818	194	1,2	17,21,25	0,13,15,23	0,7,8,14,22
2	1	828	12	818	194	1,2	17,21,25	0,13,15,24	0,7,8,14,22
2	1	828	12	818	194	1,2	17,21,25	0,13,23,24	0,7,8,14,22
2	1	828	12	818	195	1,2	0,12,25	0,15,23,24	0,7,8,14,22
2	1	828	12	818	195	1,2	0,17,21	0,13,15,24	0,7,8,14,22
2	1	828	12	818	195	1,2	0,17,25	0,13,15,23	0,7,8,14,22
2	1	828	12	818	195	1,2	0,17,25	0,13,23,24	0,7,8,14,22
2	1	828	12	818	195	1,2	12,17,21	0,13,23,24	0,7,8,14,22
2	1	828	12	818	195	1,2	12,21,25	0,13,15,23	0,7,8,14,22
3	0	828	12	818	194	9,18	0,7,23	0,4,5,17	0,12,16,21,26
3	0	828	12	818	194	9,18	0,8,13	0,4,5,25	0,12,16,21,26
3	0	828	12	818	194	9,18	0,13,23	0,4,17,25	0,12,16,21,26
3	0	828	12	818	194	9,18	0,13,23	0,5,17,25	0,12,16,21,26
3	0	828	12	818	194	9,18	7,8,13	0,5,17,25	0,12,16,21,26
3	0	828	12	818	194	9,18	7,8,23	0,4,17,25	0,12,16,21,26
3	0	828	12	818	195	9,18	0,7,8	0,4,17,25	0,12,16,21,26
3	0	828	12	818	195	9,18	0,7,8	0,5,17,25	0,12,16,21,26
3	0	828	12	818	195	9,18	0,7,13	0,4,5,25	0,12,16,21,26
3	0	828	12	818	195	9,18	0,7,13	0,4,17,25	0,12,16,21,26
3	0	828	12	818	195	9,18	0,7,23	0,4,5,17	0,12,16,21,26
3	0	828	12	818	195	9,18	0,7,23	0,5,17,25	0,12,16,21,26
3	0	828	12	818	195	9,18	0,8,13	0,4,5,25	0,12,16,21,26
3	0	828	12	818	195	9,18	0,8,13	0,4,17,25	0,12,16,21,26
3	0	828	12	818	195	9,18	0,8,23	0,4,5,17	0,12,16,21,26
3	0	828	12	818	195	9,18	0,8,23	0,5,17,25	0,12,16,21,26
3	0	828	12	818	195	9,18	7,13,23	0,4,5,17	0,12,16,21,26
3	0	828	12	818	195	9,18	7,13,23	0,4,17,25	0,12,16,21,26
3	0	828	12	818	195	9,18	7,13,23	0,5,17,25	0,12,16,21,26
3	0	828	12	818	195	9,18	8,13,23	0,4,5,25	0,12,16,21,26
3	0	828	12	818	195	9,18	8,13,23	0,4,17,25	0,12,16,21,26
3	0	828	12	818	195	9,18	8,13,23	0,5,17,25	0,12,16,21,26
3	1	828	12	818	194	9,18	0,7,23	0,4,5,17	0,12,16,21,26
3	1	828	12	818	194	9,18	0,8,13	0,4,5,25	0,12,16,21,26
3	1	828	12	818	194	9,18	0,13,23	0,4,17,25	0,12,16,21,26
3	1	828	12	818	194	9,18	0,13,23	0,5,17,25	0,12,16,21,26
3	1	828	12	818	194	9,18	7,8,13	0,5,17,25	0,12,16,21,26
3	1	828	12	818	194	9,18	7,8,23	0,4,17,25	0,12,16,21,26
3	1	828	12	818	195	9,18	0,7,8	0,4,17,25	0,12,16,21,26
3	1	828	12	818	195	9,18	0,7,8	0,5,17,25	0,12,16,21,26
3	1	828	12	818	195	9,18	0,7,13	0,4,5,25	0,12,16,21,26
3	1	828	12	818	195	9,18	0,7,13	0,4,17,25	0,12,16,21,26
3	1	828	12	818	195	9,18	0,7,23	0,4,5,17	0,12,16,21,26
3	1	828	12	818	195	9,18	0,7,23	0,5,17,25	0,12,16,21,26
3	1	828	12	818	195	9,18	0,8,13	0,4,5,25	0,12,16,21,26
3	1	828	12	818	195	9,18	0,8,13	0,4,17,25	0,12,16,21,26
3	1	828	12	818	195	9,18	0,8,23	0,4,5,17	0,12,16,21,26
3	1	828	12	818	195	9,18	0,8,23	0,5,17,25	0,12,16,21,26
3	1	828	12	818	195	9,18	7,13,23	0,4,5,17	0,12,16,21,26
3	1	828	12	818	195	9,18	7,13,23	0,4,17,25	0,12,16,21,26
3	1	828	12	818	195	9,18	7,13,23	0,5,17,25	0,12,16,21,26
3	1	828	12	818	195	9,18	8,13,23	0,4,5,25	0,12,16,21,26
3	1	828	12	818	195	9,18	8,13,23	0,4,17,25	0,12,16,21,26
3	1	828	12	818	195	9,18	8,13,23	0,5,17,25	0,12,16,21,26
0	0	828	27	818	39	1,2	0,13,15	12,17,21,25	0,7,8,14,22
0	0	828	27	818	39	1,2	0,13,23	0,12,17,21	0,7,8,14,22
0	0	828	27	818	39	1,2	0,13,24	0,12,17,25	0,7,8,14,22
0	0	828	27	818	39	1,2	0,13,24	12,17,21,25	0,7,8,14,22
0	0	828	27	818	39	1,2	0,15,24	0,12,21,25	0,7,8,14,22
0	0	828	27	818	39	1,2	0,15,24	0,17,21,25	0,7,8,14,22
0	0	828	27	818	39	1,2	0,23,24	0,17,21,25	0,7,8,14,22
0	0	828	27	818	39	1,2	0,23,24	12,17,21,25	0,7,8,14,22
0	0	828	27	818	39	1,2	13,15,23	0,12,21,25	0,7,8,14,22
0	0	828	27	818	39	1,2	13,15,24	0,12,17,25	0,7,8,14,22
0	0	828	27	818	39	1,2	13,15,24	0,12,21,25	0,7,8,14,22
0	0	828	27	818	39	1,2	13,15,24	0,17,21,25	0,7,8,14,22
0	0	828	27	818	39	1,2	13,23,24	0,12,17,21	0,7,8,14,22
0	0	828	27	818	39	1,2	13,23,24	0,12,17,25	0,7,8,14,22
0	0	828	27	818	39	1,2	13,23,24	0,17,21,25	0,7,8,14,22
0	0	828	27	818	40	1,2	0,13,15	0,12,17,25	0,7,8,14,22
0	0	828	27	818	40	1,2	0,13,15	12,17,21,25	0,7,8,14,22
0	0	828	27	818	40	1,2	0,13,23	0,12,21,25	0,7,8,14,22
0	0	828	27	818	40	1,2	0,15,23	0,17,21,25	0,7,8,14,22
0	0	828	27	818	40	1,2	0,15,23	12,17,21,25	0,7,8,14,22
0	0	828	27	818	40	1,2	0,15,24	0,12,17,21	0,7,8,14,22
0	0	828	27	818	40	1,2	0,15,24	0,12,17,25	0,7,8,14,22
0	0	828	27	818	40	1,2	0,23,24	12,17,21,25	0,7,8,14,22
0	0	828	27	818	40	1,2	13,15,23	0,12,17,25	0,7,8,14,22
0	0	828	27	818	40	1,2	13,15,23	0,12,21,25	0,7,8,14,22
0	0	828	27	818	40	1,2	13,15,23	0,17,21,25	0,7,8,14,22
0	0	828	27	818	40	1,2	13,23,24	0,12,17,21	0,7,8,14,22
0	0	828	27	818	40	1,2	15,23,24	0,12,17,21	0,7,8,14,22
0	0	828	27	818	40	1,2	15,23,24	0,12,17,25	0,7,8,14,22
0	0	828	27	818	40	1,2	15,23,24	0,17,21,25	0,7,8,14,22
0	1	828	27	818	39	9,18	0,7,8	0,4,5,17	0,14,15,22,24
0	1	828	27	818	39	9,18	0,7,8	0,5,17,25	0,14,15,22,24
0	1	828	27	818	39	9,18	0,7,13	4,5,17,25	0,14,15,22,24
0	1	828	27	818	39	9,18	0,8,13	0,4,17,25	0,14,15,22,24
0	1	828	27	818	39	9,18	0,8,13	4,5,17,25	0,14,15,22,24
0	1	828	27	818	39	9,18	0,8,23	0,5,17,25	0,14,15,22,24
0	1	828	27	818	39	9,18	0,8,23	4,5,17,25	0,14,15,22,24
0	1	828	27	818	39	9,18	0,13,23	0,4,5,25	0,14,15,22,24
0	1	828	27	818	39	9,18	7,8,13	0,4,5,17	0,14,15,22,24
0	1	828	27	818	39	9,18	7,8,13	0,4,17,25	0,14,15,22,24
0	1	828	27	818	39	9,18	7,8,13	0,5,17,25	0,14,15,22,24
0	1	828	27	818	39	9,18	7,13,23	0,4,5,17	0,14,15,22,24
0	1	828	27	818	39	9,18	8,13,23	0,4,5,25	0,14,15,22,24
0	1	828	27	818	39	9,18	8,13,23	0,4,17,25	0,14,15,22,24
0	1	828	27	818	39	9,18	8,13,23	0,5,17,25	0,14,15,22,24
0	1	828	27	818	40	9,18	0,7,8	0,4,5,25	0,14,15,22,24
0	1	828	27	818	40	9,18	0,7,8	0,4,17,25	0,14,15,22,24
0	1	828	27	818	40	9,18	0,7,13	0,4,17,25	0,14,15,22,24
0	1	828	27	818	40	9,18	0,7,13	4,5,17,25	0,14,15,22,24
0	1	828	27	818	40	9,18	0,7,23	0,5,17,25	0,14,15,22,24
0	1	828	27	818	40	9,18	0,7,23	4,5,17,25	0,14,15,22,24
0	1	828	27	818	40	9,18	0,8,23	4,5,17,25	0,14,15,22,24
0	1	828	27	818	40	9,18	0,13,23	0,4,5,17	0,14,15,22,24
0	1	828	27	818	40	9,18	7,8,23	0,4,5,25	0,14,15,22,24
0	1	828	27	818	40	9,18	7,8,23	0,4,17,25	0,14,15,22,24
0	1	828	27	818	40	9,18	7,8,23	0,5,17,25	0,14,15,22,24
0	1	828	27	818	40	9,18	7,13,23	0,4,5,17	0,14,15,22,24
0	1	828	27	818	40	9,18	7,13,23	0,4,17,25	0,14,15,22,24
0	1	828	27	818	40	9,18	7,13,23	0,5,17,25	0,14,15,22,24
0	1	828	27	818	40	9,18	8,13,23	0,4,5,25	0,14,15,22,24
1	0	828	27	818	39	1,2	0,13,15	12,17,21,25	0,7,8,14,22
1	0	828	27	818	39	1,2	0,13,23	0,12,17,21	0,7,8,14,22
1	0	828	27	818	39	1,2	0,13,24	0,12,17,25	0,7,8,14,22
1	0	828	27	818	39	1,2	0,13,24	12,17,21,25	0,7,8,14,22
1	0	828	27	818	39	1,2	0,15,24	0,12,21,25	0,7,8,14,22
1	0	828	27	818	39	1,2	0,15,24	0,17,21,25	0,7,8,14,22
1	0	828	27	818	39	1,2	0,23,24	0,17,21,25	0,7,8,14,22
1	0	828	27	818	39	1,2	0,23,24	12,17,21,25	0,7,8,14,22
1	0	828	27	818	39	1,2	13,15,23	0,12,21,25	0,7,8,14,22
1	0	828	27	818	39	1,2	13,15,24	0,12,17,25	0,7,8,14,22
1	0	828	27	818	39	1,2	13,15,24	0,12,21,25	0,7,8,14,22
1	0	828	27	818	39	1,2	13,15,24	0,17,21,25	0,7,8,14,22
1	0	828	27	818	39	1,2	13,23,24	0,12,17,21	0,7,8,14,22
1	0	828	27	818	39	1,2	13,23,24	0,12,17,25	0,7,8,14,22
1	0	828	27	818	39	1,2	13,23,24	0,17,21,25	0,7,8,14,22
1	0	828	27	818	40	1,2	0,13,15	0,12,17,25	0,7,8,14,22
1	0	828	27	818	40	1,2	0,13,15	12,17,21,25	0,7,8,14,22
1	0	828	27	818	40	1,2	0,13,23	0,12,21,25	0,7,8,14,22
1	0	828	27	818	40	1,2	0,15,23	0,17,21,25	0,7,8,14,22
1	0	828	27	818	40	1,2	0,15,23	12,17,21,25	0,7,8,14,22
1	0	828	27	818	40	1,2	0,15,24	0,12,17,21	0,7,8,14,22
1	0	828	27	818	40	1,2	0,15,24	0,12,17,25	0,7,8,14,22
1	0	828	27	818	40	1,2	0,23,24	12,17,21,25	0,7,8,14,22
1	0	828	27	818	40	1,2	13,15,23	0,12,17,25	0,7,8,14,22
1	0	828	27	818	40	1,2	13,15,23	0,12,21,25	0,7,8,14,22
1	0	828	27	818	40	1,2	13,15,23	0,17,21,25	0,7,8,14,22
1	0	828	27	818	40	1,2	13,23,24	0,12,17,21	0,7,8,14,22
1	0	828	27	818	40	1,2	15,23,24	0,12,17,21	0,7,8,14,22
1	0	828	27	818	40	1,2	15,23,24	0,12,17,25	0,7,8,14,22
1	0	828	27	818	40	1,2	15,23,24	0,17,21,25	0,7,8,14,22
1	1	828	27	818	39	9,18	0,7,8	0,4,5,17	0,14,15,22,24
1	1	828	27	818	39	9,18	0,7,8	0,5,17,25	0,14,15,22,24
1	1	828	27	818	39	9,18	0,7,13	4,5,17,25	0,14,15,22,24
1	1	828	27	818	39	9,18	0,8,13	0,4,17,25	0,14,15,22,24
1	1	828	27	818	39	9,18	0,8,13	4,5,17,25	0,14,15,22,24
1	1	828	27	818	39	9,18	0,8,23	0,5,17,25	0,14,15,22,24
1	1	828	27	818	39	9,18	0,8,23	4,5,17,25	0,14,15,22,24
1	1	828	27	818	39	9,18	0,13,23	0,4,5,25	0,14,15,22,24
1	1	828	27	818	39	9,18	7,8,13	0,4,5,17	0,14,15,22,24
1	1	828	27	818	39	9,18	7,8,13	0,4,17,25	0,14,15,22,24
1	1	828	27	818	39	9,18	7,8,13	0,5,17,25	0,14,15,22,24
1	1	828	27	818	39	9,18	7,13,23	0,4,5,17	0,14,15,22,24
1	1	828	27	818	39	9,18	8,13,23	0,4,5,25	0,14,15,22,24
1	1	828	27	818	39	9,18	8,13,23	0,4,17,25	0,14,15,22,24
1	1	828	27	818	39	9,18	8,13,23	0,5,17,25	0,14,15,22,24
1	1	828	27	818	40	9,18	0,7,8	0,4,5,25	0,14,15,22,24
1	1	828	27	818	40	9,18	0,7,8	0,4,17,25	0,14,15,22,24
1	1	828	27	818	40	9,18	0,7,13	0,4,17,25	0,14,15,22,24
1	1	828	27	818	40	9,18	0,7,13	4,5,17,25	0,14,15,22,24
1	1	828	27	818	40	9,18	0,7,23	0,5,17,25	0,14,15,22,24
1	1	828	27	818	40	9,18	0,7,23	4,5,17,25	0,14,15,22,24
1	1	828	27	818	40	9,18	0,8,23	4,5,17,25	0,14,15,22,24
1	1	828	27	818	40	9,18	0,13,23	0,4,5,17	0,14,15,22,24
1	1	828	27	818	40	9,18	7,8,23	0,4,5,25	0,14,15,22,24
1	1	828	27	818	40	9,18	7,8,23	0,4,17,25	0,14,15,22,24
1	1	828	27	818	40	9,18	7,8,23	0,5,17,25	0,14,15,22,24
1	1	828	27	818	40	9,18	7,13,23	0,4,5,17	0,14,15,22,24
1	1	828	27	818	40	9,18	7,13,23	0,4,17,25	0,14,15,22,24
1	1	828	27	818	40	9,18	7,13,23	0,5,17,25	0,14,15,22,24
1	1	828	27	818	40	9,18	8,13,23	0,4,5,25	0,14,15,22,24
2	0	828	27	818	39	1,2	0,13,15	12,17,21,25	0,7,8,14,22
2	0	828	27	818	39	1,2	0,13,23	0,12,17,21	0,7,8,14,22
2	0	828	27	818	39	1,2	0,13,24	0,12,17,25	0,7,8,14,22
2	0	828	27	818	39	1,2	0,13,24	12,17,21,25	0,7,8,14,22
2	0	828	27	818	39	1,2	0,15,24	0,12,21,25	0,7,8,14,22
2	0	828	27	818	39	1,2	0,15,24	0,17,21,25	0,7,8,14,22
2	0	828	27	818	39	1,2	0,23,24	0,17,21,25	0,7,8,14,22
2	0	828	27	818	39	1,2	0,23,24	12,17,21,25	0,7,8,14,22
2	0	828	27	818	39	1,2	13,15,23	0,12,21,25	0,7,8,14,22
2	0	828	27	818	39	1,2	13,15,24	0,12,17,25	0,7,8,14,22
2	0	828	27	818	39	1,2	13,15,24	0,12,21,25	0,7,8,14,22
2	0	828	27	818	39	1,2	13,15,24	0,17,21,25	0,7,8,14,22
2	0	828	27	818	39	1,2	13,23,24	0,12,17,21	0,7,8,14,22
2	0	828	27	818	39	1,2	13,23,24	0,12,17,25	0,7,8,14,22
2	0	828	27	818	39	1,2	13,23,24	0,17,21,25	0,7,8,14,22
2	0	828	27	818	40	1,2	0,13,15	0,12,17,25	0,7,8,14,22
2	0	828	27	818	40	1,2	0,13,15	12,17,21,25	0,7,8,14,22
2	0	828	27	818	40	1,2	0,13,23	0,12,21,25	0,7,8,14,22
2	0	828	27	818	40	1,2	0,15,23	0,17,21,25	0,7,8,14,22
2	0	828	27	818	40	1,2	0,15,23	12,17,21,25	0,7,8,14,22
2	0	828	27	818	40	1,2	0,15,24	0,12,17,21	0,7,8,14,22
2	0	828	27	818	40	1,2	0,15,24	0,12,17,25	0,7,8,14,22
2	0	828	27	818	40	1,2	0,23,24	12,17,21,25	0,7,8,14,22
2	0	828	27	818	40	1,2	13,15,23	0,12,17,25	0,7,8,14,22
2	0	828	27	818	40	1,2	13,15,23	0,12,21,25	0,7,8,14,22
2	0	828	27	818	40	1,2	13,15,23	0,17,21,25	0,7,8,14,22
2	0	828	27	818	40	1,2	13,23,24	0,12,17,21	0,7,8,14,22
2	0	828	27	818	40	1,2	15,23,24	0,12,17,21	0,7,8,14,22
2	0	828	27	818	40	1,2	15,23,24	0,12,17,25	0,7,8,14,22
2	0	828	27	818	40	1,2	15,23,24	0,17,21,25	0,7,8,14,22
2	1	828	27	818	39	9,18	0,7,8	0,4,5,17	0,14,15,22,24
2	1	828	27	818	39	9,18	0,7,8	0,5,17,25	0,14,15,22,24
2	1	828	27	818	39	9,18	0,7,13	4,5,17,25	0,14,15,22,24
2	1	828	27	818	39	9,18	0,8,13	0,4,17,25	0,14,15,22,24
2	1	828	27	818	39	9,18	0,8,13	4,5,17,25	0,14,15,22,24
2	1	828	27	818	39	9,18	0,8,23	0,5,17,25	0,14,15,22,24
2	1	828	27	818	39	9,18	0,8,23	4,5,17,25	0,14,15,22,24
2	1	828	27	818	39	9,18	0,13,23	0,4,5,25	0,14,15,22,24
2	1	828	27	818	39	9,18	7,8,13	0,4,5,17	0,14,15,22,24
2	1	828	27	818	39	9,18	7,8,13	0,4,17,25	0,14,15,22,24
2	1	828	27	818	39	9,18	7,8,13	0,5,17,25	0,14,15,22,24
2	1	828	27	818	39	9,18	7,13,23	0,4,5,17	0,14,15,22,24
2	1	828	27	818	39	9,18	8,13,23	0,4,5,25	0,14,15,22,24
2	1	828	27	818	39	9,18	8,13,23	0,4,17,25	0,14,15,22,24
2	1	828	27	818	39	9,18	8,13,23	0,5,17,25	0,14,15,22,24
2	1	828	27	818	40	9,18	0,7,8	0,4,5,25	0,14,15,22,24
2	1	828	27	818	40	9,18	0,7,8	0,4,17,25	0,14,15,22,24
2	1	828	27	818	40	9,18	0,7,13	0,4,17,25	0,14,15,22,24
2	1	828	27	818	40	9,18	0,7,13	4,5,17,25	0,14,15,22,24
2	1	828	27	818	40	9,18	0,7,23	0,5,17,25	0,14,15,22,24
2	1	828	27	818	40	9,18	0,7,23	4,5,17,25	0,14,15,22,24
2	1	828	27	818	40	9,18	0,8,23	4,5,17,25	0,14,15,22,24
2	1	828	27	818	40	9,18	0,13,23	0,4,5,17	0,14,15,22,24
2	1	828	27	818	40	9,18	7,8,23	0,4,5,25	0,14,15,22,24
2	1	828	27	818	40	9,18	7,8,23	0,4,17,25	0,14,15,22,24
2	1	828	27	818	40	9,18	7,8,23	0,5,17,25	0,14,15,22,24
2	1	828	27	818	40	9,18	7,13,23	0,4,5,17	0,14,15,22,24
2	1	828	27	818	40	9,18	7,13,23	0,4,17,25	0,14,15,22,24
2	1	828	27	818	40	9,18	7,13,23	0,5,17,25	0,14,15,22,24
2	1	828	27	818	40	9,18	8,13,23	0,4,5,25	0,14,15,22,24
3	0	828	27	818	39	1,2	0,13,15	12,17,21,25	0,7,8,14,22
3	0	828	27	818	39	1,2	0,13,23	0,12,17,21	0,7,8,14,22
3	0	828	27	818	39	1,2	0,13,24	0,12,17,25	0,7,8,14,22
3	0	828	27	818	39	1,2	0,13,24	12,17,21,25	0,7,8,14,22
3	0	828	27	818	39	1,2	0,15,24	0,12,21,25	0,7,8,14,22
3	0	828	27	818	39	1,2	0,15,24	0,17,21,25	0,7,8,14,22
3	0	828	27	818	39	1,2	0,23,24	0,17,21,25	0,7,8,14,22
3	0	828	27	818	39	1,2	0,23,24	12,17,21,25	0,7,8,14,22
3	0	828	27	818	39	1,2	13,15,23	0,12,21,25	0,7,8,14,22
3	0	828	27	818	39	1,2	13,15,24	0,12,17,25	0,7,8,14,22
3	0	828	27	818	39	1,2	13,15,24	0,12,21,25	0,7,8,14,22
3	0	828	27	818	39	1,2	13,15,24	0,17,21,25	0,7,8,14,22
3	0	828	27	818	39	1,2	13,23,24	0,12,17,21	0,7,8,14,22
3	0	828	27	818	39	1,2	13,23,24	0,12,17,25	0,7,8,14,22
3	0	828	27	818	39	1,2	13,23,24	0,17,21,25	0,7,8,14,22
3	0	828	27	818	40	1,2	0,13,15	0,12,17,25	0,7,8,14,22
3	0	828	27	818	40	1,2	0,13,15	12,17,21,25	0,7,8,14,22
3	0	828	27	818	40	1,2	0,13,23	0,12,21,25	0,7,8,14,22
3	0	828	27	818	40	1,2	0,15,23	0,17,21,25	0,7,8,14,22
3	0	828	27	818	40	1,2	0,15,23	12,17,21,25	0,7,8,14,22
3	0	828	27	818	40	1,2	0,15,24	0,12,17,21	0,7,8,14,22
3	0	828	27	818	40	1,2	0,15,24	0,12,17,25	0,7,8,14,22
3	0	828	27	818	40	1,2	0,23,24	12,17,21,25	0,7,8,14,22
3	0	828	27	818	40	1,2	13,15,23	0,12,17,25	0,7,8,14,22
3	0	828	27	818	40	1,2	13,15,23	0,12,21,25	0,7,8,14,22
3	0	828	27	818	40	1,2	13,15,23	0,17,21,25	0,7,8,14,22
3	0	828	27	818	40	1,2	13,23,24	0,12,17,21	0,7,8,14,22
3	0	828	27	818	40	1,2	15,23,24	0,12,17,21	0,7,8,14,22
3	0	828	27	818	40	1,2	15,23,24	0,12,17,25	0,7,8,14,22
3	0	828	27	818	40	1,2	15,23,24	0,17,21,25	0,7,8,14,22
3	1	828	27	818	39	9,18	0,7,8	0,4,5,17	0,14,15,22,24
3	1	828	27	818	39	9,18	0,7,8	0,5,17,25	0,14,15,22,24
3	1	828	27	818	39	9,18	0,7,13	4,5,17,25	0,14,15,22,24
3	1	828	27	818	39	9,18	0,8,13	0,4,17,25	0,14,15,22,24
3	1	828	27	818	39	9,18	0,8,13	4,5,17,25	0,14,15,22,24
3	1	828	27	818	39	9,18	0,8,23	0,5,17,25	0,14,15,22,24
3	1	828	27	818	39	9,18	0,8,23	4,5,17,25	0,14,15,22,24
3	1	828	27	818	39	9,18	0,13,23	0,4,5,25	0,14,15,22,24
3	1	828	27	818	39	9,18	7,8,13	0,4,5,17	0,14,15,22,24
3	1	828	27	818	39	9,18	7,8,13	0,4,17,25	0,14,15,22,24
3	1	828	27	818	39	9,18	7,8,13	0,5,17,25	0,14,15,22,24
3	1	828	27	818	39	9,18	7,13,23	0,4,5,17	0,14,15,22,24
3	1	828	27	818	39	9,18	8,13,23	0,4,5,25	0,14,15,22,24
3	1	828	27	818	39	9,18	8,13,23	0,4,17,25	0,14,15,22,24
3	1	828	27	818	39	9,18	8,13,23	0,5,17,25	0,14,15,22,24
3	1	828	27	818	40	9,18	0,7,8	0,4,5,25	0,14,15,22,24
3	1	828	27	818	40	9,18	0,7,8	0,4,17,25	0,14,15,22,24
3	1	828	27	818	40	9,18	0,7,13	0,4,17,25	0,14,15,22,24
3	1	828	27	818	40	9,18	0,7,13	4,5,17,25	0,14,15,22,24
3	1	828	27	818	40	9,18	0,7,23	0,5,17,25	0,14,15,22,24
3	1	828	27	818	40	9,18	0,7,23	4,5,17,25	0,14,15,22,24
3	1	828	27	818	40	9,18	0,8,23	4,5,17,25	0,14,15,22,24
3	1	828	27	818	40	9,18	0,13,23	0,4,5,17	0,14,15,22,24
3	1	828	27	818	40	9,18	7,8,23	0,4,5,25	0,14,15,22,24
3	1	828	27	818	40	9,18	7,8,23	0,4,17,25	0,14,15,22,24
3	1	828	27	818	40	9,18	7,8,23	0,5,17,25	0,14,15,22,24
3	1	828	27	818	40	9,18	7,13,23	0,4,5,17	0,14,15,22,24
3	1	828	27	818	40	9,18	7,13,23	0,4,17,25	0,14,15,22,24
3	1	828	27	818	40	9,18	7,13,23	0,5,17,25	0,14,15,22,24
3	1	828	27	818	40	9,18	8,13,23	0,4,5,25	0,14,15,22,24
Cap configurations: 416

3-flat point count: 8,2,8;2,2,3;8,3,5
Excluded point counts: 5,18,18;6,17,18
0	0	828	12	828	27	1,2	0,12,17	0,13,15	0,7,8,14,22
0	0	828	12	828	27	1,2	0,12,17	13,15,24	0,7,8,14,22
0	0	828	12	828	27	1,2	0,12,21	0,13,23	0,7,8,14,22
0	0	828	12	828	27	1,2	0,12,21	0,13,24	0,7,8,14,22
0	0	828	12	828	27	1,2	0,12,21	0,15,23	0,7,8,14,22
0	0	828	12	828	27	1,2	0,12,21	0,15,24	0,7,8,14,22
0	0	828	12	828	27	1,2	0,12,25	0,13,24	0,7,8,14,22
0	0	828	12	828	27	1,2	0,12,25	0,15,24	0,7,8,14,22
0	0	828	12	828	27	1,2	0,12,25	13,15,24	0,7,8,14,22
0	0	828	12	828	27	1,2	0,12,25	15,23,24	0,7,8,14,22
0	0	828	12	828	27	1,2	0,17,21	0,15,23	0,7,8,14,22
0	0	828	12	828	27	1,2	0,17,21	0,15,24	0,7,8,14,22
0	0	828	12	828	27	1,2	0,17,21	13,15,24	0,7,8,14,22
0	0	828	12	828	27	1,2	0,17,21	15,23,24	0,7,8,14,22
0	0	828	12	828	27	1,2	0,17,25	0,13,23	0,7,8,14,22
0	0	828	12	828	27	1,2	0,17,25	0,15,24	0,7,8,14,22
0	0	828	12	828	27	1,2	0,21,25	0,23,24	0,7,8,14,22
0	0	828	12	828	27	1,2	0,21,25	15,23,24	0,7,8,14,22
0	0	828	12	828	27	1,2	12,17,21	0,13,15	0,7,8,14,22
0	0	828	12	828	27	1,2	12,17,21	0,13,24	0,7,8,14,22
0	0	828	12	828	27	1,2	12,17,21	0,15,23	0,7,8,14,22
0	0	828	12	828	27	1,2	12,17,21	13,15,24	0,7,8,14,22
0	0	828	12	828	27	1,2	12,17,21	13,23,24	0,7,8,14,22
0	0	828	12	828	27	1,2	12,17,21	15,23,24	0,7,8,14,22
0	0	828	12	828	27	1,2	12,17,25	13,15,23	0,7,8,14,22
0	0	828	12	828	27	1,2	12,17,25	13,23,24	0,7,8,14,22
0	0	828	12	828	27	1,2	12,17,25	15,23,24	0,7,8,14,22
0	0	828	12	828	27	1,2	12,21,25	0,13,24	0,7,8,14,22
0	0	828	12	828	27	1,2	12,21,25	0,15,23	0,7,8,14,22
0	0	828	12	828	27	1,2	12,21,25	0,23,24	0,7,8,14,22
0	0	828	12	828	27	1,2	12,21,25	13,15,23	0,7,8,14,22
0	0	828	12	828	27	1,2	12,21,25	13,15,24	0,7,8,14,22
0	0	828	12	828	27	1,2	12,21,25	15,23,24	0,7,8,14,22
0	0	828	12	828	27	1,2	17,21,25	13,15,23	0,7,8,14,22
0	0	828	12	828	27	1,2	17,21,25	13,15,24	0,7,8,14,22
0	0	828	12	828	27	1,2	17,21,25	13,23,24	0,7,8,14,22
0	1	828	12	828	27	1,2	0,12,17	0,13,15	0,7,8,14,22
0	1	828	12	828	27	1,2	0,12,17	13,15,24	0,7,8,14,22
0	1	828	12	828	27	1,2	0,12,21	0,13,23	0,7,8,14,22
0	1	828	12	828	27	1,2	0,12,21	0,13,24	0,7,8,14,22
0	1	828	12	828	27	1,2	0,12,21	0,15,23	0,7,8,14,22
0	1	828	12	828	27	1,2	0,12,21	0,15,24	0,7,8,14,22
0	1	828	12	828	27	1,2	0,12,25	0,13,24	0,7,8,14,22
0	1	828	12	828	27	1,2	0,12,25	0,15,24	0,7,8,14,22
0	1	828	12	828	27	1,2	0,12,25	13,15,24	0,7,8,14,22
0	1	828	12	828	27	1,2	0,12,25	15,23,24	0,7,8,14,22
0	1	828	12	828	27	1,2	0,17,21	0,15,23	0,7,8,14,22
0	1	828	12	828	27	1,2	0,17,21	0,15,24	0,7,8,14,22
0	1	828	12	828	27	1,2	0,17,21	13,15,24	0,7,8,14,22
0	1	828	12	828	27	1,2	0,17,21	15,23,24	0,7,8,14,22
0	1	828	12	828	27	1,2	0,17,25	0,13,23	0,7,8,14,22
0	1	828	12	828	27	1,2	0,17,25	0,15,24	0,7,8,14,22
0	1	828	12	828	27	1,2	0,21,25	0,23,24	0,7,8,14,22
0	1	828	12	828	27	1,2	0,21,25	15,23,24	0,7,8,14,22
0	1	828	12	828	27	1,2	12,17,21	0,13,15	0,7,8,14,22
0	1	828	12	828	27	1,2	12,17,21	0,13,24	0,7,8,14,22
0	1	828	12	828	27	1,2	12,17,21	0,15,23	0,7,8,14,22
0	1	828	12	828	27	1,2	12,17,21	13,15,24	0,7,8,14,22
0	1	828	12	828	27	1,2	12,17,21	13,23,24	0,7,8,14,22
0	1	828	12	828	27	1,2	12,17,21	15,23,24	0,7,8,14,22
0	1	828	12	828	27	1,2	12,17,25	13,15,23	0,7,8,14,22
0	1	828	12	828	27	1,2	12,17,25	13,23,24	0,7,8,14,22
0	1	828	12	828	27	1,2	12,17,25	15,23,24	0,7,8,14,22
0	1	828	12	828	27	1,2	12,21,25	0,13,24	0,7,8,14,22
0	1	828	12	828	27	1,2	12,21,25	0,15,23	0,7,8,14,22
0	1	828	12	828	27	1,2	12,21,25	0,23,24	0,7,8,14,22
0	1	828	12	828	27	1,2	12,21,25	13,15,23	0,7,8,14,22
0	1	828	12	828	27	1,2	12,21,25	13,15,24	0,7,8,14,22
0	1	828	12	828	27	1,2	12,21,25	15,23,24	0,7,8,14,22
0	1	828	12	828	27	1,2	17,21,25	13,15,23	0,7,8,14,22
0	1	828	12	828	27	1,2	17,21,25	13,15,24	0,7,8,14,22
0	1	828	12	828	27	1,2	17,21,25	13,23,24	0,7,8,14,22
1	0	828	12	828	27	9,18	0,7,8	0,4,5	0,12,16,21,26
1	0	828	12	828	27	9,18	0,7,8	0,4,17	0,12,16,21,26
1	0	828	12	828	27	9,18	0,7,8	0,5,25	0,12,16,21,26
1	0	828	12	828	27	9,18	0,7,8	0,17,25	0,12,16,21,26
1	0	828	12	828	27	9,18	0,7,13	0,4,25	0,12,16,21,26
1	0	828	12	828	27	9,18	0,7,13	4,5,25	0,12,16,21,26
1	0	828	12	828	27	9,18	0,7,23	0,4,5	0,12,16,21,26
1	0	828	12	828	27	9,18	0,7,23	0,5,25	0,12,16,21,26
1	0	828	12	828	27	9,18	0,7,23	4,5,17	0,12,16,21,26
1	0	828	12	828	27	9,18	0,7,23	4,5,25	0,12,16,21,26
1	0	828	12	828	27	9,18	0,8,13	0,4,5	0,12,16,21,26
1	0	828	12	828	27	9,18	0,8,13	0,4,17	0,12,16,21,26
1	0	828	12	828	27	9,18	0,8,13	4,5,17	0,12,16,21,26
1	0	828	12	828	27	9,18	0,8,13	4,5,25	0,12,16,21,26
1	0	828	12	828	27	9,18	0,8,23	0,5,17	0,12,16,21,26
1	0	828	12	828	27	9,18	0,8,23	4,5,17	0,12,16,21,26
1	0	828	12	828	27	9,18	0,13,23	0,4,5	0,12,16,21,26
1	0	828	12	828	27	9,18	0,13,23	0,17,25	0,12,16,21,26
1	0	828	12	828	27	9,18	7,8,13	0,4,17	0,12,16,21,26
1	0	828	12	828	27	9,18	7,8,13	0,4,25	0,12,16,21,26
1	0	828	12	828	27	9,18	7,8,13	0,5,25	0,12,16,21,26
1	0	828	12	828	27	9,18	7,8,13	4,5,17	0,12,16,21,26
1	0	828	12	828	27	9,18	7,8,13	4,5,25	0,12,16,21,26
1	0	828	12	828	27	9,18	7,8,13	5,17,25	0,12,16,21,26
1	0	828	12	828	27	9,18	7,8,23	0,4,17	0,12,16,21,26
1	0	828	12	828	27	9,18	7,8,23	0,5,17	0,12,16,21,26
1	0	828	12	828	27	9,18	7,8,23	0,5,25	0,12,16,21,26
1	0	828	12	828	27	9,18	7,8,23	4,5,17	0,12,16,21,26
1	0	828	12	828	27	9,18	7,8,23	4,5,25	0,12,16,21,26
1	0	828	12	828	27	9,18	7,8,23	4,17,25	0,12,16,21,26
1	0	828	12	828	27	9,18	7,13,23	4,5,17	0,12,16,21,26
1	0	828	12	828	27	9,18	7,13,23	4,17,25	0,12,16,21,26
1	0	828	12	828	27	9,18	7,13,23	5,17,25	0,12,16,21,26
1	0	828	12	828	27	9,18	8,13,23	4,5,25	0,12,16,21,26
1	0	828	12	828	27	9,18	8,13,23	4,17,25	0,12,16,21,26
1	0	828	12	828	27	9,18	8,13,23	5,17,25	0,12,16,21,26
1	1	828	12	828	27	9,18	0,7,8	0,4,5	0,12,16,21,26
1	1	828	12	828	27	9,18	0,7,8	0,4,17	0,12,16,21,26
1	1	828	12	828	27	9,18	0,7,8	0,5,25	0,12,16,21,26
1	1	828	12	828	27	9,18	0,7,8	0,17,25	0,12,16,21,26
1	1	828	12	828	27	9,18	0,7,13	0,4,25	0,12,16,21,26
1	1	828	12	828	27	9,18	0,7,13	4,5,25	0,12,16,21,26
1	1	828	12	828	27	9,18	0,7,23	0,4,5	0,12,16,21,26
1	1	828	12	828	27	9,18	0,7,23	0,5,25	0,12,16,21,26
1	1	828	12	828	27	9,18	0,7,23	4,5,17	0,12,16,21,26
1	1	828	12	828	27	9,18	0,7,23	4,5,25	0,12,16,21,26
1	1	828	12	828	27	9,18	0,8,13	0,4,5	0,12,16,21,26
1	1	828	12	828	27	9,18	0,8,13	0,4,17	0,12,16,21,26
1	1	828	12	828	27	9,18	0,8,13	4,5,17	0,12,16,21,26
1	1	828	12	828	27	9,18	0,8,13	4,5,25	0,12,16,21,26
1	1	828	12	828	27	9,18	0,8,23	0,5,17	0,12,16,21,26
1	1	828	12	828	27	9,18	0,8,23	4,5,17	0,12,16,21,26
1	1	828	12	828	27	9,18	0,13,23	0,4,5	0,12,16,21,26
1	1	828	12	828	27	9,18	0,13,23	0,17,25	0,12,16,21,26
1	1	828	12	828	27	9,18	7,8,13	0,4,17	0,12,16,21,26
1	1	828	12	828	27	9,18	7,8,13	0,4,25	0,12,16,21,26
1	1	828	12	828	27	9,18	7,8,13	0,5,25	0,12,16,21,26
1	1	828	12	828	27	9,18	7,8,13	4,5,17	0,12,16,21,26
1	1	828	12	828	27	9,18	7,8,13	4,5,25	0,12,16,21,26
1	1	828	12	828	27	9,18	7,8,13	5,17,25	0,12,16,21,26
1	1	828	12	828	27	9,18	7,8,23	0,4,17	0,12,16,21,26
1	1	828	12	828	27	9,18	7,8,23	0,5,17	0,12,16,21,26
1	1	828	12	828	27	9,18	7,8,23	0,5,25	0,12,16,21,26
1	1	828	12	828	27	9,18	7,8,23	4,5,17	0,12,16,21,26
1	1	828	12	828	27	9,18	7,8,23	4,5,25	0,12,16,21,26
1	1	828	12	828	27	9,18	7,8,23	4,17,25	0,12,16,21,26
1	1	828	12	828	27	9,18	7,13,23	4,5,17	0,12,16,21,26
1	1	828	12	828	27	9,18	7,13,23	4,17,25	0,12,16,21,26
1	1	828	12	828	27	9,18	7,13,23	5,17,25	0,12,16,21,26
1	1	828	12	828	27	9,18	8,13,23	4,5,25	0,12,16,21,26
1	1	828	12	828	27	9,18	8,13,23	4,17,25	0,12,16,21,26
1	1	828	12	828	27	9,18	8,13,23	5,17,25	0,12,16,21,26
2	0	828	12	828	27	1,2	0,12,17	0,13,15	0,7,8,14,22
2	0	828	12	828	27	1,2	0,12,17	13,15,24	0,7,8,14,22
2	0	828	12	828	27	1,2	0,12,21	0,13,23	0,7,8,14,22
2	0	828	12	828	27	1,2	0,12,21	0,13,24	0,7,8,14,22
2	0	828	12	828	27	1,2	0,12,21	0,15,23	0,7,8,14,22
2	0	828	12	828	27	1,2	0,12,21	0,15,24	0,7,8,14,22
2	0	828	12	828	27	1,2	0,12,25	0,13,24	0,7,8,14,22
2	0	828	12	828	27	1,2	0,12,25	0,15,24	0,7,8,14,22
2	0	828	12	828	27	1,2	0,12,25	13,15,24	0,7,8,14,22
2	0	828	12	828	27	1,2	0,12,25	15,23,24	0,7,8,14,22
2	0	828	12	828	27	1,2	0,17,21	0,15,23	0,7,8,14,22
2	0	828	12	828	27	1,2	0,17,21	0,15,24	0,7,8,14,22
2	0	828	12	828	27	1,2	0,17,21	13,15,24	0,7,8,14,22
2	0	828	12	828	27	1,2	0,17,21	15,23,24	0,7,8,14,22
2	0	828	12	828	27	1,2	0,17,25	0,13,23	0,7,8,14,22
2	0	828	12	828	27	1,2	0,17,25	0,15,24	0,7,8,14,22
2	0	828	12	828	27	1,2	0,21,25	0,23,24	0,7,8,14,22
2	0	828	12	828	27	1,2	0,21,25	15,23,24	0,7,8,14,22
2	0	828	12	828	27	1,2	12,17,21	0,13,15	0,7,8,14,22
2	0	828	12	828	27	1,2	12,17,21	0,13,24	0,7,8,14,22
2	0	828	12	828	27	1,2	12,17,21	0,15,23	0,7,8,14,22
2	0	828	12	828	27	1,2	12,17,21	13,15,24	0,7,8,14,22
2	0	828	12	828	27	1,2	12,17,21	13,23,24	0,7,8,14,22
2	0	828	12	828	27	1,2	12,17,21	15,23,24	0,7,8,14,22
2	0	828	12	828	27	1,2	12,17,25	13,15,23	0,7,8,14,22
2	0	828	12	828	27	1,2	12,17,25	13,23,24	0,7,8,14,22
2	0	828	12	828	27	1,2	12,17,25	15,23,24	0,7,8,14,22
2	0	828	12	828	27	1,2	12,21,25	0,13,24	0,7,8,14,22
2	0	828	12	828	27	1,2	12,21,25	0,15,23	0,7,8,14,22
2	0	828	12	828	27	1,2	12,21,25	0,23,24	0,7,8,14,22
2	0	828	12	828	27	1,2	12,21,25	13,15,23	0,7,8,14,22
2	0	828	12	828	27	1,2	12,21,25	13,15,24	0,7,8,14,22
2	0	828	12	828	27	1,2	12,21,25	15,23,24	0,7,8,14,22
2	0	828	12	828	27	1,2	17,21,25	13,15,23	0,7,8,14,22
2	0	828	12	828	27	1,2	17,21,25	13,15,24	0,7,8,14,22
2	0	828	12	828	27	1,2	17,21,25	13,23,24	0,7,8,14,22
2	1	828	12	828	27	1,2	0,12,17	0,13,15	0,7,8,14,22
2	1	828	12	828	27	1,2	0,12,17	13,15,24	0,7,8,14,22
2	1	828	12	828	27	1,2	0,12,21	0,13,23	0,7,8,14,22
2	1	828	12	828	27	1,2	0,12,21	0,13,24	0,7,8,14,22
2	1	828	12	828	27	1,2	0,12,21	0,15,23	0,7,8,14,22
2	1	828	12	828	27	1,2	0,12,21	0,15,24	0,7,8,14,22
2	1	828	12	828	27	1,2	0,12,25	0,13,24	0,7,8,14,22
2	1	828	12	828	27	1,2	0,12,25	0,15,24	0,7,8,14,22
2	1	828	12	828	27	1,2	0,12,25	13,15,24	0,7,8,14,22
2	1	828	12	828	27	1,2	0,12,25	15,23,24	0,7,8,14,22
2	1	828	12	828	27	1,2	0,17,21	0,15,23	0,7,8,14,22
2	1	828	12	828	27	1,2	0,17,21	0,15,24	0,7,8,14,22
2	1	828	12	828	27	1,2	0,17,21	13,15,24	0,7,8,14,22
2	1	828	12	828	27	1,2	0,17,21	15,23,24	0,7,8,14,22
2	1	828	12	828	27	1,2	0,17,25	0,13,23	0,7,8,14,22
2	1	828	12	828	27	1,2	0,17,25	0,15,24	0,7,8,14,22
2	1	828	12	828	27	1,2	0,21,25	0,23,24	0,7,8,14,22
2	1	828	12	828	27	1,2	0,21,25	15,23,24	0,7,8,14,22
2	1	828	12	828	27	1,2	12,17,21	0,13,15	0,7,8,14,22
2	1	828	12	828	27	1,2	12,17,21	0,13,24	0,7,8,14,22
2	1	828	12	828	27	1,2	12,17,21	0,15,23	0,7,8,14,22
2	1	828	12	828	27	1,2	12,17,21	13,15,24	0,7,8,14,22
2	1	828	12	828	27	1,2	12,17,21	13,23,24	0,7,8,14,22
2	1	828	12	828	27	1,2	12,17,21	15,23,24	0,7,8,14,22
2	1	828	12	828	27	1,2	12,17,25	13,15,23	0,7,8,14,22
2	1	828	12	828	27	1,2	12,17,25	13,23,24	0,7,8,14,22
2	1	828	12	828	27	1,2	12,17,25	15,23,24	0,7,8,14,22
2	1	828	12	828	27	1,2	12,21,25	0,13,24	0,7,8,14,22
2	1	828	12	828	27	1,2	12,21,25	0,15,23	0,7,8,14,22
2	1	828	12	828	27	1,2	12,21,25	0,23,24	0,7,8,14,22
2	1	828	12	828	27	1,2	12,21,25	13,15,23	0,7,8,14,22
2	1	828	12	828	27	1,2	12,21,25	13,15,24	0,7,8,14,22
2	1	828	12	828	27	1,2	12,21,25	15,23,24	0,7,8,14,22
2	1	828	12	828	27	1,2	17,21,25	13,15,23	0,7,8,14,22
2	1	828	12	828	27	1,2	17,21,25	13,15,24	0,7,8,14,22
2	1	828	12	828	27	1,2	17,21,25	13,23,24	0,7,8,14,22
3	0	828	12	828	27	9,18	0,7,8	0,4,5	0,12,16,21,26
3	0	828	12	828	27	9,18	0,7,8	0,4,17	0,12,16,21,26
3	0	828	12	828	27	9,18	0,7,8	0,5,25	0,12,16,21,26
3	0	828	12	828	27	9,18	0,7,8	0,17,25	0,12,16,21,26
3	0	828	12	828	27	9,18	0,7,13	0,4,25	0,12,16,21,26
3	0	828	12	828	27	9,18	0,7,13	4,5,25	0,12,16,21,26
3	0	828	12	828	27	9,18	0,7,23	0,4,5	0,12,16,21,26
3	0	828	12	828	27	9,18	0,7,23	0,5,25	0,12,16,21,26
3	0	828	12	828	27	9,18	0,7,23	4,5,17	0,12,16,21,26
3	0	828	12	828	27	9,18	0,7,23	4,5,25	0,12,16,21,26
3	0	828	12	828	27	9,18	0,8,13	0,4,5	0,12,16,21,26
3	0	828	12	828	27	9,18	0,8,13	0,4,17	0,12,16,21,26
3	0	828	12	828	27	9,18	0,8,13	4,5,17	0,12,16,21,26
3	0	828	12	828	27	9,18	0,8,13	4,5,25	0,12,16,21,26
3	0	828	12	828	27	9,18	0,8,23	0,5,17	0,12,16,21,26
3	0	828	12	828	27	9,18	0,8,23	4,5,17	0,12,16,21,26
3	0	828	12	828	27	9,18	0,13,23	0,4,5	0,12,16,21,26
3	0	828	12	828	27	9,18	0,13,23	0,17,25	0,12,16,21,26
3	0	828	12	828	27	9,18	7,8,13	0,4,17	0,12,16,21,26
3	0	828	12	828	27	9,18	7,8,13	0,4,25	0,12,16,21,26
3	0	828	12	828	27	9,18	7,8,13	0,5,25	0,12,16,21,26
3	0	828	12	828	27	9,18	7,8,13	4,5,17	0,12,16,21,26
3	0	828	12	828	27	9,18	7,8,13	4,5,25	0,12,16,21,26
3	0	828	12	828	27	9,18	7,8,13	5,17,25	0,12,16,21,26
3	0	828	12	828	27	9,18	7,8,23	0,4,17	0,12,16,21,26
3	0	828	12	828	27	9,18	7,8,23	0,5,17	0,12,16,21,26
3	0	828	12	828	27	9,18	7,8,23	0,5,25	0,12,16,21,26
3	0	828	12	828	27	9,18	7,8,23	4,5,17	0,12,16,21,26
3	0	828	12	828	27	9,18	7,8,23	4,5,25	0,12,16,21,26
3	0	828	12	828	27	9,18	7,8,23	4,17,25	0,12,16,21,26
3	0	828	12	828	27	9,18	7,13,23	4,5,17	0,12,16,21,26
3	0	828	12	828	27	9,18	7,13,23	4,17,25	0,12,16,21,26
3	0	828	12	828	27	9,18	7,13,23	5,17,25	0,12,16,21,26
3	0	828	12	828	27	9,18	8,13,23	4,5,25	0,12,16,21,26
3	0	828	12	828	27	9,18	8,13,23	4,17,25	0,12,16,21,26
3	0	828	12	828	27	9,18	8,13,23	5,17,25	0,12,16,21,26
3	1	828	12	828	27	9,18	0,7,8	0,4,5	0,12,16,21,26
3	1	828	12	828	27	9,18	0,7,8	0,4,17	0,12,16,21,26
3	1	828	12	828	27	9,18	0,7,8	0,5,25	0,12,16,21,26
3	1	828	12	828	27	9,18	0,7,8	0,17,25	0,12,16,21,26
3	1	828	12	828	27	9,18	0,7,13	0,4,25	0,12,16,21,26
3	1	828	12	828	27	9,18	0,7,13	4,5,25	0,12,16,21,26
3	1	828	12	828	27	9,18	0,7,23	0,4,5	0,12,16,21,26
3	1	828	12	828	27	9,18	0,7,23	0,5,25	0,12,16,21,26
3	1	828	12	828	27	9,18	0,7,23	4,5,17	0,12,16,21,26
3	1	828	12	828	27	9,18	0,7,23	4,5,25	0,12,16,21,26
3	1	828	12	828	27	9,18	0,8,13	0,4,5	0,12,16,21,26
3	1	828	12	828	27	9,18	0,8,13	0,4,17	0,12,16,21,26
3	1	828	12	828	27	9,18	0,8,13	4,5,17	0,12,16,21,26
3	1	828	12	828	27	9,18	0,8,13	4,5,25	0,12,16,21,26
3	1	828	12	828	27	9,18	0,8,23	0,5,17	0,12,16,21,26
3	1	828	12	828	27	9,18	0,8,23	4,5,17	0,12,16,21,26
3	1	828	12	828	27	9,18	0,13,23	0,4,5	0,12,16,21,26
3	1	828	12	828	27	9,18	0,13,23	0,17,25	0,12,16,21,26
3	1	828	12	828	27	9,18	7,8,13	0,4,17	0,12,16,21,26
3	1	828	12	828	27	9,18	7,8,13	0,4,25	0,12,16,21,26
3	1	828	12	828	27	9,18	7,8,13	0,5,25	0,12,16,21,26
3	1	828	12	828	27	9,18	7,8,13	4,5,17	0,12,16,21,26
3	1	828	12	828	27	9,18	7,8,13	4,5,25	0,12,16,21,26
3	1	828	12	828	27	9,18	7,8,13	5,17,25	0,12,16,21,26
3	1	828	12	828	27	9,18	7,8,23	0,4,17	0,12,16,21,26
3	1	828	12	828	27	9,18	7,8,23	0,5,17	0,12,16,21,26
3	1	828	12	828	27	9,18	7,8,23	0,5,25	0,12,16,21,26
3	1	828	12	828	27	9,18	7,8,23	4,5,17	0,12,16,21,26
3	1	828	12	828	27	9,18	7,8,23	4,5,25	0,12,16,21,26
3	1	828	12	828	27	9,18	7,8,23	4,17,25	0,12,16,21,26
3	1	828	12	828	27	9,18	7,13,23	4,5,17	0,12,16,21,26
3	1	828	12	828	27	9,18	7,13,23	4,17,25	0,12,16,21,26
3	1	828	12	828	27	9,18	7,13,23	5,17,25	0,12,16,21,26
3	1	828	12	828	27	9,18	8,13,23	4,5,25	0,12,16,21,26
3	1	828	12	828	27	9,18	8,13,23	4,17,25	0,12,16,21,26
3	1	828	12	828	27	9,18	8,13,23	5,17,25	0,12,16,21,26
0	0	828	27	828	12	1,2	0,13,15	0,12,17	0,7,8,14,22
0	0	828	27	828	12	1,2	0,13,15	12,17,21	0,7,8,14,22
0	0	828	27	828	12	1,2	0,13,23	0,12,21	0,7,8,14,22
0	0	828	27	828	12	1,2	0,13,23	0,17,25	0,7,8,14,22
0	0	828	27	828	12	1,2	0,13,24	0,12,21	0,7,8,14,22
0	0	828	27	828	12	1,2	0,13,24	0,12,25	0,7,8,14,22
0	0	828	27	828	12	1,2	0,13,24	12,17,21	0,7,8,14,22
0	0	828	27	828	12	1,2	0,13,24	12,21,25	0,7,8,14,22
0	0	828	27	828	12	1,2	0,15,23	0,12,21	0,7,8,14,22
0	0	828	27	828	12	1,2	0,15,23	0,17,21	0,7,8,14,22
0	0	828	27	828	12	1,2	0,15,23	12,17,21	0,7,8,14,22
0	0	828	27	828	12	1,2	0,15,23	12,21,25	0,7,8,14,22
0	0	828	27	828	12	1,2	0,15,24	0,12,21	0,7,8,14,22
0	0	828	27	828	12	1,2	0,15,24	0,12,25	0,7,8,14,22
0	0	828	27	828	12	1,2	0,15,24	0,17,21	0,7,8,14,22
0	0	828	27	828	12	1,2	0,15,24	0,17,25	0,7,8,14,22
0	0	828	27	828	12	1,2	0,23,24	0,21,25	0,7,8,14,22
0	0	828	27	828	12	1,2	0,23,24	12,21,25	0,7,8,14,22
0	0	828	27	828	12	1,2	13,15,23	12,17,25	0,7,8,14,22
0	0	828	27	828	12	1,2	13,15,23	12,21,25	0,7,8,14,22
0	0	828	27	828	12	1,2	13,15,23	17,21,25	0,7,8,14,22
0	0	828	27	828	12	1,2	13,15,24	0,12,17	0,7,8,14,22
0	0	828	27	828	12	1,2	13,15,24	0,12,25	0,7,8,14,22
0	0	828	27	828	12	1,2	13,15,24	0,17,21	0,7,8,14,22
0	0	828	27	828	12	1,2	13,15,24	12,17,21	0,7,8,14,22
0	0	828	27	828	12	1,2	13,15,24	12,21,25	0,7,8,14,22
0	0	828	27	828	12	1,2	13,15,24	17,21,25	0,7,8,14,22
0	0	828	27	828	12	1,2	13,23,24	12,17,21	0,7,8,14,22
0	0	828	27	828	12	1,2	13,23,24	12,17,25	0,7,8,14,22
0	0	828	27	828	12	1,2	13,23,24	17,21,25	0,7,8,14,22
0	0	828	27	828	12	1,2	15,23,24	0,12,25	0,7,8,14,22
0	0	828	27	828	12	1,2	15,23,24	0,17,21	0,7,8,14,22
0	0	828	27	828	12	1,2	15,23,24	0,21,25	0,7,8,14,22
0	0	828	27	828	12	1,2	15,23,24	12,17,21	0,7,8,14,22
0	0	828	27	828	12	1,2	15,23,24	12,17,25	0,7,8,14,22
0	0	828	27	828	12	1,2	15,23,24	12,21,25	0,7,8,14,22
0	1	828	27	828	12	9,18	0,7,8	0,4,5	0,14,15,22,24
0	1	828	27	828	12	9,18	0,7,8	0,4,17	0,14,15,22,24
0	1	828	27	828	12	9,18	0,7,8	0,5,25	0,14,15,22,24
0	1	828	27	828	12	9,18	0,7,8	0,17,25	0,14,15,22,24
0	1	828	27	828	12	9,18	0,7,13	0,4,25	0,14,15,22,24
0	1	828	27	828	12	9,18	0,7,13	4,5,25	0,14,15,22,24
0	1	828	27	828	12	9,18	0,7,23	0,4,5	0,14,15,22,24
0	1	828	27	828	12	9,18	0,7,23	0,5,25	0,14,15,22,24
0	1	828	27	828	12	9,18	0,7,23	4,5,17	0,14,15,22,24
0	1	828	27	828	12	9,18	0,7,23	4,5,25	0,14,15,22,24
0	1	828	27	828	12	9,18	0,8,13	0,4,5	0,14,15,22,24
0	1	828	27	828	12	9,18	0,8,13	0,4,17	0,14,15,22,24
0	1	828	27	828	12	9,18	0,8,13	4,5,17	0,14,15,22,24
0	1	828	27	828	12	9,18	0,8,13	4,5,25	0,14,15,22,24
0	1	828	27	828	12	9,18	0,8,23	0,5,17	0,14,15,22,24
0	1	828	27	828	12	9,18	0,8,23	4,5,17	0,14,15,22,24
0	1	828	27	828	12	9,18	0,13,23	0,4,5	0,14,15,22,24
0	1	828	27	828	12	9,18	0,13,23	0,17,25	0,14,15,22,24
0	1	828	27	828	12	9,18	7,8,13	0,4,17	0,14,15,22,24
0	1	828	27	828	12	9,18	7,8,13	0,4,25	0,14,15,22,24
0	1	828	27	828	12	9,18	7,8,13	0,5,25	0,14,15,22,24
0	1	828	27	828	12	9,18	7,8,13	4,5,17	0,14,15,22,24
0	1	828	27	828	12	9,18	7,8,13	4,5,25	0,14,15,22,24
0	1	828	27	828	12	9,18	7,8,13	5,17,25	0,14,15,22,24
0	1	828	27	828	12	9,18	7,8,23	0,4,17	0,14,15,22,24
0	1	828	27	828	12	9,18	7,8,23	0,5,17	0,14,15,22,24
0	1	828	27	828	12	9,18	7,8,23	0,5,25	0,14,15,22,24
0	1	828	27	828	12	9,18	7,8,23	4,5,17	0,14,15,22,24
0	1	828	27	828	12	9,18	7,8,23	4,5,25	0,14,15,22,24
0	1	828	27	828	12	9,18	7,8,23	4,17,25	0,14,15,22,24
0	1	828	27	828	12	9,18	7,13,23	4,5,17	0,14,15,22,24
0	1	828	27	828	12	9,18	7,13,23	4,17,25	0,14,15,22,24
0	1	828	27	828	12	9,18	7,13,23	5,17,25	0,14,15,22,24
0	1	828	27	828	12	9,18	8,13,23	4,5,25	0,14,15,22,24
0	1	828	27	828	12	9,18	8,13,23	4,17,25	0,14,15,22,24
0	1	828	27	828	12	9,18	8,13,23	5,17,25	0,14,15,22,24
1	0	828	27	828	12	1,2	0,13,15	0,12,17	0,7,8,14,22
1	0	828	27	828	12	1,2	0,13,15	12,17,21	0,7,8,14,22
1	0	828	27	828	12	1,2	0,13,23	0,12,21	0,7,8,14,22
1	0	828	27	828	12	1,2	0,13,23	0,17,25	0,7,8,14,22
1	0	828	27	828	12	1,2	0,13,24	0,12,21	0,7,8,14,22
1	0	828	27	828	12	1,2	0,13,24	0,12,25	0,7,8,14,22
1	0	828	27	828	12	1,2	0,13,24	12,17,21	0,7,8,14,22
1	0	828	27	828	12	1,2	0,13,24	12,21,25	0,7,8,14,22
1	0	828	27	828	12	1,2	0,15,23	0,12,21	0,7,8,14,22
1	0	828	27	828	12	1,2	0,15,23	0,17,21	0,7,8,14,22
1	0	828	27	828	12	1,2	0,15,23	12,17,21	0,7,8,14,22
1	0	828	27	828	12	1,2	0,15,23	12,21,25	0,7,8,14,22
1	0	828	27	828	12	1,2	0,15,24	0,12,21	0,7,8,14,22
1	0	828	27	828	12	1,2	0,15,24	0,12,25	0,7,8,14,22
1	0	828	27	828	12	1,2	0,15,24	0,17,21	0,7,8,14,22
1	0	828	27	828	12	1,2	0,15,24	0,17,25	0,7,8,14,22
1	0	828	27	828	12	1,2	0,23,24	0,21,25	0,7,8,14,22
1	0	828	27	828	12	1,2	0,23,24	12,21,25	0,7,8,14,22
1	0	828	27	828	12	1,2	13,15,23	12,17,25	0,7,8,14,22
1	0	828	27	828	12	1,2	13,15,23	12,21,25	0,7,8,14,22
1	0	828	27	828	12	1,2	13,15,23	17,21,25	0,7,8,14,22
1	0	828	27	828	12	1,2	13,15,24	0,12,17	0,7,8,14,22
1	0	828	27	828	12	1,2	13,15,24	0,12,25	0,7,8,14,22
1	0	828	27	828	12	1,2	13,15,24	0,17,21	0,7,8,14,22
1	0	828	27	828	12	1,2	13,15,24	12,17,21	0,7,8,14,22
1	0	828	27	828	12	1,2	13,15,24	12,21,25	0,7,8,14,22
1	0	828	27	828	12	1,2	13,15,24	17,21,25	0,7,8,14,22
1	0	828	27	828	12	1,2	13,23,24	12,17,21	0,7,8,14,22
1	0	828	27	828	12	1,2	13,23,24	12,17,25	0,7,8,14,22
1	0	828	27	828	12	1,2	13,23,24	17,21,25	0,7,8,14,22
1	0	828	27	828	12	1,2	15,23,24	0,12,25	0,7,8,14,22
1	0	828	27	828	12	1,2	15,23,24	0,17,21	0,7,8,14,22
1	0	828	27	828	12	1,2	15,23,24	0,21,25	0,7,8,14,22
1	0	828	27	828	12	1,2	15,23,24	12,17,21	0,7,8,14,22
1	0	828	27	828	12	1,2	15,23,24	12,17,25	0,7,8,14,22
1	0	828	27	828	12	1,2	15,23,24	12,21,25	0,7,8,14,22
1	1	828	27	828	12	9,18	0,7,8	0,4,5	0,14,15,22,24
1	1	828	27	828	12	9,18	0,7,8	0,4,17	0,14,15,22,24
1	1	828	27	828	12	9,18	0,7,8	0,5,25	0,14,15,22,24
1	1	828	27	828	12	9,18	0,7,8	0,17,25	0,14,15,22,24
1	1	828	27	828	12	9,18	0,7,13	0,4,25	0,14,15,22,24
1	1	828	27	828	12	9,18	0,7,13	4,5,25	0,14,15,22,24
1	1	828	27	828	12	9,18	0,7,23	0,4,5	0,14,15,22,24
1	1	828	27	828	12	9,18	0,7,23	0,5,25	0,14,15,22,24
1	1	828	27	828	12	9,18	0,7,23	4,5,17	0,14,15,22,24
1	1	828	27	828	12	9,18	0,7,23	4,5,25	0,14,15,22,24
1	1	828	27	828	12	9,18	0,8,13	0,4,5	0,14,15,22,24
1	1	828	27	828	12	9,18	0,8,13	0,4,17	0,14,15,22,24
1	1	828	27	828	12	9,18	0,8,13	4,5,17	0,14,15,22,24
1	1	828	27	828	12	9,18	0,8,13	4,5,25	0,14,15,22,24
1	1	828	27	828	12	9,18	0,8,23	0,5,17	0,14,15,22,24
1	1	828	27	828	12	9,18	0,8,23	4,5,17	0,14,15,22,24
1	1	828	27	828	12	9,18	0,13,23	0,4,5	0,14,15,22,24
1	1	828	27	828	12	9,18	0,13,23	0,17,25	0,14,15,22,24
1	1	828	27	828	12	9,18	7,8,13	0,4,17	0,14,15,22,24
1	1	828	27	828	12	9,18	7,8,13	0,4,25	0,14,15,22,24
1	1	828	27	828	12	9,18	7,8,13	0,5,25	0,14,15,22,24
1	1	828	27	828	12	9,18	7,8,13	4,5,17	0,14,15,22,24
1	1	828	27	828	12	9,18	7,8,13	4,5,25	0,14,15,22,24
1	1	828	27	828	12	9,18	7,8,13	5,17,25	0,14,15,22,24
1	1	828	27	828	12	9,18	7,8,23	0,4,17	0,14,15,22,24
1	1	828	27	828	12	9,18	7,8,23	0,5,17	0,14,15,22,24
1	1	828	27	828	12	9,18	7,8,23	0,5,25	0,14,15,22,24
1	1	828	27	828	12	9,18	7,8,23	4,5,17	0,14,15,22,24
1	1	828	27	828	12	9,18	7,8,23	4,5,25	0,14,15,22,24
1	1	828	27	828	12	9,18	7,8,23	4,17,25	0,14,15,22,24
1	1	828	27	828	12	9,18	7,13,23	4,5,17	0,14,15,22,24
1	1	828	27	828	12	9,18	7,13,23	4,17,25	0,14,15,22,24
1	1	828	27	828	12	9,18	7,13,23	5,17,25	0,14,15,22,24
1	1	828	27	828	12	9,18	8,13,23	4,5,25	0,14,15,22,24
1	1	828	27	828	12	9,18	8,13,23	4,17,25	0,14,15,22,24
1	1	828	27	828	12	9,18	8,13,23	5,17,25	0,14,15,22,24
2	0	828	27	828	12	1,2	0,13,15	0,12,17	0,7,8,14,22
2	0	828	27	828	12	1,2	0,13,15	12,17,21	0,7,8,14,22
2	0	828	27	828	12	1,2	0,13,23	0,12,21	0,7,8,14,22
2	0	828	27	828	12	1,2	0,13,23	0,17,25	0,7,8,14,22
2	0	828	27	828	12	1,2	0,13,24	0,12,21	0,7,8,14,22
2	0	828	27	828	12	1,2	0,13,24	0,12,25	0,7,8,14,22
2	0	828	27	828	12	1,2	0,13,24	12,17,21	0,7,8,14,22
2	0	828	27	828	12	1,2	0,13,24	12,21,25	0,7,8,14,22
2	0	828	27	828	12	1,2	0,15,23	0,12,21	0,7,8,14,22
2	0	828	27	828	12	1,2	0,15,23	0,17,21	0,7,8,14,22
2	0	828	27	828	12	1,2	0,15,23	12,17,21	0,7,8,14,22
2	0	828	27	828	12	1,2	0,15,23	12,21,25	0,7,8,14,22
2	0	828	27	828	12	1,2	0,15,24	0,12,21	0,7,8,14,22
2	0	828	27	828	12	1,2	0,15,24	0,12,25	0,7,8,14,22
2	0	828	27	828	12	1,2	0,15,24	0,17,21	0,7,8,14,22
2	0	828	27	828	12	1,2	0,15,24	0,17,25	0,7,8,14,22
2	0	828	27	828	12	1,2	0,23,24	0,21,25	0,7,8,14,22
2	0	828	27	828	12	1,2	0,23,24	12,21,25	0,7,8,14,22
2	0	828	27	828	12	1,2	13,15,23	12,17,25	0,7,8,14,22
2	0	828	27	828	12	1,2	13,15,23	12,21,25	0,7,8,14,22
2	0	828	27	828	12	1,2	13,15,23	17,21,25	0,7,8,14,22
2	0	828	27	828	12	1,2	13,15,24	0,12,17	0,7,8,14,22
2	0	828	27	828	12	1,2	13,15,24	0,12,25	0,7,8,14,22
2	0	828	27	828	12	1,2	13,15,24	0,17,21	0,7,8,14,22
2	0	828	27	828	12	1,2	13,15,24	12,17,21	0,7,8,14,22
2	0	828	27	828	12	1,2	13,15,24	12,21,25	0,7,8,14,22
2	0	828	27	828	12	1,2	13,15,24	17,21,25	0,7,8,14,22
2	0	828	27	828	12	1,2	13,23,24	12,17,21	0,7,8,14,22
2	0	828	27	828	12	1,2	13,23,24	12,17,25	0,7,8,14,22
2	0	828	27	828	12	1,2	13,23,24	17,21,25	0,7,8,14,22
2	0	828	27	828	12	1,2	15,23,24	0,12,25	0,7,8,14,22
2	0	828	27	828	12	1,2	15,23,24	0,17,21	0,7,8,14,22
2	0	828	27	828	12	1,2	15,23,24	0,21,25	0,7,8,14,22
2	0	828	27	828	12	1,2	15,23,24	12,17,21	0,7,8,14,22
2	0	828	27	828	12	1,2	15,23,24	12,17,25	0,7,8,14,22
2	0	828	27	828	12	1,2	15,23,24	12,21,25	0,7,8,14,22
2	1	828	27	828	12	9,18	0,7,8	0,4,5	0,14,15,22,24
2	1	828	27	828	12	9,18	0,7,8	0,4,17	0,14,15,22,24
2	1	828	27	828	12	9,18	0,7,8	0,5,25	0,14,15,22,24
2	1	828	27	828	12	9,18	0,7,8	0,17,25	0,14,15,22,24
2	1	828	27	828	12	9,18	0,7,13	0,4,25	0,14,15,22,24
2	1	828	27	828	12	9,18	0,7,13	4,5,25	0,14,15,22,24
2	1	828	27	828	12	9,18	0,7,23	0,4,5	0,14,15,22,24
2	1	828	27	828	12	9,18	0,7,23	0,5,25	0,14,15,22,24
2	1	828	27	828	12	9,18	0,7,23	4,5,17	0,14,15,22,24
2	1	828	27	828	12	9,18	0,7,23	4,5,25	0,14,15,22,24
2	1	828	27	828	12	9,18	0,8,13	0,4,5	0,14,15,22,24
2	1	828	27	828	12	9,18	0,8,13	0,4,17	0,14,15,22,24
2	1	828	27	828	12	9,18	0,8,13	4,5,17	0,14,15,22,24
2	1	828	27	828	12	9,18	0,8,13	4,5,25	0,14,15,22,24
2	1	828	27	828	12	9,18	0,8,23	0,5,17	0,14,15,22,24
2	1	828	27	828	12	9,18	0,8,23	4,5,17	0,14,15,22,24
2	1	828	27	828	12	9,18	0,13,23	0,4,5	0,14,15,22,24
2	1	828	27	828	12	9,18	0,13,23	0,17,25	0,14,15,22,24
2	1	828	27	828	12	9,18	7,8,13	0,4,17	0,14,15,22,24
2	1	828	27	828	12	9,18	7,8,13	0,4,25	0,14,15,22,24
2	1	828	27	828	12	9,18	7,8,13	0,5,25	0,14,15,22,24
2	1	828	27	828	12	9,18	7,8,13	4,5,17	0,14,15,22,24
2	1	828	27	828	12	9,18	7,8,13	4,5,25	0,14,15,22,24
2	1	828	27	828	12	9,18	7,8,13	5,17,25	0,14,15,22,24
2	1	828	27	828	12	9,18	7,8,23	0,4,17	0,14,15,22,24
2	1	828	27	828	12	9,18	7,8,23	0,5,17	0,14,15,22,24
2	1	828	27	828	12	9,18	7,8,23	0,5,25	0,14,15,22,24
2	1	828	27	828	12	9,18	7,8,23	4,5,17	0,14,15,22,24
2	1	828	27	828	12	9,18	7,8,23	4,5,25	0,14,15,22,24
2	1	828	27	828	12	9,18	7,8,23	4,17,25	0,14,15,22,24
2	1	828	27	828	12	9,18	7,13,23	4,5,17	0,14,15,22,24
2	1	828	27	828	12	9,18	7,13,23	4,17,25	0,14,15,22,24
2	1	828	27	828	12	9,18	7,13,23	5,17,25	0,14,15,22,24
2	1	828	27	828	12	9,18	8,13,23	4,5,25	0,14,15,22,24
2	1	828	27	828	12	9,18	8,13,23	4,17,25	0,14,15,22,24
2	1	828	27	828	12	9,18	8,13,23	5,17,25	0,14,15,22,24
3	0	828	27	828	12	1,2	0,13,15	0,12,17	0,7,8,14,22
3	0	828	27	828	12	1,2	0,13,15	12,17,21	0,7,8,14,22
3	0	828	27	828	12	1,2	0,13,23	0,12,21	0,7,8,14,22
3	0	828	27	828	12	1,2	0,13,23	0,17,25	0,7,8,14,22
3	0	828	27	828	12	1,2	0,13,24	0,12,21	0,7,8,14,22
3	0	828	27	828	12	1,2	0,13,24	0,12,25	0,7,8,14,22
3	0	828	27	828	12	1,2	0,13,24	12,17,21	0,7,8,14,22
3	0	828	27	828	12	1,2	0,13,24	12,21,25	0,7,8,14,22
3	0	828	27	828	12	1,2	0,15,23	0,12,21	0,7,8,14,22
3	0	828	27	828	12	1,2	0,15,23	0,17,21	0,7,8,14,22
3	0	828	27	828	12	1,2	0,15,23	12,17,21	0,7,8,14,22
3	0	828	27	828	12	1,2	0,15,23	12,21,25	0,7,8,14,22
3	0	828	27	828	12	1,2	0,15,24	0,12,21	0,7,8,14,22
3	0	828	27	828	12	1,2	0,15,24	0,12,25	0,7,8,14,22
3	0	828	27	828	12	1,2	0,15,24	0,17,21	0,7,8,14,22
3	0	828	27	828	12	1,2	0,15,24	0,17,25	0,7,8,14,22
3	0	828	27	828	12	1,2	0,23,24	0,21,25	0,7,8,14,22
3	0	828	27	828	12	1,2	0,23,24	12,21,25	0,7,8,14,22
3	0	828	27	828	12	1,2	13,15,23	12,17,25	0,7,8,14,22
3	0	828	27	828	12	1,2	13,15,23	12,21,25	0,7,8,14,22
3	0	828	27	828	12	1,2	13,15,23	17,21,25	0,7,8,14,22
3	0	828	27	828	12	1,2	13,15,24	0,12,17	0,7,8,14,22
3	0	828	27	828	12	1,2	13,15,24	0,12,25	0,7,8,14,22
3	0	828	27	828	12	1,2	13,15,24	0,17,21	0,7,8,14,22
3	0	828	27	828	12	1,2	13,15,24	12,17,21	0,7,8,14,22
3	0	828	27	828	12	1,2	13,15,24	12,21,25	0,7,8,14,22
3	0	828	27	828	12	1,2	13,15,24	17,21,25	0,7,8,14,22
3	0	828	27	828	12	1,2	13,23,24	12,17,21	0,7,8,14,22
3	0	828	27	828	12	1,2	13,23,24	12,17,25	0,7,8,14,22
3	0	828	27	828	12	1,2	13,23,24	17,21,25	0,7,8,14,22
3	0	828	27	828	12	1,2	15,23,24	0,12,25	0,7,8,14,22
3	0	828	27	828	12	1,2	15,23,24	0,17,21	0,7,8,14,22
3	0	828	27	828	12	1,2	15,23,24	0,21,25	0,7,8,14,22
3	0	828	27	828	12	1,2	15,23,24	12,17,21	0,7,8,14,22
3	0	828	27	828	12	1,2	15,23,24	12,17,25	0,7,8,14,22
3	0	828	27	828	12	1,2	15,23,24	12,21,25	0,7,8,14,22
3	1	828	27	828	12	9,18	0,7,8	0,4,5	0,14,15,22,24
3	1	828	27	828	12	9,18	0,7,8	0,4,17	0,14,15,22,24
3	1	828	27	828	12	9,18	0,7,8	0,5,25	0,14,15,22,24
3	1	828	27	828	12	9,18	0,7,8	0,17,25	0,14,15,22,24
3	1	828	27	828	12	9,18	0,7,13	0,4,25	0,14,15,22,24
3	1	828	27	828	12	9,18	0,7,13	4,5,25	0,14,15,22,24
3	1	828	27	828	12	9,18	0,7,23	0,4,5	0,14,15,22,24
3	1	828	27	828	12	9,18	0,7,23	0,5,25	0,14,15,22,24
3	1	828	27	828	12	9,18	0,7,23	4,5,17	0,14,15,22,24
3	1	828	27	828	12	9,18	0,7,23	4,5,25	0,14,15,22,24
3	1	828	27	828	12	9,18	0,8,13	0,4,5	0,14,15,22,24
3	1	828	27	828	12	9,18	0,8,13	0,4,17	0,14,15,22,24
3	1	828	27	828	12	9,18	0,8,13	4,5,17	0,14,15,22,24
3	1	828	27	828	12	9,18	0,8,13	4,5,25	0,14,15,22,24
3	1	828	27	828	12	9,18	0,8,23	0,5,17	0,14,15,22,24
3	1	828	27	828	12	9,18	0,8,23	4,5,17	0,14,15,22,24
3	1	828	27	828	12	9,18	0,13,23	0,4,5	0,14,15,22,24
3	1	828	27	828	12	9,18	0,13,23	0,17,25	0,14,15,22,24
3	1	828	27	828	12	9,18	7,8,13	0,4,17	0,14,15,22,24
3	1	828	27	828	12	9,18	7,8,13	0,4,25	0,14,15,22,24
3	1	828	27	828	12	9,18	7,8,13	0,5,25	0,14,15,22,24
3	1	828	27	828	12	9,18	7,8,13	4,5,17	0,14,15,22,24
3	1	828	27	828	12	9,18	7,8,13	4,5,25	0,14,15,22,24
3	1	828	27	828	12	9,18	7,8,13	5,17,25	0,14,15,22,24
3	1	828	27	828	12	9,18	7,8,23	0,4,17	0,14,15,22,24
3	1	828	27	828	12	9,18	7,8,23	0,5,17	0,14,15,22,24
3	1	828	27	828	12	9,18	7,8,23	0,5,25	0,14,15,22,24
3	1	828	27	828	12	9,18	7,8,23	4,5,17	0,14,15,22,24
3	1	828	27	828	12	9,18	7,8,23	4,5,25	0,14,15,22,24
3	1	828	27	828	12	9,18	7,8,23	4,17,25	0,14,15,22,24
3	1	828	27	828	12	9,18	7,13,23	4,5,17	0,14,15,22,24
3	1	828	27	828	12	9,18	7,13,23	4,17,25	0,14,15,22,24
3	1	828	27	828	12	9,18	7,13,23	5,17,25	0,14,15,22,24
3	1	828	27	828	12	9,18	8,13,23	4,5,25	0,14,15,22,24
3	1	828	27	828	12	9,18	8,13,23	4,17,25	0,14,15,22,24
3	1	828	27	828	12	9,18	8,13,23	5,17,25	0,14,15,22,24
Cap configurations: 576

8,2,8;1,0,6;8,2,6: has a {20,4,17} 4-flat direction; already covered by {20,4,17} cases.

8,2,8;2,6,8;6,0,1: has a {20,5,16} 4-flat direction; already covered by {20,5,16} cases.

8,2,8;1,1,5;8,2,6: has a {19,5,17} 4-flat direction; already covered by {19,5,17} cases.

8,2,8;1,2,4;8,2,6: has an {18,6,17} 4-flat direction; already covered by {18,6,17} cases.

8,2,8;2,2,3;8,2,6: has an {18,6,17} 4-flat direction; already covered by {18,6,17} cases.

3-flat point count: 8,2,8;3,3,1;7,2,7
Excluded point counts: 1,1,1
Cap configurations: 0

3-flat point count: 8,2,8;3,2,2;7,2,7
Excluded point counts: 1,1,1
Cap configurations: 0

3-flat point count: 8,2,8;3,2,2;7,7,2
Excluded point counts: 1,1,1
Cap configurations: 0

3-flat point count: 8,2,8;2,2,3;7,2,7
Excluded point counts: 1,1,1
Cap configurations: 0

3-flat point count: 8,2,8;3,3,1;7,7,2
Excluded point counts: 1,1,1
Cap configurations: 0

8,2,8;6,1,0;6,3,7: impossible (in 866, 8 is cu)

8,2,8;6,0,1;6,3,7: impossible (in 866, 8 is cu)

8,2,8;5,2,0;6,3,7: impossible (in 856, 8 is cu)

8,2,8;5,1,1;6,3,7: impossible (in 856, 8 is cu)

8,2,8;5,0,2;6,3,7: impossible (in 856, 8 is cu)

3-flat point count: 8,2,8;4,3,0;6,3,7
Excluded point counts: 1,1,1
Cap configurations: 0

3-flat point count: 8,2,8;4,2,1;6,3,7
Excluded point counts: 1,1,1
Cap configurations: 0

8,2,8;4,1,2;6,3,7: has an {18,6,17} 4-flat direction; already covered by {18,6,17} cases.

3-flat point count: 8,2,8;3,1,3;7,6,3
Excluded point counts: 1,1,1
Cap configurations: 0

3-flat point count: 8,2,8;3,2,2;6,3,7
Excluded point counts: 6,17,18
Cap configurations: 0

8,2,8;3,1,3;6,3,7: has an {18,6,17} 4-flat direction; already covered by {18,6,17} cases.

3-flat point count: 8,2,8;3,2,2;7,6,3
Excluded point counts: 1,1,1
Cap configurations: 0

3-flat point count: 8,2,8;2,3,2;7,6,3
Excluded point counts: 1,1,1
Cap configurations: 0

3-flat point count: 8,2,8;3,3,1;7,6,3
Excluded point counts: 1,1,1
Cap configurations: 0

8,2,8;5,4,7;6,1,0: impossible (in 856, 8 is cu)

8,2,8;5,4,7;6,0,1: impossible (in 856, 8 is cu)

3-flat point count: 8,2,8;5,2,0;5,4,7
Excluded point counts: 1,1,1
0	0	828	12	855	8	3,6	0,7,8,14		1,2,7,8,9,12,18
0	0	828	12	855	8	3,6	0,7,8,14		1,2,7,8,9,12,21
0	0	828	12	855	8	3,6	0,7,8,14		1,2,7,8,9,18,21
0	0	828	12	855	8	3,6	0,7,8,14		1,2,7,8,12,18,21
0	0	828	12	855	8	3,6	0,7,8,14		1,2,7,9,12,18,21
0	0	828	12	855	8	3,6	0,7,8,14		1,2,8,9,12,18,21
0	0	828	12	855	8	3,6	0,7,8,14		1,7,8,9,12,18,21
0	0	828	12	855	8	3,6	0,7,8,14		2,7,8,9,12,18,21
0	0	828	12	855	8	3,6	0,7,8,22		1,2,7,8,9,12,18
0	0	828	12	855	8	3,6	0,7,8,22		1,2,7,8,9,12,21
0	0	828	12	855	8	3,6	0,7,8,22		1,2,7,8,9,18,21
0	0	828	12	855	8	3,6	0,7,8,22		1,2,7,8,12,18,21
0	0	828	12	855	8	3,6	0,7,8,22		1,2,7,9,12,18,21
0	0	828	12	855	8	3,6	0,7,8,22		1,2,8,9,12,18,21
0	0	828	12	855	8	3,6	0,7,8,22		1,7,8,9,12,18,21
0	0	828	12	855	8	3,6	0,7,8,22		2,7,8,9,12,18,21
0	0	828	12	855	8	3,6	0,7,14,22		1,2,7,8,9,12,18
0	0	828	12	855	8	3,6	0,7,14,22		1,2,7,8,9,12,21
0	0	828	12	855	8	3,6	0,7,14,22		1,2,7,8,9,18,21
0	0	828	12	855	8	3,6	0,7,14,22		1,2,7,8,12,18,21
0	0	828	12	855	8	3,6	0,7,14,22		1,2,7,9,12,18,21
0	0	828	12	855	8	3,6	0,7,14,22		1,2,8,9,12,18,21
0	0	828	12	855	8	3,6	0,7,14,22		1,7,8,9,12,18,21
0	0	828	12	855	8	3,6	0,7,14,22		2,7,8,9,12,18,21
0	0	828	12	855	8	3,6	0,8,14,22		1,2,7,8,9,12,18
0	0	828	12	855	8	3,6	0,8,14,22		1,2,7,8,9,12,21
0	0	828	12	855	8	3,6	0,8,14,22		1,2,7,8,9,18,21
0	0	828	12	855	8	3,6	0,8,14,22		1,2,7,8,12,18,21
0	0	828	12	855	8	3,6	0,8,14,22		1,2,7,9,12,18,21
0	0	828	12	855	8	3,6	0,8,14,22		1,2,8,9,12,18,21
0	0	828	12	855	8	3,6	0,8,14,22		1,7,8,9,12,18,21
0	0	828	12	855	8	3,6	0,8,14,22		2,7,8,9,12,18,21
0	0	828	12	855	8	3,6	7,8,14,22		1,2,7,8,9,12,18
0	0	828	12	855	8	3,6	7,8,14,22		1,2,7,8,9,12,21
0	0	828	12	855	8	3,6	7,8,14,22		1,2,7,8,9,18,21
0	0	828	12	855	8	3,6	7,8,14,22		1,2,7,8,12,18,21
0	0	828	12	855	8	3,6	7,8,14,22		1,2,7,9,12,18,21
0	0	828	12	855	8	3,6	7,8,14,22		1,2,8,9,12,18,21
0	0	828	12	855	8	3,6	7,8,14,22		1,7,8,9,12,18,21
0	0	828	12	855	8	3,6	7,8,14,22		2,7,8,9,12,18,21
0	1	828	12	855	8	3,6	0,7,8,14		1,2,7,8,9,12,18
0	1	828	12	855	8	3,6	0,7,8,14		1,2,7,8,9,12,21
0	1	828	12	855	8	3,6	0,7,8,14		1,2,7,8,9,18,21
0	1	828	12	855	8	3,6	0,7,8,14		1,2,7,8,12,18,21
0	1	828	12	855	8	3,6	0,7,8,14		1,2,7,9,12,18,21
0	1	828	12	855	8	3,6	0,7,8,14		1,2,8,9,12,18,21
0	1	828	12	855	8	3,6	0,7,8,14		1,7,8,9,12,18,21
0	1	828	12	855	8	3,6	0,7,8,14		2,7,8,9,12,18,21
0	1	828	12	855	8	3,6	0,7,8,22		1,2,7,8,9,12,18
0	1	828	12	855	8	3,6	0,7,8,22		1,2,7,8,9,12,21
0	1	828	12	855	8	3,6	0,7,8,22		1,2,7,8,9,18,21
0	1	828	12	855	8	3,6	0,7,8,22		1,2,7,8,12,18,21
0	1	828	12	855	8	3,6	0,7,8,22		1,2,7,9,12,18,21
0	1	828	12	855	8	3,6	0,7,8,22		1,2,8,9,12,18,21
0	1	828	12	855	8	3,6	0,7,8,22		1,7,8,9,12,18,21
0	1	828	12	855	8	3,6	0,7,8,22		2,7,8,9,12,18,21
0	1	828	12	855	8	3,6	0,7,14,22		1,2,7,8,9,12,18
0	1	828	12	855	8	3,6	0,7,14,22		1,2,7,8,9,12,21
0	1	828	12	855	8	3,6	0,7,14,22		1,2,7,8,9,18,21
0	1	828	12	855	8	3,6	0,7,14,22		1,2,7,8,12,18,21
0	1	828	12	855	8	3,6	0,7,14,22		1,2,7,9,12,18,21
0	1	828	12	855	8	3,6	0,7,14,22		1,2,8,9,12,18,21
0	1	828	12	855	8	3,6	0,7,14,22		1,7,8,9,12,18,21
0	1	828	12	855	8	3,6	0,7,14,22		2,7,8,9,12,18,21
0	1	828	12	855	8	3,6	0,8,14,22		1,2,7,8,9,12,18
0	1	828	12	855	8	3,6	0,8,14,22		1,2,7,8,9,12,21
0	1	828	12	855	8	3,6	0,8,14,22		1,2,7,8,9,18,21
0	1	828	12	855	8	3,6	0,8,14,22		1,2,7,8,12,18,21
0	1	828	12	855	8	3,6	0,8,14,22		1,2,7,9,12,18,21
0	1	828	12	855	8	3,6	0,8,14,22		1,2,8,9,12,18,21
0	1	828	12	855	8	3,6	0,8,14,22		1,7,8,9,12,18,21
0	1	828	12	855	8	3,6	0,8,14,22		2,7,8,9,12,18,21
0	1	828	12	855	8	3,6	7,8,14,22		1,2,7,8,9,12,18
0	1	828	12	855	8	3,6	7,8,14,22		1,2,7,8,9,12,21
0	1	828	12	855	8	3,6	7,8,14,22		1,2,7,8,9,18,21
0	1	828	12	855	8	3,6	7,8,14,22		1,2,7,8,12,18,21
0	1	828	12	855	8	3,6	7,8,14,22		1,2,7,9,12,18,21
0	1	828	12	855	8	3,6	7,8,14,22		1,2,8,9,12,18,21
0	1	828	12	855	8	3,6	7,8,14,22		1,7,8,9,12,18,21
0	1	828	12	855	8	3,6	7,8,14,22		2,7,8,9,12,18,21
2	0	828	12	855	8	3,6	0,7,8,14		1,2,7,8,9,12,18
2	0	828	12	855	8	3,6	0,7,8,14		1,2,7,8,9,12,21
2	0	828	12	855	8	3,6	0,7,8,14		1,2,7,8,9,18,21
2	0	828	12	855	8	3,6	0,7,8,14		1,2,7,8,12,18,21
2	0	828	12	855	8	3,6	0,7,8,14		1,2,7,9,12,18,21
2	0	828	12	855	8	3,6	0,7,8,14		1,2,8,9,12,18,21
2	0	828	12	855	8	3,6	0,7,8,14		1,7,8,9,12,18,21
2	0	828	12	855	8	3,6	0,7,8,14		2,7,8,9,12,18,21
2	0	828	12	855	8	3,6	0,7,8,22		1,2,7,8,9,12,18
2	0	828	12	855	8	3,6	0,7,8,22		1,2,7,8,9,12,21
2	0	828	12	855	8	3,6	0,7,8,22		1,2,7,8,9,18,21
2	0	828	12	855	8	3,6	0,7,8,22		1,2,7,8,12,18,21
2	0	828	12	855	8	3,6	0,7,8,22		1,2,7,9,12,18,21
2	0	828	12	855	8	3,6	0,7,8,22		1,2,8,9,12,18,21
2	0	828	12	855	8	3,6	0,7,8,22		1,7,8,9,12,18,21
2	0	828	12	855	8	3,6	0,7,8,22		2,7,8,9,12,18,21
2	0	828	12	855	8	3,6	0,7,14,22		1,2,7,8,9,12,18
2	0	828	12	855	8	3,6	0,7,14,22		1,2,7,8,9,12,21
2	0	828	12	855	8	3,6	0,7,14,22		1,2,7,8,9,18,21
2	0	828	12	855	8	3,6	0,7,14,22		1,2,7,8,12,18,21
2	0	828	12	855	8	3,6	0,7,14,22		1,2,7,9,12,18,21
2	0	828	12	855	8	3,6	0,7,14,22		1,2,8,9,12,18,21
2	0	828	12	855	8	3,6	0,7,14,22		1,7,8,9,12,18,21
2	0	828	12	855	8	3,6	0,7,14,22		2,7,8,9,12,18,21
2	0	828	12	855	8	3,6	0,8,14,22		1,2,7,8,9,12,18
2	0	828	12	855	8	3,6	0,8,14,22		1,2,7,8,9,12,21
2	0	828	12	855	8	3,6	0,8,14,22		1,2,7,8,9,18,21
2	0	828	12	855	8	3,6	0,8,14,22		1,2,7,8,12,18,21
2	0	828	12	855	8	3,6	0,8,14,22		1,2,7,9,12,18,21
2	0	828	12	855	8	3,6	0,8,14,22		1,2,8,9,12,18,21
2	0	828	12	855	8	3,6	0,8,14,22		1,7,8,9,12,18,21
2	0	828	12	855	8	3,6	0,8,14,22		2,7,8,9,12,18,21
2	0	828	12	855	8	3,6	7,8,14,22		1,2,7,8,9,12,18
2	0	828	12	855	8	3,6	7,8,14,22		1,2,7,8,9,12,21
2	0	828	12	855	8	3,6	7,8,14,22		1,2,7,8,9,18,21
2	0	828	12	855	8	3,6	7,8,14,22		1,2,7,8,12,18,21
2	0	828	12	855	8	3,6	7,8,14,22		1,2,7,9,12,18,21
2	0	828	12	855	8	3,6	7,8,14,22		1,2,8,9,12,18,21
2	0	828	12	855	8	3,6	7,8,14,22		1,7,8,9,12,18,21
2	0	828	12	855	8	3,6	7,8,14,22		2,7,8,9,12,18,21
2	1	828	12	855	8	3,6	0,7,8,14		1,2,7,8,9,12,18
2	1	828	12	855	8	3,6	0,7,8,14		1,2,7,8,9,12,21
2	1	828	12	855	8	3,6	0,7,8,14		1,2,7,8,9,18,21
2	1	828	12	855	8	3,6	0,7,8,14		1,2,7,8,12,18,21
2	1	828	12	855	8	3,6	0,7,8,14		1,2,7,9,12,18,21
2	1	828	12	855	8	3,6	0,7,8,14		1,2,8,9,12,18,21
2	1	828	12	855	8	3,6	0,7,8,14		1,7,8,9,12,18,21
2	1	828	12	855	8	3,6	0,7,8,14		2,7,8,9,12,18,21
2	1	828	12	855	8	3,6	0,7,8,22		1,2,7,8,9,12,18
2	1	828	12	855	8	3,6	0,7,8,22		1,2,7,8,9,12,21
2	1	828	12	855	8	3,6	0,7,8,22		1,2,7,8,9,18,21
2	1	828	12	855	8	3,6	0,7,8,22		1,2,7,8,12,18,21
2	1	828	12	855	8	3,6	0,7,8,22		1,2,7,9,12,18,21
2	1	828	12	855	8	3,6	0,7,8,22		1,2,8,9,12,18,21
2	1	828	12	855	8	3,6	0,7,8,22		1,7,8,9,12,18,21
2	1	828	12	855	8	3,6	0,7,8,22		2,7,8,9,12,18,21
2	1	828	12	855	8	3,6	0,7,14,22		1,2,7,8,9,12,18
2	1	828	12	855	8	3,6	0,7,14,22		1,2,7,8,9,12,21
2	1	828	12	855	8	3,6	0,7,14,22		1,2,7,8,9,18,21
2	1	828	12	855	8	3,6	0,7,14,22		1,2,7,8,12,18,21
2	1	828	12	855	8	3,6	0,7,14,22		1,2,7,9,12,18,21
2	1	828	12	855	8	3,6	0,7,14,22		1,2,8,9,12,18,21
2	1	828	12	855	8	3,6	0,7,14,22		1,7,8,9,12,18,21
2	1	828	12	855	8	3,6	0,7,14,22		2,7,8,9,12,18,21
2	1	828	12	855	8	3,6	0,8,14,22		1,2,7,8,9,12,18
2	1	828	12	855	8	3,6	0,8,14,22		1,2,7,8,9,12,21
2	1	828	12	855	8	3,6	0,8,14,22		1,2,7,8,9,18,21
2	1	828	12	855	8	3,6	0,8,14,22		1,2,7,8,12,18,21
2	1	828	12	855	8	3,6	0,8,14,22		1,2,7,9,12,18,21
2	1	828	12	855	8	3,6	0,8,14,22		1,2,8,9,12,18,21
2	1	828	12	855	8	3,6	0,8,14,22		1,7,8,9,12,18,21
2	1	828	12	855	8	3,6	0,8,14,22		2,7,8,9,12,18,21
2	1	828	12	855	8	3,6	7,8,14,22		1,2,7,8,9,12,18
2	1	828	12	855	8	3,6	7,8,14,22		1,2,7,8,9,12,21
2	1	828	12	855	8	3,6	7,8,14,22		1,2,7,8,9,18,21
2	1	828	12	855	8	3,6	7,8,14,22		1,2,7,8,12,18,21
2	1	828	12	855	8	3,6	7,8,14,22		1,2,7,9,12,18,21
2	1	828	12	855	8	3,6	7,8,14,22		1,2,8,9,12,18,21
2	1	828	12	855	8	3,6	7,8,14,22		1,7,8,9,12,18,21
2	1	828	12	855	8	3,6	7,8,14,22		2,7,8,9,12,18,21
0	1	828	27	855	8	11,19	0,4,5,16		4,5,12,16,17,21,25
0	1	828	27	855	8	11,19	0,4,5,16		4,5,12,16,17,21,26
0	1	828	27	855	8	11,19	0,4,5,16		4,5,12,16,17,25,26
0	1	828	27	855	8	11,19	0,4,5,16		4,5,12,16,21,25,26
0	1	828	27	855	8	11,19	0,4,5,16		4,5,12,17,21,25,26
0	1	828	27	855	8	11,19	0,4,5,16		4,5,16,17,21,25,26
0	1	828	27	855	8	11,19	0,4,5,16		4,12,16,17,21,25,26
0	1	828	27	855	8	11,19	0,4,5,16		5,12,16,17,21,25,26
0	1	828	27	855	8	11,19	0,4,5,26		4,5,12,16,17,21,25
0	1	828	27	855	8	11,19	0,4,5,26		4,5,12,16,17,21,26
0	1	828	27	855	8	11,19	0,4,5,26		4,5,12,16,17,25,26
0	1	828	27	855	8	11,19	0,4,5,26		4,5,12,16,21,25,26
0	1	828	27	855	8	11,19	0,4,5,26		4,5,12,17,21,25,26
0	1	828	27	855	8	11,19	0,4,5,26		4,5,16,17,21,25,26
0	1	828	27	855	8	11,19	0,4,5,26		4,12,16,17,21,25,26
0	1	828	27	855	8	11,19	0,4,5,26		5,12,16,17,21,25,26
0	1	828	27	855	8	11,19	0,4,16,26		4,5,12,16,17,21,25
0	1	828	27	855	8	11,19	0,4,16,26		4,5,12,16,17,21,26
0	1	828	27	855	8	11,19	0,4,16,26		4,5,12,16,17,25,26
0	1	828	27	855	8	11,19	0,4,16,26		4,5,12,16,21,25,26
0	1	828	27	855	8	11,19	0,4,16,26		4,5,12,17,21,25,26
0	1	828	27	855	8	11,19	0,4,16,26		4,5,16,17,21,25,26
0	1	828	27	855	8	11,19	0,4,16,26		4,12,16,17,21,25,26
0	1	828	27	855	8	11,19	0,4,16,26		5,12,16,17,21,25,26
0	1	828	27	855	8	11,19	0,5,16,26		4,5,12,16,17,21,25
0	1	828	27	855	8	11,19	0,5,16,26		4,5,12,16,17,21,26
0	1	828	27	855	8	11,19	0,5,16,26		4,5,12,16,17,25,26
0	1	828	27	855	8	11,19	0,5,16,26		4,5,12,16,21,25,26
0	1	828	27	855	8	11,19	0,5,16,26		4,5,12,17,21,25,26
0	1	828	27	855	8	11,19	0,5,16,26		4,5,16,17,21,25,26
0	1	828	27	855	8	11,19	0,5,16,26		4,12,16,17,21,25,26
0	1	828	27	855	8	11,19	0,5,16,26		5,12,16,17,21,25,26
0	1	828	27	855	8	11,19	4,5,16,26		4,5,12,16,17,21,25
0	1	828	27	855	8	11,19	4,5,16,26		4,5,12,16,17,21,26
0	1	828	27	855	8	11,19	4,5,16,26		4,5,12,16,17,25,26
0	1	828	27	855	8	11,19	4,5,16,26		4,5,12,16,21,25,26
0	1	828	27	855	8	11,19	4,5,16,26		4,5,12,17,21,25,26
0	1	828	27	855	8	11,19	4,5,16,26		4,5,16,17,21,25,26
0	1	828	27	855	8	11,19	4,5,16,26		4,12,16,17,21,25,26
0	1	828	27	855	8	11,19	4,5,16,26		5,12,16,17,21,25,26
1	1	828	27	855	8	11,19	0,4,5,16		4,5,12,16,17,21,25
1	1	828	27	855	8	11,19	0,4,5,16		4,5,12,16,17,21,26
1	1	828	27	855	8	11,19	0,4,5,16		4,5,12,16,17,25,26
1	1	828	27	855	8	11,19	0,4,5,16		4,5,12,16,21,25,26
1	1	828	27	855	8	11,19	0,4,5,16		4,5,12,17,21,25,26
1	1	828	27	855	8	11,19	0,4,5,16		4,5,16,17,21,25,26
1	1	828	27	855	8	11,19	0,4,5,16		4,12,16,17,21,25,26
1	1	828	27	855	8	11,19	0,4,5,16		5,12,16,17,21,25,26
1	1	828	27	855	8	11,19	0,4,5,26		4,5,12,16,17,21,25
1	1	828	27	855	8	11,19	0,4,5,26		4,5,12,16,17,21,26
1	1	828	27	855	8	11,19	0,4,5,26		4,5,12,16,17,25,26
1	1	828	27	855	8	11,19	0,4,5,26		4,5,12,16,21,25,26
1	1	828	27	855	8	11,19	0,4,5,26		4,5,12,17,21,25,26
1	1	828	27	855	8	11,19	0,4,5,26		4,5,16,17,21,25,26
1	1	828	27	855	8	11,19	0,4,5,26		4,12,16,17,21,25,26
1	1	828	27	855	8	11,19	0,4,5,26		5,12,16,17,21,25,26
1	1	828	27	855	8	11,19	0,4,16,26		4,5,12,16,17,21,25
1	1	828	27	855	8	11,19	0,4,16,26		4,5,12,16,17,21,26
1	1	828	27	855	8	11,19	0,4,16,26		4,5,12,16,17,25,26
1	1	828	27	855	8	11,19	0,4,16,26		4,5,12,16,21,25,26
1	1	828	27	855	8	11,19	0,4,16,26		4,5,12,17,21,25,26
1	1	828	27	855	8	11,19	0,4,16,26		4,5,16,17,21,25,26
1	1	828	27	855	8	11,19	0,4,16,26		4,12,16,17,21,25,26
1	1	828	27	855	8	11,19	0,4,16,26		5,12,16,17,21,25,26
1	1	828	27	855	8	11,19	0,5,16,26		4,5,12,16,17,21,25
1	1	828	27	855	8	11,19	0,5,16,26		4,5,12,16,17,21,26
1	1	828	27	855	8	11,19	0,5,16,26		4,5,12,16,17,25,26
1	1	828	27	855	8	11,19	0,5,16,26		4,5,12,16,21,25,26
1	1	828	27	855	8	11,19	0,5,16,26		4,5,12,17,21,25,26
1	1	828	27	855	8	11,19	0,5,16,26		4,5,16,17,21,25,26
1	1	828	27	855	8	11,19	0,5,16,26		4,12,16,17,21,25,26
1	1	828	27	855	8	11,19	0,5,16,26		5,12,16,17,21,25,26
1	1	828	27	855	8	11,19	4,5,16,26		4,5,12,16,17,21,25
1	1	828	27	855	8	11,19	4,5,16,26		4,5,12,16,17,21,26
1	1	828	27	855	8	11,19	4,5,16,26		4,5,12,16,17,25,26
1	1	828	27	855	8	11,19	4,5,16,26		4,5,12,16,21,25,26
1	1	828	27	855	8	11,19	4,5,16,26		4,5,12,17,21,25,26
1	1	828	27	855	8	11,19	4,5,16,26		4,5,16,17,21,25,26
1	1	828	27	855	8	11,19	4,5,16,26		4,12,16,17,21,25,26
1	1	828	27	855	8	11,19	4,5,16,26		5,12,16,17,21,25,26
2	1	828	27	855	8	11,19	0,4,5,16		4,5,12,16,17,21,25
2	1	828	27	855	8	11,19	0,4,5,16		4,5,12,16,17,21,26
2	1	828	27	855	8	11,19	0,4,5,16		4,5,12,16,17,25,26
2	1	828	27	855	8	11,19	0,4,5,16		4,5,12,16,21,25,26
2	1	828	27	855	8	11,19	0,4,5,16		4,5,12,17,21,25,26
2	1	828	27	855	8	11,19	0,4,5,16		4,5,16,17,21,25,26
2	1	828	27	855	8	11,19	0,4,5,16		4,12,16,17,21,25,26
2	1	828	27	855	8	11,19	0,4,5,16		5,12,16,17,21,25,26
2	1	828	27	855	8	11,19	0,4,5,26		4,5,12,16,17,21,25
2	1	828	27	855	8	11,19	0,4,5,26		4,5,12,16,17,21,26
2	1	828	27	855	8	11,19	0,4,5,26		4,5,12,16,17,25,26
2	1	828	27	855	8	11,19	0,4,5,26		4,5,12,16,21,25,26
2	1	828	27	855	8	11,19	0,4,5,26		4,5,12,17,21,25,26
2	1	828	27	855	8	11,19	0,4,5,26		4,5,16,17,21,25,26
2	1	828	27	855	8	11,19	0,4,5,26		4,12,16,17,21,25,26
2	1	828	27	855	8	11,19	0,4,5,26		5,12,16,17,21,25,26
2	1	828	27	855	8	11,19	0,4,16,26		4,5,12,16,17,21,25
2	1	828	27	855	8	11,19	0,4,16,26		4,5,12,16,17,21,26
2	1	828	27	855	8	11,19	0,4,16,26		4,5,12,16,17,25,26
2	1	828	27	855	8	11,19	0,4,16,26		4,5,12,16,21,25,26
2	1	828	27	855	8	11,19	0,4,16,26		4,5,12,17,21,25,26
2	1	828	27	855	8	11,19	0,4,16,26		4,5,16,17,21,25,26
2	1	828	27	855	8	11,19	0,4,16,26		4,12,16,17,21,25,26
2	1	828	27	855	8	11,19	0,4,16,26		5,12,16,17,21,25,26
2	1	828	27	855	8	11,19	0,5,16,26		4,5,12,16,17,21,25
2	1	828	27	855	8	11,19	0,5,16,26		4,5,12,16,17,21,26
2	1	828	27	855	8	11,19	0,5,16,26		4,5,12,16,17,25,26
2	1	828	27	855	8	11,19	0,5,16,26		4,5,12,16,21,25,26
2	1	828	27	855	8	11,19	0,5,16,26		4,5,12,17,21,25,26
2	1	828	27	855	8	11,19	0,5,16,26		4,5,16,17,21,25,26
2	1	828	27	855	8	11,19	0,5,16,26		4,12,16,17,21,25,26
2	1	828	27	855	8	11,19	0,5,16,26		5,12,16,17,21,25,26
2	1	828	27	855	8	11,19	4,5,16,26		4,5,12,16,17,21,25
2	1	828	27	855	8	11,19	4,5,16,26		4,5,12,16,17,21,26
2	1	828	27	855	8	11,19	4,5,16,26		4,5,12,16,17,25,26
2	1	828	27	855	8	11,19	4,5,16,26		4,5,12,16,21,25,26
2	1	828	27	855	8	11,19	4,5,16,26		4,5,12,17,21,25,26
2	1	828	27	855	8	11,19	4,5,16,26		4,5,16,17,21,25,26
2	1	828	27	855	8	11,19	4,5,16,26		4,12,16,17,21,25,26
2	1	828	27	855	8	11,19	4,5,16,26		5,12,16,17,21,25,26
3	1	828	27	855	8	11,19	0,4,5,16		4,5,12,16,17,21,25
3	1	828	27	855	8	11,19	0,4,5,16		4,5,12,16,17,21,26
3	1	828	27	855	8	11,19	0,4,5,16		4,5,12,16,17,25,26
3	1	828	27	855	8	11,19	0,4,5,16		4,5,12,16,21,25,26
3	1	828	27	855	8	11,19	0,4,5,16		4,5,12,17,21,25,26
3	1	828	27	855	8	11,19	0,4,5,16		4,5,16,17,21,25,26
3	1	828	27	855	8	11,19	0,4,5,16		4,12,16,17,21,25,26
3	1	828	27	855	8	11,19	0,4,5,16		5,12,16,17,21,25,26
3	1	828	27	855	8	11,19	0,4,5,26		4,5,12,16,17,21,25
3	1	828	27	855	8	11,19	0,4,5,26		4,5,12,16,17,21,26
3	1	828	27	855	8	11,19	0,4,5,26		4,5,12,16,17,25,26
3	1	828	27	855	8	11,19	0,4,5,26		4,5,12,16,21,25,26
3	1	828	27	855	8	11,19	0,4,5,26		4,5,12,17,21,25,26
3	1	828	27	855	8	11,19	0,4,5,26		4,5,16,17,21,25,26
3	1	828	27	855	8	11,19	0,4,5,26		4,12,16,17,21,25,26
3	1	828	27	855	8	11,19	0,4,5,26		5,12,16,17,21,25,26
3	1	828	27	855	8	11,19	0,4,16,26		4,5,12,16,17,21,25
3	1	828	27	855	8	11,19	0,4,16,26		4,5,12,16,17,21,26
3	1	828	27	855	8	11,19	0,4,16,26		4,5,12,16,17,25,26
3	1	828	27	855	8	11,19	0,4,16,26		4,5,12,16,21,25,26
3	1	828	27	855	8	11,19	0,4,16,26		4,5,12,17,21,25,26
3	1	828	27	855	8	11,19	0,4,16,26		4,5,16,17,21,25,26
3	1	828	27	855	8	11,19	0,4,16,26		4,12,16,17,21,25,26
3	1	828	27	855	8	11,19	0,4,16,26		5,12,16,17,21,25,26
3	1	828	27	855	8	11,19	0,5,16,26		4,5,12,16,17,21,25
3	1	828	27	855	8	11,19	0,5,16,26		4,5,12,16,17,21,26
3	1	828	27	855	8	11,19	0,5,16,26		4,5,12,16,17,25,26
3	1	828	27	855	8	11,19	0,5,16,26		4,5,12,16,21,25,26
3	1	828	27	855	8	11,19	0,5,16,26		4,5,12,17,21,25,26
3	1	828	27	855	8	11,19	0,5,16,26		4,5,16,17,21,25,26
3	1	828	27	855	8	11,19	0,5,16,26		4,12,16,17,21,25,26
3	1	828	27	855	8	11,19	0,5,16,26		5,12,16,17,21,25,26
3	1	828	27	855	8	11,19	4,5,16,26		4,5,12,16,17,21,25
3	1	828	27	855	8	11,19	4,5,16,26		4,5,12,16,17,21,26
3	1	828	27	855	8	11,19	4,5,16,26		4,5,12,16,17,25,26
3	1	828	27	855	8	11,19	4,5,16,26		4,5,12,16,21,25,26
3	1	828	27	855	8	11,19	4,5,16,26		4,5,12,17,21,25,26
3	1	828	27	855	8	11,19	4,5,16,26		4,5,16,17,21,25,26
3	1	828	27	855	8	11,19	4,5,16,26		4,12,16,17,21,25,26
3	1	828	27	855	8	11,19	4,5,16,26		5,12,16,17,21,25,26
Cap configurations: 320

3-flat point count: 8,2,8;5,1,1;5,4,7
Excluded point counts: 1,1,1
0	0	828	12	855	8	3	0,7,8,14	1	1,2,7,8,9,12,18
0	0	828	12	855	8	3	0,7,8,14	1	1,2,7,8,9,12,21
0	0	828	12	855	8	3	0,7,8,14	1	1,2,7,8,9,18,21
0	0	828	12	855	8	3	0,7,8,14	1	1,2,7,8,12,18,21
0	0	828	12	855	8	3	0,7,8,14	1	1,2,7,9,12,18,21
0	0	828	12	855	8	3	0,7,8,14	1	1,2,8,9,12,18,21
0	0	828	12	855	8	3	0,7,8,14	1	1,7,8,9,12,18,21
0	0	828	12	855	8	3	0,7,8,14	1	2,7,8,9,12,18,21
0	0	828	12	855	8	3	0,7,8,14	2	1,2,7,8,9,12,18
0	0	828	12	855	8	3	0,7,8,14	2	1,2,7,8,9,12,21
0	0	828	12	855	8	3	0,7,8,14	2	1,2,7,8,9,18,21
0	0	828	12	855	8	3	0,7,8,14	2	1,2,7,8,12,18,21
0	0	828	12	855	8	3	0,7,8,14	2	1,2,7,9,12,18,21
0	0	828	12	855	8	3	0,7,8,14	2	1,2,8,9,12,18,21
0	0	828	12	855	8	3	0,7,8,14	2	1,7,8,9,12,18,21
0	0	828	12	855	8	3	0,7,8,14	2	2,7,8,9,12,18,21
0	0	828	12	855	8	3	0,7,8,22	1	1,2,7,8,9,12,18
0	0	828	12	855	8	3	0,7,8,22	1	1,2,7,8,9,12,21
0	0	828	12	855	8	3	0,7,8,22	1	1,2,7,8,9,18,21
0	0	828	12	855	8	3	0,7,8,22	1	1,2,7,8,12,18,21
0	0	828	12	855	8	3	0,7,8,22	1	1,2,7,9,12,18,21
0	0	828	12	855	8	3	0,7,8,22	1	1,2,8,9,12,18,21
0	0	828	12	855	8	3	0,7,8,22	1	1,7,8,9,12,18,21
0	0	828	12	855	8	3	0,7,8,22	1	2,7,8,9,12,18,21
0	0	828	12	855	8	3	0,7,8,22	2	1,2,7,8,9,12,18
0	0	828	12	855	8	3	0,7,8,22	2	1,2,7,8,9,12,21
0	0	828	12	855	8	3	0,7,8,22	2	1,2,7,8,9,18,21
0	0	828	12	855	8	3	0,7,8,22	2	1,2,7,8,12,18,21
0	0	828	12	855	8	3	0,7,8,22	2	1,2,7,9,12,18,21
0	0	828	12	855	8	3	0,7,8,22	2	1,2,8,9,12,18,21
0	0	828	12	855	8	3	0,7,8,22	2	1,7,8,9,12,18,21
0	0	828	12	855	8	3	0,7,8,22	2	2,7,8,9,12,18,21
0	0	828	12	855	8	3	0,7,14,22	1	1,2,7,8,9,12,18
0	0	828	12	855	8	3	0,7,14,22	1	1,2,7,8,9,12,21
0	0	828	12	855	8	3	0,7,14,22	1	1,2,7,8,9,18,21
0	0	828	12	855	8	3	0,7,14,22	1	1,2,7,8,12,18,21
0	0	828	12	855	8	3	0,7,14,22	1	1,2,7,9,12,18,21
0	0	828	12	855	8	3	0,7,14,22	1	1,2,8,9,12,18,21
0	0	828	12	855	8	3	0,7,14,22	1	1,7,8,9,12,18,21
0	0	828	12	855	8	3	0,7,14,22	1	2,7,8,9,12,18,21
0	0	828	12	855	8	3	0,7,14,22	2	1,2,7,8,9,12,18
0	0	828	12	855	8	3	0,7,14,22	2	1,2,7,8,9,12,21
0	0	828	12	855	8	3	0,7,14,22	2	1,2,7,8,9,18,21
0	0	828	12	855	8	3	0,7,14,22	2	1,2,7,8,12,18,21
0	0	828	12	855	8	3	0,7,14,22	2	1,2,7,9,12,18,21
0	0	828	12	855	8	3	0,7,14,22	2	1,2,8,9,12,18,21
0	0	828	12	855	8	3	0,7,14,22	2	1,7,8,9,12,18,21
0	0	828	12	855	8	3	0,7,14,22	2	2,7,8,9,12,18,21
0	0	828	12	855	8	3	0,8,14,22	1	1,2,7,8,9,12,18
0	0	828	12	855	8	3	0,8,14,22	1	1,2,7,8,9,12,21
0	0	828	12	855	8	3	0,8,14,22	1	1,2,7,8,9,18,21
0	0	828	12	855	8	3	0,8,14,22	1	1,2,7,8,12,18,21
0	0	828	12	855	8	3	0,8,14,22	1	1,2,7,9,12,18,21
0	0	828	12	855	8	3	0,8,14,22	1	1,2,8,9,12,18,21
0	0	828	12	855	8	3	0,8,14,22	1	1,7,8,9,12,18,21
0	0	828	12	855	8	3	0,8,14,22	1	2,7,8,9,12,18,21
0	0	828	12	855	8	3	0,8,14,22	2	1,2,7,8,9,12,18
0	0	828	12	855	8	3	0,8,14,22	2	1,2,7,8,9,12,21
0	0	828	12	855	8	3	0,8,14,22	2	1,2,7,8,9,18,21
0	0	828	12	855	8	3	0,8,14,22	2	1,2,7,8,12,18,21
0	0	828	12	855	8	3	0,8,14,22	2	1,2,7,9,12,18,21
0	0	828	12	855	8	3	0,8,14,22	2	1,2,8,9,12,18,21
0	0	828	12	855	8	3	0,8,14,22	2	1,7,8,9,12,18,21
0	0	828	12	855	8	3	0,8,14,22	2	2,7,8,9,12,18,21
0	0	828	12	855	8	3	7,8,14,22	1	1,2,7,8,9,12,18
0	0	828	12	855	8	3	7,8,14,22	1	1,2,7,8,9,12,21
0	0	828	12	855	8	3	7,8,14,22	1	1,2,7,8,9,18,21
0	0	828	12	855	8	3	7,8,14,22	1	1,2,7,8,12,18,21
0	0	828	12	855	8	3	7,8,14,22	1	1,2,7,9,12,18,21
0	0	828	12	855	8	3	7,8,14,22	1	1,2,8,9,12,18,21
0	0	828	12	855	8	3	7,8,14,22	1	1,7,8,9,12,18,21
0	0	828	12	855	8	3	7,8,14,22	1	2,7,8,9,12,18,21
0	0	828	12	855	8	3	7,8,14,22	2	1,2,7,8,9,12,18
0	0	828	12	855	8	3	7,8,14,22	2	1,2,7,8,9,12,21
0	0	828	12	855	8	3	7,8,14,22	2	1,2,7,8,9,18,21
0	0	828	12	855	8	3	7,8,14,22	2	1,2,7,8,12,18,21
0	0	828	12	855	8	3	7,8,14,22	2	1,2,7,9,12,18,21
0	0	828	12	855	8	3	7,8,14,22	2	1,2,8,9,12,18,21
0	0	828	12	855	8	3	7,8,14,22	2	1,7,8,9,12,18,21
0	0	828	12	855	8	3	7,8,14,22	2	2,7,8,9,12,18,21
0	0	828	12	855	8	6	0,7,8,14	1	1,2,7,8,9,12,18
0	0	828	12	855	8	6	0,7,8,14	1	1,2,7,8,9,12,21
0	0	828	12	855	8	6	0,7,8,14	1	1,2,7,8,9,18,21
0	0	828	12	855	8	6	0,7,8,14	1	1,2,7,8,12,18,21
0	0	828	12	855	8	6	0,7,8,14	1	1,2,7,9,12,18,21
0	0	828	12	855	8	6	0,7,8,14	1	1,2,8,9,12,18,21
0	0	828	12	855	8	6	0,7,8,14	1	1,7,8,9,12,18,21
0	0	828	12	855	8	6	0,7,8,14	1	2,7,8,9,12,18,21
0	0	828	12	855	8	6	0,7,8,14	2	1,2,7,8,9,12,18
0	0	828	12	855	8	6	0,7,8,14	2	1,2,7,8,9,12,21
0	0	828	12	855	8	6	0,7,8,14	2	1,2,7,8,9,18,21
0	0	828	12	855	8	6	0,7,8,14	2	1,2,7,8,12,18,21
0	0	828	12	855	8	6	0,7,8,14	2	1,2,7,9,12,18,21
0	0	828	12	855	8	6	0,7,8,14	2	1,2,8,9,12,18,21
0	0	828	12	855	8	6	0,7,8,14	2	1,7,8,9,12,18,21
0	0	828	12	855	8	6	0,7,8,14	2	2,7,8,9,12,18,21
0	0	828	12	855	8	6	0,7,8,22	1	1,2,7,8,9,12,18
0	0	828	12	855	8	6	0,7,8,22	1	1,2,7,8,9,12,21
0	0	828	12	855	8	6	0,7,8,22	1	1,2,7,8,9,18,21
0	0	828	12	855	8	6	0,7,8,22	1	1,2,7,8,12,18,21
0	0	828	12	855	8	6	0,7,8,22	1	1,2,7,9,12,18,21
0	0	828	12	855	8	6	0,7,8,22	1	1,2,8,9,12,18,21
0	0	828	12	855	8	6	0,7,8,22	1	1,7,8,9,12,18,21
0	0	828	12	855	8	6	0,7,8,22	1	2,7,8,9,12,18,21
0	0	828	12	855	8	6	0,7,8,22	2	1,2,7,8,9,12,18
0	0	828	12	855	8	6	0,7,8,22	2	1,2,7,8,9,12,21
0	0	828	12	855	8	6	0,7,8,22	2	1,2,7,8,9,18,21
0	0	828	12	855	8	6	0,7,8,22	2	1,2,7,8,12,18,21
0	0	828	12	855	8	6	0,7,8,22	2	1,2,7,9,12,18,21
0	0	828	12	855	8	6	0,7,8,22	2	1,2,8,9,12,18,21
0	0	828	12	855	8	6	0,7,8,22	2	1,7,8,9,12,18,21
0	0	828	12	855	8	6	0,7,8,22	2	2,7,8,9,12,18,21
0	0	828	12	855	8	6	0,7,14,22	1	1,2,7,8,9,12,18
0	0	828	12	855	8	6	0,7,14,22	1	1,2,7,8,9,12,21
0	0	828	12	855	8	6	0,7,14,22	1	1,2,7,8,9,18,21
0	0	828	12	855	8	6	0,7,14,22	1	1,2,7,8,12,18,21
0	0	828	12	855	8	6	0,7,14,22	1	1,2,7,9,12,18,21
0	0	828	12	855	8	6	0,7,14,22	1	1,2,8,9,12,18,21
0	0	828	12	855	8	6	0,7,14,22	1	1,7,8,9,12,18,21
0	0	828	12	855	8	6	0,7,14,22	1	2,7,8,9,12,18,21
0	0	828	12	855	8	6	0,7,14,22	2	1,2,7,8,9,12,18
0	0	828	12	855	8	6	0,7,14,22	2	1,2,7,8,9,12,21
0	0	828	12	855	8	6	0,7,14,22	2	1,2,7,8,9,18,21
0	0	828	12	855	8	6	0,7,14,22	2	1,2,7,8,12,18,21
0	0	828	12	855	8	6	0,7,14,22	2	1,2,7,9,12,18,21
0	0	828	12	855	8	6	0,7,14,22	2	1,2,8,9,12,18,21
0	0	828	12	855	8	6	0,7,14,22	2	1,7,8,9,12,18,21
0	0	828	12	855	8	6	0,7,14,22	2	2,7,8,9,12,18,21
0	0	828	12	855	8	6	0,8,14,22	1	1,2,7,8,9,12,18
0	0	828	12	855	8	6	0,8,14,22	1	1,2,7,8,9,12,21
0	0	828	12	855	8	6	0,8,14,22	1	1,2,7,8,9,18,21
0	0	828	12	855	8	6	0,8,14,22	1	1,2,7,8,12,18,21
0	0	828	12	855	8	6	0,8,14,22	1	1,2,7,9,12,18,21
0	0	828	12	855	8	6	0,8,14,22	1	1,2,8,9,12,18,21
0	0	828	12	855	8	6	0,8,14,22	1	1,7,8,9,12,18,21
0	0	828	12	855	8	6	0,8,14,22	1	2,7,8,9,12,18,21
0	0	828	12	855	8	6	0,8,14,22	2	1,2,7,8,9,12,18
0	0	828	12	855	8	6	0,8,14,22	2	1,2,7,8,9,12,21
0	0	828	12	855	8	6	0,8,14,22	2	1,2,7,8,9,18,21
0	0	828	12	855	8	6	0,8,14,22	2	1,2,7,8,12,18,21
0	0	828	12	855	8	6	0,8,14,22	2	1,2,7,9,12,18,21
0	0	828	12	855	8	6	0,8,14,22	2	1,2,8,9,12,18,21
0	0	828	12	855	8	6	0,8,14,22	2	1,7,8,9,12,18,21
0	0	828	12	855	8	6	0,8,14,22	2	2,7,8,9,12,18,21
0	0	828	12	855	8	6	7,8,14,22	1	1,2,7,8,9,12,18
0	0	828	12	855	8	6	7,8,14,22	1	1,2,7,8,9,12,21
0	0	828	12	855	8	6	7,8,14,22	1	1,2,7,8,9,18,21
0	0	828	12	855	8	6	7,8,14,22	1	1,2,7,8,12,18,21
0	0	828	12	855	8	6	7,8,14,22	1	1,2,7,9,12,18,21
0	0	828	12	855	8	6	7,8,14,22	1	1,2,8,9,12,18,21
0	0	828	12	855	8	6	7,8,14,22	1	1,7,8,9,12,18,21
0	0	828	12	855	8	6	7,8,14,22	1	2,7,8,9,12,18,21
0	0	828	12	855	8	6	7,8,14,22	2	1,2,7,8,9,12,18
0	0	828	12	855	8	6	7,8,14,22	2	1,2,7,8,9,12,21
0	0	828	12	855	8	6	7,8,14,22	2	1,2,7,8,9,18,21
0	0	828	12	855	8	6	7,8,14,22	2	1,2,7,8,12,18,21
0	0	828	12	855	8	6	7,8,14,22	2	1,2,7,9,12,18,21
0	0	828	12	855	8	6	7,8,14,22	2	1,2,8,9,12,18,21
0	0	828	12	855	8	6	7,8,14,22	2	1,7,8,9,12,18,21
0	0	828	12	855	8	6	7,8,14,22	2	2,7,8,9,12,18,21
0	1	828	12	855	8	3	0,7,8,14	1	1,2,7,8,9,12,18
0	1	828	12	855	8	3	0,7,8,14	1	1,2,7,8,9,12,21
0	1	828	12	855	8	3	0,7,8,14	1	1,2,7,8,9,18,21
0	1	828	12	855	8	3	0,7,8,14	1	1,2,7,8,12,18,21
0	1	828	12	855	8	3	0,7,8,14	1	1,2,7,9,12,18,21
0	1	828	12	855	8	3	0,7,8,14	1	1,2,8,9,12,18,21
0	1	828	12	855	8	3	0,7,8,14	1	1,7,8,9,12,18,21
0	1	828	12	855	8	3	0,7,8,14	1	2,7,8,9,12,18,21
0	1	828	12	855	8	3	0,7,8,14	2	1,2,7,8,9,12,18
0	1	828	12	855	8	3	0,7,8,14	2	1,2,7,8,9,12,21
0	1	828	12	855	8	3	0,7,8,14	2	1,2,7,8,9,18,21
0	1	828	12	855	8	3	0,7,8,14	2	1,2,7,8,12,18,21
0	1	828	12	855	8	3	0,7,8,14	2	1,2,7,9,12,18,21
0	1	828	12	855	8	3	0,7,8,14	2	1,2,8,9,12,18,21
0	1	828	12	855	8	3	0,7,8,14	2	1,7,8,9,12,18,21
0	1	828	12	855	8	3	0,7,8,14	2	2,7,8,9,12,18,21
0	1	828	12	855	8	3	0,7,8,22	1	1,2,7,8,9,12,18
0	1	828	12	855	8	3	0,7,8,22	1	1,2,7,8,9,12,21
0	1	828	12	855	8	3	0,7,8,22	1	1,2,7,8,9,18,21
0	1	828	12	855	8	3	0,7,8,22	1	1,2,7,8,12,18,21
0	1	828	12	855	8	3	0,7,8,22	1	1,2,7,9,12,18,21
0	1	828	12	855	8	3	0,7,8,22	1	1,2,8,9,12,18,21
0	1	828	12	855	8	3	0,7,8,22	1	1,7,8,9,12,18,21
0	1	828	12	855	8	3	0,7,8,22	1	2,7,8,9,12,18,21
0	1	828	12	855	8	3	0,7,8,22	2	1,2,7,8,9,12,18
0	1	828	12	855	8	3	0,7,8,22	2	1,2,7,8,9,12,21
0	1	828	12	855	8	3	0,7,8,22	2	1,2,7,8,9,18,21
0	1	828	12	855	8	3	0,7,8,22	2	1,2,7,8,12,18,21
0	1	828	12	855	8	3	0,7,8,22	2	1,2,7,9,12,18,21
0	1	828	12	855	8	3	0,7,8,22	2	1,2,8,9,12,18,21
0	1	828	12	855	8	3	0,7,8,22	2	1,7,8,9,12,18,21
0	1	828	12	855	8	3	0,7,8,22	2	2,7,8,9,12,18,21
0	1	828	12	855	8	3	0,7,14,22	1	1,2,7,8,9,12,18
0	1	828	12	855	8	3	0,7,14,22	1	1,2,7,8,9,12,21
0	1	828	12	855	8	3	0,7,14,22	1	1,2,7,8,9,18,21
0	1	828	12	855	8	3	0,7,14,22	1	1,2,7,8,12,18,21
0	1	828	12	855	8	3	0,7,14,22	1	1,2,7,9,12,18,21
0	1	828	12	855	8	3	0,7,14,22	1	1,2,8,9,12,18,21
0	1	828	12	855	8	3	0,7,14,22	1	1,7,8,9,12,18,21
0	1	828	12	855	8	3	0,7,14,22	1	2,7,8,9,12,18,21
0	1	828	12	855	8	3	0,7,14,22	2	1,2,7,8,9,12,18
0	1	828	12	855	8	3	0,7,14,22	2	1,2,7,8,9,12,21
0	1	828	12	855	8	3	0,7,14,22	2	1,2,7,8,9,18,21
0	1	828	12	855	8	3	0,7,14,22	2	1,2,7,8,12,18,21
0	1	828	12	855	8	3	0,7,14,22	2	1,2,7,9,12,18,21
0	1	828	12	855	8	3	0,7,14,22	2	1,2,8,9,12,18,21
0	1	828	12	855	8	3	0,7,14,22	2	1,7,8,9,12,18,21
0	1	828	12	855	8	3	0,7,14,22	2	2,7,8,9,12,18,21
0	1	828	12	855	8	3	0,8,14,22	1	1,2,7,8,9,12,18
0	1	828	12	855	8	3	0,8,14,22	1	1,2,7,8,9,12,21
0	1	828	12	855	8	3	0,8,14,22	1	1,2,7,8,9,18,21
0	1	828	12	855	8	3	0,8,14,22	1	1,2,7,8,12,18,21
0	1	828	12	855	8	3	0,8,14,22	1	1,2,7,9,12,18,21
0	1	828	12	855	8	3	0,8,14,22	1	1,2,8,9,12,18,21
0	1	828	12	855	8	3	0,8,14,22	1	1,7,8,9,12,18,21
0	1	828	12	855	8	3	0,8,14,22	1	2,7,8,9,12,18,21
0	1	828	12	855	8	3	0,8,14,22	2	1,2,7,8,9,12,18
0	1	828	12	855	8	3	0,8,14,22	2	1,2,7,8,9,12,21
0	1	828	12	855	8	3	0,8,14,22	2	1,2,7,8,9,18,21
0	1	828	12	855	8	3	0,8,14,22	2	1,2,7,8,12,18,21
0	1	828	12	855	8	3	0,8,14,22	2	1,2,7,9,12,18,21
0	1	828	12	855	8	3	0,8,14,22	2	1,2,8,9,12,18,21
0	1	828	12	855	8	3	0,8,14,22	2	1,7,8,9,12,18,21
0	1	828	12	855	8	3	0,8,14,22	2	2,7,8,9,12,18,21
0	1	828	12	855	8	3	7,8,14,22	1	1,2,7,8,9,12,18
0	1	828	12	855	8	3	7,8,14,22	1	1,2,7,8,9,12,21
0	1	828	12	855	8	3	7,8,14,22	1	1,2,7,8,9,18,21
0	1	828	12	855	8	3	7,8,14,22	1	1,2,7,8,12,18,21
0	1	828	12	855	8	3	7,8,14,22	1	1,2,7,9,12,18,21
0	1	828	12	855	8	3	7,8,14,22	1	1,2,8,9,12,18,21
0	1	828	12	855	8	3	7,8,14,22	1	1,7,8,9,12,18,21
0	1	828	12	855	8	3	7,8,14,22	1	2,7,8,9,12,18,21
0	1	828	12	855	8	3	7,8,14,22	2	1,2,7,8,9,12,18
0	1	828	12	855	8	3	7,8,14,22	2	1,2,7,8,9,12,21
0	1	828	12	855	8	3	7,8,14,22	2	1,2,7,8,9,18,21
0	1	828	12	855	8	3	7,8,14,22	2	1,2,7,8,12,18,21
0	1	828	12	855	8	3	7,8,14,22	2	1,2,7,9,12,18,21
0	1	828	12	855	8	3	7,8,14,22	2	1,2,8,9,12,18,21
0	1	828	12	855	8	3	7,8,14,22	2	1,7,8,9,12,18,21
0	1	828	12	855	8	3	7,8,14,22	2	2,7,8,9,12,18,21
0	1	828	12	855	8	6	0,7,8,14	1	1,2,7,8,9,12,18
0	1	828	12	855	8	6	0,7,8,14	1	1,2,7,8,9,12,21
0	1	828	12	855	8	6	0,7,8,14	1	1,2,7,8,9,18,21
0	1	828	12	855	8	6	0,7,8,14	1	1,2,7,8,12,18,21
0	1	828	12	855	8	6	0,7,8,14	1	1,2,7,9,12,18,21
0	1	828	12	855	8	6	0,7,8,14	1	1,2,8,9,12,18,21
0	1	828	12	855	8	6	0,7,8,14	1	1,7,8,9,12,18,21
0	1	828	12	855	8	6	0,7,8,14	1	2,7,8,9,12,18,21
0	1	828	12	855	8	6	0,7,8,14	2	1,2,7,8,9,12,18
0	1	828	12	855	8	6	0,7,8,14	2	1,2,7,8,9,12,21
0	1	828	12	855	8	6	0,7,8,14	2	1,2,7,8,9,18,21
0	1	828	12	855	8	6	0,7,8,14	2	1,2,7,8,12,18,21
0	1	828	12	855	8	6	0,7,8,14	2	1,2,7,9,12,18,21
0	1	828	12	855	8	6	0,7,8,14	2	1,2,8,9,12,18,21
0	1	828	12	855	8	6	0,7,8,14	2	1,7,8,9,12,18,21
0	1	828	12	855	8	6	0,7,8,14	2	2,7,8,9,12,18,21
0	1	828	12	855	8	6	0,7,8,22	1	1,2,7,8,9,12,18
0	1	828	12	855	8	6	0,7,8,22	1	1,2,7,8,9,12,21
0	1	828	12	855	8	6	0,7,8,22	1	1,2,7,8,9,18,21
0	1	828	12	855	8	6	0,7,8,22	1	1,2,7,8,12,18,21
0	1	828	12	855	8	6	0,7,8,22	1	1,2,7,9,12,18,21
0	1	828	12	855	8	6	0,7,8,22	1	1,2,8,9,12,18,21
0	1	828	12	855	8	6	0,7,8,22	1	1,7,8,9,12,18,21
0	1	828	12	855	8	6	0,7,8,22	1	2,7,8,9,12,18,21
0	1	828	12	855	8	6	0,7,8,22	2	1,2,7,8,9,12,18
0	1	828	12	855	8	6	0,7,8,22	2	1,2,7,8,9,12,21
0	1	828	12	855	8	6	0,7,8,22	2	1,2,7,8,9,18,21
0	1	828	12	855	8	6	0,7,8,22	2	1,2,7,8,12,18,21
0	1	828	12	855	8	6	0,7,8,22	2	1,2,7,9,12,18,21
0	1	828	12	855	8	6	0,7,8,22	2	1,2,8,9,12,18,21
0	1	828	12	855	8	6	0,7,8,22	2	1,7,8,9,12,18,21
0	1	828	12	855	8	6	0,7,8,22	2	2,7,8,9,12,18,21
0	1	828	12	855	8	6	0,7,14,22	1	1,2,7,8,9,12,18
0	1	828	12	855	8	6	0,7,14,22	1	1,2,7,8,9,12,21
0	1	828	12	855	8	6	0,7,14,22	1	1,2,7,8,9,18,21
0	1	828	12	855	8	6	0,7,14,22	1	1,2,7,8,12,18,21
0	1	828	12	855	8	6	0,7,14,22	1	1,2,7,9,12,18,21
0	1	828	12	855	8	6	0,7,14,22	1	1,2,8,9,12,18,21
0	1	828	12	855	8	6	0,7,14,22	1	1,7,8,9,12,18,21
0	1	828	12	855	8	6	0,7,14,22	1	2,7,8,9,12,18,21
0	1	828	12	855	8	6	0,7,14,22	2	1,2,7,8,9,12,18
0	1	828	12	855	8	6	0,7,14,22	2	1,2,7,8,9,12,21
0	1	828	12	855	8	6	0,7,14,22	2	1,2,7,8,9,18,21
0	1	828	12	855	8	6	0,7,14,22	2	1,2,7,8,12,18,21
0	1	828	12	855	8	6	0,7,14,22	2	1,2,7,9,12,18,21
0	1	828	12	855	8	6	0,7,14,22	2	1,2,8,9,12,18,21
0	1	828	12	855	8	6	0,7,14,22	2	1,7,8,9,12,18,21
0	1	828	12	855	8	6	0,7,14,22	2	2,7,8,9,12,18,21
0	1	828	12	855	8	6	0,8,14,22	1	1,2,7,8,9,12,18
0	1	828	12	855	8	6	0,8,14,22	1	1,2,7,8,9,12,21
0	1	828	12	855	8	6	0,8,14,22	1	1,2,7,8,9,18,21
0	1	828	12	855	8	6	0,8,14,22	1	1,2,7,8,12,18,21
0	1	828	12	855	8	6	0,8,14,22	1	1,2,7,9,12,18,21
0	1	828	12	855	8	6	0,8,14,22	1	1,2,8,9,12,18,21
0	1	828	12	855	8	6	0,8,14,22	1	1,7,8,9,12,18,21
0	1	828	12	855	8	6	0,8,14,22	1	2,7,8,9,12,18,21
0	1	828	12	855	8	6	0,8,14,22	2	1,2,7,8,9,12,18
0	1	828	12	855	8	6	0,8,14,22	2	1,2,7,8,9,12,21
0	1	828	12	855	8	6	0,8,14,22	2	1,2,7,8,9,18,21
0	1	828	12	855	8	6	0,8,14,22	2	1,2,7,8,12,18,21
0	1	828	12	855	8	6	0,8,14,22	2	1,2,7,9,12,18,21
0	1	828	12	855	8	6	0,8,14,22	2	1,2,8,9,12,18,21
0	1	828	12	855	8	6	0,8,14,22	2	1,7,8,9,12,18,21
0	1	828	12	855	8	6	0,8,14,22	2	2,7,8,9,12,18,21
0	1	828	12	855	8	6	7,8,14,22	1	1,2,7,8,9,12,18
0	1	828	12	855	8	6	7,8,14,22	1	1,2,7,8,9,12,21
0	1	828	12	855	8	6	7,8,14,22	1	1,2,7,8,9,18,21
0	1	828	12	855	8	6	7,8,14,22	1	1,2,7,8,12,18,21
0	1	828	12	855	8	6	7,8,14,22	1	1,2,7,9,12,18,21
0	1	828	12	855	8	6	7,8,14,22	1	1,2,8,9,12,18,21
0	1	828	12	855	8	6	7,8,14,22	1	1,7,8,9,12,18,21
0	1	828	12	855	8	6	7,8,14,22	1	2,7,8,9,12,18,21
0	1	828	12	855	8	6	7,8,14,22	2	1,2,7,8,9,12,18
0	1	828	12	855	8	6	7,8,14,22	2	1,2,7,8,9,12,21
0	1	828	12	855	8	6	7,8,14,22	2	1,2,7,8,9,18,21
0	1	828	12	855	8	6	7,8,14,22	2	1,2,7,8,12,18,21
0	1	828	12	855	8	6	7,8,14,22	2	1,2,7,9,12,18,21
0	1	828	12	855	8	6	7,8,14,22	2	1,2,8,9,12,18,21
0	1	828	12	855	8	6	7,8,14,22	2	1,7,8,9,12,18,21
0	1	828	12	855	8	6	7,8,14,22	2	2,7,8,9,12,18,21
2	0	828	12	855	8	3	0,7,8,14	1	1,2,7,8,9,12,18
2	0	828	12	855	8	3	0,7,8,14	1	1,2,7,8,9,12,21
2	0	828	12	855	8	3	0,7,8,14	1	1,2,7,8,9,18,21
2	0	828	12	855	8	3	0,7,8,14	1	1,2,7,8,12,18,21
2	0	828	12	855	8	3	0,7,8,14	1	1,2,7,9,12,18,21
2	0	828	12	855	8	3	0,7,8,14	1	1,2,8,9,12,18,21
2	0	828	12	855	8	3	0,7,8,14	1	1,7,8,9,12,18,21
2	0	828	12	855	8	3	0,7,8,14	1	2,7,8,9,12,18,21
2	0	828	12	855	8	3	0,7,8,14	2	1,2,7,8,9,12,18
2	0	828	12	855	8	3	0,7,8,14	2	1,2,7,8,9,12,21
2	0	828	12	855	8	3	0,7,8,14	2	1,2,7,8,9,18,21
2	0	828	12	855	8	3	0,7,8,14	2	1,2,7,8,12,18,21
2	0	828	12	855	8	3	0,7,8,14	2	1,2,7,9,12,18,21
2	0	828	12	855	8	3	0,7,8,14	2	1,2,8,9,12,18,21
2	0	828	12	855	8	3	0,7,8,14	2	1,7,8,9,12,18,21
2	0	828	12	855	8	3	0,7,8,14	2	2,7,8,9,12,18,21
2	0	828	12	855	8	3	0,7,8,22	1	1,2,7,8,9,12,18
2	0	828	12	855	8	3	0,7,8,22	1	1,2,7,8,9,12,21
2	0	828	12	855	8	3	0,7,8,22	1	1,2,7,8,9,18,21
2	0	828	12	855	8	3	0,7,8,22	1	1,2,7,8,12,18,21
2	0	828	12	855	8	3	0,7,8,22	1	1,2,7,9,12,18,21
2	0	828	12	855	8	3	0,7,8,22	1	1,2,8,9,12,18,21
2	0	828	12	855	8	3	0,7,8,22	1	1,7,8,9,12,18,21
2	0	828	12	855	8	3	0,7,8,22	1	2,7,8,9,12,18,21
2	0	828	12	855	8	3	0,7,8,22	2	1,2,7,8,9,12,18
2	0	828	12	855	8	3	0,7,8,22	2	1,2,7,8,9,12,21
2	0	828	12	855	8	3	0,7,8,22	2	1,2,7,8,9,18,21
2	0	828	12	855	8	3	0,7,8,22	2	1,2,7,8,12,18,21
2	0	828	12	855	8	3	0,7,8,22	2	1,2,7,9,12,18,21
2	0	828	12	855	8	3	0,7,8,22	2	1,2,8,9,12,18,21
2	0	828	12	855	8	3	0,7,8,22	2	1,7,8,9,12,18,21
2	0	828	12	855	8	3	0,7,8,22	2	2,7,8,9,12,18,21
2	0	828	12	855	8	3	0,7,14,22	1	1,2,7,8,9,12,18
2	0	828	12	855	8	3	0,7,14,22	1	1,2,7,8,9,12,21
2	0	828	12	855	8	3	0,7,14,22	1	1,2,7,8,9,18,21
2	0	828	12	855	8	3	0,7,14,22	1	1,2,7,8,12,18,21
2	0	828	12	855	8	3	0,7,14,22	1	1,2,7,9,12,18,21
2	0	828	12	855	8	3	0,7,14,22	1	1,2,8,9,12,18,21
2	0	828	12	855	8	3	0,7,14,22	1	1,7,8,9,12,18,21
2	0	828	12	855	8	3	0,7,14,22	1	2,7,8,9,12,18,21
2	0	828	12	855	8	3	0,7,14,22	2	1,2,7,8,9,12,18
2	0	828	12	855	8	3	0,7,14,22	2	1,2,7,8,9,12,21
2	0	828	12	855	8	3	0,7,14,22	2	1,2,7,8,9,18,21
2	0	828	12	855	8	3	0,7,14,22	2	1,2,7,8,12,18,21
2	0	828	12	855	8	3	0,7,14,22	2	1,2,7,9,12,18,21
2	0	828	12	855	8	3	0,7,14,22	2	1,2,8,9,12,18,21
2	0	828	12	855	8	3	0,7,14,22	2	1,7,8,9,12,18,21
2	0	828	12	855	8	3	0,7,14,22	2	2,7,8,9,12,18,21
2	0	828	12	855	8	3	0,8,14,22	1	1,2,7,8,9,12,18
2	0	828	12	855	8	3	0,8,14,22	1	1,2,7,8,9,12,21
2	0	828	12	855	8	3	0,8,14,22	1	1,2,7,8,9,18,21
2	0	828	12	855	8	3	0,8,14,22	1	1,2,7,8,12,18,21
2	0	828	12	855	8	3	0,8,14,22	1	1,2,7,9,12,18,21
2	0	828	12	855	8	3	0,8,14,22	1	1,2,8,9,12,18,21
2	0	828	12	855	8	3	0,8,14,22	1	1,7,8,9,12,18,21
2	0	828	12	855	8	3	0,8,14,22	1	2,7,8,9,12,18,21
2	0	828	12	855	8	3	0,8,14,22	2	1,2,7,8,9,12,18
2	0	828	12	855	8	3	0,8,14,22	2	1,2,7,8,9,12,21
2	0	828	12	855	8	3	0,8,14,22	2	1,2,7,8,9,18,21
2	0	828	12	855	8	3	0,8,14,22	2	1,2,7,8,12,18,21
2	0	828	12	855	8	3	0,8,14,22	2	1,2,7,9,12,18,21
2	0	828	12	855	8	3	0,8,14,22	2	1,2,8,9,12,18,21
2	0	828	12	855	8	3	0,8,14,22	2	1,7,8,9,12,18,21
2	0	828	12	855	8	3	0,8,14,22	2	2,7,8,9,12,18,21
2	0	828	12	855	8	3	7,8,14,22	1	1,2,7,8,9,12,18
2	0	828	12	855	8	3	7,8,14,22	1	1,2,7,8,9,12,21
2	0	828	12	855	8	3	7,8,14,22	1	1,2,7,8,9,18,21
2	0	828	12	855	8	3	7,8,14,22	1	1,2,7,8,12,18,21
2	0	828	12	855	8	3	7,8,14,22	1	1,2,7,9,12,18,21
2	0	828	12	855	8	3	7,8,14,22	1	1,2,8,9,12,18,21
2	0	828	12	855	8	3	7,8,14,22	1	1,7,8,9,12,18,21
2	0	828	12	855	8	3	7,8,14,22	1	2,7,8,9,12,18,21
2	0	828	12	855	8	3	7,8,14,22	2	1,2,7,8,9,12,18
2	0	828	12	855	8	3	7,8,14,22	2	1,2,7,8,9,12,21
2	0	828	12	855	8	3	7,8,14,22	2	1,2,7,8,9,18,21
2	0	828	12	855	8	3	7,8,14,22	2	1,2,7,8,12,18,21
2	0	828	12	855	8	3	7,8,14,22	2	1,2,7,9,12,18,21
2	0	828	12	855	8	3	7,8,14,22	2	1,2,8,9,12,18,21
2	0	828	12	855	8	3	7,8,14,22	2	1,7,8,9,12,18,21
2	0	828	12	855	8	3	7,8,14,22	2	2,7,8,9,12,18,21
2	0	828	12	855	8	6	0,7,8,14	1	1,2,7,8,9,12,18
2	0	828	12	855	8	6	0,7,8,14	1	1,2,7,8,9,12,21
2	0	828	12	855	8	6	0,7,8,14	1	1,2,7,8,9,18,21
2	0	828	12	855	8	6	0,7,8,14	1	1,2,7,8,12,18,21
2	0	828	12	855	8	6	0,7,8,14	1	1,2,7,9,12,18,21
2	0	828	12	855	8	6	0,7,8,14	1	1,2,8,9,12,18,21
2	0	828	12	855	8	6	0,7,8,14	1	1,7,8,9,12,18,21
2	0	828	12	855	8	6	0,7,8,14	1	2,7,8,9,12,18,21
2	0	828	12	855	8	6	0,7,8,14	2	1,2,7,8,9,12,18
2	0	828	12	855	8	6	0,7,8,14	2	1,2,7,8,9,12,21
2	0	828	12	855	8	6	0,7,8,14	2	1,2,7,8,9,18,21
2	0	828	12	855	8	6	0,7,8,14	2	1,2,7,8,12,18,21
2	0	828	12	855	8	6	0,7,8,14	2	1,2,7,9,12,18,21
2	0	828	12	855	8	6	0,7,8,14	2	1,2,8,9,12,18,21
2	0	828	12	855	8	6	0,7,8,14	2	1,7,8,9,12,18,21
2	0	828	12	855	8	6	0,7,8,14	2	2,7,8,9,12,18,21
2	0	828	12	855	8	6	0,7,8,22	1	1,2,7,8,9,12,18
2	0	828	12	855	8	6	0,7,8,22	1	1,2,7,8,9,12,21
2	0	828	12	855	8	6	0,7,8,22	1	1,2,7,8,9,18,21
2	0	828	12	855	8	6	0,7,8,22	1	1,2,7,8,12,18,21
2	0	828	12	855	8	6	0,7,8,22	1	1,2,7,9,12,18,21
2	0	828	12	855	8	6	0,7,8,22	1	1,2,8,9,12,18,21
2	0	828	12	855	8	6	0,7,8,22	1	1,7,8,9,12,18,21
2	0	828	12	855	8	6	0,7,8,22	1	2,7,8,9,12,18,21
2	0	828	12	855	8	6	0,7,8,22	2	1,2,7,8,9,12,18
2	0	828	12	855	8	6	0,7,8,22	2	1,2,7,8,9,12,21
2	0	828	12	855	8	6	0,7,8,22	2	1,2,7,8,9,18,21
2	0	828	12	855	8	6	0,7,8,22	2	1,2,7,8,12,18,21
2	0	828	12	855	8	6	0,7,8,22	2	1,2,7,9,12,18,21
2	0	828	12	855	8	6	0,7,8,22	2	1,2,8,9,12,18,21
2	0	828	12	855	8	6	0,7,8,22	2	1,7,8,9,12,18,21
2	0	828	12	855	8	6	0,7,8,22	2	2,7,8,9,12,18,21
2	0	828	12	855	8	6	0,7,14,22	1	1,2,7,8,9,12,18
2	0	828	12	855	8	6	0,7,14,22	1	1,2,7,8,9,12,21
2	0	828	12	855	8	6	0,7,14,22	1	1,2,7,8,9,18,21
2	0	828	12	855	8	6	0,7,14,22	1	1,2,7,8,12,18,21
2	0	828	12	855	8	6	0,7,14,22	1	1,2,7,9,12,18,21
2	0	828	12	855	8	6	0,7,14,22	1	1,2,8,9,12,18,21
2	0	828	12	855	8	6	0,7,14,22	1	1,7,8,9,12,18,21
2	0	828	12	855	8	6	0,7,14,22	1	2,7,8,9,12,18,21
2	0	828	12	855	8	6	0,7,14,22	2	1,2,7,8,9,12,18
2	0	828	12	855	8	6	0,7,14,22	2	1,2,7,8,9,12,21
2	0	828	12	855	8	6	0,7,14,22	2	1,2,7,8,9,18,21
2	0	828	12	855	8	6	0,7,14,22	2	1,2,7,8,12,18,21
2	0	828	12	855	8	6	0,7,14,22	2	1,2,7,9,12,18,21
2	0	828	12	855	8	6	0,7,14,22	2	1,2,8,9,12,18,21
2	0	828	12	855	8	6	0,7,14,22	2	1,7,8,9,12,18,21
2	0	828	12	855	8	6	0,7,14,22	2	2,7,8,9,12,18,21
2	0	828	12	855	8	6	0,8,14,22	1	1,2,7,8,9,12,18
2	0	828	12	855	8	6	0,8,14,22	1	1,2,7,8,9,12,21
2	0	828	12	855	8	6	0,8,14,22	1	1,2,7,8,9,18,21
2	0	828	12	855	8	6	0,8,14,22	1	1,2,7,8,12,18,21
2	0	828	12	855	8	6	0,8,14,22	1	1,2,7,9,12,18,21
2	0	828	12	855	8	6	0,8,14,22	1	1,2,8,9,12,18,21
2	0	828	12	855	8	6	0,8,14,22	1	1,7,8,9,12,18,21
2	0	828	12	855	8	6	0,8,14,22	1	2,7,8,9,12,18,21
2	0	828	12	855	8	6	0,8,14,22	2	1,2,7,8,9,12,18
2	0	828	12	855	8	6	0,8,14,22	2	1,2,7,8,9,12,21
2	0	828	12	855	8	6	0,8,14,22	2	1,2,7,8,9,18,21
2	0	828	12	855	8	6	0,8,14,22	2	1,2,7,8,12,18,21
2	0	828	12	855	8	6	0,8,14,22	2	1,2,7,9,12,18,21
2	0	828	12	855	8	6	0,8,14,22	2	1,2,8,9,12,18,21
2	0	828	12	855	8	6	0,8,14,22	2	1,7,8,9,12,18,21
2	0	828	12	855	8	6	0,8,14,22	2	2,7,8,9,12,18,21
2	0	828	12	855	8	6	7,8,14,22	1	1,2,7,8,9,12,18
2	0	828	12	855	8	6	7,8,14,22	1	1,2,7,8,9,12,21
2	0	828	12	855	8	6	7,8,14,22	1	1,2,7,8,9,18,21
2	0	828	12	855	8	6	7,8,14,22	1	1,2,7,8,12,18,21
2	0	828	12	855	8	6	7,8,14,22	1	1,2,7,9,12,18,21
2	0	828	12	855	8	6	7,8,14,22	1	1,2,8,9,12,18,21
2	0	828	12	855	8	6	7,8,14,22	1	1,7,8,9,12,18,21
2	0	828	12	855	8	6	7,8,14,22	1	2,7,8,9,12,18,21
2	0	828	12	855	8	6	7,8,14,22	2	1,2,7,8,9,12,18
2	0	828	12	855	8	6	7,8,14,22	2	1,2,7,8,9,12,21
2	0	828	12	855	8	6	7,8,14,22	2	1,2,7,8,9,18,21
2	0	828	12	855	8	6	7,8,14,22	2	1,2,7,8,12,18,21
2	0	828	12	855	8	6	7,8,14,22	2	1,2,7,9,12,18,21
2	0	828	12	855	8	6	7,8,14,22	2	1,2,8,9,12,18,21
2	0	828	12	855	8	6	7,8,14,22	2	1,7,8,9,12,18,21
2	0	828	12	855	8	6	7,8,14,22	2	2,7,8,9,12,18,21
2	1	828	12	855	8	3	0,7,8,14	1	1,2,7,8,9,12,18
2	1	828	12	855	8	3	0,7,8,14	1	1,2,7,8,9,12,21
2	1	828	12	855	8	3	0,7,8,14	1	1,2,7,8,9,18,21
2	1	828	12	855	8	3	0,7,8,14	1	1,2,7,8,12,18,21
2	1	828	12	855	8	3	0,7,8,14	1	1,2,7,9,12,18,21
2	1	828	12	855	8	3	0,7,8,14	1	1,2,8,9,12,18,21
2	1	828	12	855	8	3	0,7,8,14	1	1,7,8,9,12,18,21
2	1	828	12	855	8	3	0,7,8,14	1	2,7,8,9,12,18,21
2	1	828	12	855	8	3	0,7,8,14	2	1,2,7,8,9,12,18
2	1	828	12	855	8	3	0,7,8,14	2	1,2,7,8,9,12,21
2	1	828	12	855	8	3	0,7,8,14	2	1,2,7,8,9,18,21
2	1	828	12	855	8	3	0,7,8,14	2	1,2,7,8,12,18,21
2	1	828	12	855	8	3	0,7,8,14	2	1,2,7,9,12,18,21
2	1	828	12	855	8	3	0,7,8,14	2	1,2,8,9,12,18,21
2	1	828	12	855	8	3	0,7,8,14	2	1,7,8,9,12,18,21
2	1	828	12	855	8	3	0,7,8,14	2	2,7,8,9,12,18,21
2	1	828	12	855	8	3	0,7,8,22	1	1,2,7,8,9,12,18
2	1	828	12	855	8	3	0,7,8,22	1	1,2,7,8,9,12,21
2	1	828	12	855	8	3	0,7,8,22	1	1,2,7,8,9,18,21
2	1	828	12	855	8	3	0,7,8,22	1	1,2,7,8,12,18,21
2	1	828	12	855	8	3	0,7,8,22	1	1,2,7,9,12,18,21
2	1	828	12	855	8	3	0,7,8,22	1	1,2,8,9,12,18,21
2	1	828	12	855	8	3	0,7,8,22	1	1,7,8,9,12,18,21
2	1	828	12	855	8	3	0,7,8,22	1	2,7,8,9,12,18,21
2	1	828	12	855	8	3	0,7,8,22	2	1,2,7,8,9,12,18
2	1	828	12	855	8	3	0,7,8,22	2	1,2,7,8,9,12,21
2	1	828	12	855	8	3	0,7,8,22	2	1,2,7,8,9,18,21
2	1	828	12	855	8	3	0,7,8,22	2	1,2,7,8,12,18,21
2	1	828	12	855	8	3	0,7,8,22	2	1,2,7,9,12,18,21
2	1	828	12	855	8	3	0,7,8,22	2	1,2,8,9,12,18,21
2	1	828	12	855	8	3	0,7,8,22	2	1,7,8,9,12,18,21
2	1	828	12	855	8	3	0,7,8,22	2	2,7,8,9,12,18,21
2	1	828	12	855	8	3	0,7,14,22	1	1,2,7,8,9,12,18
2	1	828	12	855	8	3	0,7,14,22	1	1,2,7,8,9,12,21
2	1	828	12	855	8	3	0,7,14,22	1	1,2,7,8,9,18,21
2	1	828	12	855	8	3	0,7,14,22	1	1,2,7,8,12,18,21
2	1	828	12	855	8	3	0,7,14,22	1	1,2,7,9,12,18,21
2	1	828	12	855	8	3	0,7,14,22	1	1,2,8,9,12,18,21
2	1	828	12	855	8	3	0,7,14,22	1	1,7,8,9,12,18,21
2	1	828	12	855	8	3	0,7,14,22	1	2,7,8,9,12,18,21
2	1	828	12	855	8	3	0,7,14,22	2	1,2,7,8,9,12,18
2	1	828	12	855	8	3	0,7,14,22	2	1,2,7,8,9,12,21
2	1	828	12	855	8	3	0,7,14,22	2	1,2,7,8,9,18,21
2	1	828	12	855	8	3	0,7,14,22	2	1,2,7,8,12,18,21
2	1	828	12	855	8	3	0,7,14,22	2	1,2,7,9,12,18,21
2	1	828	12	855	8	3	0,7,14,22	2	1,2,8,9,12,18,21
2	1	828	12	855	8	3	0,7,14,22	2	1,7,8,9,12,18,21
2	1	828	12	855	8	3	0,7,14,22	2	2,7,8,9,12,18,21
2	1	828	12	855	8	3	0,8,14,22	1	1,2,7,8,9,12,18
2	1	828	12	855	8	3	0,8,14,22	1	1,2,7,8,9,12,21
2	1	828	12	855	8	3	0,8,14,22	1	1,2,7,8,9,18,21
2	1	828	12	855	8	3	0,8,14,22	1	1,2,7,8,12,18,21
2	1	828	12	855	8	3	0,8,14,22	1	1,2,7,9,12,18,21
2	1	828	12	855	8	3	0,8,14,22	1	1,2,8,9,12,18,21
2	1	828	12	855	8	3	0,8,14,22	1	1,7,8,9,12,18,21
2	1	828	12	855	8	3	0,8,14,22	1	2,7,8,9,12,18,21
2	1	828	12	855	8	3	0,8,14,22	2	1,2,7,8,9,12,18
2	1	828	12	855	8	3	0,8,14,22	2	1,2,7,8,9,12,21
2	1	828	12	855	8	3	0,8,14,22	2	1,2,7,8,9,18,21
2	1	828	12	855	8	3	0,8,14,22	2	1,2,7,8,12,18,21
2	1	828	12	855	8	3	0,8,14,22	2	1,2,7,9,12,18,21
2	1	828	12	855	8	3	0,8,14,22	2	1,2,8,9,12,18,21
2	1	828	12	855	8	3	0,8,14,22	2	1,7,8,9,12,18,21
2	1	828	12	855	8	3	0,8,14,22	2	2,7,8,9,12,18,21
2	1	828	12	855	8	3	7,8,14,22	1	1,2,7,8,9,12,18
2	1	828	12	855	8	3	7,8,14,22	1	1,2,7,8,9,12,21
2	1	828	12	855	8	3	7,8,14,22	1	1,2,7,8,9,18,21
2	1	828	12	855	8	3	7,8,14,22	1	1,2,7,8,12,18,21
2	1	828	12	855	8	3	7,8,14,22	1	1,2,7,9,12,18,21
2	1	828	12	855	8	3	7,8,14,22	1	1,2,8,9,12,18,21
2	1	828	12	855	8	3	7,8,14,22	1	1,7,8,9,12,18,21
2	1	828	12	855	8	3	7,8,14,22	1	2,7,8,9,12,18,21
2	1	828	12	855	8	3	7,8,14,22	2	1,2,7,8,9,12,18
2	1	828	12	855	8	3	7,8,14,22	2	1,2,7,8,9,12,21
2	1	828	12	855	8	3	7,8,14,22	2	1,2,7,8,9,18,21
2	1	828	12	855	8	3	7,8,14,22	2	1,2,7,8,12,18,21
2	1	828	12	855	8	3	7,8,14,22	2	1,2,7,9,12,18,21
2	1	828	12	855	8	3	7,8,14,22	2	1,2,8,9,12,18,21
2	1	828	12	855	8	3	7,8,14,22	2	1,7,8,9,12,18,21
2	1	828	12	855	8	3	7,8,14,22	2	2,7,8,9,12,18,21
2	1	828	12	855	8	6	0,7,8,14	1	1,2,7,8,9,12,18
2	1	828	12	855	8	6	0,7,8,14	1	1,2,7,8,9,12,21
2	1	828	12	855	8	6	0,7,8,14	1	1,2,7,8,9,18,21
2	1	828	12	855	8	6	0,7,8,14	1	1,2,7,8,12,18,21
2	1	828	12	855	8	6	0,7,8,14	1	1,2,7,9,12,18,21
2	1	828	12	855	8	6	0,7,8,14	1	1,2,8,9,12,18,21
2	1	828	12	855	8	6	0,7,8,14	1	1,7,8,9,12,18,21
2	1	828	12	855	8	6	0,7,8,14	1	2,7,8,9,12,18,21
2	1	828	12	855	8	6	0,7,8,14	2	1,2,7,8,9,12,18
2	1	828	12	855	8	6	0,7,8,14	2	1,2,7,8,9,12,21
2	1	828	12	855	8	6	0,7,8,14	2	1,2,7,8,9,18,21
2	1	828	12	855	8	6	0,7,8,14	2	1,2,7,8,12,18,21
2	1	828	12	855	8	6	0,7,8,14	2	1,2,7,9,12,18,21
2	1	828	12	855	8	6	0,7,8,14	2	1,2,8,9,12,18,21
2	1	828	12	855	8	6	0,7,8,14	2	1,7,8,9,12,18,21
2	1	828	12	855	8	6	0,7,8,14	2	2,7,8,9,12,18,21
2	1	828	12	855	8	6	0,7,8,22	1	1,2,7,8,9,12,18
2	1	828	12	855	8	6	0,7,8,22	1	1,2,7,8,9,12,21
2	1	828	12	855	8	6	0,7,8,22	1	1,2,7,8,9,18,21
2	1	828	12	855	8	6	0,7,8,22	1	1,2,7,8,12,18,21
2	1	828	12	855	8	6	0,7,8,22	1	1,2,7,9,12,18,21
2	1	828	12	855	8	6	0,7,8,22	1	1,2,8,9,12,18,21
2	1	828	12	855	8	6	0,7,8,22	1	1,7,8,9,12,18,21
2	1	828	12	855	8	6	0,7,8,22	1	2,7,8,9,12,18,21
2	1	828	12	855	8	6	0,7,8,22	2	1,2,7,8,9,12,18
2	1	828	12	855	8	6	0,7,8,22	2	1,2,7,8,9,12,21
2	1	828	12	855	8	6	0,7,8,22	2	1,2,7,8,9,18,21
2	1	828	12	855	8	6	0,7,8,22	2	1,2,7,8,12,18,21
2	1	828	12	855	8	6	0,7,8,22	2	1,2,7,9,12,18,21
2	1	828	12	855	8	6	0,7,8,22	2	1,2,8,9,12,18,21
2	1	828	12	855	8	6	0,7,8,22	2	1,7,8,9,12,18,21
2	1	828	12	855	8	6	0,7,8,22	2	2,7,8,9,12,18,21
2	1	828	12	855	8	6	0,7,14,22	1	1,2,7,8,9,12,18
2	1	828	12	855	8	6	0,7,14,22	1	1,2,7,8,9,12,21
2	1	828	12	855	8	6	0,7,14,22	1	1,2,7,8,9,18,21
2	1	828	12	855	8	6	0,7,14,22	1	1,2,7,8,12,18,21
2	1	828	12	855	8	6	0,7,14,22	1	1,2,7,9,12,18,21
2	1	828	12	855	8	6	0,7,14,22	1	1,2,8,9,12,18,21
2	1	828	12	855	8	6	0,7,14,22	1	1,7,8,9,12,18,21
2	1	828	12	855	8	6	0,7,14,22	1	2,7,8,9,12,18,21
2	1	828	12	855	8	6	0,7,14,22	2	1,2,7,8,9,12,18
2	1	828	12	855	8	6	0,7,14,22	2	1,2,7,8,9,12,21
2	1	828	12	855	8	6	0,7,14,22	2	1,2,7,8,9,18,21
2	1	828	12	855	8	6	0,7,14,22	2	1,2,7,8,12,18,21
2	1	828	12	855	8	6	0,7,14,22	2	1,2,7,9,12,18,21
2	1	828	12	855	8	6	0,7,14,22	2	1,2,8,9,12,18,21
2	1	828	12	855	8	6	0,7,14,22	2	1,7,8,9,12,18,21
2	1	828	12	855	8	6	0,7,14,22	2	2,7,8,9,12,18,21
2	1	828	12	855	8	6	0,8,14,22	1	1,2,7,8,9,12,18
2	1	828	12	855	8	6	0,8,14,22	1	1,2,7,8,9,12,21
2	1	828	12	855	8	6	0,8,14,22	1	1,2,7,8,9,18,21
2	1	828	12	855	8	6	0,8,14,22	1	1,2,7,8,12,18,21
2	1	828	12	855	8	6	0,8,14,22	1	1,2,7,9,12,18,21
2	1	828	12	855	8	6	0,8,14,22	1	1,2,8,9,12,18,21
2	1	828	12	855	8	6	0,8,14,22	1	1,7,8,9,12,18,21
2	1	828	12	855	8	6	0,8,14,22	1	2,7,8,9,12,18,21
2	1	828	12	855	8	6	0,8,14,22	2	1,2,7,8,9,12,18
2	1	828	12	855	8	6	0,8,14,22	2	1,2,7,8,9,12,21
2	1	828	12	855	8	6	0,8,14,22	2	1,2,7,8,9,18,21
2	1	828	12	855	8	6	0,8,14,22	2	1,2,7,8,12,18,21
2	1	828	12	855	8	6	0,8,14,22	2	1,2,7,9,12,18,21
2	1	828	12	855	8	6	0,8,14,22	2	1,2,8,9,12,18,21
2	1	828	12	855	8	6	0,8,14,22	2	1,7,8,9,12,18,21
2	1	828	12	855	8	6	0,8,14,22	2	2,7,8,9,12,18,21
2	1	828	12	855	8	6	7,8,14,22	1	1,2,7,8,9,12,18
2	1	828	12	855	8	6	7,8,14,22	1	1,2,7,8,9,12,21
2	1	828	12	855	8	6	7,8,14,22	1	1,2,7,8,9,18,21
2	1	828	12	855	8	6	7,8,14,22	1	1,2,7,8,12,18,21
2	1	828	12	855	8	6	7,8,14,22	1	1,2,7,9,12,18,21
2	1	828	12	855	8	6	7,8,14,22	1	1,2,8,9,12,18,21
2	1	828	12	855	8	6	7,8,14,22	1	1,7,8,9,12,18,21
2	1	828	12	855	8	6	7,8,14,22	1	2,7,8,9,12,18,21
2	1	828	12	855	8	6	7,8,14,22	2	1,2,7,8,9,12,18
2	1	828	12	855	8	6	7,8,14,22	2	1,2,7,8,9,12,21
2	1	828	12	855	8	6	7,8,14,22	2	1,2,7,8,9,18,21
2	1	828	12	855	8	6	7,8,14,22	2	1,2,7,8,12,18,21
2	1	828	12	855	8	6	7,8,14,22	2	1,2,7,9,12,18,21
2	1	828	12	855	8	6	7,8,14,22	2	1,2,8,9,12,18,21
2	1	828	12	855	8	6	7,8,14,22	2	1,7,8,9,12,18,21
2	1	828	12	855	8	6	7,8,14,22	2	2,7,8,9,12,18,21
0	1	828	27	855	8	11	0,4,5,16	1	4,5,12,16,17,21,25
0	1	828	27	855	8	11	0,4,5,16	1	4,5,12,16,17,21,26
0	1	828	27	855	8	11	0,4,5,16	1	4,5,12,16,17,25,26
0	1	828	27	855	8	11	0,4,5,16	1	4,5,12,16,21,25,26
0	1	828	27	855	8	11	0,4,5,16	1	4,5,12,17,19,21,25
0	1	828	27	855	8	11	0,4,5,16	1	4,5,12,17,19,25,26
0	1	828	27	855	8	11	0,4,5,16	1	4,5,12,17,21,25,26
0	1	828	27	855	8	11	0,4,5,16	1	4,5,16,17,21,25,26
0	1	828	27	855	8	11	0,4,5,16	1	4,12,16,17,21,25,26
0	1	828	27	855	8	11	0,4,5,16	1	5,12,16,17,19,21,25
0	1	828	27	855	8	11	0,4,5,16	1	5,12,16,17,19,25,26
0	1	828	27	855	8	11	0,4,5,16	1	5,12,16,17,21,25,26
0	1	828	27	855	8	11	0,4,5,16	2	1,4,5,12,16,17,25
0	1	828	27	855	8	11	0,4,5,16	2	1,4,5,12,16,21,25
0	1	828	27	855	8	11	0,4,5,16	2	1,4,5,16,17,25,26
0	1	828	27	855	8	11	0,4,5,16	2	1,4,5,16,21,25,26
0	1	828	27	855	8	11	0,4,5,16	2	4,5,12,16,17,21,25
0	1	828	27	855	8	11	0,4,5,16	2	4,5,12,16,17,21,26
0	1	828	27	855	8	11	0,4,5,16	2	4,5,12,16,17,25,26
0	1	828	27	855	8	11	0,4,5,16	2	4,5,12,16,21,25,26
0	1	828	27	855	8	11	0,4,5,16	2	4,5,12,17,21,25,26
0	1	828	27	855	8	11	0,4,5,16	2	4,5,16,17,21,25,26
0	1	828	27	855	8	11	0,4,5,16	2	4,12,16,17,21,25,26
0	1	828	27	855	8	11	0,4,5,16	2	5,12,16,17,21,25,26
0	1	828	27	855	8	11	0,4,5,26	1	4,5,12,16,17,21,25
0	1	828	27	855	8	11	0,4,5,26	1	4,5,12,16,17,21,26
0	1	828	27	855	8	11	0,4,5,26	1	4,5,12,16,17,25,26
0	1	828	27	855	8	11	0,4,5,26	1	4,5,12,16,21,25,26
0	1	828	27	855	8	11	0,4,5,26	1	4,5,12,17,21,25,26
0	1	828	27	855	8	11	0,4,5,26	1	4,5,16,17,21,25,26
0	1	828	27	855	8	11	0,4,5,26	1	4,12,16,17,21,25,26
0	1	828	27	855	8	11	0,4,5,26	1	5,12,16,17,21,25,26
0	1	828	27	855	8	11	0,4,5,26	2	4,5,12,16,17,21,25
0	1	828	27	855	8	11	0,4,5,26	2	4,5,12,16,17,21,26
0	1	828	27	855	8	11	0,4,5,26	2	4,5,12,16,17,25,26
0	1	828	27	855	8	11	0,4,5,26	2	4,5,12,16,21,25,26
0	1	828	27	855	8	11	0,4,5,26	2	4,5,12,17,21,25,26
0	1	828	27	855	8	11	0,4,5,26	2	4,5,16,17,21,25,26
0	1	828	27	855	8	11	0,4,5,26	2	4,12,16,17,21,25,26
0	1	828	27	855	8	11	0,4,5,26	2	5,12,16,17,21,25,26
0	1	828	27	855	8	11	0,4,16,26	1	4,5,12,16,17,21,25
0	1	828	27	855	8	11	0,4,16,26	1	4,5,12,16,17,21,26
0	1	828	27	855	8	11	0,4,16,26	1	4,5,12,16,17,25,26
0	1	828	27	855	8	11	0,4,16,26	1	4,5,12,16,21,25,26
0	1	828	27	855	8	11	0,4,16,26	1	4,5,12,17,21,25,26
0	1	828	27	855	8	11	0,4,16,26	1	4,5,16,17,21,25,26
0	1	828	27	855	8	11	0,4,16,26	1	4,12,16,17,21,25,26
0	1	828	27	855	8	11	0,4,16,26	1	5,12,16,17,21,25,26
0	1	828	27	855	8	11	0,4,16,26	2	4,5,12,16,17,21,25
0	1	828	27	855	8	11	0,4,16,26	2	4,5,12,16,17,21,26
0	1	828	27	855	8	11	0,4,16,26	2	4,5,12,16,17,25,26
0	1	828	27	855	8	11	0,4,16,26	2	4,5,12,16,21,25,26
0	1	828	27	855	8	11	0,4,16,26	2	4,5,12,17,21,25,26
0	1	828	27	855	8	11	0,4,16,26	2	4,5,16,17,21,25,26
0	1	828	27	855	8	11	0,4,16,26	2	4,12,16,17,21,25,26
0	1	828	27	855	8	11	0,4,16,26	2	5,12,16,17,21,25,26
0	1	828	27	855	8	11	0,5,16,26	1	4,5,12,16,17,21,25
0	1	828	27	855	8	11	0,5,16,26	1	4,5,12,16,17,21,26
0	1	828	27	855	8	11	0,5,16,26	1	4,5,12,16,17,25,26
0	1	828	27	855	8	11	0,5,16,26	1	4,5,12,16,21,25,26
0	1	828	27	855	8	11	0,5,16,26	1	4,5,12,17,21,25,26
0	1	828	27	855	8	11	0,5,16,26	1	4,5,16,17,21,25,26
0	1	828	27	855	8	11	0,5,16,26	1	4,12,16,17,21,25,26
0	1	828	27	855	8	11	0,5,16,26	1	5,12,16,17,21,25,26
0	1	828	27	855	8	11	0,5,16,26	2	4,5,12,16,17,21,25
0	1	828	27	855	8	11	0,5,16,26	2	4,5,12,16,17,21,26
0	1	828	27	855	8	11	0,5,16,26	2	4,5,12,16,17,25,26
0	1	828	27	855	8	11	0,5,16,26	2	4,5,12,16,21,25,26
0	1	828	27	855	8	11	0,5,16,26	2	4,5,12,17,21,25,26
0	1	828	27	855	8	11	0,5,16,26	2	4,5,16,17,21,25,26
0	1	828	27	855	8	11	0,5,16,26	2	4,12,16,17,21,25,26
0	1	828	27	855	8	11	0,5,16,26	2	5,12,16,17,21,25,26
0	1	828	27	855	8	11	4,5,16,26	1	4,5,12,16,17,21,25
0	1	828	27	855	8	11	4,5,16,26	1	4,5,12,16,17,21,26
0	1	828	27	855	8	11	4,5,16,26	1	4,5,12,16,17,25,26
0	1	828	27	855	8	11	4,5,16,26	1	4,5,12,16,21,25,26
0	1	828	27	855	8	11	4,5,16,26	1	4,5,12,17,21,25,26
0	1	828	27	855	8	11	4,5,16,26	1	4,5,16,17,21,25,26
0	1	828	27	855	8	11	4,5,16,26	1	4,12,16,17,21,25,26
0	1	828	27	855	8	11	4,5,16,26	1	5,12,16,17,21,25,26
0	1	828	27	855	8	11	4,5,16,26	2	4,5,12,16,17,21,25
0	1	828	27	855	8	11	4,5,16,26	2	4,5,12,16,17,21,26
0	1	828	27	855	8	11	4,5,16,26	2	4,5,12,16,17,25,26
0	1	828	27	855	8	11	4,5,16,26	2	4,5,12,16,21,25,26
0	1	828	27	855	8	11	4,5,16,26	2	4,5,12,17,21,25,26
0	1	828	27	855	8	11	4,5,16,26	2	4,5,16,17,21,25,26
0	1	828	27	855	8	11	4,5,16,26	2	4,12,16,17,21,25,26
0	1	828	27	855	8	11	4,5,16,26	2	5,12,16,17,21,25,26
0	1	828	27	855	8	19	0,4,5,16	1	4,5,12,16,17,21,25
0	1	828	27	855	8	19	0,4,5,16	1	4,5,12,16,17,21,26
0	1	828	27	855	8	19	0,4,5,16	1	4,5,12,16,17,25,26
0	1	828	27	855	8	19	0,4,5,16	1	4,5,12,16,21,25,26
0	1	828	27	855	8	19	0,4,5,16	1	4,5,12,17,21,25,26
0	1	828	27	855	8	19	0,4,5,16	1	4,5,16,17,21,25,26
0	1	828	27	855	8	19	0,4,5,16	1	4,12,16,17,21,25,26
0	1	828	27	855	8	19	0,4,5,16	1	5,12,16,17,21,25,26
0	1	828	27	855	8	19	0,4,5,16	2	4,5,12,16,17,21,25
0	1	828	27	855	8	19	0,4,5,16	2	4,5,12,16,17,21,26
0	1	828	27	855	8	19	0,4,5,16	2	4,5,12,16,17,25,26
0	1	828	27	855	8	19	0,4,5,16	2	4,5,12,16,21,25,26
0	1	828	27	855	8	19	0,4,5,16	2	4,5,12,17,21,25,26
0	1	828	27	855	8	19	0,4,5,16	2	4,5,16,17,21,25,26
0	1	828	27	855	8	19	0,4,5,16	2	4,12,16,17,21,25,26
0	1	828	27	855	8	19	0,4,5,16	2	5,12,16,17,21,25,26
0	1	828	27	855	8	19	0,4,5,26	1	2,4,5,12,16,17,26
0	1	828	27	855	8	19	0,4,5,26	1	2,4,5,12,17,21,26
0	1	828	27	855	8	19	0,4,5,26	1	2,4,5,16,17,25,26
0	1	828	27	855	8	19	0,4,5,26	1	2,4,5,17,21,25,26
0	1	828	27	855	8	19	0,4,5,26	1	4,5,12,16,17,21,25
0	1	828	27	855	8	19	0,4,5,26	1	4,5,12,16,17,21,26
0	1	828	27	855	8	19	0,4,5,26	1	4,5,12,16,17,25,26
0	1	828	27	855	8	19	0,4,5,26	1	4,5,12,16,21,25,26
0	1	828	27	855	8	19	0,4,5,26	1	4,5,12,17,21,25,26
0	1	828	27	855	8	19	0,4,5,26	1	4,5,16,17,21,25,26
0	1	828	27	855	8	19	0,4,5,26	1	4,12,16,17,21,25,26
0	1	828	27	855	8	19	0,4,5,26	1	5,12,16,17,21,25,26
0	1	828	27	855	8	19	0,4,5,26	2	4,5,11,12,17,21,25
0	1	828	27	855	8	19	0,4,5,26	2	4,5,11,16,17,21,25
0	1	828	27	855	8	19	0,4,5,26	2	4,5,12,16,17,21,25
0	1	828	27	855	8	19	0,4,5,26	2	4,5,12,16,17,21,26
0	1	828	27	855	8	19	0,4,5,26	2	4,5,12,16,17,25,26
0	1	828	27	855	8	19	0,4,5,26	2	4,5,12,16,21,25,26
0	1	828	27	855	8	19	0,4,5,26	2	4,5,12,17,21,25,26
0	1	828	27	855	8	19	0,4,5,26	2	4,5,16,17,21,25,26
0	1	828	27	855	8	19	0,4,5,26	2	4,11,12,17,21,25,26
0	1	828	27	855	8	19	0,4,5,26	2	4,11,16,17,21,25,26
0	1	828	27	855	8	19	0,4,5,26	2	4,12,16,17,21,25,26
0	1	828	27	855	8	19	0,4,5,26	2	5,12,16,17,21,25,26
0	1	828	27	855	8	19	0,4,16,26	1	4,5,12,16,17,21,25
0	1	828	27	855	8	19	0,4,16,26	1	4,5,12,16,17,21,26
0	1	828	27	855	8	19	0,4,16,26	1	4,5,12,16,17,25,26
0	1	828	27	855	8	19	0,4,16,26	1	4,5,12,16,21,25,26
0	1	828	27	855	8	19	0,4,16,26	1	4,5,12,17,21,25,26
0	1	828	27	855	8	19	0,4,16,26	1	4,5,16,17,21,25,26
0	1	828	27	855	8	19	0,4,16,26	1	4,12,16,17,21,25,26
0	1	828	27	855	8	19	0,4,16,26	1	5,12,16,17,21,25,26
0	1	828	27	855	8	19	0,4,16,26	2	4,5,12,16,17,21,25
0	1	828	27	855	8	19	0,4,16,26	2	4,5,12,16,17,21,26
0	1	828	27	855	8	19	0,4,16,26	2	4,5,12,16,17,25,26
0	1	828	27	855	8	19	0,4,16,26	2	4,5,12,16,21,25,26
0	1	828	27	855	8	19	0,4,16,26	2	4,5,12,17,21,25,26
0	1	828	27	855	8	19	0,4,16,26	2	4,5,16,17,21,25,26
0	1	828	27	855	8	19	0,4,16,26	2	4,12,16,17,21,25,26
0	1	828	27	855	8	19	0,4,16,26	2	5,12,16,17,21,25,26
0	1	828	27	855	8	19	0,5,16,26	1	4,5,12,16,17,21,25
0	1	828	27	855	8	19	0,5,16,26	1	4,5,12,16,17,21,26
0	1	828	27	855	8	19	0,5,16,26	1	4,5,12,16,17,25,26
0	1	828	27	855	8	19	0,5,16,26	1	4,5,12,16,21,25,26
0	1	828	27	855	8	19	0,5,16,26	1	4,5,12,17,21,25,26
0	1	828	27	855	8	19	0,5,16,26	1	4,5,16,17,21,25,26
0	1	828	27	855	8	19	0,5,16,26	1	4,12,16,17,21,25,26
0	1	828	27	855	8	19	0,5,16,26	1	5,12,16,17,21,25,26
0	1	828	27	855	8	19	0,5,16,26	2	4,5,12,16,17,21,25
0	1	828	27	855	8	19	0,5,16,26	2	4,5,12,16,17,21,26
0	1	828	27	855	8	19	0,5,16,26	2	4,5,12,16,17,25,26
0	1	828	27	855	8	19	0,5,16,26	2	4,5,12,16,21,25,26
0	1	828	27	855	8	19	0,5,16,26	2	4,5,12,17,21,25,26
0	1	828	27	855	8	19	0,5,16,26	2	4,5,16,17,21,25,26
0	1	828	27	855	8	19	0,5,16,26	2	4,12,16,17,21,25,26
0	1	828	27	855	8	19	0,5,16,26	2	5,12,16,17,21,25,26
0	1	828	27	855	8	19	4,5,16,26	1	4,5,12,16,17,21,25
0	1	828	27	855	8	19	4,5,16,26	1	4,5,12,16,17,21,26
0	1	828	27	855	8	19	4,5,16,26	1	4,5,12,16,17,25,26
0	1	828	27	855	8	19	4,5,16,26	1	4,5,12,16,21,25,26
0	1	828	27	855	8	19	4,5,16,26	1	4,5,12,17,21,25,26
0	1	828	27	855	8	19	4,5,16,26	1	4,5,16,17,21,25,26
0	1	828	27	855	8	19	4,5,16,26	1	4,12,16,17,21,25,26
0	1	828	27	855	8	19	4,5,16,26	1	5,12,16,17,21,25,26
0	1	828	27	855	8	19	4,5,16,26	2	4,5,12,16,17,21,25
0	1	828	27	855	8	19	4,5,16,26	2	4,5,12,16,17,21,26
0	1	828	27	855	8	19	4,5,16,26	2	4,5,12,16,17,25,26
0	1	828	27	855	8	19	4,5,16,26	2	4,5,12,16,21,25,26
0	1	828	27	855	8	19	4,5,16,26	2	4,5,12,17,21,25,26
0	1	828	27	855	8	19	4,5,16,26	2	4,5,16,17,21,25,26
0	1	828	27	855	8	19	4,5,16,26	2	4,12,16,17,21,25,26
0	1	828	27	855	8	19	4,5,16,26	2	5,12,16,17,21,25,26
1	1	828	27	855	8	11	0,4,5,16	1	4,5,12,16,17,21,25
1	1	828	27	855	8	11	0,4,5,16	1	4,5,12,16,17,21,26
1	1	828	27	855	8	11	0,4,5,16	1	4,5,12,16,17,25,26
1	1	828	27	855	8	11	0,4,5,16	1	4,5,12,16,21,25,26
1	1	828	27	855	8	11	0,4,5,16	1	4,5,12,17,19,21,25
1	1	828	27	855	8	11	0,4,5,16	1	4,5,12,17,19,25,26
1	1	828	27	855	8	11	0,4,5,16	1	4,5,12,17,21,25,26
1	1	828	27	855	8	11	0,4,5,16	1	4,5,16,17,21,25,26
1	1	828	27	855	8	11	0,4,5,16	1	4,12,16,17,21,25,26
1	1	828	27	855	8	11	0,4,5,16	1	5,12,16,17,19,21,25
1	1	828	27	855	8	11	0,4,5,16	1	5,12,16,17,19,25,26
1	1	828	27	855	8	11	0,4,5,16	1	5,12,16,17,21,25,26
1	1	828	27	855	8	11	0,4,5,16	2	1,4,5,12,16,17,25
1	1	828	27	855	8	11	0,4,5,16	2	1,4,5,12,16,21,25
1	1	828	27	855	8	11	0,4,5,16	2	1,4,5,16,17,25,26
1	1	828	27	855	8	11	0,4,5,16	2	1,4,5,16,21,25,26
1	1	828	27	855	8	11	0,4,5,16	2	4,5,12,16,17,21,25
1	1	828	27	855	8	11	0,4,5,16	2	4,5,12,16,17,21,26
1	1	828	27	855	8	11	0,4,5,16	2	4,5,12,16,17,25,26
1	1	828	27	855	8	11	0,4,5,16	2	4,5,12,16,21,25,26
1	1	828	27	855	8	11	0,4,5,16	2	4,5,12,17,21,25,26
1	1	828	27	855	8	11	0,4,5,16	2	4,5,16,17,21,25,26
1	1	828	27	855	8	11	0,4,5,16	2	4,12,16,17,21,25,26
1	1	828	27	855	8	11	0,4,5,16	2	5,12,16,17,21,25,26
1	1	828	27	855	8	11	0,4,5,26	1	4,5,12,16,17,21,25
1	1	828	27	855	8	11	0,4,5,26	1	4,5,12,16,17,21,26
1	1	828	27	855	8	11	0,4,5,26	1	4,5,12,16,17,25,26
1	1	828	27	855	8	11	0,4,5,26	1	4,5,12,16,21,25,26
1	1	828	27	855	8	11	0,4,5,26	1	4,5,12,17,21,25,26
1	1	828	27	855	8	11	0,4,5,26	1	4,5,16,17,21,25,26
1	1	828	27	855	8	11	0,4,5,26	1	4,12,16,17,21,25,26
1	1	828	27	855	8	11	0,4,5,26	1	5,12,16,17,21,25,26
1	1	828	27	855	8	11	0,4,5,26	2	4,5,12,16,17,21,25
1	1	828	27	855	8	11	0,4,5,26	2	4,5,12,16,17,21,26
1	1	828	27	855	8	11	0,4,5,26	2	4,5,12,16,17,25,26
1	1	828	27	855	8	11	0,4,5,26	2	4,5,12,16,21,25,26
1	1	828	27	855	8	11	0,4,5,26	2	4,5,12,17,21,25,26
1	1	828	27	855	8	11	0,4,5,26	2	4,5,16,17,21,25,26
1	1	828	27	855	8	11	0,4,5,26	2	4,12,16,17,21,25,26
1	1	828	27	855	8	11	0,4,5,26	2	5,12,16,17,21,25,26
1	1	828	27	855	8	11	0,4,16,26	1	4,5,12,16,17,21,25
1	1	828	27	855	8	11	0,4,16,26	1	4,5,12,16,17,21,26
1	1	828	27	855	8	11	0,4,16,26	1	4,5,12,16,17,25,26
1	1	828	27	855	8	11	0,4,16,26	1	4,5,12,16,21,25,26
1	1	828	27	855	8	11	0,4,16,26	1	4,5,12,17,21,25,26
1	1	828	27	855	8	11	0,4,16,26	1	4,5,16,17,21,25,26
1	1	828	27	855	8	11	0,4,16,26	1	4,12,16,17,21,25,26
1	1	828	27	855	8	11	0,4,16,26	1	5,12,16,17,21,25,26
1	1	828	27	855	8	11	0,4,16,26	2	4,5,12,16,17,21,25
1	1	828	27	855	8	11	0,4,16,26	2	4,5,12,16,17,21,26
1	1	828	27	855	8	11	0,4,16,26	2	4,5,12,16,17,25,26
1	1	828	27	855	8	11	0,4,16,26	2	4,5,12,16,21,25,26
1	1	828	27	855	8	11	0,4,16,26	2	4,5,12,17,21,25,26
1	1	828	27	855	8	11	0,4,16,26	2	4,5,16,17,21,25,26
1	1	828	27	855	8	11	0,4,16,26	2	4,12,16,17,21,25,26
1	1	828	27	855	8	11	0,4,16,26	2	5,12,16,17,21,25,26
1	1	828	27	855	8	11	0,5,16,26	1	4,5,12,16,17,21,25
1	1	828	27	855	8	11	0,5,16,26	1	4,5,12,16,17,21,26
1	1	828	27	855	8	11	0,5,16,26	1	4,5,12,16,17,25,26
1	1	828	27	855	8	11	0,5,16,26	1	4,5,12,16,21,25,26
1	1	828	27	855	8	11	0,5,16,26	1	4,5,12,17,21,25,26
1	1	828	27	855	8	11	0,5,16,26	1	4,5,16,17,21,25,26
1	1	828	27	855	8	11	0,5,16,26	1	4,12,16,17,21,25,26
1	1	828	27	855	8	11	0,5,16,26	1	5,12,16,17,21,25,26
1	1	828	27	855	8	11	0,5,16,26	2	4,5,12,16,17,21,25
1	1	828	27	855	8	11	0,5,16,26	2	4,5,12,16,17,21,26
1	1	828	27	855	8	11	0,5,16,26	2	4,5,12,16,17,25,26
1	1	828	27	855	8	11	0,5,16,26	2	4,5,12,16,21,25,26
1	1	828	27	855	8	11	0,5,16,26	2	4,5,12,17,21,25,26
1	1	828	27	855	8	11	0,5,16,26	2	4,5,16,17,21,25,26
1	1	828	27	855	8	11	0,5,16,26	2	4,12,16,17,21,25,26
1	1	828	27	855	8	11	0,5,16,26	2	5,12,16,17,21,25,26
1	1	828	27	855	8	11	4,5,16,26	1	4,5,12,16,17,21,25
1	1	828	27	855	8	11	4,5,16,26	1	4,5,12,16,17,21,26
1	1	828	27	855	8	11	4,5,16,26	1	4,5,12,16,17,25,26
1	1	828	27	855	8	11	4,5,16,26	1	4,5,12,16,21,25,26
1	1	828	27	855	8	11	4,5,16,26	1	4,5,12,17,21,25,26
1	1	828	27	855	8	11	4,5,16,26	1	4,5,16,17,21,25,26
1	1	828	27	855	8	11	4,5,16,26	1	4,12,16,17,21,25,26
1	1	828	27	855	8	11	4,5,16,26	1	5,12,16,17,21,25,26
1	1	828	27	855	8	11	4,5,16,26	2	4,5,12,16,17,21,25
1	1	828	27	855	8	11	4,5,16,26	2	4,5,12,16,17,21,26
1	1	828	27	855	8	11	4,5,16,26	2	4,5,12,16,17,25,26
1	1	828	27	855	8	11	4,5,16,26	2	4,5,12,16,21,25,26
1	1	828	27	855	8	11	4,5,16,26	2	4,5,12,17,21,25,26
1	1	828	27	855	8	11	4,5,16,26	2	4,5,16,17,21,25,26
1	1	828	27	855	8	11	4,5,16,26	2	4,12,16,17,21,25,26
1	1	828	27	855	8	11	4,5,16,26	2	5,12,16,17,21,25,26
1	1	828	27	855	8	19	0,4,5,16	1	4,5,12,16,17,21,25
1	1	828	27	855	8	19	0,4,5,16	1	4,5,12,16,17,21,26
1	1	828	27	855	8	19	0,4,5,16	1	4,5,12,16,17,25,26
1	1	828	27	855	8	19	0,4,5,16	1	4,5,12,16,21,25,26
1	1	828	27	855	8	19	0,4,5,16	1	4,5,12,17,21,25,26
1	1	828	27	855	8	19	0,4,5,16	1	4,5,16,17,21,25,26
1	1	828	27	855	8	19	0,4,5,16	1	4,12,16,17,21,25,26
1	1	828	27	855	8	19	0,4,5,16	1	5,12,16,17,21,25,26
1	1	828	27	855	8	19	0,4,5,16	2	4,5,12,16,17,21,25
1	1	828	27	855	8	19	0,4,5,16	2	4,5,12,16,17,21,26
1	1	828	27	855	8	19	0,4,5,16	2	4,5,12,16,17,25,26
1	1	828	27	855	8	19	0,4,5,16	2	4,5,12,16,21,25,26
1	1	828	27	855	8	19	0,4,5,16	2	4,5,12,17,21,25,26
1	1	828	27	855	8	19	0,4,5,16	2	4,5,16,17,21,25,26
1	1	828	27	855	8	19	0,4,5,16	2	4,12,16,17,21,25,26
1	1	828	27	855	8	19	0,4,5,16	2	5,12,16,17,21,25,26
1	1	828	27	855	8	19	0,4,5,26	1	2,4,5,12,16,17,26
1	1	828	27	855	8	19	0,4,5,26	1	2,4,5,12,17,21,26
1	1	828	27	855	8	19	0,4,5,26	1	2,4,5,16,17,25,26
1	1	828	27	855	8	19	0,4,5,26	1	2,4,5,17,21,25,26
1	1	828	27	855	8	19	0,4,5,26	1	4,5,12,16,17,21,25
1	1	828	27	855	8	19	0,4,5,26	1	4,5,12,16,17,21,26
1	1	828	27	855	8	19	0,4,5,26	1	4,5,12,16,17,25,26
1	1	828	27	855	8	19	0,4,5,26	1	4,5,12,16,21,25,26
1	1	828	27	855	8	19	0,4,5,26	1	4,5,12,17,21,25,26
1	1	828	27	855	8	19	0,4,5,26	1	4,5,16,17,21,25,26
1	1	828	27	855	8	19	0,4,5,26	1	4,12,16,17,21,25,26
1	1	828	27	855	8	19	0,4,5,26	1	5,12,16,17,21,25,26
1	1	828	27	855	8	19	0,4,5,26	2	4,5,11,12,17,21,25
1	1	828	27	855	8	19	0,4,5,26	2	4,5,11,16,17,21,25
1	1	828	27	855	8	19	0,4,5,26	2	4,5,12,16,17,21,25
1	1	828	27	855	8	19	0,4,5,26	2	4,5,12,16,17,21,26
1	1	828	27	855	8	19	0,4,5,26	2	4,5,12,16,17,25,26
1	1	828	27	855	8	19	0,4,5,26	2	4,5,12,16,21,25,26
1	1	828	27	855	8	19	0,4,5,26	2	4,5,12,17,21,25,26
1	1	828	27	855	8	19	0,4,5,26	2	4,5,16,17,21,25,26
1	1	828	27	855	8	19	0,4,5,26	2	4,11,12,17,21,25,26
1	1	828	27	855	8	19	0,4,5,26	2	4,11,16,17,21,25,26
1	1	828	27	855	8	19	0,4,5,26	2	4,12,16,17,21,25,26
1	1	828	27	855	8	19	0,4,5,26	2	5,12,16,17,21,25,26
1	1	828	27	855	8	19	0,4,16,26	1	4,5,12,16,17,21,25
1	1	828	27	855	8	19	0,4,16,26	1	4,5,12,16,17,21,26
1	1	828	27	855	8	19	0,4,16,26	1	4,5,12,16,17,25,26
1	1	828	27	855	8	19	0,4,16,26	1	4,5,12,16,21,25,26
1	1	828	27	855	8	19	0,4,16,26	1	4,5,12,17,21,25,26
1	1	828	27	855	8	19	0,4,16,26	1	4,5,16,17,21,25,26
1	1	828	27	855	8	19	0,4,16,26	1	4,12,16,17,21,25,26
1	1	828	27	855	8	19	0,4,16,26	1	5,12,16,17,21,25,26
1	1	828	27	855	8	19	0,4,16,26	2	4,5,12,16,17,21,25
1	1	828	27	855	8	19	0,4,16,26	2	4,5,12,16,17,21,26
1	1	828	27	855	8	19	0,4,16,26	2	4,5,12,16,17,25,26
1	1	828	27	855	8	19	0,4,16,26	2	4,5,12,16,21,25,26
1	1	828	27	855	8	19	0,4,16,26	2	4,5,12,17,21,25,26
1	1	828	27	855	8	19	0,4,16,26	2	4,5,16,17,21,25,26
1	1	828	27	855	8	19	0,4,16,26	2	4,12,16,17,21,25,26
1	1	828	27	855	8	19	0,4,16,26	2	5,12,16,17,21,25,26
1	1	828	27	855	8	19	0,5,16,26	1	4,5,12,16,17,21,25
1	1	828	27	855	8	19	0,5,16,26	1	4,5,12,16,17,21,26
1	1	828	27	855	8	19	0,5,16,26	1	4,5,12,16,17,25,26
1	1	828	27	855	8	19	0,5,16,26	1	4,5,12,16,21,25,26
1	1	828	27	855	8	19	0,5,16,26	1	4,5,12,17,21,25,26
1	1	828	27	855	8	19	0,5,16,26	1	4,5,16,17,21,25,26
1	1	828	27	855	8	19	0,5,16,26	1	4,12,16,17,21,25,26
1	1	828	27	855	8	19	0,5,16,26	1	5,12,16,17,21,25,26
1	1	828	27	855	8	19	0,5,16,26	2	4,5,12,16,17,21,25
1	1	828	27	855	8	19	0,5,16,26	2	4,5,12,16,17,21,26
1	1	828	27	855	8	19	0,5,16,26	2	4,5,12,16,17,25,26
1	1	828	27	855	8	19	0,5,16,26	2	4,5,12,16,21,25,26
1	1	828	27	855	8	19	0,5,16,26	2	4,5,12,17,21,25,26
1	1	828	27	855	8	19	0,5,16,26	2	4,5,16,17,21,25,26
1	1	828	27	855	8	19	0,5,16,26	2	4,12,16,17,21,25,26
1	1	828	27	855	8	19	0,5,16,26	2	5,12,16,17,21,25,26
1	1	828	27	855	8	19	4,5,16,26	1	4,5,12,16,17,21,25
1	1	828	27	855	8	19	4,5,16,26	1	4,5,12,16,17,21,26
1	1	828	27	855	8	19	4,5,16,26	1	4,5,12,16,17,25,26
1	1	828	27	855	8	19	4,5,16,26	1	4,5,12,16,21,25,26
1	1	828	27	855	8	19	4,5,16,26	1	4,5,12,17,21,25,26
1	1	828	27	855	8	19	4,5,16,26	1	4,5,16,17,21,25,26
1	1	828	27	855	8	19	4,5,16,26	1	4,12,16,17,21,25,26
1	1	828	27	855	8	19	4,5,16,26	1	5,12,16,17,21,25,26
1	1	828	27	855	8	19	4,5,16,26	2	4,5,12,16,17,21,25
1	1	828	27	855	8	19	4,5,16,26	2	4,5,12,16,17,21,26
1	1	828	27	855	8	19	4,5,16,26	2	4,5,12,16,17,25,26
1	1	828	27	855	8	19	4,5,16,26	2	4,5,12,16,21,25,26
1	1	828	27	855	8	19	4,5,16,26	2	4,5,12,17,21,25,26
1	1	828	27	855	8	19	4,5,16,26	2	4,5,16,17,21,25,26
1	1	828	27	855	8	19	4,5,16,26	2	4,12,16,17,21,25,26
1	1	828	27	855	8	19	4,5,16,26	2	5,12,16,17,21,25,26
2	1	828	27	855	8	11	0,4,5,16	1	4,5,12,16,17,21,25
2	1	828	27	855	8	11	0,4,5,16	1	4,5,12,16,17,21,26
2	1	828	27	855	8	11	0,4,5,16	1	4,5,12,16,17,25,26
2	1	828	27	855	8	11	0,4,5,16	1	4,5,12,16,21,25,26
2	1	828	27	855	8	11	0,4,5,16	1	4,5,12,17,19,21,25
2	1	828	27	855	8	11	0,4,5,16	1	4,5,12,17,19,25,26
2	1	828	27	855	8	11	0,4,5,16	1	4,5,12,17,21,25,26
2	1	828	27	855	8	11	0,4,5,16	1	4,5,16,17,21,25,26
2	1	828	27	855	8	11	0,4,5,16	1	4,12,16,17,21,25,26
2	1	828	27	855	8	11	0,4,5,16	1	5,12,16,17,19,21,25
2	1	828	27	855	8	11	0,4,5,16	1	5,12,16,17,19,25,26
2	1	828	27	855	8	11	0,4,5,16	1	5,12,16,17,21,25,26
2	1	828	27	855	8	11	0,4,5,16	2	1,4,5,12,16,17,25
2	1	828	27	855	8	11	0,4,5,16	2	1,4,5,12,16,21,25
2	1	828	27	855	8	11	0,4,5,16	2	1,4,5,16,17,25,26
2	1	828	27	855	8	11	0,4,5,16	2	1,4,5,16,21,25,26
2	1	828	27	855	8	11	0,4,5,16	2	4,5,12,16,17,21,25
2	1	828	27	855	8	11	0,4,5,16	2	4,5,12,16,17,21,26
2	1	828	27	855	8	11	0,4,5,16	2	4,5,12,16,17,25,26
2	1	828	27	855	8	11	0,4,5,16	2	4,5,12,16,21,25,26
2	1	828	27	855	8	11	0,4,5,16	2	4,5,12,17,21,25,26
2	1	828	27	855	8	11	0,4,5,16	2	4,5,16,17,21,25,26
2	1	828	27	855	8	11	0,4,5,16	2	4,12,16,17,21,25,26
2	1	828	27	855	8	11	0,4,5,16	2	5,12,16,17,21,25,26
2	1	828	27	855	8	11	0,4,5,26	1	4,5,12,16,17,21,25
2	1	828	27	855	8	11	0,4,5,26	1	4,5,12,16,17,21,26
2	1	828	27	855	8	11	0,4,5,26	1	4,5,12,16,17,25,26
2	1	828	27	855	8	11	0,4,5,26	1	4,5,12,16,21,25,26
2	1	828	27	855	8	11	0,4,5,26	1	4,5,12,17,21,25,26
2	1	828	27	855	8	11	0,4,5,26	1	4,5,16,17,21,25,26
2	1	828	27	855	8	11	0,4,5,26	1	4,12,16,17,21,25,26
2	1	828	27	855	8	11	0,4,5,26	1	5,12,16,17,21,25,26
2	1	828	27	855	8	11	0,4,5,26	2	4,5,12,16,17,21,25
2	1	828	27	855	8	11	0,4,5,26	2	4,5,12,16,17,21,26
2	1	828	27	855	8	11	0,4,5,26	2	4,5,12,16,17,25,26
2	1	828	27	855	8	11	0,4,5,26	2	4,5,12,16,21,25,26
2	1	828	27	855	8	11	0,4,5,26	2	4,5,12,17,21,25,26
2	1	828	27	855	8	11	0,4,5,26	2	4,5,16,17,21,25,26
2	1	828	27	855	8	11	0,4,5,26	2	4,12,16,17,21,25,26
2	1	828	27	855	8	11	0,4,5,26	2	5,12,16,17,21,25,26
2	1	828	27	855	8	11	0,4,16,26	1	4,5,12,16,17,21,25
2	1	828	27	855	8	11	0,4,16,26	1	4,5,12,16,17,21,26
2	1	828	27	855	8	11	0,4,16,26	1	4,5,12,16,17,25,26
2	1	828	27	855	8	11	0,4,16,26	1	4,5,12,16,21,25,26
2	1	828	27	855	8	11	0,4,16,26	1	4,5,12,17,21,25,26
2	1	828	27	855	8	11	0,4,16,26	1	4,5,16,17,21,25,26
2	1	828	27	855	8	11	0,4,16,26	1	4,12,16,17,21,25,26
2	1	828	27	855	8	11	0,4,16,26	1	5,12,16,17,21,25,26
2	1	828	27	855	8	11	0,4,16,26	2	4,5,12,16,17,21,25
2	1	828	27	855	8	11	0,4,16,26	2	4,5,12,16,17,21,26
2	1	828	27	855	8	11	0,4,16,26	2	4,5,12,16,17,25,26
2	1	828	27	855	8	11	0,4,16,26	2	4,5,12,16,21,25,26
2	1	828	27	855	8	11	0,4,16,26	2	4,5,12,17,21,25,26
2	1	828	27	855	8	11	0,4,16,26	2	4,5,16,17,21,25,26
2	1	828	27	855	8	11	0,4,16,26	2	4,12,16,17,21,25,26
2	1	828	27	855	8	11	0,4,16,26	2	5,12,16,17,21,25,26
2	1	828	27	855	8	11	0,5,16,26	1	4,5,12,16,17,21,25
2	1	828	27	855	8	11	0,5,16,26	1	4,5,12,16,17,21,26
2	1	828	27	855	8	11	0,5,16,26	1	4,5,12,16,17,25,26
2	1	828	27	855	8	11	0,5,16,26	1	4,5,12,16,21,25,26
2	1	828	27	855	8	11	0,5,16,26	1	4,5,12,17,21,25,26
2	1	828	27	855	8	11	0,5,16,26	1	4,5,16,17,21,25,26
2	1	828	27	855	8	11	0,5,16,26	1	4,12,16,17,21,25,26
2	1	828	27	855	8	11	0,5,16,26	1	5,12,16,17,21,25,26
2	1	828	27	855	8	11	0,5,16,26	2	4,5,12,16,17,21,25
2	1	828	27	855	8	11	0,5,16,26	2	4,5,12,16,17,21,26
2	1	828	27	855	8	11	0,5,16,26	2	4,5,12,16,17,25,26
2	1	828	27	855	8	11	0,5,16,26	2	4,5,12,16,21,25,26
2	1	828	27	855	8	11	0,5,16,26	2	4,5,12,17,21,25,26
2	1	828	27	855	8	11	0,5,16,26	2	4,5,16,17,21,25,26
2	1	828	27	855	8	11	0,5,16,26	2	4,12,16,17,21,25,26
2	1	828	27	855	8	11	0,5,16,26	2	5,12,16,17,21,25,26
2	1	828	27	855	8	11	4,5,16,26	1	4,5,12,16,17,21,25
2	1	828	27	855	8	11	4,5,16,26	1	4,5,12,16,17,21,26
2	1	828	27	855	8	11	4,5,16,26	1	4,5,12,16,17,25,26
2	1	828	27	855	8	11	4,5,16,26	1	4,5,12,16,21,25,26
2	1	828	27	855	8	11	4,5,16,26	1	4,5,12,17,21,25,26
2	1	828	27	855	8	11	4,5,16,26	1	4,5,16,17,21,25,26
2	1	828	27	855	8	11	4,5,16,26	1	4,12,16,17,21,25,26
2	1	828	27	855	8	11	4,5,16,26	1	5,12,16,17,21,25,26
2	1	828	27	855	8	11	4,5,16,26	2	4,5,12,16,17,21,25
2	1	828	27	855	8	11	4,5,16,26	2	4,5,12,16,17,21,26
2	1	828	27	855	8	11	4,5,16,26	2	4,5,12,16,17,25,26
2	1	828	27	855	8	11	4,5,16,26	2	4,5,12,16,21,25,26
2	1	828	27	855	8	11	4,5,16,26	2	4,5,12,17,21,25,26
2	1	828	27	855	8	11	4,5,16,26	2	4,5,16,17,21,25,26
2	1	828	27	855	8	11	4,5,16,26	2	4,12,16,17,21,25,26
2	1	828	27	855	8	11	4,5,16,26	2	5,12,16,17,21,25,26
2	1	828	27	855	8	19	0,4,5,16	1	4,5,12,16,17,21,25
2	1	828	27	855	8	19	0,4,5,16	1	4,5,12,16,17,21,26
2	1	828	27	855	8	19	0,4,5,16	1	4,5,12,16,17,25,26
2	1	828	27	855	8	19	0,4,5,16	1	4,5,12,16,21,25,26
2	1	828	27	855	8	19	0,4,5,16	1	4,5,12,17,21,25,26
2	1	828	27	855	8	19	0,4,5,16	1	4,5,16,17,21,25,26
2	1	828	27	855	8	19	0,4,5,16	1	4,12,16,17,21,25,26
2	1	828	27	855	8	19	0,4,5,16	1	5,12,16,17,21,25,26
2	1	828	27	855	8	19	0,4,5,16	2	4,5,12,16,17,21,25
2	1	828	27	855	8	19	0,4,5,16	2	4,5,12,16,17,21,26
2	1	828	27	855	8	19	0,4,5,16	2	4,5,12,16,17,25,26
2	1	828	27	855	8	19	0,4,5,16	2	4,5,12,16,21,25,26
2	1	828	27	855	8	19	0,4,5,16	2	4,5,12,17,21,25,26
2	1	828	27	855	8	19	0,4,5,16	2	4,5,16,17,21,25,26
2	1	828	27	855	8	19	0,4,5,16	2	4,12,16,17,21,25,26
2	1	828	27	855	8	19	0,4,5,16	2	5,12,16,17,21,25,26
2	1	828	27	855	8	19	0,4,5,26	1	2,4,5,12,16,17,26
2	1	828	27	855	8	19	0,4,5,26	1	2,4,5,12,17,21,26
2	1	828	27	855	8	19	0,4,5,26	1	2,4,5,16,17,25,26
2	1	828	27	855	8	19	0,4,5,26	1	2,4,5,17,21,25,26
2	1	828	27	855	8	19	0,4,5,26	1	4,5,12,16,17,21,25
2	1	828	27	855	8	19	0,4,5,26	1	4,5,12,16,17,21,26
2	1	828	27	855	8	19	0,4,5,26	1	4,5,12,16,17,25,26
2	1	828	27	855	8	19	0,4,5,26	1	4,5,12,16,21,25,26
2	1	828	27	855	8	19	0,4,5,26	1	4,5,12,17,21,25,26
2	1	828	27	855	8	19	0,4,5,26	1	4,5,16,17,21,25,26
2	1	828	27	855	8	19	0,4,5,26	1	4,12,16,17,21,25,26
2	1	828	27	855	8	19	0,4,5,26	1	5,12,16,17,21,25,26
2	1	828	27	855	8	19	0,4,5,26	2	4,5,11,12,17,21,25
2	1	828	27	855	8	19	0,4,5,26	2	4,5,11,16,17,21,25
2	1	828	27	855	8	19	0,4,5,26	2	4,5,12,16,17,21,25
2	1	828	27	855	8	19	0,4,5,26	2	4,5,12,16,17,21,26
2	1	828	27	855	8	19	0,4,5,26	2	4,5,12,16,17,25,26
2	1	828	27	855	8	19	0,4,5,26	2	4,5,12,16,21,25,26
2	1	828	27	855	8	19	0,4,5,26	2	4,5,12,17,21,25,26
2	1	828	27	855	8	19	0,4,5,26	2	4,5,16,17,21,25,26
2	1	828	27	855	8	19	0,4,5,26	2	4,11,12,17,21,25,26
2	1	828	27	855	8	19	0,4,5,26	2	4,11,16,17,21,25,26
2	1	828	27	855	8	19	0,4,5,26	2	4,12,16,17,21,25,26
2	1	828	27	855	8	19	0,4,5,26	2	5,12,16,17,21,25,26
2	1	828	27	855	8	19	0,4,16,26	1	4,5,12,16,17,21,25
2	1	828	27	855	8	19	0,4,16,26	1	4,5,12,16,17,21,26
2	1	828	27	855	8	19	0,4,16,26	1	4,5,12,16,17,25,26
2	1	828	27	855	8	19	0,4,16,26	1	4,5,12,16,21,25,26
2	1	828	27	855	8	19	0,4,16,26	1	4,5,12,17,21,25,26
2	1	828	27	855	8	19	0,4,16,26	1	4,5,16,17,21,25,26
2	1	828	27	855	8	19	0,4,16,26	1	4,12,16,17,21,25,26
2	1	828	27	855	8	19	0,4,16,26	1	5,12,16,17,21,25,26
2	1	828	27	855	8	19	0,4,16,26	2	4,5,12,16,17,21,25
2	1	828	27	855	8	19	0,4,16,26	2	4,5,12,16,17,21,26
2	1	828	27	855	8	19	0,4,16,26	2	4,5,12,16,17,25,26
2	1	828	27	855	8	19	0,4,16,26	2	4,5,12,16,21,25,26
2	1	828	27	855	8	19	0,4,16,26	2	4,5,12,17,21,25,26
2	1	828	27	855	8	19	0,4,16,26	2	4,5,16,17,21,25,26
2	1	828	27	855	8	19	0,4,16,26	2	4,12,16,17,21,25,26
2	1	828	27	855	8	19	0,4,16,26	2	5,12,16,17,21,25,26
2	1	828	27	855	8	19	0,5,16,26	1	4,5,12,16,17,21,25
2	1	828	27	855	8	19	0,5,16,26	1	4,5,12,16,17,21,26
2	1	828	27	855	8	19	0,5,16,26	1	4,5,12,16,17,25,26
2	1	828	27	855	8	19	0,5,16,26	1	4,5,12,16,21,25,26
2	1	828	27	855	8	19	0,5,16,26	1	4,5,12,17,21,25,26
2	1	828	27	855	8	19	0,5,16,26	1	4,5,16,17,21,25,26
2	1	828	27	855	8	19	0,5,16,26	1	4,12,16,17,21,25,26
2	1	828	27	855	8	19	0,5,16,26	1	5,12,16,17,21,25,26
2	1	828	27	855	8	19	0,5,16,26	2	4,5,12,16,17,21,25
2	1	828	27	855	8	19	0,5,16,26	2	4,5,12,16,17,21,26
2	1	828	27	855	8	19	0,5,16,26	2	4,5,12,16,17,25,26
2	1	828	27	855	8	19	0,5,16,26	2	4,5,12,16,21,25,26
2	1	828	27	855	8	19	0,5,16,26	2	4,5,12,17,21,25,26
2	1	828	27	855	8	19	0,5,16,26	2	4,5,16,17,21,25,26
2	1	828	27	855	8	19	0,5,16,26	2	4,12,16,17,21,25,26
2	1	828	27	855	8	19	0,5,16,26	2	5,12,16,17,21,25,26
2	1	828	27	855	8	19	4,5,16,26	1	4,5,12,16,17,21,25
2	1	828	27	855	8	19	4,5,16,26	1	4,5,12,16,17,21,26
2	1	828	27	855	8	19	4,5,16,26	1	4,5,12,16,17,25,26
2	1	828	27	855	8	19	4,5,16,26	1	4,5,12,16,21,25,26
2	1	828	27	855	8	19	4,5,16,26	1	4,5,12,17,21,25,26
2	1	828	27	855	8	19	4,5,16,26	1	4,5,16,17,21,25,26
2	1	828	27	855	8	19	4,5,16,26	1	4,12,16,17,21,25,26
2	1	828	27	855	8	19	4,5,16,26	1	5,12,16,17,21,25,26
2	1	828	27	855	8	19	4,5,16,26	2	4,5,12,16,17,21,25
2	1	828	27	855	8	19	4,5,16,26	2	4,5,12,16,17,21,26
2	1	828	27	855	8	19	4,5,16,26	2	4,5,12,16,17,25,26
2	1	828	27	855	8	19	4,5,16,26	2	4,5,12,16,21,25,26
2	1	828	27	855	8	19	4,5,16,26	2	4,5,12,17,21,25,26
2	1	828	27	855	8	19	4,5,16,26	2	4,5,16,17,21,25,26
2	1	828	27	855	8	19	4,5,16,26	2	4,12,16,17,21,25,26
2	1	828	27	855	8	19	4,5,16,26	2	5,12,16,17,21,25,26
3	1	828	27	855	8	11	0,4,5,16	1	4,5,12,16,17,21,25
3	1	828	27	855	8	11	0,4,5,16	1	4,5,12,16,17,21,26
3	1	828	27	855	8	11	0,4,5,16	1	4,5,12,16,17,25,26
3	1	828	27	855	8	11	0,4,5,16	1	4,5,12,16,21,25,26
3	1	828	27	855	8	11	0,4,5,16	1	4,5,12,17,19,21,25
3	1	828	27	855	8	11	0,4,5,16	1	4,5,12,17,19,25,26
3	1	828	27	855	8	11	0,4,5,16	1	4,5,12,17,21,25,26
3	1	828	27	855	8	11	0,4,5,16	1	4,5,16,17,21,25,26
3	1	828	27	855	8	11	0,4,5,16	1	4,12,16,17,21,25,26
3	1	828	27	855	8	11	0,4,5,16	1	5,12,16,17,19,21,25
3	1	828	27	855	8	11	0,4,5,16	1	5,12,16,17,19,25,26
3	1	828	27	855	8	11	0,4,5,16	1	5,12,16,17,21,25,26
3	1	828	27	855	8	11	0,4,5,16	2	1,4,5,12,16,17,25
3	1	828	27	855	8	11	0,4,5,16	2	1,4,5,12,16,21,25
3	1	828	27	855	8	11	0,4,5,16	2	1,4,5,16,17,25,26
3	1	828	27	855	8	11	0,4,5,16	2	1,4,5,16,21,25,26
3	1	828	27	855	8	11	0,4,5,16	2	4,5,12,16,17,21,25
3	1	828	27	855	8	11	0,4,5,16	2	4,5,12,16,17,21,26
3	1	828	27	855	8	11	0,4,5,16	2	4,5,12,16,17,25,26
3	1	828	27	855	8	11	0,4,5,16	2	4,5,12,16,21,25,26
3	1	828	27	855	8	11	0,4,5,16	2	4,5,12,17,21,25,26
3	1	828	27	855	8	11	0,4,5,16	2	4,5,16,17,21,25,26
3	1	828	27	855	8	11	0,4,5,16	2	4,12,16,17,21,25,26
3	1	828	27	855	8	11	0,4,5,16	2	5,12,16,17,21,25,26
3	1	828	27	855	8	11	0,4,5,26	1	4,5,12,16,17,21,25
3	1	828	27	855	8	11	0,4,5,26	1	4,5,12,16,17,21,26
3	1	828	27	855	8	11	0,4,5,26	1	4,5,12,16,17,25,26
3	1	828	27	855	8	11	0,4,5,26	1	4,5,12,16,21,25,26
3	1	828	27	855	8	11	0,4,5,26	1	4,5,12,17,21,25,26
3	1	828	27	855	8	11	0,4,5,26	1	4,5,16,17,21,25,26
3	1	828	27	855	8	11	0,4,5,26	1	4,12,16,17,21,25,26
3	1	828	27	855	8	11	0,4,5,26	1	5,12,16,17,21,25,26
3	1	828	27	855	8	11	0,4,5,26	2	4,5,12,16,17,21,25
3	1	828	27	855	8	11	0,4,5,26	2	4,5,12,16,17,21,26
3	1	828	27	855	8	11	0,4,5,26	2	4,5,12,16,17,25,26
3	1	828	27	855	8	11	0,4,5,26	2	4,5,12,16,21,25,26
3	1	828	27	855	8	11	0,4,5,26	2	4,5,12,17,21,25,26
3	1	828	27	855	8	11	0,4,5,26	2	4,5,16,17,21,25,26
3	1	828	27	855	8	11	0,4,5,26	2	4,12,16,17,21,25,26
3	1	828	27	855	8	11	0,4,5,26	2	5,12,16,17,21,25,26
3	1	828	27	855	8	11	0,4,16,26	1	4,5,12,16,17,21,25
3	1	828	27	855	8	11	0,4,16,26	1	4,5,12,16,17,21,26
3	1	828	27	855	8	11	0,4,16,26	1	4,5,12,16,17,25,26
3	1	828	27	855	8	11	0,4,16,26	1	4,5,12,16,21,25,26
3	1	828	27	855	8	11	0,4,16,26	1	4,5,12,17,21,25,26
3	1	828	27	855	8	11	0,4,16,26	1	4,5,16,17,21,25,26
3	1	828	27	855	8	11	0,4,16,26	1	4,12,16,17,21,25,26
3	1	828	27	855	8	11	0,4,16,26	1	5,12,16,17,21,25,26
3	1	828	27	855	8	11	0,4,16,26	2	4,5,12,16,17,21,25
3	1	828	27	855	8	11	0,4,16,26	2	4,5,12,16,17,21,26
3	1	828	27	855	8	11	0,4,16,26	2	4,5,12,16,17,25,26
3	1	828	27	855	8	11	0,4,16,26	2	4,5,12,16,21,25,26
3	1	828	27	855	8	11	0,4,16,26	2	4,5,12,17,21,25,26
3	1	828	27	855	8	11	0,4,16,26	2	4,5,16,17,21,25,26
3	1	828	27	855	8	11	0,4,16,26	2	4,12,16,17,21,25,26
3	1	828	27	855	8	11	0,4,16,26	2	5,12,16,17,21,25,26
3	1	828	27	855	8	11	0,5,16,26	1	4,5,12,16,17,21,25
3	1	828	27	855	8	11	0,5,16,26	1	4,5,12,16,17,21,26
3	1	828	27	855	8	11	0,5,16,26	1	4,5,12,16,17,25,26
3	1	828	27	855	8	11	0,5,16,26	1	4,5,12,16,21,25,26
3	1	828	27	855	8	11	0,5,16,26	1	4,5,12,17,21,25,26
3	1	828	27	855	8	11	0,5,16,26	1	4,5,16,17,21,25,26
3	1	828	27	855	8	11	0,5,16,26	1	4,12,16,17,21,25,26
3	1	828	27	855	8	11	0,5,16,26	1	5,12,16,17,21,25,26
3	1	828	27	855	8	11	0,5,16,26	2	4,5,12,16,17,21,25
3	1	828	27	855	8	11	0,5,16,26	2	4,5,12,16,17,21,26
3	1	828	27	855	8	11	0,5,16,26	2	4,5,12,16,17,25,26
3	1	828	27	855	8	11	0,5,16,26	2	4,5,12,16,21,25,26
3	1	828	27	855	8	11	0,5,16,26	2	4,5,12,17,21,25,26
3	1	828	27	855	8	11	0,5,16,26	2	4,5,16,17,21,25,26
3	1	828	27	855	8	11	0,5,16,26	2	4,12,16,17,21,25,26
3	1	828	27	855	8	11	0,5,16,26	2	5,12,16,17,21,25,26
3	1	828	27	855	8	11	4,5,16,26	1	4,5,12,16,17,21,25
3	1	828	27	855	8	11	4,5,16,26	1	4,5,12,16,17,21,26
3	1	828	27	855	8	11	4,5,16,26	1	4,5,12,16,17,25,26
3	1	828	27	855	8	11	4,5,16,26	1	4,5,12,16,21,25,26
3	1	828	27	855	8	11	4,5,16,26	1	4,5,12,17,21,25,26
3	1	828	27	855	8	11	4,5,16,26	1	4,5,16,17,21,25,26
3	1	828	27	855	8	11	4,5,16,26	1	4,12,16,17,21,25,26
3	1	828	27	855	8	11	4,5,16,26	1	5,12,16,17,21,25,26
3	1	828	27	855	8	11	4,5,16,26	2	4,5,12,16,17,21,25
3	1	828	27	855	8	11	4,5,16,26	2	4,5,12,16,17,21,26
3	1	828	27	855	8	11	4,5,16,26	2	4,5,12,16,17,25,26
3	1	828	27	855	8	11	4,5,16,26	2	4,5,12,16,21,25,26
3	1	828	27	855	8	11	4,5,16,26	2	4,5,12,17,21,25,26
3	1	828	27	855	8	11	4,5,16,26	2	4,5,16,17,21,25,26
3	1	828	27	855	8	11	4,5,16,26	2	4,12,16,17,21,25,26
3	1	828	27	855	8	11	4,5,16,26	2	5,12,16,17,21,25,26
3	1	828	27	855	8	19	0,4,5,16	1	4,5,12,16,17,21,25
3	1	828	27	855	8	19	0,4,5,16	1	4,5,12,16,17,21,26
3	1	828	27	855	8	19	0,4,5,16	1	4,5,12,16,17,25,26
3	1	828	27	855	8	19	0,4,5,16	1	4,5,12,16,21,25,26
3	1	828	27	855	8	19	0,4,5,16	1	4,5,12,17,21,25,26
3	1	828	27	855	8	19	0,4,5,16	1	4,5,16,17,21,25,26
3	1	828	27	855	8	19	0,4,5,16	1	4,12,16,17,21,25,26
3	1	828	27	855	8	19	0,4,5,16	1	5,12,16,17,21,25,26
3	1	828	27	855	8	19	0,4,5,16	2	4,5,12,16,17,21,25
3	1	828	27	855	8	19	0,4,5,16	2	4,5,12,16,17,21,26
3	1	828	27	855	8	19	0,4,5,16	2	4,5,12,16,17,25,26
3	1	828	27	855	8	19	0,4,5,16	2	4,5,12,16,21,25,26
3	1	828	27	855	8	19	0,4,5,16	2	4,5,12,17,21,25,26
3	1	828	27	855	8	19	0,4,5,16	2	4,5,16,17,21,25,26
3	1	828	27	855	8	19	0,4,5,16	2	4,12,16,17,21,25,26
3	1	828	27	855	8	19	0,4,5,16	2	5,12,16,17,21,25,26
3	1	828	27	855	8	19	0,4,5,26	1	2,4,5,12,16,17,26
3	1	828	27	855	8	19	0,4,5,26	1	2,4,5,12,17,21,26
3	1	828	27	855	8	19	0,4,5,26	1	2,4,5,16,17,25,26
3	1	828	27	855	8	19	0,4,5,26	1	2,4,5,17,21,25,26
3	1	828	27	855	8	19	0,4,5,26	1	4,5,12,16,17,21,25
3	1	828	27	855	8	19	0,4,5,26	1	4,5,12,16,17,21,26
3	1	828	27	855	8	19	0,4,5,26	1	4,5,12,16,17,25,26
3	1	828	27	855	8	19	0,4,5,26	1	4,5,12,16,21,25,26
3	1	828	27	855	8	19	0,4,5,26	1	4,5,12,17,21,25,26
3	1	828	27	855	8	19	0,4,5,26	1	4,5,16,17,21,25,26
3	1	828	27	855	8	19	0,4,5,26	1	4,12,16,17,21,25,26
3	1	828	27	855	8	19	0,4,5,26	1	5,12,16,17,21,25,26
3	1	828	27	855	8	19	0,4,5,26	2	4,5,11,12,17,21,25
3	1	828	27	855	8	19	0,4,5,26	2	4,5,11,16,17,21,25
3	1	828	27	855	8	19	0,4,5,26	2	4,5,12,16,17,21,25
3	1	828	27	855	8	19	0,4,5,26	2	4,5,12,16,17,21,26
3	1	828	27	855	8	19	0,4,5,26	2	4,5,12,16,17,25,26
3	1	828	27	855	8	19	0,4,5,26	2	4,5,12,16,21,25,26
3	1	828	27	855	8	19	0,4,5,26	2	4,5,12,17,21,25,26
3	1	828	27	855	8	19	0,4,5,26	2	4,5,16,17,21,25,26
3	1	828	27	855	8	19	0,4,5,26	2	4,11,12,17,21,25,26
3	1	828	27	855	8	19	0,4,5,26	2	4,11,16,17,21,25,26
3	1	828	27	855	8	19	0,4,5,26	2	4,12,16,17,21,25,26
3	1	828	27	855	8	19	0,4,5,26	2	5,12,16,17,21,25,26
3	1	828	27	855	8	19	0,4,16,26	1	4,5,12,16,17,21,25
3	1	828	27	855	8	19	0,4,16,26	1	4,5,12,16,17,21,26
3	1	828	27	855	8	19	0,4,16,26	1	4,5,12,16,17,25,26
3	1	828	27	855	8	19	0,4,16,26	1	4,5,12,16,21,25,26
3	1	828	27	855	8	19	0,4,16,26	1	4,5,12,17,21,25,26
3	1	828	27	855	8	19	0,4,16,26	1	4,5,16,17,21,25,26
3	1	828	27	855	8	19	0,4,16,26	1	4,12,16,17,21,25,26
3	1	828	27	855	8	19	0,4,16,26	1	5,12,16,17,21,25,26
3	1	828	27	855	8	19	0,4,16,26	2	4,5,12,16,17,21,25
3	1	828	27	855	8	19	0,4,16,26	2	4,5,12,16,17,21,26
3	1	828	27	855	8	19	0,4,16,26	2	4,5,12,16,17,25,26
3	1	828	27	855	8	19	0,4,16,26	2	4,5,12,16,21,25,26
3	1	828	27	855	8	19	0,4,16,26	2	4,5,12,17,21,25,26
3	1	828	27	855	8	19	0,4,16,26	2	4,5,16,17,21,25,26
3	1	828	27	855	8	19	0,4,16,26	2	4,12,16,17,21,25,26
3	1	828	27	855	8	19	0,4,16,26	2	5,12,16,17,21,25,26
3	1	828	27	855	8	19	0,5,16,26	1	4,5,12,16,17,21,25
3	1	828	27	855	8	19	0,5,16,26	1	4,5,12,16,17,21,26
3	1	828	27	855	8	19	0,5,16,26	1	4,5,12,16,17,25,26
3	1	828	27	855	8	19	0,5,16,26	1	4,5,12,16,21,25,26
3	1	828	27	855	8	19	0,5,16,26	1	4,5,12,17,21,25,26
3	1	828	27	855	8	19	0,5,16,26	1	4,5,16,17,21,25,26
3	1	828	27	855	8	19	0,5,16,26	1	4,12,16,17,21,25,26
3	1	828	27	855	8	19	0,5,16,26	1	5,12,16,17,21,25,26
3	1	828	27	855	8	19	0,5,16,26	2	4,5,12,16,17,21,25
3	1	828	27	855	8	19	0,5,16,26	2	4,5,12,16,17,21,26
3	1	828	27	855	8	19	0,5,16,26	2	4,5,12,16,17,25,26
3	1	828	27	855	8	19	0,5,16,26	2	4,5,12,16,21,25,26
3	1	828	27	855	8	19	0,5,16,26	2	4,5,12,17,21,25,26
3	1	828	27	855	8	19	0,5,16,26	2	4,5,16,17,21,25,26
3	1	828	27	855	8	19	0,5,16,26	2	4,12,16,17,21,25,26
3	1	828	27	855	8	19	0,5,16,26	2	5,12,16,17,21,25,26
3	1	828	27	855	8	19	4,5,16,26	1	4,5,12,16,17,21,25
3	1	828	27	855	8	19	4,5,16,26	1	4,5,12,16,17,21,26
3	1	828	27	855	8	19	4,5,16,26	1	4,5,12,16,17,25,26
3	1	828	27	855	8	19	4,5,16,26	1	4,5,12,16,21,25,26
3	1	828	27	855	8	19	4,5,16,26	1	4,5,12,17,21,25,26
3	1	828	27	855	8	19	4,5,16,26	1	4,5,16,17,21,25,26
3	1	828	27	855	8	19	4,5,16,26	1	4,12,16,17,21,25,26
3	1	828	27	855	8	19	4,5,16,26	1	5,12,16,17,21,25,26
3	1	828	27	855	8	19	4,5,16,26	2	4,5,12,16,17,21,25
3	1	828	27	855	8	19	4,5,16,26	2	4,5,12,16,17,21,26
3	1	828	27	855	8	19	4,5,16,26	2	4,5,12,16,17,25,26
3	1	828	27	855	8	19	4,5,16,26	2	4,5,12,16,21,25,26
3	1	828	27	855	8	19	4,5,16,26	2	4,5,12,17,21,25,26
3	1	828	27	855	8	19	4,5,16,26	2	4,5,16,17,21,25,26
3	1	828	27	855	8	19	4,5,16,26	2	4,12,16,17,21,25,26
3	1	828	27	855	8	19	4,5,16,26	2	5,12,16,17,21,25,26
Cap configurations: 1344

3-flat point count: 8,2,8;5,0,2;5,4,7
Excluded point counts: 1,1,1
0	0	828	12	855	8		0,7,8,14	1,2	1,2,7,8,9,12,18
0	0	828	12	855	8		0,7,8,14	1,2	1,2,7,8,9,12,21
0	0	828	12	855	8		0,7,8,14	1,2	1,2,7,8,9,18,21
0	0	828	12	855	8		0,7,8,14	1,2	1,2,7,8,12,18,21
0	0	828	12	855	8		0,7,8,14	1,2	1,2,7,9,12,18,21
0	0	828	12	855	8		0,7,8,14	1,2	1,2,8,9,12,18,21
0	0	828	12	855	8		0,7,8,14	1,2	1,7,8,9,12,18,21
0	0	828	12	855	8		0,7,8,14	1,2	2,7,8,9,12,18,21
0	0	828	12	855	8		0,7,8,22	1,2	1,2,7,8,9,12,18
0	0	828	12	855	8		0,7,8,22	1,2	1,2,7,8,9,12,21
0	0	828	12	855	8		0,7,8,22	1,2	1,2,7,8,9,18,21
0	0	828	12	855	8		0,7,8,22	1,2	1,2,7,8,12,18,21
0	0	828	12	855	8		0,7,8,22	1,2	1,2,7,9,12,18,21
0	0	828	12	855	8		0,7,8,22	1,2	1,2,8,9,12,18,21
0	0	828	12	855	8		0,7,8,22	1,2	1,7,8,9,12,18,21
0	0	828	12	855	8		0,7,8,22	1,2	2,7,8,9,12,18,21
0	0	828	12	855	8		0,7,14,22	1,2	1,2,7,8,9,12,18
0	0	828	12	855	8		0,7,14,22	1,2	1,2,7,8,9,12,21
0	0	828	12	855	8		0,7,14,22	1,2	1,2,7,8,9,18,21
0	0	828	12	855	8		0,7,14,22	1,2	1,2,7,8,12,18,21
0	0	828	12	855	8		0,7,14,22	1,2	1,2,7,9,12,18,21
0	0	828	12	855	8		0,7,14,22	1,2	1,2,8,9,12,18,21
0	0	828	12	855	8		0,7,14,22	1,2	1,7,8,9,12,18,21
0	0	828	12	855	8		0,7,14,22	1,2	2,7,8,9,12,18,21
0	0	828	12	855	8		0,8,14,22	1,2	1,2,7,8,9,12,18
0	0	828	12	855	8		0,8,14,22	1,2	1,2,7,8,9,12,21
0	0	828	12	855	8		0,8,14,22	1,2	1,2,7,8,9,18,21
0	0	828	12	855	8		0,8,14,22	1,2	1,2,7,8,12,18,21
0	0	828	12	855	8		0,8,14,22	1,2	1,2,7,9,12,18,21
0	0	828	12	855	8		0,8,14,22	1,2	1,2,8,9,12,18,21
0	0	828	12	855	8		0,8,14,22	1,2	1,7,8,9,12,18,21
0	0	828	12	855	8		0,8,14,22	1,2	2,7,8,9,12,18,21
0	0	828	12	855	8		7,8,14,22	1,2	1,2,7,8,9,12,18
0	0	828	12	855	8		7,8,14,22	1,2	1,2,7,8,9,12,21
0	0	828	12	855	8		7,8,14,22	1,2	1,2,7,8,9,18,21
0	0	828	12	855	8		7,8,14,22	1,2	1,2,7,8,12,18,21
0	0	828	12	855	8		7,8,14,22	1,2	1,2,7,9,12,18,21
0	0	828	12	855	8		7,8,14,22	1,2	1,2,8,9,12,18,21
0	0	828	12	855	8		7,8,14,22	1,2	1,7,8,9,12,18,21
0	0	828	12	855	8		7,8,14,22	1,2	2,7,8,9,12,18,21
0	1	828	12	855	8		0,7,8,14	1,2	1,2,7,8,9,12,18
0	1	828	12	855	8		0,7,8,14	1,2	1,2,7,8,9,12,21
0	1	828	12	855	8		0,7,8,14	1,2	1,2,7,8,9,18,21
0	1	828	12	855	8		0,7,8,14	1,2	1,2,7,8,12,18,21
0	1	828	12	855	8		0,7,8,14	1,2	1,2,7,9,12,18,21
0	1	828	12	855	8		0,7,8,14	1,2	1,2,8,9,12,18,21
0	1	828	12	855	8		0,7,8,14	1,2	1,7,8,9,12,18,21
0	1	828	12	855	8		0,7,8,14	1,2	2,7,8,9,12,18,21
0	1	828	12	855	8		0,7,8,22	1,2	1,2,7,8,9,12,18
0	1	828	12	855	8		0,7,8,22	1,2	1,2,7,8,9,12,21
0	1	828	12	855	8		0,7,8,22	1,2	1,2,7,8,9,18,21
0	1	828	12	855	8		0,7,8,22	1,2	1,2,7,8,12,18,21
0	1	828	12	855	8		0,7,8,22	1,2	1,2,7,9,12,18,21
0	1	828	12	855	8		0,7,8,22	1,2	1,2,8,9,12,18,21
0	1	828	12	855	8		0,7,8,22	1,2	1,7,8,9,12,18,21
0	1	828	12	855	8		0,7,8,22	1,2	2,7,8,9,12,18,21
0	1	828	12	855	8		0,7,14,22	1,2	1,2,7,8,9,12,18
0	1	828	12	855	8		0,7,14,22	1,2	1,2,7,8,9,12,21
0	1	828	12	855	8		0,7,14,22	1,2	1,2,7,8,9,18,21
0	1	828	12	855	8		0,7,14,22	1,2	1,2,7,8,12,18,21
0	1	828	12	855	8		0,7,14,22	1,2	1,2,7,9,12,18,21
0	1	828	12	855	8		0,7,14,22	1,2	1,2,8,9,12,18,21
0	1	828	12	855	8		0,7,14,22	1,2	1,7,8,9,12,18,21
0	1	828	12	855	8		0,7,14,22	1,2	2,7,8,9,12,18,21
0	1	828	12	855	8		0,8,14,22	1,2	1,2,7,8,9,12,18
0	1	828	12	855	8		0,8,14,22	1,2	1,2,7,8,9,12,21
0	1	828	12	855	8		0,8,14,22	1,2	1,2,7,8,9,18,21
0	1	828	12	855	8		0,8,14,22	1,2	1,2,7,8,12,18,21
0	1	828	12	855	8		0,8,14,22	1,2	1,2,7,9,12,18,21
0	1	828	12	855	8		0,8,14,22	1,2	1,2,8,9,12,18,21
0	1	828	12	855	8		0,8,14,22	1,2	1,7,8,9,12,18,21
0	1	828	12	855	8		0,8,14,22	1,2	2,7,8,9,12,18,21
0	1	828	12	855	8		7,8,14,22	1,2	1,2,7,8,9,12,18
0	1	828	12	855	8		7,8,14,22	1,2	1,2,7,8,9,12,21
0	1	828	12	855	8		7,8,14,22	1,2	1,2,7,8,9,18,21
0	1	828	12	855	8		7,8,14,22	1,2	1,2,7,8,12,18,21
0	1	828	12	855	8		7,8,14,22	1,2	1,2,7,9,12,18,21
0	1	828	12	855	8		7,8,14,22	1,2	1,2,8,9,12,18,21
0	1	828	12	855	8		7,8,14,22	1,2	1,7,8,9,12,18,21
0	1	828	12	855	8		7,8,14,22	1,2	2,7,8,9,12,18,21
2	0	828	12	855	8		0,7,8,14	1,2	1,2,7,8,9,12,18
2	0	828	12	855	8		0,7,8,14	1,2	1,2,7,8,9,12,21
2	0	828	12	855	8		0,7,8,14	1,2	1,2,7,8,9,18,21
2	0	828	12	855	8		0,7,8,14	1,2	1,2,7,8,12,18,21
2	0	828	12	855	8		0,7,8,14	1,2	1,2,7,9,12,18,21
2	0	828	12	855	8		0,7,8,14	1,2	1,2,8,9,12,18,21
2	0	828	12	855	8		0,7,8,14	1,2	1,7,8,9,12,18,21
2	0	828	12	855	8		0,7,8,14	1,2	2,7,8,9,12,18,21
2	0	828	12	855	8		0,7,8,22	1,2	1,2,7,8,9,12,18
2	0	828	12	855	8		0,7,8,22	1,2	1,2,7,8,9,12,21
2	0	828	12	855	8		0,7,8,22	1,2	1,2,7,8,9,18,21
2	0	828	12	855	8		0,7,8,22	1,2	1,2,7,8,12,18,21
2	0	828	12	855	8		0,7,8,22	1,2	1,2,7,9,12,18,21
2	0	828	12	855	8		0,7,8,22	1,2	1,2,8,9,12,18,21
2	0	828	12	855	8		0,7,8,22	1,2	1,7,8,9,12,18,21
2	0	828	12	855	8		0,7,8,22	1,2	2,7,8,9,12,18,21
2	0	828	12	855	8		0,7,14,22	1,2	1,2,7,8,9,12,18
2	0	828	12	855	8		0,7,14,22	1,2	1,2,7,8,9,12,21
2	0	828	12	855	8		0,7,14,22	1,2	1,2,7,8,9,18,21
2	0	828	12	855	8		0,7,14,22	1,2	1,2,7,8,12,18,21
2	0	828	12	855	8		0,7,14,22	1,2	1,2,7,9,12,18,21
2	0	828	12	855	8		0,7,14,22	1,2	1,2,8,9,12,18,21
2	0	828	12	855	8		0,7,14,22	1,2	1,7,8,9,12,18,21
2	0	828	12	855	8		0,7,14,22	1,2	2,7,8,9,12,18,21
2	0	828	12	855	8		0,8,14,22	1,2	1,2,7,8,9,12,18
2	0	828	12	855	8		0,8,14,22	1,2	1,2,7,8,9,12,21
2	0	828	12	855	8		0,8,14,22	1,2	1,2,7,8,9,18,21
2	0	828	12	855	8		0,8,14,22	1,2	1,2,7,8,12,18,21
2	0	828	12	855	8		0,8,14,22	1,2	1,2,7,9,12,18,21
2	0	828	12	855	8		0,8,14,22	1,2	1,2,8,9,12,18,21
2	0	828	12	855	8		0,8,14,22	1,2	1,7,8,9,12,18,21
2	0	828	12	855	8		0,8,14,22	1,2	2,7,8,9,12,18,21
2	0	828	12	855	8		7,8,14,22	1,2	1,2,7,8,9,12,18
2	0	828	12	855	8		7,8,14,22	1,2	1,2,7,8,9,12,21
2	0	828	12	855	8		7,8,14,22	1,2	1,2,7,8,9,18,21
2	0	828	12	855	8		7,8,14,22	1,2	1,2,7,8,12,18,21
2	0	828	12	855	8		7,8,14,22	1,2	1,2,7,9,12,18,21
2	0	828	12	855	8		7,8,14,22	1,2	1,2,8,9,12,18,21
2	0	828	12	855	8		7,8,14,22	1,2	1,7,8,9,12,18,21
2	0	828	12	855	8		7,8,14,22	1,2	2,7,8,9,12,18,21
2	1	828	12	855	8		0,7,8,14	1,2	1,2,7,8,9,12,18
2	1	828	12	855	8		0,7,8,14	1,2	1,2,7,8,9,12,21
2	1	828	12	855	8		0,7,8,14	1,2	1,2,7,8,9,18,21
2	1	828	12	855	8		0,7,8,14	1,2	1,2,7,8,12,18,21
2	1	828	12	855	8		0,7,8,14	1,2	1,2,7,9,12,18,21
2	1	828	12	855	8		0,7,8,14	1,2	1,2,8,9,12,18,21
2	1	828	12	855	8		0,7,8,14	1,2	1,7,8,9,12,18,21
2	1	828	12	855	8		0,7,8,14	1,2	2,7,8,9,12,18,21
2	1	828	12	855	8		0,7,8,22	1,2	1,2,7,8,9,12,18
2	1	828	12	855	8		0,7,8,22	1,2	1,2,7,8,9,12,21
2	1	828	12	855	8		0,7,8,22	1,2	1,2,7,8,9,18,21
2	1	828	12	855	8		0,7,8,22	1,2	1,2,7,8,12,18,21
2	1	828	12	855	8		0,7,8,22	1,2	1,2,7,9,12,18,21
2	1	828	12	855	8		0,7,8,22	1,2	1,2,8,9,12,18,21
2	1	828	12	855	8		0,7,8,22	1,2	1,7,8,9,12,18,21
2	1	828	12	855	8		0,7,8,22	1,2	2,7,8,9,12,18,21
2	1	828	12	855	8		0,7,14,22	1,2	1,2,7,8,9,12,18
2	1	828	12	855	8		0,7,14,22	1,2	1,2,7,8,9,12,21
2	1	828	12	855	8		0,7,14,22	1,2	1,2,7,8,9,18,21
2	1	828	12	855	8		0,7,14,22	1,2	1,2,7,8,12,18,21
2	1	828	12	855	8		0,7,14,22	1,2	1,2,7,9,12,18,21
2	1	828	12	855	8		0,7,14,22	1,2	1,2,8,9,12,18,21
2	1	828	12	855	8		0,7,14,22	1,2	1,7,8,9,12,18,21
2	1	828	12	855	8		0,7,14,22	1,2	2,7,8,9,12,18,21
2	1	828	12	855	8		0,8,14,22	1,2	1,2,7,8,9,12,18
2	1	828	12	855	8		0,8,14,22	1,2	1,2,7,8,9,12,21
2	1	828	12	855	8		0,8,14,22	1,2	1,2,7,8,9,18,21
2	1	828	12	855	8		0,8,14,22	1,2	1,2,7,8,12,18,21
2	1	828	12	855	8		0,8,14,22	1,2	1,2,7,9,12,18,21
2	1	828	12	855	8		0,8,14,22	1,2	1,2,8,9,12,18,21
2	1	828	12	855	8		0,8,14,22	1,2	1,7,8,9,12,18,21
2	1	828	12	855	8		0,8,14,22	1,2	2,7,8,9,12,18,21
2	1	828	12	855	8		7,8,14,22	1,2	1,2,7,8,9,12,18
2	1	828	12	855	8		7,8,14,22	1,2	1,2,7,8,9,12,21
2	1	828	12	855	8		7,8,14,22	1,2	1,2,7,8,9,18,21
2	1	828	12	855	8		7,8,14,22	1,2	1,2,7,8,12,18,21
2	1	828	12	855	8		7,8,14,22	1,2	1,2,7,9,12,18,21
2	1	828	12	855	8		7,8,14,22	1,2	1,2,8,9,12,18,21
2	1	828	12	855	8		7,8,14,22	1,2	1,7,8,9,12,18,21
2	1	828	12	855	8		7,8,14,22	1,2	2,7,8,9,12,18,21
0	1	828	27	855	8		0,4,5,16	1,2	4,5,12,16,17,21,25
0	1	828	27	855	8		0,4,5,16	1,2	4,5,12,16,17,21,26
0	1	828	27	855	8		0,4,5,16	1,2	4,5,12,16,17,25,26
0	1	828	27	855	8		0,4,5,16	1,2	4,5,12,16,21,25,26
0	1	828	27	855	8		0,4,5,16	1,2	4,5,12,17,21,25,26
0	1	828	27	855	8		0,4,5,16	1,2	4,5,16,17,21,25,26
0	1	828	27	855	8		0,4,5,16	1,2	4,12,16,17,21,25,26
0	1	828	27	855	8		0,4,5,16	1,2	5,12,16,17,21,25,26
0	1	828	27	855	8		0,4,5,26	1,2	4,5,12,16,17,21,25
0	1	828	27	855	8		0,4,5,26	1,2	4,5,12,16,17,21,26
0	1	828	27	855	8		0,4,5,26	1,2	4,5,12,16,17,25,26
0	1	828	27	855	8		0,4,5,26	1,2	4,5,12,16,21,25,26
0	1	828	27	855	8		0,4,5,26	1,2	4,5,12,17,21,25,26
0	1	828	27	855	8		0,4,5,26	1,2	4,5,16,17,21,25,26
0	1	828	27	855	8		0,4,5,26	1,2	4,12,16,17,21,25,26
0	1	828	27	855	8		0,4,5,26	1,2	5,12,16,17,21,25,26
0	1	828	27	855	8		0,4,16,26	1,2	4,5,12,16,17,21,25
0	1	828	27	855	8		0,4,16,26	1,2	4,5,12,16,17,21,26
0	1	828	27	855	8		0,4,16,26	1,2	4,5,12,16,17,25,26
0	1	828	27	855	8		0,4,16,26	1,2	4,5,12,16,21,25,26
0	1	828	27	855	8		0,4,16,26	1,2	4,5,12,17,21,25,26
0	1	828	27	855	8		0,4,16,26	1,2	4,5,16,17,21,25,26
0	1	828	27	855	8		0,4,16,26	1,2	4,12,16,17,21,25,26
0	1	828	27	855	8		0,4,16,26	1,2	5,12,16,17,21,25,26
0	1	828	27	855	8		0,5,16,26	1,2	4,5,12,16,17,21,25
0	1	828	27	855	8		0,5,16,26	1,2	4,5,12,16,17,21,26
0	1	828	27	855	8		0,5,16,26	1,2	4,5,12,16,17,25,26
0	1	828	27	855	8		0,5,16,26	1,2	4,5,12,16,21,25,26
0	1	828	27	855	8		0,5,16,26	1,2	4,5,12,17,21,25,26
0	1	828	27	855	8		0,5,16,26	1,2	4,5,16,17,21,25,26
0	1	828	27	855	8		0,5,16,26	1,2	4,12,16,17,21,25,26
0	1	828	27	855	8		0,5,16,26	1,2	5,12,16,17,21,25,26
0	1	828	27	855	8		4,5,16,26	1,2	4,5,12,16,17,21,25
0	1	828	27	855	8		4,5,16,26	1,2	4,5,12,16,17,21,26
0	1	828	27	855	8		4,5,16,26	1,2	4,5,12,16,17,25,26
0	1	828	27	855	8		4,5,16,26	1,2	4,5,12,16,21,25,26
0	1	828	27	855	8		4,5,16,26	1,2	4,5,12,17,21,25,26
0	1	828	27	855	8		4,5,16,26	1,2	4,5,16,17,21,25,26
0	1	828	27	855	8		4,5,16,26	1,2	4,12,16,17,21,25,26
0	1	828	27	855	8		4,5,16,26	1,2	5,12,16,17,21,25,26
1	1	828	27	855	8		0,4,5,16	1,2	4,5,12,16,17,21,25
1	1	828	27	855	8		0,4,5,16	1,2	4,5,12,16,17,21,26
1	1	828	27	855	8		0,4,5,16	1,2	4,5,12,16,17,25,26
1	1	828	27	855	8		0,4,5,16	1,2	4,5,12,16,21,25,26
1	1	828	27	855	8		0,4,5,16	1,2	4,5,12,17,21,25,26
1	1	828	27	855	8		0,4,5,16	1,2	4,5,16,17,21,25,26
1	1	828	27	855	8		0,4,5,16	1,2	4,12,16,17,21,25,26
1	1	828	27	855	8		0,4,5,16	1,2	5,12,16,17,21,25,26
1	1	828	27	855	8		0,4,5,26	1,2	4,5,12,16,17,21,25
1	1	828	27	855	8		0,4,5,26	1,2	4,5,12,16,17,21,26
1	1	828	27	855	8		0,4,5,26	1,2	4,5,12,16,17,25,26
1	1	828	27	855	8		0,4,5,26	1,2	4,5,12,16,21,25,26
1	1	828	27	855	8		0,4,5,26	1,2	4,5,12,17,21,25,26
1	1	828	27	855	8		0,4,5,26	1,2	4,5,16,17,21,25,26
1	1	828	27	855	8		0,4,5,26	1,2	4,12,16,17,21,25,26
1	1	828	27	855	8		0,4,5,26	1,2	5,12,16,17,21,25,26
1	1	828	27	855	8		0,4,16,26	1,2	4,5,12,16,17,21,25
1	1	828	27	855	8		0,4,16,26	1,2	4,5,12,16,17,21,26
1	1	828	27	855	8		0,4,16,26	1,2	4,5,12,16,17,25,26
1	1	828	27	855	8		0,4,16,26	1,2	4,5,12,16,21,25,26
1	1	828	27	855	8		0,4,16,26	1,2	4,5,12,17,21,25,26
1	1	828	27	855	8		0,4,16,26	1,2	4,5,16,17,21,25,26
1	1	828	27	855	8		0,4,16,26	1,2	4,12,16,17,21,25,26
1	1	828	27	855	8		0,4,16,26	1,2	5,12,16,17,21,25,26
1	1	828	27	855	8		0,5,16,26	1,2	4,5,12,16,17,21,25
1	1	828	27	855	8		0,5,16,26	1,2	4,5,12,16,17,21,26
1	1	828	27	855	8		0,5,16,26	1,2	4,5,12,16,17,25,26
1	1	828	27	855	8		0,5,16,26	1,2	4,5,12,16,21,25,26
1	1	828	27	855	8		0,5,16,26	1,2	4,5,12,17,21,25,26
1	1	828	27	855	8		0,5,16,26	1,2	4,5,16,17,21,25,26
1	1	828	27	855	8		0,5,16,26	1,2	4,12,16,17,21,25,26
1	1	828	27	855	8		0,5,16,26	1,2	5,12,16,17,21,25,26
1	1	828	27	855	8		4,5,16,26	1,2	4,5,12,16,17,21,25
1	1	828	27	855	8		4,5,16,26	1,2	4,5,12,16,17,21,26
1	1	828	27	855	8		4,5,16,26	1,2	4,5,12,16,17,25,26
1	1	828	27	855	8		4,5,16,26	1,2	4,5,12,16,21,25,26
1	1	828	27	855	8		4,5,16,26	1,2	4,5,12,17,21,25,26
1	1	828	27	855	8		4,5,16,26	1,2	4,5,16,17,21,25,26
1	1	828	27	855	8		4,5,16,26	1,2	4,12,16,17,21,25,26
1	1	828	27	855	8		4,5,16,26	1,2	5,12,16,17,21,25,26
2	1	828	27	855	8		0,4,5,16	1,2	4,5,12,16,17,21,25
2	1	828	27	855	8		0,4,5,16	1,2	4,5,12,16,17,21,26
2	1	828	27	855	8		0,4,5,16	1,2	4,5,12,16,17,25,26
2	1	828	27	855	8		0,4,5,16	1,2	4,5,12,16,21,25,26
2	1	828	27	855	8		0,4,5,16	1,2	4,5,12,17,21,25,26
2	1	828	27	855	8		0,4,5,16	1,2	4,5,16,17,21,25,26
2	1	828	27	855	8		0,4,5,16	1,2	4,12,16,17,21,25,26
2	1	828	27	855	8		0,4,5,16	1,2	5,12,16,17,21,25,26
2	1	828	27	855	8		0,4,5,26	1,2	4,5,12,16,17,21,25
2	1	828	27	855	8		0,4,5,26	1,2	4,5,12,16,17,21,26
2	1	828	27	855	8		0,4,5,26	1,2	4,5,12,16,17,25,26
2	1	828	27	855	8		0,4,5,26	1,2	4,5,12,16,21,25,26
2	1	828	27	855	8		0,4,5,26	1,2	4,5,12,17,21,25,26
2	1	828	27	855	8		0,4,5,26	1,2	4,5,16,17,21,25,26
2	1	828	27	855	8		0,4,5,26	1,2	4,12,16,17,21,25,26
2	1	828	27	855	8		0,4,5,26	1,2	5,12,16,17,21,25,26
2	1	828	27	855	8		0,4,16,26	1,2	4,5,12,16,17,21,25
2	1	828	27	855	8		0,4,16,26	1,2	4,5,12,16,17,21,26
2	1	828	27	855	8		0,4,16,26	1,2	4,5,12,16,17,25,26
2	1	828	27	855	8		0,4,16,26	1,2	4,5,12,16,21,25,26
2	1	828	27	855	8		0,4,16,26	1,2	4,5,12,17,21,25,26
2	1	828	27	855	8		0,4,16,26	1,2	4,5,16,17,21,25,26
2	1	828	27	855	8		0,4,16,26	1,2	4,12,16,17,21,25,26
2	1	828	27	855	8		0,4,16,26	1,2	5,12,16,17,21,25,26
2	1	828	27	855	8		0,5,16,26	1,2	4,5,12,16,17,21,25
2	1	828	27	855	8		0,5,16,26	1,2	4,5,12,16,17,21,26
2	1	828	27	855	8		0,5,16,26	1,2	4,5,12,16,17,25,26
2	1	828	27	855	8		0,5,16,26	1,2	4,5,12,16,21,25,26
2	1	828	27	855	8		0,5,16,26	1,2	4,5,12,17,21,25,26
2	1	828	27	855	8		0,5,16,26	1,2	4,5,16,17,21,25,26
2	1	828	27	855	8		0,5,16,26	1,2	4,12,16,17,21,25,26
2	1	828	27	855	8		0,5,16,26	1,2	5,12,16,17,21,25,26
2	1	828	27	855	8		4,5,16,26	1,2	4,5,12,16,17,21,25
2	1	828	27	855	8		4,5,16,26	1,2	4,5,12,16,17,21,26
2	1	828	27	855	8		4,5,16,26	1,2	4,5,12,16,17,25,26
2	1	828	27	855	8		4,5,16,26	1,2	4,5,12,16,21,25,26
2	1	828	27	855	8		4,5,16,26	1,2	4,5,12,17,21,25,26
2	1	828	27	855	8		4,5,16,26	1,2	4,5,16,17,21,25,26
2	1	828	27	855	8		4,5,16,26	1,2	4,12,16,17,21,25,26
2	1	828	27	855	8		4,5,16,26	1,2	5,12,16,17,21,25,26
3	1	828	27	855	8		0,4,5,16	1,2	4,5,12,16,17,21,25
3	1	828	27	855	8		0,4,5,16	1,2	4,5,12,16,17,21,26
3	1	828	27	855	8		0,4,5,16	1,2	4,5,12,16,17,25,26
3	1	828	27	855	8		0,4,5,16	1,2	4,5,12,16,21,25,26
3	1	828	27	855	8		0,4,5,16	1,2	4,5,12,17,21,25,26
3	1	828	27	855	8		0,4,5,16	1,2	4,5,16,17,21,25,26
3	1	828	27	855	8		0,4,5,16	1,2	4,12,16,17,21,25,26
3	1	828	27	855	8		0,4,5,16	1,2	5,12,16,17,21,25,26
3	1	828	27	855	8		0,4,5,26	1,2	4,5,12,16,17,21,25
3	1	828	27	855	8		0,4,5,26	1,2	4,5,12,16,17,21,26
3	1	828	27	855	8		0,4,5,26	1,2	4,5,12,16,17,25,26
3	1	828	27	855	8		0,4,5,26	1,2	4,5,12,16,21,25,26
3	1	828	27	855	8		0,4,5,26	1,2	4,5,12,17,21,25,26
3	1	828	27	855	8		0,4,5,26	1,2	4,5,16,17,21,25,26
3	1	828	27	855	8		0,4,5,26	1,2	4,12,16,17,21,25,26
3	1	828	27	855	8		0,4,5,26	1,2	5,12,16,17,21,25,26
3	1	828	27	855	8		0,4,16,26	1,2	4,5,12,16,17,21,25
3	1	828	27	855	8		0,4,16,26	1,2	4,5,12,16,17,21,26
3	1	828	27	855	8		0,4,16,26	1,2	4,5,12,16,17,25,26
3	1	828	27	855	8		0,4,16,26	1,2	4,5,12,16,21,25,26
3	1	828	27	855	8		0,4,16,26	1,2	4,5,12,17,21,25,26
3	1	828	27	855	8		0,4,16,26	1,2	4,5,16,17,21,25,26
3	1	828	27	855	8		0,4,16,26	1,2	4,12,16,17,21,25,26
3	1	828	27	855	8		0,4,16,26	1,2	5,12,16,17,21,25,26
3	1	828	27	855	8		0,5,16,26	1,2	4,5,12,16,17,21,25
3	1	828	27	855	8		0,5,16,26	1,2	4,5,12,16,17,21,26
3	1	828	27	855	8		0,5,16,26	1,2	4,5,12,16,17,25,26
3	1	828	27	855	8		0,5,16,26	1,2	4,5,12,16,21,25,26
3	1	828	27	855	8		0,5,16,26	1,2	4,5,12,17,21,25,26
3	1	828	27	855	8		0,5,16,26	1,2	4,5,16,17,21,25,26
3	1	828	27	855	8		0,5,16,26	1,2	4,12,16,17,21,25,26
3	1	828	27	855	8		0,5,16,26	1,2	5,12,16,17,21,25,26
3	1	828	27	855	8		4,5,16,26	1,2	4,5,12,16,17,21,25
3	1	828	27	855	8		4,5,16,26	1,2	4,5,12,16,17,21,26
3	1	828	27	855	8		4,5,16,26	1,2	4,5,12,16,17,25,26
3	1	828	27	855	8		4,5,16,26	1,2	4,5,12,16,21,25,26
3	1	828	27	855	8		4,5,16,26	1,2	4,5,12,17,21,25,26
3	1	828	27	855	8		4,5,16,26	1,2	4,5,16,17,21,25,26
3	1	828	27	855	8		4,5,16,26	1,2	4,12,16,17,21,25,26
3	1	828	27	855	8		4,5,16,26	1,2	5,12,16,17,21,25,26
Cap configurations: 320

3-flat point count: 8,2,8;3,0,4;7,5,4
Excluded point counts: 1,1,1
Cap configurations: 0

3-flat point count: 8,2,8;4,2,1;5,4,7
Excluded point counts: 5,18,18;6,17,18
0	0	828	12	845	169	3,6	0,7,8,14	1	1,2,7,8,12,18,21
0	0	828	12	845	169	3,6	0,7,8,14	2	1,2,7,8,9,12,18
0	0	828	12	845	169	3,6	0,7,8,14	2	1,2,7,8,12,18,21
0	0	828	12	845	169	3,6	0,7,8,22	2	1,2,7,8,9,12,18
0	0	828	12	845	169	3,6	0,7,8,22	2	1,2,7,8,9,12,21
0	0	828	12	845	169	3,6	0,7,8,22	2	2,7,8,9,12,18,21
0	0	828	12	845	169	3,6	0,7,14,22	1	1,2,7,8,9,12,18
0	0	828	12	845	169	3,6	0,7,14,22	2	1,2,7,8,9,18,21
0	0	828	12	845	169	3,6	0,7,14,22	2	1,2,8,9,12,18,21
0	0	828	12	845	169	3,6	0,8,14,22	2	1,2,7,8,9,12,18
0	0	828	12	845	169	3,6	0,8,14,22	2	1,2,8,9,12,18,21
0	0	828	12	845	169	3,6	0,8,14,22	2	2,7,8,9,12,18,21
0	0	828	12	845	170	3,6	0,7,8,14	2	1,2,7,8,12,18,21
0	0	828	12	845	170	3,6	0,7,8,14	2	1,2,7,9,12,18,21
0	0	828	12	845	170	3,6	0,7,8,22	1	1,2,7,9,12,18,21
0	0	828	12	845	170	3,6	0,7,8,22	2	2,7,8,9,12,18,21
0	0	828	12	845	170	3,6	0,7,14,22	1	1,2,7,9,12,18,21
0	0	828	12	845	170	3,6	0,7,14,22	1	1,7,8,9,12,18,21
0	0	828	12	845	170	3,6	0,7,14,22	2	1,2,7,8,9,12,21
0	0	828	12	845	170	3,6	0,8,14,22	2	1,7,8,9,12,18,21
0	0	828	12	845	170	3,6	7,8,14,22	1	1,2,7,8,9,12,18
0	0	828	12	845	170	3,6	7,8,14,22	1	1,2,7,8,12,18,21
0	0	828	12	845	170	3,6	7,8,14,22	2	1,2,7,8,9,18,21
0	0	828	12	845	171	3,6	0,7,8,14	1	1,2,7,8,9,18,21
0	0	828	12	845	171	3,6	0,7,8,14	1	1,2,7,8,12,18,21
0	0	828	12	845	171	3,6	0,7,8,14	1	1,7,8,9,12,18,21
0	0	828	12	845	171	3,6	0,7,8,22	1	1,2,7,8,9,12,21
0	0	828	12	845	171	3,6	0,7,8,22	1	1,2,7,8,9,18,21
0	0	828	12	845	171	3,6	0,7,8,22	2	1,2,7,8,9,12,21
0	0	828	12	845	171	3,6	0,7,14,22	1	1,2,7,8,9,18,21
0	0	828	12	845	171	3,6	0,7,14,22	1	1,2,7,9,12,18,21
0	0	828	12	845	171	3,6	0,7,14,22	1	1,7,8,9,12,18,21
0	0	828	12	845	171	3,6	0,8,14,22	1	1,2,7,8,9,12,18
0	0	828	12	845	171	3,6	0,8,14,22	1	1,2,7,9,12,18,21
0	0	828	12	845	171	3,6	0,8,14,22	2	1,2,7,8,9,18,21
0	0	828	12	845	172	3,6	0,7,8,14	1	1,7,8,9,12,18,21
0	0	828	12	845	172	3,6	0,7,8,14	2	1,2,8,9,12,18,21
0	0	828	12	845	172	3,6	0,7,8,22	1	1,2,7,8,9,12,21
0	0	828	12	845	172	3,6	0,7,8,22	1	1,2,8,9,12,18,21
0	0	828	12	845	172	3,6	0,7,14,22	1	2,7,8,9,12,18,21
0	0	828	12	845	172	3,6	0,8,14,22	1	1,2,7,8,12,18,21
0	0	828	12	845	172	3,6	0,8,14,22	2	1,2,8,9,12,18,21
0	0	828	12	845	172	3,6	0,8,14,22	2	2,7,8,9,12,18,21
0	0	828	12	845	172	3,6	7,8,14,22	1	1,2,7,8,9,12,18
0	0	828	12	845	172	3,6	7,8,14,22	2	1,2,7,8,9,12,21
0	0	828	12	845	172	3,6	7,8,14,22	2	1,2,7,8,9,18,21
0	0	828	12	845	173	3,6	0,7,8,14	1	1,2,7,8,9,12,21
0	0	828	12	845	173	3,6	0,7,8,14	2	1,2,7,8,9,12,18
0	0	828	12	845	173	3,6	0,7,8,14	2	1,2,7,9,12,18,21
0	0	828	12	845	173	3,6	0,7,8,14	2	1,2,8,9,12,18,21
0	0	828	12	845	173	3,6	0,7,8,22	1	1,2,7,8,9,18,21
0	0	828	12	845	173	3,6	0,7,8,22	1	1,2,7,9,12,18,21
0	0	828	12	845	173	3,6	0,7,8,22	1	1,2,8,9,12,18,21
0	0	828	12	845	173	3,6	0,7,8,22	2	1,2,7,8,12,18,21
0	0	828	12	845	173	3,6	0,7,14,22	2	1,2,7,8,9,18,21
0	0	828	12	845	173	3,6	0,7,14,22	2	1,2,8,9,12,18,21
0	0	828	12	845	173	3,6	0,8,14,22	1	1,2,7,8,9,12,18
0	0	828	12	845	173	3,6	0,8,14,22	1	1,2,7,9,12,18,21
0	0	828	12	845	173	3,6	7,8,14,22	1	1,2,7,8,12,18,21
0	0	828	12	845	173	3,6	7,8,14,22	1	2,7,8,9,12,18,21
0	0	828	12	845	173	3,6	7,8,14,22	2	1,2,7,8,9,12,21
0	0	828	12	845	173	3,6	7,8,14,22	2	1,7,8,9,12,18,21
0	1	828	12	845	169	3,6	0,7,8,14	1	1,2,7,8,12,18,21
0	1	828	12	845	169	3,6	0,7,8,14	2	1,2,7,8,9,12,18
0	1	828	12	845	169	3,6	0,7,8,14	2	1,2,7,8,12,18,21
0	1	828	12	845	169	3,6	0,7,8,22	2	1,2,7,8,9,12,18
0	1	828	12	845	169	3,6	0,7,8,22	2	1,2,7,8,9,12,21
0	1	828	12	845	169	3,6	0,7,8,22	2	2,7,8,9,12,18,21
0	1	828	12	845	169	3,6	0,7,14,22	1	1,2,7,8,9,12,18
0	1	828	12	845	169	3,6	0,7,14,22	2	1,2,7,8,9,18,21
0	1	828	12	845	169	3,6	0,7,14,22	2	1,2,8,9,12,18,21
0	1	828	12	845	169	3,6	0,8,14,22	2	1,2,7,8,9,12,18
0	1	828	12	845	169	3,6	0,8,14,22	2	1,2,8,9,12,18,21
0	1	828	12	845	169	3,6	0,8,14,22	2	2,7,8,9,12,18,21
0	1	828	12	845	170	3,6	0,7,8,14	2	1,2,7,8,12,18,21
0	1	828	12	845	170	3,6	0,7,8,14	2	1,2,7,9,12,18,21
0	1	828	12	845	170	3,6	0,7,8,22	1	1,2,7,9,12,18,21
0	1	828	12	845	170	3,6	0,7,8,22	2	2,7,8,9,12,18,21
0	1	828	12	845	170	3,6	0,7,14,22	1	1,2,7,9,12,18,21
0	1	828	12	845	170	3,6	0,7,14,22	1	1,7,8,9,12,18,21
0	1	828	12	845	170	3,6	0,7,14,22	2	1,2,7,8,9,12,21
0	1	828	12	845	170	3,6	0,8,14,22	2	1,7,8,9,12,18,21
0	1	828	12	845	170	3,6	7,8,14,22	1	1,2,7,8,9,12,18
0	1	828	12	845	170	3,6	7,8,14,22	1	1,2,7,8,12,18,21
0	1	828	12	845	170	3,6	7,8,14,22	2	1,2,7,8,9,18,21
0	1	828	12	845	171	3,6	0,7,8,14	1	1,2,7,8,9,18,21
0	1	828	12	845	171	3,6	0,7,8,14	1	1,2,7,8,12,18,21
0	1	828	12	845	171	3,6	0,7,8,14	1	1,7,8,9,12,18,21
0	1	828	12	845	171	3,6	0,7,8,22	1	1,2,7,8,9,12,21
0	1	828	12	845	171	3,6	0,7,8,22	1	1,2,7,8,9,18,21
0	1	828	12	845	171	3,6	0,7,8,22	2	1,2,7,8,9,12,21
0	1	828	12	845	171	3,6	0,7,14,22	1	1,2,7,8,9,18,21
0	1	828	12	845	171	3,6	0,7,14,22	1	1,2,7,9,12,18,21
0	1	828	12	845	171	3,6	0,7,14,22	1	1,7,8,9,12,18,21
0	1	828	12	845	171	3,6	0,8,14,22	1	1,2,7,8,9,12,18
0	1	828	12	845	171	3,6	0,8,14,22	1	1,2,7,9,12,18,21
0	1	828	12	845	171	3,6	0,8,14,22	2	1,2,7,8,9,18,21
0	1	828	12	845	172	3,6	0,7,8,14	1	1,7,8,9,12,18,21
0	1	828	12	845	172	3,6	0,7,8,14	2	1,2,8,9,12,18,21
0	1	828	12	845	172	3,6	0,7,8,22	1	1,2,7,8,9,12,21
0	1	828	12	845	172	3,6	0,7,8,22	1	1,2,8,9,12,18,21
0	1	828	12	845	172	3,6	0,7,14,22	1	2,7,8,9,12,18,21
0	1	828	12	845	172	3,6	0,8,14,22	1	1,2,7,8,12,18,21
0	1	828	12	845	172	3,6	0,8,14,22	2	1,2,8,9,12,18,21
0	1	828	12	845	172	3,6	0,8,14,22	2	2,7,8,9,12,18,21
0	1	828	12	845	172	3,6	7,8,14,22	1	1,2,7,8,9,12,18
0	1	828	12	845	172	3,6	7,8,14,22	2	1,2,7,8,9,12,21
0	1	828	12	845	172	3,6	7,8,14,22	2	1,2,7,8,9,18,21
0	1	828	12	845	173	3,6	0,7,8,14	1	1,2,7,8,9,12,21
0	1	828	12	845	173	3,6	0,7,8,14	2	1,2,7,8,9,12,18
0	1	828	12	845	173	3,6	0,7,8,14	2	1,2,7,9,12,18,21
0	1	828	12	845	173	3,6	0,7,8,14	2	1,2,8,9,12,18,21
0	1	828	12	845	173	3,6	0,7,8,22	1	1,2,7,8,9,18,21
0	1	828	12	845	173	3,6	0,7,8,22	1	1,2,7,9,12,18,21
0	1	828	12	845	173	3,6	0,7,8,22	1	1,2,8,9,12,18,21
0	1	828	12	845	173	3,6	0,7,8,22	2	1,2,7,8,12,18,21
0	1	828	12	845	173	3,6	0,7,14,22	2	1,2,7,8,9,18,21
0	1	828	12	845	173	3,6	0,7,14,22	2	1,2,8,9,12,18,21
0	1	828	12	845	173	3,6	0,8,14,22	1	1,2,7,8,9,12,18
0	1	828	12	845	173	3,6	0,8,14,22	1	1,2,7,9,12,18,21
0	1	828	12	845	173	3,6	7,8,14,22	1	1,2,7,8,12,18,21
0	1	828	12	845	173	3,6	7,8,14,22	1	2,7,8,9,12,18,21
0	1	828	12	845	173	3,6	7,8,14,22	2	1,2,7,8,9,12,21
0	1	828	12	845	173	3,6	7,8,14,22	2	1,7,8,9,12,18,21
2	0	828	12	845	169	3,6	0,7,8,14	1	1,2,7,8,12,18,21
2	0	828	12	845	169	3,6	0,7,8,14	2	1,2,7,8,9,12,18
2	0	828	12	845	169	3,6	0,7,8,14	2	1,2,7,8,12,18,21
2	0	828	12	845	169	3,6	0,7,8,22	2	1,2,7,8,9,12,18
2	0	828	12	845	169	3,6	0,7,8,22	2	1,2,7,8,9,12,21
2	0	828	12	845	169	3,6	0,7,8,22	2	2,7,8,9,12,18,21
2	0	828	12	845	169	3,6	0,7,14,22	1	1,2,7,8,9,12,18
2	0	828	12	845	169	3,6	0,7,14,22	2	1,2,7,8,9,18,21
2	0	828	12	845	169	3,6	0,7,14,22	2	1,2,8,9,12,18,21
2	0	828	12	845	169	3,6	0,8,14,22	2	1,2,7,8,9,12,18
2	0	828	12	845	169	3,6	0,8,14,22	2	1,2,8,9,12,18,21
2	0	828	12	845	169	3,6	0,8,14,22	2	2,7,8,9,12,18,21
2	0	828	12	845	170	3,6	0,7,8,14	2	1,2,7,8,12,18,21
2	0	828	12	845	170	3,6	0,7,8,14	2	1,2,7,9,12,18,21
2	0	828	12	845	170	3,6	0,7,8,22	1	1,2,7,9,12,18,21
2	0	828	12	845	170	3,6	0,7,8,22	2	2,7,8,9,12,18,21
2	0	828	12	845	170	3,6	0,7,14,22	1	1,2,7,9,12,18,21
2	0	828	12	845	170	3,6	0,7,14,22	1	1,7,8,9,12,18,21
2	0	828	12	845	170	3,6	0,7,14,22	2	1,2,7,8,9,12,21
2	0	828	12	845	170	3,6	0,8,14,22	2	1,7,8,9,12,18,21
2	0	828	12	845	170	3,6	7,8,14,22	1	1,2,7,8,9,12,18
2	0	828	12	845	170	3,6	7,8,14,22	1	1,2,7,8,12,18,21
2	0	828	12	845	170	3,6	7,8,14,22	2	1,2,7,8,9,18,21
2	0	828	12	845	171	3,6	0,7,8,14	1	1,2,7,8,9,18,21
2	0	828	12	845	171	3,6	0,7,8,14	1	1,2,7,8,12,18,21
2	0	828	12	845	171	3,6	0,7,8,14	1	1,7,8,9,12,18,21
2	0	828	12	845	171	3,6	0,7,8,22	1	1,2,7,8,9,12,21
2	0	828	12	845	171	3,6	0,7,8,22	1	1,2,7,8,9,18,21
2	0	828	12	845	171	3,6	0,7,8,22	2	1,2,7,8,9,12,21
2	0	828	12	845	171	3,6	0,7,14,22	1	1,2,7,8,9,18,21
2	0	828	12	845	171	3,6	0,7,14,22	1	1,2,7,9,12,18,21
2	0	828	12	845	171	3,6	0,7,14,22	1	1,7,8,9,12,18,21
2	0	828	12	845	171	3,6	0,8,14,22	1	1,2,7,8,9,12,18
2	0	828	12	845	171	3,6	0,8,14,22	1	1,2,7,9,12,18,21
2	0	828	12	845	171	3,6	0,8,14,22	2	1,2,7,8,9,18,21
2	0	828	12	845	172	3,6	0,7,8,14	1	1,7,8,9,12,18,21
2	0	828	12	845	172	3,6	0,7,8,14	2	1,2,8,9,12,18,21
2	0	828	12	845	172	3,6	0,7,8,22	1	1,2,7,8,9,12,21
2	0	828	12	845	172	3,6	0,7,8,22	1	1,2,8,9,12,18,21
2	0	828	12	845	172	3,6	0,7,14,22	1	2,7,8,9,12,18,21
2	0	828	12	845	172	3,6	0,8,14,22	1	1,2,7,8,12,18,21
2	0	828	12	845	172	3,6	0,8,14,22	2	1,2,8,9,12,18,21
2	0	828	12	845	172	3,6	0,8,14,22	2	2,7,8,9,12,18,21
2	0	828	12	845	172	3,6	7,8,14,22	1	1,2,7,8,9,12,18
2	0	828	12	845	172	3,6	7,8,14,22	2	1,2,7,8,9,12,21
2	0	828	12	845	172	3,6	7,8,14,22	2	1,2,7,8,9,18,21
2	0	828	12	845	173	3,6	0,7,8,14	1	1,2,7,8,9,12,21
2	0	828	12	845	173	3,6	0,7,8,14	2	1,2,7,8,9,12,18
2	0	828	12	845	173	3,6	0,7,8,14	2	1,2,7,9,12,18,21
2	0	828	12	845	173	3,6	0,7,8,14	2	1,2,8,9,12,18,21
2	0	828	12	845	173	3,6	0,7,8,22	1	1,2,7,8,9,18,21
2	0	828	12	845	173	3,6	0,7,8,22	1	1,2,7,9,12,18,21
2	0	828	12	845	173	3,6	0,7,8,22	1	1,2,8,9,12,18,21
2	0	828	12	845	173	3,6	0,7,8,22	2	1,2,7,8,12,18,21
2	0	828	12	845	173	3,6	0,7,14,22	2	1,2,7,8,9,18,21
2	0	828	12	845	173	3,6	0,7,14,22	2	1,2,8,9,12,18,21
2	0	828	12	845	173	3,6	0,8,14,22	1	1,2,7,8,9,12,18
2	0	828	12	845	173	3,6	0,8,14,22	1	1,2,7,9,12,18,21
2	0	828	12	845	173	3,6	7,8,14,22	1	1,2,7,8,12,18,21
2	0	828	12	845	173	3,6	7,8,14,22	1	2,7,8,9,12,18,21
2	0	828	12	845	173	3,6	7,8,14,22	2	1,2,7,8,9,12,21
2	0	828	12	845	173	3,6	7,8,14,22	2	1,7,8,9,12,18,21
2	1	828	12	845	169	3,6	0,7,8,14	1	1,2,7,8,12,18,21
2	1	828	12	845	169	3,6	0,7,8,14	2	1,2,7,8,9,12,18
2	1	828	12	845	169	3,6	0,7,8,14	2	1,2,7,8,12,18,21
2	1	828	12	845	169	3,6	0,7,8,22	2	1,2,7,8,9,12,18
2	1	828	12	845	169	3,6	0,7,8,22	2	1,2,7,8,9,12,21
2	1	828	12	845	169	3,6	0,7,8,22	2	2,7,8,9,12,18,21
2	1	828	12	845	169	3,6	0,7,14,22	1	1,2,7,8,9,12,18
2	1	828	12	845	169	3,6	0,7,14,22	2	1,2,7,8,9,18,21
2	1	828	12	845	169	3,6	0,7,14,22	2	1,2,8,9,12,18,21
2	1	828	12	845	169	3,6	0,8,14,22	2	1,2,7,8,9,12,18
2	1	828	12	845	169	3,6	0,8,14,22	2	1,2,8,9,12,18,21
2	1	828	12	845	169	3,6	0,8,14,22	2	2,7,8,9,12,18,21
2	1	828	12	845	170	3,6	0,7,8,14	2	1,2,7,8,12,18,21
2	1	828	12	845	170	3,6	0,7,8,14	2	1,2,7,9,12,18,21
2	1	828	12	845	170	3,6	0,7,8,22	1	1,2,7,9,12,18,21
2	1	828	12	845	170	3,6	0,7,8,22	2	2,7,8,9,12,18,21
2	1	828	12	845	170	3,6	0,7,14,22	1	1,2,7,9,12,18,21
2	1	828	12	845	170	3,6	0,7,14,22	1	1,7,8,9,12,18,21
2	1	828	12	845	170	3,6	0,7,14,22	2	1,2,7,8,9,12,21
2	1	828	12	845	170	3,6	0,8,14,22	2	1,7,8,9,12,18,21
2	1	828	12	845	170	3,6	7,8,14,22	1	1,2,7,8,9,12,18
2	1	828	12	845	170	3,6	7,8,14,22	1	1,2,7,8,12,18,21
2	1	828	12	845	170	3,6	7,8,14,22	2	1,2,7,8,9,18,21
2	1	828	12	845	171	3,6	0,7,8,14	1	1,2,7,8,9,18,21
2	1	828	12	845	171	3,6	0,7,8,14	1	1,2,7,8,12,18,21
2	1	828	12	845	171	3,6	0,7,8,14	1	1,7,8,9,12,18,21
2	1	828	12	845	171	3,6	0,7,8,22	1	1,2,7,8,9,12,21
2	1	828	12	845	171	3,6	0,7,8,22	1	1,2,7,8,9,18,21
2	1	828	12	845	171	3,6	0,7,8,22	2	1,2,7,8,9,12,21
2	1	828	12	845	171	3,6	0,7,14,22	1	1,2,7,8,9,18,21
2	1	828	12	845	171	3,6	0,7,14,22	1	1,2,7,9,12,18,21
2	1	828	12	845	171	3,6	0,7,14,22	1	1,7,8,9,12,18,21
2	1	828	12	845	171	3,6	0,8,14,22	1	1,2,7,8,9,12,18
2	1	828	12	845	171	3,6	0,8,14,22	1	1,2,7,9,12,18,21
2	1	828	12	845	171	3,6	0,8,14,22	2	1,2,7,8,9,18,21
2	1	828	12	845	172	3,6	0,7,8,14	1	1,7,8,9,12,18,21
2	1	828	12	845	172	3,6	0,7,8,14	2	1,2,8,9,12,18,21
2	1	828	12	845	172	3,6	0,7,8,22	1	1,2,7,8,9,12,21
2	1	828	12	845	172	3,6	0,7,8,22	1	1,2,8,9,12,18,21
2	1	828	12	845	172	3,6	0,7,14,22	1	2,7,8,9,12,18,21
2	1	828	12	845	172	3,6	0,8,14,22	1	1,2,7,8,12,18,21
2	1	828	12	845	172	3,6	0,8,14,22	2	1,2,8,9,12,18,21
2	1	828	12	845	172	3,6	0,8,14,22	2	2,7,8,9,12,18,21
2	1	828	12	845	172	3,6	7,8,14,22	1	1,2,7,8,9,12,18
2	1	828	12	845	172	3,6	7,8,14,22	2	1,2,7,8,9,12,21
2	1	828	12	845	172	3,6	7,8,14,22	2	1,2,7,8,9,18,21
2	1	828	12	845	173	3,6	0,7,8,14	1	1,2,7,8,9,12,21
2	1	828	12	845	173	3,6	0,7,8,14	2	1,2,7,8,9,12,18
2	1	828	12	845	173	3,6	0,7,8,14	2	1,2,7,9,12,18,21
2	1	828	12	845	173	3,6	0,7,8,14	2	1,2,8,9,12,18,21
2	1	828	12	845	173	3,6	0,7,8,22	1	1,2,7,8,9,18,21
2	1	828	12	845	173	3,6	0,7,8,22	1	1,2,7,9,12,18,21
2	1	828	12	845	173	3,6	0,7,8,22	1	1,2,8,9,12,18,21
2	1	828	12	845	173	3,6	0,7,8,22	2	1,2,7,8,12,18,21
2	1	828	12	845	173	3,6	0,7,14,22	2	1,2,7,8,9,18,21
2	1	828	12	845	173	3,6	0,7,14,22	2	1,2,8,9,12,18,21
2	1	828	12	845	173	3,6	0,8,14,22	1	1,2,7,8,9,12,18
2	1	828	12	845	173	3,6	0,8,14,22	1	1,2,7,9,12,18,21
2	1	828	12	845	173	3,6	7,8,14,22	1	1,2,7,8,12,18,21
2	1	828	12	845	173	3,6	7,8,14,22	1	2,7,8,9,12,18,21
2	1	828	12	845	173	3,6	7,8,14,22	2	1,2,7,8,9,12,21
2	1	828	12	845	173	3,6	7,8,14,22	2	1,7,8,9,12,18,21
0	1	828	27	845	169	11,19	0,4,5,16	1	4,5,16,17,21,25,26
0	1	828	27	845	169	11,19	0,4,5,26	1	4,5,12,16,17,21,25
0	1	828	27	845	169	11,19	0,4,5,26	1	4,5,12,16,17,21,26
0	1	828	27	845	169	11,19	0,4,5,26	1	4,12,16,17,21,25,26
0	1	828	27	845	169	11,19	0,4,16,26	2	4,12,16,17,21,25,26
0	1	828	27	845	169	11,19	0,5,16,26	1	4,5,12,17,21,25,26
0	1	828	27	845	169	11,19	4,5,16,26	1	4,5,12,16,17,21,26
0	1	828	27	845	169	11,19	4,5,16,26	1	4,5,12,17,21,25,26
0	1	828	27	845	169	11,19	4,5,16,26	1	4,12,16,17,21,25,26
0	1	828	27	845	169	11,19	4,5,16,26	2	4,5,12,16,17,21,25
0	1	828	27	845	169	11,19	4,5,16,26	2	4,5,12,16,21,25,26
0	1	828	27	845	169	11,19	4,5,16,26	2	5,12,16,17,21,25,26
0	1	828	27	845	170	11,19	0,4,5,16	1	4,5,12,16,21,25,26
0	1	828	27	845	170	11,19	0,4,5,26	2	4,12,16,17,21,25,26
0	1	828	27	845	170	11,19	0,4,16,26	1	4,5,12,16,17,21,25
0	1	828	27	845	170	11,19	0,5,16,26	1	4,5,12,16,17,21,25
0	1	828	27	845	170	11,19	0,5,16,26	1	4,5,12,16,17,21,26
0	1	828	27	845	170	11,19	0,5,16,26	1	4,12,16,17,21,25,26
0	1	828	27	845	170	11,19	0,5,16,26	2	4,5,12,16,17,21,25
0	1	828	27	845	170	11,19	0,5,16,26	2	4,5,12,16,21,25,26
0	1	828	27	845	170	11,19	4,5,16,26	1	4,5,12,16,17,21,26
0	1	828	27	845	170	11,19	4,5,16,26	1	4,5,12,16,17,25,26
0	1	828	27	845	170	11,19	4,5,16,26	2	5,12,16,17,21,25,26
0	1	828	27	845	171	11,19	0,4,5,16	2	4,5,12,16,21,25,26
0	1	828	27	845	171	11,19	0,4,5,16	2	4,5,12,17,21,25,26
0	1	828	27	845	171	11,19	0,4,5,16	2	5,12,16,17,21,25,26
0	1	828	27	845	171	11,19	0,4,5,26	2	4,5,12,16,17,25,26
0	1	828	27	845	171	11,19	0,4,16,26	2	4,5,12,16,17,21,25
0	1	828	27	845	171	11,19	0,5,16,26	1	5,12,16,17,21,25,26
0	1	828	27	845	171	11,19	4,5,16,26	1	4,5,12,16,17,21,26
0	1	828	27	845	171	11,19	4,5,16,26	1	4,5,12,17,21,25,26
0	1	828	27	845	171	11,19	4,5,16,26	1	4,12,16,17,21,25,26
0	1	828	27	845	171	11,19	4,5,16,26	2	4,5,12,16,17,21,25
0	1	828	27	845	171	11,19	4,5,16,26	2	4,5,12,16,21,25,26
0	1	828	27	845	171	11,19	4,5,16,26	2	5,12,16,17,21,25,26
0	1	828	27	845	172	11,19	0,4,5,16	1	5,12,16,17,21,25,26
0	1	828	27	845	172	11,19	0,4,5,26	2	4,5,12,16,17,21,26
0	1	828	27	845	172	11,19	0,4,16,26	1	4,5,12,16,17,21,26
0	1	828	27	845	172	11,19	0,4,16,26	1	4,5,12,17,21,25,26
0	1	828	27	845	172	11,19	0,4,16,26	2	4,5,12,16,21,25,26
0	1	828	27	845	172	11,19	0,4,16,26	2	4,5,12,17,21,25,26
0	1	828	27	845	172	11,19	0,4,16,26	2	5,12,16,17,21,25,26
0	1	828	27	845	172	11,19	0,5,16,26	2	4,5,12,17,21,25,26
0	1	828	27	845	172	11,19	4,5,16,26	1	4,12,16,17,21,25,26
0	1	828	27	845	172	11,19	4,5,16,26	2	4,5,12,16,21,25,26
0	1	828	27	845	172	11,19	4,5,16,26	2	4,5,16,17,21,25,26
0	1	828	27	845	173	11,19	0,4,5,16	1	4,5,12,16,17,25,26
0	1	828	27	845	173	11,19	0,4,5,16	2	4,5,12,16,17,21,26
0	1	828	27	845	173	11,19	0,4,5,16	2	5,12,16,17,21,25,26
0	1	828	27	845	173	11,19	0,4,5,26	1	4,5,12,16,21,25,26
0	1	828	27	845	173	11,19	0,4,5,26	1	4,12,16,17,21,25,26
0	1	828	27	845	173	11,19	0,4,5,26	2	4,5,16,17,21,25,26
0	1	828	27	845	173	11,19	0,4,16,26	1	4,5,12,16,17,21,26
0	1	828	27	845	173	11,19	0,4,16,26	1	4,5,12,17,21,25,26
0	1	828	27	845	173	11,19	0,4,16,26	2	4,5,12,16,17,21,25
0	1	828	27	845	173	11,19	0,4,16,26	2	4,5,12,16,21,25,26
0	1	828	27	845	173	11,19	0,4,16,26	2	5,12,16,17,21,25,26
0	1	828	27	845	173	11,19	0,5,16,26	1	4,5,12,16,17,21,26
0	1	828	27	845	173	11,19	0,5,16,26	1	4,5,12,17,21,25,26
0	1	828	27	845	173	11,19	0,5,16,26	1	4,12,16,17,21,25,26
0	1	828	27	845	173	11,19	0,5,16,26	2	4,5,12,16,17,21,25
0	1	828	27	845	173	11,19	0,5,16,26	2	4,5,12,16,21,25,26
1	1	828	27	845	169	11,19	0,4,5,16	1	4,5,16,17,21,25,26
1	1	828	27	845	169	11,19	0,4,5,26	1	4,5,12,16,17,21,25
1	1	828	27	845	169	11,19	0,4,5,26	1	4,5,12,16,17,21,26
1	1	828	27	845	169	11,19	0,4,5,26	1	4,12,16,17,21,25,26
1	1	828	27	845	169	11,19	0,4,16,26	2	4,12,16,17,21,25,26
1	1	828	27	845	169	11,19	0,5,16,26	1	4,5,12,17,21,25,26
1	1	828	27	845	169	11,19	4,5,16,26	1	4,5,12,16,17,21,26
1	1	828	27	845	169	11,19	4,5,16,26	1	4,5,12,17,21,25,26
1	1	828	27	845	169	11,19	4,5,16,26	1	4,12,16,17,21,25,26
1	1	828	27	845	169	11,19	4,5,16,26	2	4,5,12,16,17,21,25
1	1	828	27	845	169	11,19	4,5,16,26	2	4,5,12,16,21,25,26
1	1	828	27	845	169	11,19	4,5,16,26	2	5,12,16,17,21,25,26
1	1	828	27	845	170	11,19	0,4,5,16	1	4,5,12,16,21,25,26
1	1	828	27	845	170	11,19	0,4,5,26	2	4,12,16,17,21,25,26
1	1	828	27	845	170	11,19	0,4,16,26	1	4,5,12,16,17,21,25
1	1	828	27	845	170	11,19	0,5,16,26	1	4,5,12,16,17,21,25
1	1	828	27	845	170	11,19	0,5,16,26	1	4,5,12,16,17,21,26
1	1	828	27	845	170	11,19	0,5,16,26	1	4,12,16,17,21,25,26
1	1	828	27	845	170	11,19	0,5,16,26	2	4,5,12,16,17,21,25
1	1	828	27	845	170	11,19	0,5,16,26	2	4,5,12,16,21,25,26
1	1	828	27	845	170	11,19	4,5,16,26	1	4,5,12,16,17,21,26
1	1	828	27	845	170	11,19	4,5,16,26	1	4,5,12,16,17,25,26
1	1	828	27	845	170	11,19	4,5,16,26	2	5,12,16,17,21,25,26
1	1	828	27	845	171	11,19	0,4,5,16	2	4,5,12,16,21,25,26
1	1	828	27	845	171	11,19	0,4,5,16	2	4,5,12,17,21,25,26
1	1	828	27	845	171	11,19	0,4,5,16	2	5,12,16,17,21,25,26
1	1	828	27	845	171	11,19	0,4,5,26	2	4,5,12,16,17,25,26
1	1	828	27	845	171	11,19	0,4,16,26	2	4,5,12,16,17,21,25
1	1	828	27	845	171	11,19	0,5,16,26	1	5,12,16,17,21,25,26
1	1	828	27	845	171	11,19	4,5,16,26	1	4,5,12,16,17,21,26
1	1	828	27	845	171	11,19	4,5,16,26	1	4,5,12,17,21,25,26
1	1	828	27	845	171	11,19	4,5,16,26	1	4,12,16,17,21,25,26
1	1	828	27	845	171	11,19	4,5,16,26	2	4,5,12,16,17,21,25
1	1	828	27	845	171	11,19	4,5,16,26	2	4,5,12,16,21,25,26
1	1	828	27	845	171	11,19	4,5,16,26	2	5,12,16,17,21,25,26
1	1	828	27	845	172	11,19	0,4,5,16	1	5,12,16,17,21,25,26
1	1	828	27	845	172	11,19	0,4,5,26	2	4,5,12,16,17,21,26
1	1	828	27	845	172	11,19	0,4,16,26	1	4,5,12,16,17,21,26
1	1	828	27	845	172	11,19	0,4,16,26	1	4,5,12,17,21,25,26
1	1	828	27	845	172	11,19	0,4,16,26	2	4,5,12,16,21,25,26
1	1	828	27	845	172	11,19	0,4,16,26	2	4,5,12,17,21,25,26
1	1	828	27	845	172	11,19	0,4,16,26	2	5,12,16,17,21,25,26
1	1	828	27	845	172	11,19	0,5,16,26	2	4,5,12,17,21,25,26
1	1	828	27	845	172	11,19	4,5,16,26	1	4,12,16,17,21,25,26
1	1	828	27	845	172	11,19	4,5,16,26	2	4,5,12,16,21,25,26
1	1	828	27	845	172	11,19	4,5,16,26	2	4,5,16,17,21,25,26
1	1	828	27	845	173	11,19	0,4,5,16	1	4,5,12,16,17,25,26
1	1	828	27	845	173	11,19	0,4,5,16	2	4,5,12,16,17,21,26
1	1	828	27	845	173	11,19	0,4,5,16	2	5,12,16,17,21,25,26
1	1	828	27	845	173	11,19	0,4,5,26	1	4,5,12,16,21,25,26
1	1	828	27	845	173	11,19	0,4,5,26	1	4,12,16,17,21,25,26
1	1	828	27	845	173	11,19	0,4,5,26	2	4,5,16,17,21,25,26
1	1	828	27	845	173	11,19	0,4,16,26	1	4,5,12,16,17,21,26
1	1	828	27	845	173	11,19	0,4,16,26	1	4,5,12,17,21,25,26
1	1	828	27	845	173	11,19	0,4,16,26	2	4,5,12,16,17,21,25
1	1	828	27	845	173	11,19	0,4,16,26	2	4,5,12,16,21,25,26
1	1	828	27	845	173	11,19	0,4,16,26	2	5,12,16,17,21,25,26
1	1	828	27	845	173	11,19	0,5,16,26	1	4,5,12,16,17,21,26
1	1	828	27	845	173	11,19	0,5,16,26	1	4,5,12,17,21,25,26
1	1	828	27	845	173	11,19	0,5,16,26	1	4,12,16,17,21,25,26
1	1	828	27	845	173	11,19	0,5,16,26	2	4,5,12,16,17,21,25
1	1	828	27	845	173	11,19	0,5,16,26	2	4,5,12,16,21,25,26
2	1	828	27	845	169	11,19	0,4,5,16	1	4,5,16,17,21,25,26
2	1	828	27	845	169	11,19	0,4,5,26	1	4,5,12,16,17,21,25
2	1	828	27	845	169	11,19	0,4,5,26	1	4,5,12,16,17,21,26
2	1	828	27	845	169	11,19	0,4,5,26	1	4,12,16,17,21,25,26
2	1	828	27	845	169	11,19	0,4,16,26	2	4,12,16,17,21,25,26
2	1	828	27	845	169	11,19	0,5,16,26	1	4,5,12,17,21,25,26
2	1	828	27	845	169	11,19	4,5,16,26	1	4,5,12,16,17,21,26
2	1	828	27	845	169	11,19	4,5,16,26	1	4,5,12,17,21,25,26
2	1	828	27	845	169	11,19	4,5,16,26	1	4,12,16,17,21,25,26
2	1	828	27	845	169	11,19	4,5,16,26	2	4,5,12,16,17,21,25
2	1	828	27	845	169	11,19	4,5,16,26	2	4,5,12,16,21,25,26
2	1	828	27	845	169	11,19	4,5,16,26	2	5,12,16,17,21,25,26
2	1	828	27	845	170	11,19	0,4,5,16	1	4,5,12,16,21,25,26
2	1	828	27	845	170	11,19	0,4,5,26	2	4,12,16,17,21,25,26
2	1	828	27	845	170	11,19	0,4,16,26	1	4,5,12,16,17,21,25
2	1	828	27	845	170	11,19	0,5,16,26	1	4,5,12,16,17,21,25
2	1	828	27	845	170	11,19	0,5,16,26	1	4,5,12,16,17,21,26
2	1	828	27	845	170	11,19	0,5,16,26	1	4,12,16,17,21,25,26
2	1	828	27	845	170	11,19	0,5,16,26	2	4,5,12,16,17,21,25
2	1	828	27	845	170	11,19	0,5,16,26	2	4,5,12,16,21,25,26
2	1	828	27	845	170	11,19	4,5,16,26	1	4,5,12,16,17,21,26
2	1	828	27	845	170	11,19	4,5,16,26	1	4,5,12,16,17,25,26
2	1	828	27	845	170	11,19	4,5,16,26	2	5,12,16,17,21,25,26
2	1	828	27	845	171	11,19	0,4,5,16	2	4,5,12,16,21,25,26
2	1	828	27	845	171	11,19	0,4,5,16	2	4,5,12,17,21,25,26
2	1	828	27	845	171	11,19	0,4,5,16	2	5,12,16,17,21,25,26
2	1	828	27	845	171	11,19	0,4,5,26	2	4,5,12,16,17,25,26
2	1	828	27	845	171	11,19	0,4,16,26	2	4,5,12,16,17,21,25
2	1	828	27	845	171	11,19	0,5,16,26	1	5,12,16,17,21,25,26
2	1	828	27	845	171	11,19	4,5,16,26	1	4,5,12,16,17,21,26
2	1	828	27	845	171	11,19	4,5,16,26	1	4,5,12,17,21,25,26
2	1	828	27	845	171	11,19	4,5,16,26	1	4,12,16,17,21,25,26
2	1	828	27	845	171	11,19	4,5,16,26	2	4,5,12,16,17,21,25
2	1	828	27	845	171	11,19	4,5,16,26	2	4,5,12,16,21,25,26
2	1	828	27	845	171	11,19	4,5,16,26	2	5,12,16,17,21,25,26
2	1	828	27	845	172	11,19	0,4,5,16	1	5,12,16,17,21,25,26
2	1	828	27	845	172	11,19	0,4,5,26	2	4,5,12,16,17,21,26
2	1	828	27	845	172	11,19	0,4,16,26	1	4,5,12,16,17,21,26
2	1	828	27	845	172	11,19	0,4,16,26	1	4,5,12,17,21,25,26
2	1	828	27	845	172	11,19	0,4,16,26	2	4,5,12,16,21,25,26
2	1	828	27	845	172	11,19	0,4,16,26	2	4,5,12,17,21,25,26
2	1	828	27	845	172	11,19	0,4,16,26	2	5,12,16,17,21,25,26
2	1	828	27	845	172	11,19	0,5,16,26	2	4,5,12,17,21,25,26
2	1	828	27	845	172	11,19	4,5,16,26	1	4,12,16,17,21,25,26
2	1	828	27	845	172	11,19	4,5,16,26	2	4,5,12,16,21,25,26
2	1	828	27	845	172	11,19	4,5,16,26	2	4,5,16,17,21,25,26
2	1	828	27	845	173	11,19	0,4,5,16	1	4,5,12,16,17,25,26
2	1	828	27	845	173	11,19	0,4,5,16	2	4,5,12,16,17,21,26
2	1	828	27	845	173	11,19	0,4,5,16	2	5,12,16,17,21,25,26
2	1	828	27	845	173	11,19	0,4,5,26	1	4,5,12,16,21,25,26
2	1	828	27	845	173	11,19	0,4,5,26	1	4,12,16,17,21,25,26
2	1	828	27	845	173	11,19	0,4,5,26	2	4,5,16,17,21,25,26
2	1	828	27	845	173	11,19	0,4,16,26	1	4,5,12,16,17,21,26
2	1	828	27	845	173	11,19	0,4,16,26	1	4,5,12,17,21,25,26
2	1	828	27	845	173	11,19	0,4,16,26	2	4,5,12,16,17,21,25
2	1	828	27	845	173	11,19	0,4,16,26	2	4,5,12,16,21,25,26
2	1	828	27	845	173	11,19	0,4,16,26	2	5,12,16,17,21,25,26
2	1	828	27	845	173	11,19	0,5,16,26	1	4,5,12,16,17,21,26
2	1	828	27	845	173	11,19	0,5,16,26	1	4,5,12,17,21,25,26
2	1	828	27	845	173	11,19	0,5,16,26	1	4,12,16,17,21,25,26
2	1	828	27	845	173	11,19	0,5,16,26	2	4,5,12,16,17,21,25
2	1	828	27	845	173	11,19	0,5,16,26	2	4,5,12,16,21,25,26
3	1	828	27	845	169	11,19	0,4,5,16	1	4,5,16,17,21,25,26
3	1	828	27	845	169	11,19	0,4,5,26	1	4,5,12,16,17,21,25
3	1	828	27	845	169	11,19	0,4,5,26	1	4,5,12,16,17,21,26
3	1	828	27	845	169	11,19	0,4,5,26	1	4,12,16,17,21,25,26
3	1	828	27	845	169	11,19	0,4,16,26	2	4,12,16,17,21,25,26
3	1	828	27	845	169	11,19	0,5,16,26	1	4,5,12,17,21,25,26
3	1	828	27	845	169	11,19	4,5,16,26	1	4,5,12,16,17,21,26
3	1	828	27	845	169	11,19	4,5,16,26	1	4,5,12,17,21,25,26
3	1	828	27	845	169	11,19	4,5,16,26	1	4,12,16,17,21,25,26
3	1	828	27	845	169	11,19	4,5,16,26	2	4,5,12,16,17,21,25
3	1	828	27	845	169	11,19	4,5,16,26	2	4,5,12,16,21,25,26
3	1	828	27	845	169	11,19	4,5,16,26	2	5,12,16,17,21,25,26
3	1	828	27	845	170	11,19	0,4,5,16	1	4,5,12,16,21,25,26
3	1	828	27	845	170	11,19	0,4,5,26	2	4,12,16,17,21,25,26
3	1	828	27	845	170	11,19	0,4,16,26	1	4,5,12,16,17,21,25
3	1	828	27	845	170	11,19	0,5,16,26	1	4,5,12,16,17,21,25
3	1	828	27	845	170	11,19	0,5,16,26	1	4,5,12,16,17,21,26
3	1	828	27	845	170	11,19	0,5,16,26	1	4,12,16,17,21,25,26
3	1	828	27	845	170	11,19	0,5,16,26	2	4,5,12,16,17,21,25
3	1	828	27	845	170	11,19	0,5,16,26	2	4,5,12,16,21,25,26
3	1	828	27	845	170	11,19	4,5,16,26	1	4,5,12,16,17,21,26
3	1	828	27	845	170	11,19	4,5,16,26	1	4,5,12,16,17,25,26
3	1	828	27	845	170	11,19	4,5,16,26	2	5,12,16,17,21,25,26
3	1	828	27	845	171	11,19	0,4,5,16	2	4,5,12,16,21,25,26
3	1	828	27	845	171	11,19	0,4,5,16	2	4,5,12,17,21,25,26
3	1	828	27	845	171	11,19	0,4,5,16	2	5,12,16,17,21,25,26
3	1	828	27	845	171	11,19	0,4,5,26	2	4,5,12,16,17,25,26
3	1	828	27	845	171	11,19	0,4,16,26	2	4,5,12,16,17,21,25
3	1	828	27	845	171	11,19	0,5,16,26	1	5,12,16,17,21,25,26
3	1	828	27	845	171	11,19	4,5,16,26	1	4,5,12,16,17,21,26
3	1	828	27	845	171	11,19	4,5,16,26	1	4,5,12,17,21,25,26
3	1	828	27	845	171	11,19	4,5,16,26	1	4,12,16,17,21,25,26
3	1	828	27	845	171	11,19	4,5,16,26	2	4,5,12,16,17,21,25
3	1	828	27	845	171	11,19	4,5,16,26	2	4,5,12,16,21,25,26
3	1	828	27	845	171	11,19	4,5,16,26	2	5,12,16,17,21,25,26
3	1	828	27	845	172	11,19	0,4,5,16	1	5,12,16,17,21,25,26
3	1	828	27	845	172	11,19	0,4,5,26	2	4,5,12,16,17,21,26
3	1	828	27	845	172	11,19	0,4,16,26	1	4,5,12,16,17,21,26
3	1	828	27	845	172	11,19	0,4,16,26	1	4,5,12,17,21,25,26
3	1	828	27	845	172	11,19	0,4,16,26	2	4,5,12,16,21,25,26
3	1	828	27	845	172	11,19	0,4,16,26	2	4,5,12,17,21,25,26
3	1	828	27	845	172	11,19	0,4,16,26	2	5,12,16,17,21,25,26
3	1	828	27	845	172	11,19	0,5,16,26	2	4,5,12,17,21,25,26
3	1	828	27	845	172	11,19	4,5,16,26	1	4,12,16,17,21,25,26
3	1	828	27	845	172	11,19	4,5,16,26	2	4,5,12,16,21,25,26
3	1	828	27	845	172	11,19	4,5,16,26	2	4,5,16,17,21,25,26
3	1	828	27	845	173	11,19	0,4,5,16	1	4,5,12,16,17,25,26
3	1	828	27	845	173	11,19	0,4,5,16	2	4,5,12,16,17,21,26
3	1	828	27	845	173	11,19	0,4,5,16	2	5,12,16,17,21,25,26
3	1	828	27	845	173	11,19	0,4,5,26	1	4,5,12,16,21,25,26
3	1	828	27	845	173	11,19	0,4,5,26	1	4,12,16,17,21,25,26
3	1	828	27	845	173	11,19	0,4,5,26	2	4,5,16,17,21,25,26
3	1	828	27	845	173	11,19	0,4,16,26	1	4,5,12,16,17,21,26
3	1	828	27	845	173	11,19	0,4,16,26	1	4,5,12,17,21,25,26
3	1	828	27	845	173	11,19	0,4,16,26	2	4,5,12,16,17,21,25
3	1	828	27	845	173	11,19	0,4,16,26	2	4,5,12,16,21,25,26
3	1	828	27	845	173	11,19	0,4,16,26	2	5,12,16,17,21,25,26
3	1	828	27	845	173	11,19	0,5,16,26	1	4,5,12,16,17,21,26
3	1	828	27	845	173	11,19	0,5,16,26	1	4,5,12,17,21,25,26
3	1	828	27	845	173	11,19	0,5,16,26	1	4,12,16,17,21,25,26
3	1	828	27	845	173	11,19	0,5,16,26	2	4,5,12,16,17,21,25
3	1	828	27	845	173	11,19	0,5,16,26	2	4,5,12,16,21,25,26
Cap configurations: 496

3-flat point count: 8,2,8;4,1,2;5,4,7
Excluded point counts: 5,18,18;6,17,18
0	0	828	12	845	169	3	0,7,8,14	1,2	1,2,7,8,12,18,21
0	0	828	12	845	169	3	0,7,8,14	1,2	1,7,8,9,12,18,21
0	0	828	12	845	169	3	0,7,8,22	1,2	1,2,7,8,9,12,21
0	0	828	12	845	169	3	0,7,8,22	1,2	2,7,8,9,12,18,21
0	0	828	12	845	169	3	0,7,14,22	1,2	1,2,7,8,9,18,21
0	0	828	12	845	169	3	0,7,14,22	1,2	1,2,7,8,12,18,21
0	0	828	12	845	169	3	0,8,14,22	1,2	1,2,7,8,12,18,21
0	0	828	12	845	169	3	0,8,14,22	1,2	1,2,7,9,12,18,21
0	0	828	12	845	169	3	7,8,14,22	1,2	1,2,7,8,12,18,21
0	0	828	12	845	169	3	7,8,14,22	1,2	2,7,8,9,12,18,21
0	0	828	12	845	169	6	0,7,8,14	1,2	1,2,7,8,9,12,18
0	0	828	12	845	169	6	0,7,8,14	1,2	1,2,7,8,9,12,21
0	0	828	12	845	169	6	0,7,8,14	1,2	1,2,7,8,9,18,21
0	0	828	12	845	169	6	0,7,8,14	1,2	2,7,8,9,12,18,21
0	0	828	12	845	169	6	0,7,8,22	1,2	1,2,7,8,9,12,18
0	0	828	12	845	169	6	0,7,8,22	1,2	1,2,7,8,9,12,21
0	0	828	12	845	169	6	0,7,8,22	1,2	1,7,8,9,12,18,21
0	0	828	12	845	169	6	0,7,14,22	1,2	1,2,7,8,9,12,18
0	0	828	12	845	169	6	0,7,14,22	1,2	1,7,8,9,12,18,21
0	0	828	12	845	169	6	0,8,14,22	1,2	1,2,8,9,12,18,21
0	0	828	12	845	169	6	0,8,14,22	1,2	2,7,8,9,12,18,21
0	0	828	12	845	169	6	7,8,14,22	1,2	1,2,7,9,12,18,21
0	0	828	12	845	169	6	7,8,14,22	1,2	1,2,8,9,12,18,21
0	0	828	12	845	169	6	7,8,14,22	1,2	2,7,8,9,12,18,21
0	0	828	12	845	170	3	0,7,8,14	1,2	1,2,7,8,9,12,18
0	0	828	12	845	170	3	0,7,8,14	1,2	1,2,7,8,12,18,21
0	0	828	12	845	170	3	0,7,8,14	1,2	1,2,7,9,12,18,21
0	0	828	12	845	170	3	0,7,8,22	1,2	1,2,7,9,12,18,21
0	0	828	12	845	170	3	0,7,8,22	1,2	1,2,8,9,12,18,21
0	0	828	12	845	170	3	0,7,8,22	1,2	2,7,8,9,12,18,21
0	0	828	12	845	170	3	0,7,14,22	1,2	1,2,7,8,12,18,21
0	0	828	12	845	170	3	0,7,14,22	1,2	1,2,7,9,12,18,21
0	0	828	12	845	170	3	0,7,14,22	1,2	1,2,8,9,12,18,21
0	0	828	12	845	170	3	0,7,14,22	1,2	2,7,8,9,12,18,21
0	0	828	12	845	170	3	0,8,14,22	1,2	1,2,7,8,12,18,21
0	0	828	12	845	170	3	0,8,14,22	1,2	1,2,7,9,12,18,21
0	0	828	12	845	170	3	0,8,14,22	1,2	1,7,8,9,12,18,21
0	0	828	12	845	170	3	7,8,14,22	1,2	1,2,7,8,9,12,18
0	0	828	12	845	170	3	7,8,14,22	1,2	1,2,7,8,9,18,21
0	0	828	12	845	170	3	7,8,14,22	1,2	1,2,7,8,12,18,21
0	0	828	12	845	170	3	7,8,14,22	1,2	2,7,8,9,12,18,21
0	0	828	12	845	170	6	0,7,8,14	1,2	1,2,7,8,9,12,18
0	0	828	12	845	170	6	0,7,8,14	1,2	1,2,7,8,9,12,21
0	0	828	12	845	170	6	0,7,8,14	1,2	1,2,7,8,9,18,21
0	0	828	12	845	170	6	0,7,8,22	1,2	1,2,7,8,9,12,18
0	0	828	12	845	170	6	0,7,8,22	1,2	1,2,8,9,12,18,21
0	0	828	12	845	170	6	0,7,8,22	1,2	1,7,8,9,12,18,21
0	0	828	12	845	170	6	0,7,14,22	1,2	1,2,7,8,9,12,21
0	0	828	12	845	170	6	0,7,14,22	1,2	1,7,8,9,12,18,21
0	0	828	12	845	170	6	0,8,14,22	1,2	1,2,7,8,9,12,21
0	0	828	12	845	170	6	0,8,14,22	1,2	1,7,8,9,12,18,21
0	0	828	12	845	170	6	7,8,14,22	1,2	1,2,8,9,12,18,21
0	0	828	12	845	171	3	0,7,8,14	1,2	1,2,7,8,12,18,21
0	0	828	12	845	171	3	0,7,8,14	1,2	1,7,8,9,12,18,21
0	0	828	12	845	171	3	0,7,8,22	1,2	1,2,7,8,9,12,21
0	0	828	12	845	171	3	0,7,8,22	1,2	2,7,8,9,12,18,21
0	0	828	12	845	171	3	0,7,14,22	1,2	1,2,7,8,9,12,21
0	0	828	12	845	171	3	0,7,14,22	1,2	1,2,8,9,12,18,21
0	0	828	12	845	171	3	0,8,14,22	1,2	1,2,7,8,9,12,18
0	0	828	12	845	171	3	0,8,14,22	1,2	1,2,7,8,9,12,21
0	0	828	12	845	171	3	7,8,14,22	1,2	1,2,7,8,9,12,21
0	0	828	12	845	171	3	7,8,14,22	1,2	1,7,8,9,12,18,21
0	0	828	12	845	171	6	0,7,8,14	1,2	1,2,7,8,9,18,21
0	0	828	12	845	171	6	0,7,8,14	1,2	1,2,7,8,12,18,21
0	0	828	12	845	171	6	0,7,8,14	1,2	2,7,8,9,12,18,21
0	0	828	12	845	171	6	0,7,8,22	1,2	1,2,7,8,9,12,18
0	0	828	12	845	171	6	0,7,8,22	1,2	1,2,7,8,9,18,21
0	0	828	12	845	171	6	0,7,8,22	1,2	1,2,7,8,12,18,21
0	0	828	12	845	171	6	0,7,8,22	1,2	1,7,8,9,12,18,21
0	0	828	12	845	171	6	0,7,14,22	1,2	1,2,7,9,12,18,21
0	0	828	12	845	171	6	0,7,14,22	1,2	1,7,8,9,12,18,21
0	0	828	12	845	171	6	0,8,14,22	1,2	1,2,7,8,9,18,21
0	0	828	12	845	171	6	0,8,14,22	1,2	2,7,8,9,12,18,21
0	0	828	12	845	171	6	7,8,14,22	1,2	1,2,7,9,12,18,21
0	0	828	12	845	171	6	7,8,14,22	1,2	1,2,8,9,12,18,21
0	0	828	12	845	171	6	7,8,14,22	1,2	1,7,8,9,12,18,21
0	0	828	12	845	172	3	0,7,8,14	1,2	1,2,7,9,12,18,21
0	0	828	12	845	172	3	0,7,8,14	1,2	1,2,8,9,12,18,21
0	0	828	12	845	172	3	0,7,8,14	1,2	1,7,8,9,12,18,21
0	0	828	12	845	172	3	0,7,8,22	1,2	1,2,7,8,9,12,21
0	0	828	12	845	172	3	0,7,8,22	1,2	1,2,7,8,9,18,21
0	0	828	12	845	172	3	0,7,8,22	1,2	1,2,8,9,12,18,21
0	0	828	12	845	172	3	0,7,14,22	1,2	1,2,7,8,9,12,21
0	0	828	12	845	172	3	0,7,14,22	1,2	1,2,8,9,12,18,21
0	0	828	12	845	172	3	0,7,14,22	1,2	2,7,8,9,12,18,21
0	0	828	12	845	172	3	0,8,14,22	1,2	1,2,7,8,9,12,21
0	0	828	12	845	172	3	0,8,14,22	1,2	1,2,7,9,12,18,21
0	0	828	12	845	172	3	0,8,14,22	1,2	1,2,8,9,12,18,21
0	0	828	12	845	172	3	0,8,14,22	1,2	1,7,8,9,12,18,21
0	0	828	12	845	172	3	7,8,14,22	1,2	1,2,7,8,9,12,18
0	0	828	12	845	172	3	7,8,14,22	1,2	1,2,7,8,9,12,21
0	0	828	12	845	172	3	7,8,14,22	1,2	1,2,7,8,9,18,21
0	0	828	12	845	172	3	7,8,14,22	1,2	1,7,8,9,12,18,21
0	0	828	12	845	172	6	0,7,8,14	1,2	1,2,7,8,9,18,21
0	0	828	12	845	172	6	0,7,8,14	1,2	1,2,7,9,12,18,21
0	0	828	12	845	172	6	0,7,8,14	1,2	2,7,8,9,12,18,21
0	0	828	12	845	172	6	0,7,8,22	1,2	1,2,7,8,9,12,18
0	0	828	12	845	172	6	0,7,8,22	1,2	1,2,7,8,9,18,21
0	0	828	12	845	172	6	0,7,8,22	1,2	1,2,7,8,12,18,21
0	0	828	12	845	172	6	0,7,14,22	1,2	1,2,7,8,12,18,21
0	0	828	12	845	172	6	0,7,14,22	1,2	2,7,8,9,12,18,21
0	0	828	12	845	172	6	0,8,14,22	1,2	1,2,7,8,12,18,21
0	0	828	12	845	172	6	0,8,14,22	1,2	2,7,8,9,12,18,21
0	0	828	12	845	172	6	7,8,14,22	1,2	1,2,7,9,12,18,21
0	0	828	12	845	173	3	0,7,8,14	1,2	1,2,7,8,9,12,18
0	0	828	12	845	173	3	0,7,8,22	1,2	1,2,7,8,9,18,21
0	0	828	12	845	173	3	0,7,14,22	1,2	1,2,7,8,9,12,18
0	0	828	12	845	173	3	0,7,14,22	1,2	1,2,7,8,9,18,21
0	0	828	12	845	173	3	0,7,14,22	1,2	1,2,7,8,12,18,21
0	0	828	12	845	173	3	0,8,14,22	1,2	1,2,7,8,9,12,18
0	0	828	12	845	173	3	0,8,14,22	1,2	1,2,7,8,9,12,21
0	0	828	12	845	173	3	0,8,14,22	1,2	1,2,7,8,9,18,21
0	0	828	12	845	173	6	0,7,8,14	1,2	1,2,7,8,9,12,21
0	0	828	12	845	173	6	0,7,8,14	1,2	1,2,7,9,12,18,21
0	0	828	12	845	173	6	0,7,8,14	1,2	1,2,8,9,12,18,21
0	0	828	12	845	173	6	0,7,8,14	1,2	2,7,8,9,12,18,21
0	0	828	12	845	173	6	0,7,8,22	1,2	1,2,7,8,12,18,21
0	0	828	12	845	173	6	0,7,8,22	1,2	1,2,7,9,12,18,21
0	0	828	12	845	173	6	0,7,8,22	1,2	1,2,8,9,12,18,21
0	0	828	12	845	173	6	0,7,8,22	1,2	1,7,8,9,12,18,21
0	0	828	12	845	173	6	0,7,14,22	1,2	1,2,7,8,12,18,21
0	0	828	12	845	173	6	0,7,14,22	1,2	1,7,8,9,12,18,21
0	0	828	12	845	173	6	0,8,14,22	1,2	1,2,7,8,9,12,21
0	0	828	12	845	173	6	0,8,14,22	1,2	2,7,8,9,12,18,21
0	1	828	12	845	169	3	0,7,8,14	1,2	1,2,7,8,12,18,21
0	1	828	12	845	169	3	0,7,8,14	1,2	1,7,8,9,12,18,21
0	1	828	12	845	169	3	0,7,8,22	1,2	1,2,7,8,9,12,21
0	1	828	12	845	169	3	0,7,8,22	1,2	2,7,8,9,12,18,21
0	1	828	12	845	169	3	0,7,14,22	1,2	1,2,7,8,9,18,21
0	1	828	12	845	169	3	0,7,14,22	1,2	1,2,7,8,12,18,21
0	1	828	12	845	169	3	0,8,14,22	1,2	1,2,7,8,12,18,21
0	1	828	12	845	169	3	0,8,14,22	1,2	1,2,7,9,12,18,21
0	1	828	12	845	169	3	7,8,14,22	1,2	1,2,7,8,12,18,21
0	1	828	12	845	169	3	7,8,14,22	1,2	2,7,8,9,12,18,21
0	1	828	12	845	169	6	0,7,8,14	1,2	1,2,7,8,9,12,18
0	1	828	12	845	169	6	0,7,8,14	1,2	1,2,7,8,9,12,21
0	1	828	12	845	169	6	0,7,8,14	1,2	1,2,7,8,9,18,21
0	1	828	12	845	169	6	0,7,8,14	1,2	2,7,8,9,12,18,21
0	1	828	12	845	169	6	0,7,8,22	1,2	1,2,7,8,9,12,18
0	1	828	12	845	169	6	0,7,8,22	1,2	1,2,7,8,9,12,21
0	1	828	12	845	169	6	0,7,8,22	1,2	1,7,8,9,12,18,21
0	1	828	12	845	169	6	0,7,14,22	1,2	1,2,7,8,9,12,18
0	1	828	12	845	169	6	0,7,14,22	1,2	1,7,8,9,12,18,21
0	1	828	12	845	169	6	0,8,14,22	1,2	1,2,8,9,12,18,21
0	1	828	12	845	169	6	0,8,14,22	1,2	2,7,8,9,12,18,21
0	1	828	12	845	169	6	7,8,14,22	1,2	1,2,7,9,12,18,21
0	1	828	12	845	169	6	7,8,14,22	1,2	1,2,8,9,12,18,21
0	1	828	12	845	169	6	7,8,14,22	1,2	2,7,8,9,12,18,21
0	1	828	12	845	170	3	0,7,8,14	1,2	1,2,7,8,9,12,18
0	1	828	12	845	170	3	0,7,8,14	1,2	1,2,7,8,12,18,21
0	1	828	12	845	170	3	0,7,8,14	1,2	1,2,7,9,12,18,21
0	1	828	12	845	170	3	0,7,8,22	1,2	1,2,7,9,12,18,21
0	1	828	12	845	170	3	0,7,8,22	1,2	1,2,8,9,12,18,21
0	1	828	12	845	170	3	0,7,8,22	1,2	2,7,8,9,12,18,21
0	1	828	12	845	170	3	0,7,14,22	1,2	1,2,7,8,12,18,21
0	1	828	12	845	170	3	0,7,14,22	1,2	1,2,7,9,12,18,21
0	1	828	12	845	170	3	0,7,14,22	1,2	1,2,8,9,12,18,21
0	1	828	12	845	170	3	0,7,14,22	1,2	2,7,8,9,12,18,21
0	1	828	12	845	170	3	0,8,14,22	1,2	1,2,7,8,12,18,21
0	1	828	12	845	170	3	0,8,14,22	1,2	1,2,7,9,12,18,21
0	1	828	12	845	170	3	0,8,14,22	1,2	1,7,8,9,12,18,21
0	1	828	12	845	170	3	7,8,14,22	1,2	1,2,7,8,9,12,18
0	1	828	12	845	170	3	7,8,14,22	1,2	1,2,7,8,9,18,21
0	1	828	12	845	170	3	7,8,14,22	1,2	1,2,7,8,12,18,21
0	1	828	12	845	170	3	7,8,14,22	1,2	2,7,8,9,12,18,21
0	1	828	12	845	170	6	0,7,8,14	1,2	1,2,7,8,9,12,18
0	1	828	12	845	170	6	0,7,8,14	1,2	1,2,7,8,9,12,21
0	1	828	12	845	170	6	0,7,8,14	1,2	1,2,7,8,9,18,21
0	1	828	12	845	170	6	0,7,8,22	1,2	1,2,7,8,9,12,18
0	1	828	12	845	170	6	0,7,8,22	1,2	1,2,8,9,12,18,21
0	1	828	12	845	170	6	0,7,8,22	1,2	1,7,8,9,12,18,21
0	1	828	12	845	170	6	0,7,14,22	1,2	1,2,7,8,9,12,21
0	1	828	12	845	170	6	0,7,14,22	1,2	1,7,8,9,12,18,21
0	1	828	12	845	170	6	0,8,14,22	1,2	1,2,7,8,9,12,21
0	1	828	12	845	170	6	0,8,14,22	1,2	1,7,8,9,12,18,21
0	1	828	12	845	170	6	7,8,14,22	1,2	1,2,8,9,12,18,21
0	1	828	12	845	171	3	0,7,8,14	1,2	1,2,7,8,12,18,21
0	1	828	12	845	171	3	0,7,8,14	1,2	1,7,8,9,12,18,21
0	1	828	12	845	171	3	0,7,8,22	1,2	1,2,7,8,9,12,21
0	1	828	12	845	171	3	0,7,8,22	1,2	2,7,8,9,12,18,21
0	1	828	12	845	171	3	0,7,14,22	1,2	1,2,7,8,9,12,21
0	1	828	12	845	171	3	0,7,14,22	1,2	1,2,8,9,12,18,21
0	1	828	12	845	171	3	0,8,14,22	1,2	1,2,7,8,9,12,18
0	1	828	12	845	171	3	0,8,14,22	1,2	1,2,7,8,9,12,21
0	1	828	12	845	171	3	7,8,14,22	1,2	1,2,7,8,9,12,21
0	1	828	12	845	171	3	7,8,14,22	1,2	1,7,8,9,12,18,21
0	1	828	12	845	171	6	0,7,8,14	1,2	1,2,7,8,9,18,21
0	1	828	12	845	171	6	0,7,8,14	1,2	1,2,7,8,12,18,21
0	1	828	12	845	171	6	0,7,8,14	1,2	2,7,8,9,12,18,21
0	1	828	12	845	171	6	0,7,8,22	1,2	1,2,7,8,9,12,18
0	1	828	12	845	171	6	0,7,8,22	1,2	1,2,7,8,9,18,21
0	1	828	12	845	171	6	0,7,8,22	1,2	1,2,7,8,12,18,21
0	1	828	12	845	171	6	0,7,8,22	1,2	1,7,8,9,12,18,21
0	1	828	12	845	171	6	0,7,14,22	1,2	1,2,7,9,12,18,21
0	1	828	12	845	171	6	0,7,14,22	1,2	1,7,8,9,12,18,21
0	1	828	12	845	171	6	0,8,14,22	1,2	1,2,7,8,9,18,21
0	1	828	12	845	171	6	0,8,14,22	1,2	2,7,8,9,12,18,21
0	1	828	12	845	171	6	7,8,14,22	1,2	1,2,7,9,12,18,21
0	1	828	12	845	171	6	7,8,14,22	1,2	1,2,8,9,12,18,21
0	1	828	12	845	171	6	7,8,14,22	1,2	1,7,8,9,12,18,21
0	1	828	12	845	172	3	0,7,8,14	1,2	1,2,7,9,12,18,21
0	1	828	12	845	172	3	0,7,8,14	1,2	1,2,8,9,12,18,21
0	1	828	12	845	172	3	0,7,8,14	1,2	1,7,8,9,12,18,21
0	1	828	12	845	172	3	0,7,8,22	1,2	1,2,7,8,9,12,21
0	1	828	12	845	172	3	0,7,8,22	1,2	1,2,7,8,9,18,21
0	1	828	12	845	172	3	0,7,8,22	1,2	1,2,8,9,12,18,21
0	1	828	12	845	172	3	0,7,14,22	1,2	1,2,7,8,9,12,21
0	1	828	12	845	172	3	0,7,14,22	1,2	1,2,8,9,12,18,21
0	1	828	12	845	172	3	0,7,14,22	1,2	2,7,8,9,12,18,21
0	1	828	12	845	172	3	0,8,14,22	1,2	1,2,7,8,9,12,21
0	1	828	12	845	172	3	0,8,14,22	1,2	1,2,7,9,12,18,21
0	1	828	12	845	172	3	0,8,14,22	1,2	1,2,8,9,12,18,21
0	1	828	12	845	172	3	0,8,14,22	1,2	1,7,8,9,12,18,21
0	1	828	12	845	172	3	7,8,14,22	1,2	1,2,7,8,9,12,18
0	1	828	12	845	172	3	7,8,14,22	1,2	1,2,7,8,9,12,21
0	1	828	12	845	172	3	7,8,14,22	1,2	1,2,7,8,9,18,21
0	1	828	12	845	172	3	7,8,14,22	1,2	1,7,8,9,12,18,21
0	1	828	12	845	172	6	0,7,8,14	1,2	1,2,7,8,9,18,21
0	1	828	12	845	172	6	0,7,8,14	1,2	1,2,7,9,12,18,21
0	1	828	12	845	172	6	0,7,8,14	1,2	2,7,8,9,12,18,21
0	1	828	12	845	172	6	0,7,8,22	1,2	1,2,7,8,9,12,18
0	1	828	12	845	172	6	0,7,8,22	1,2	1,2,7,8,9,18,21
0	1	828	12	845	172	6	0,7,8,22	1,2	1,2,7,8,12,18,21
0	1	828	12	845	172	6	0,7,14,22	1,2	1,2,7,8,12,18,21
0	1	828	12	845	172	6	0,7,14,22	1,2	2,7,8,9,12,18,21
0	1	828	12	845	172	6	0,8,14,22	1,2	1,2,7,8,12,18,21
0	1	828	12	845	172	6	0,8,14,22	1,2	2,7,8,9,12,18,21
0	1	828	12	845	172	6	7,8,14,22	1,2	1,2,7,9,12,18,21
0	1	828	12	845	173	3	0,7,8,14	1,2	1,2,7,8,9,12,18
0	1	828	12	845	173	3	0,7,8,22	1,2	1,2,7,8,9,18,21
0	1	828	12	845	173	3	0,7,14,22	1,2	1,2,7,8,9,12,18
0	1	828	12	845	173	3	0,7,14,22	1,2	1,2,7,8,9,18,21
0	1	828	12	845	173	3	0,7,14,22	1,2	1,2,7,8,12,18,21
0	1	828	12	845	173	3	0,8,14,22	1,2	1,2,7,8,9,12,18
0	1	828	12	845	173	3	0,8,14,22	1,2	1,2,7,8,9,12,21
0	1	828	12	845	173	3	0,8,14,22	1,2	1,2,7,8,9,18,21
0	1	828	12	845	173	6	0,7,8,14	1,2	1,2,7,8,9,12,21
0	1	828	12	845	173	6	0,7,8,14	1,2	1,2,7,9,12,18,21
0	1	828	12	845	173	6	0,7,8,14	1,2	1,2,8,9,12,18,21
0	1	828	12	845	173	6	0,7,8,14	1,2	2,7,8,9,12,18,21
0	1	828	12	845	173	6	0,7,8,22	1,2	1,2,7,8,12,18,21
0	1	828	12	845	173	6	0,7,8,22	1,2	1,2,7,9,12,18,21
0	1	828	12	845	173	6	0,7,8,22	1,2	1,2,8,9,12,18,21
0	1	828	12	845	173	6	0,7,8,22	1,2	1,7,8,9,12,18,21
0	1	828	12	845	173	6	0,7,14,22	1,2	1,2,7,8,12,18,21
0	1	828	12	845	173	6	0,7,14,22	1,2	1,7,8,9,12,18,21
0	1	828	12	845	173	6	0,8,14,22	1,2	1,2,7,8,9,12,21
0	1	828	12	845	173	6	0,8,14,22	1,2	2,7,8,9,12,18,21
2	0	828	12	845	169	3	0,7,8,14	1,2	1,2,7,8,12,18,21
2	0	828	12	845	169	3	0,7,8,14	1,2	1,7,8,9,12,18,21
2	0	828	12	845	169	3	0,7,8,22	1,2	1,2,7,8,9,12,21
2	0	828	12	845	169	3	0,7,8,22	1,2	2,7,8,9,12,18,21
2	0	828	12	845	169	3	0,7,14,22	1,2	1,2,7,8,9,18,21
2	0	828	12	845	169	3	0,7,14,22	1,2	1,2,7,8,12,18,21
2	0	828	12	845	169	3	0,8,14,22	1,2	1,2,7,8,12,18,21
2	0	828	12	845	169	3	0,8,14,22	1,2	1,2,7,9,12,18,21
2	0	828	12	845	169	3	7,8,14,22	1,2	1,2,7,8,12,18,21
2	0	828	12	845	169	3	7,8,14,22	1,2	2,7,8,9,12,18,21
2	0	828	12	845	169	6	0,7,8,14	1,2	1,2,7,8,9,12,18
2	0	828	12	845	169	6	0,7,8,14	1,2	1,2,7,8,9,12,21
2	0	828	12	845	169	6	0,7,8,14	1,2	1,2,7,8,9,18,21
2	0	828	12	845	169	6	0,7,8,14	1,2	2,7,8,9,12,18,21
2	0	828	12	845	169	6	0,7,8,22	1,2	1,2,7,8,9,12,18
2	0	828	12	845	169	6	0,7,8,22	1,2	1,2,7,8,9,12,21
2	0	828	12	845	169	6	0,7,8,22	1,2	1,7,8,9,12,18,21
2	0	828	12	845	169	6	0,7,14,22	1,2	1,2,7,8,9,12,18
2	0	828	12	845	169	6	0,7,14,22	1,2	1,7,8,9,12,18,21
2	0	828	12	845	169	6	0,8,14,22	1,2	1,2,8,9,12,18,21
2	0	828	12	845	169	6	0,8,14,22	1,2	2,7,8,9,12,18,21
2	0	828	12	845	169	6	7,8,14,22	1,2	1,2,7,9,12,18,21
2	0	828	12	845	169	6	7,8,14,22	1,2	1,2,8,9,12,18,21
2	0	828	12	845	169	6	7,8,14,22	1,2	2,7,8,9,12,18,21
2	0	828	12	845	170	3	0,7,8,14	1,2	1,2,7,8,9,12,18
2	0	828	12	845	170	3	0,7,8,14	1,2	1,2,7,8,12,18,21
2	0	828	12	845	170	3	0,7,8,14	1,2	1,2,7,9,12,18,21
2	0	828	12	845	170	3	0,7,8,22	1,2	1,2,7,9,12,18,21
2	0	828	12	845	170	3	0,7,8,22	1,2	1,2,8,9,12,18,21
2	0	828	12	845	170	3	0,7,8,22	1,2	2,7,8,9,12,18,21
2	0	828	12	845	170	3	0,7,14,22	1,2	1,2,7,8,12,18,21
2	0	828	12	845	170	3	0,7,14,22	1,2	1,2,7,9,12,18,21
2	0	828	12	845	170	3	0,7,14,22	1,2	1,2,8,9,12,18,21
2	0	828	12	845	170	3	0,7,14,22	1,2	2,7,8,9,12,18,21
2	0	828	12	845	170	3	0,8,14,22	1,2	1,2,7,8,12,18,21
2	0	828	12	845	170	3	0,8,14,22	1,2	1,2,7,9,12,18,21
2	0	828	12	845	170	3	0,8,14,22	1,2	1,7,8,9,12,18,21
2	0	828	12	845	170	3	7,8,14,22	1,2	1,2,7,8,9,12,18
2	0	828	12	845	170	3	7,8,14,22	1,2	1,2,7,8,9,18,21
2	0	828	12	845	170	3	7,8,14,22	1,2	1,2,7,8,12,18,21
2	0	828	12	845	170	3	7,8,14,22	1,2	2,7,8,9,12,18,21
2	0	828	12	845	170	6	0,7,8,14	1,2	1,2,7,8,9,12,18
2	0	828	12	845	170	6	0,7,8,14	1,2	1,2,7,8,9,12,21
2	0	828	12	845	170	6	0,7,8,14	1,2	1,2,7,8,9,18,21
2	0	828	12	845	170	6	0,7,8,22	1,2	1,2,7,8,9,12,18
2	0	828	12	845	170	6	0,7,8,22	1,2	1,2,8,9,12,18,21
2	0	828	12	845	170	6	0,7,8,22	1,2	1,7,8,9,12,18,21
2	0	828	12	845	170	6	0,7,14,22	1,2	1,2,7,8,9,12,21
2	0	828	12	845	170	6	0,7,14,22	1,2	1,7,8,9,12,18,21
2	0	828	12	845	170	6	0,8,14,22	1,2	1,2,7,8,9,12,21
2	0	828	12	845	170	6	0,8,14,22	1,2	1,7,8,9,12,18,21
2	0	828	12	845	170	6	7,8,14,22	1,2	1,2,8,9,12,18,21
2	0	828	12	845	171	3	0,7,8,14	1,2	1,2,7,8,12,18,21
2	0	828	12	845	171	3	0,7,8,14	1,2	1,7,8,9,12,18,21
2	0	828	12	845	171	3	0,7,8,22	1,2	1,2,7,8,9,12,21
2	0	828	12	845	171	3	0,7,8,22	1,2	2,7,8,9,12,18,21
2	0	828	12	845	171	3	0,7,14,22	1,2	1,2,7,8,9,12,21
2	0	828	12	845	171	3	0,7,14,22	1,2	1,2,8,9,12,18,21
2	0	828	12	845	171	3	0,8,14,22	1,2	1,2,7,8,9,12,18
2	0	828	12	845	171	3	0,8,14,22	1,2	1,2,7,8,9,12,21
2	0	828	12	845	171	3	7,8,14,22	1,2	1,2,7,8,9,12,21
2	0	828	12	845	171	3	7,8,14,22	1,2	1,7,8,9,12,18,21
2	0	828	12	845	171	6	0,7,8,14	1,2	1,2,7,8,9,18,21
2	0	828	12	845	171	6	0,7,8,14	1,2	1,2,7,8,12,18,21
2	0	828	12	845	171	6	0,7,8,14	1,2	2,7,8,9,12,18,21
2	0	828	12	845	171	6	0,7,8,22	1,2	1,2,7,8,9,12,18
2	0	828	12	845	171	6	0,7,8,22	1,2	1,2,7,8,9,18,21
2	0	828	12	845	171	6	0,7,8,22	1,2	1,2,7,8,12,18,21
2	0	828	12	845	171	6	0,7,8,22	1,2	1,7,8,9,12,18,21
2	0	828	12	845	171	6	0,7,14,22	1,2	1,2,7,9,12,18,21
2	0	828	12	845	171	6	0,7,14,22	1,2	1,7,8,9,12,18,21
2	0	828	12	845	171	6	0,8,14,22	1,2	1,2,7,8,9,18,21
2	0	828	12	845	171	6	0,8,14,22	1,2	2,7,8,9,12,18,21
2	0	828	12	845	171	6	7,8,14,22	1,2	1,2,7,9,12,18,21
2	0	828	12	845	171	6	7,8,14,22	1,2	1,2,8,9,12,18,21
2	0	828	12	845	171	6	7,8,14,22	1,2	1,7,8,9,12,18,21
2	0	828	12	845	172	3	0,7,8,14	1,2	1,2,7,9,12,18,21
2	0	828	12	845	172	3	0,7,8,14	1,2	1,2,8,9,12,18,21
2	0	828	12	845	172	3	0,7,8,14	1,2	1,7,8,9,12,18,21
2	0	828	12	845	172	3	0,7,8,22	1,2	1,2,7,8,9,12,21
2	0	828	12	845	172	3	0,7,8,22	1,2	1,2,7,8,9,18,21
2	0	828	12	845	172	3	0,7,8,22	1,2	1,2,8,9,12,18,21
2	0	828	12	845	172	3	0,7,14,22	1,2	1,2,7,8,9,12,21
2	0	828	12	845	172	3	0,7,14,22	1,2	1,2,8,9,12,18,21
2	0	828	12	845	172	3	0,7,14,22	1,2	2,7,8,9,12,18,21
2	0	828	12	845	172	3	0,8,14,22	1,2	1,2,7,8,9,12,21
2	0	828	12	845	172	3	0,8,14,22	1,2	1,2,7,9,12,18,21
2	0	828	12	845	172	3	0,8,14,22	1,2	1,2,8,9,12,18,21
2	0	828	12	845	172	3	0,8,14,22	1,2	1,7,8,9,12,18,21
2	0	828	12	845	172	3	7,8,14,22	1,2	1,2,7,8,9,12,18
2	0	828	12	845	172	3	7,8,14,22	1,2	1,2,7,8,9,12,21
2	0	828	12	845	172	3	7,8,14,22	1,2	1,2,7,8,9,18,21
2	0	828	12	845	172	3	7,8,14,22	1,2	1,7,8,9,12,18,21
2	0	828	12	845	172	6	0,7,8,14	1,2	1,2,7,8,9,18,21
2	0	828	12	845	172	6	0,7,8,14	1,2	1,2,7,9,12,18,21
2	0	828	12	845	172	6	0,7,8,14	1,2	2,7,8,9,12,18,21
2	0	828	12	845	172	6	0,7,8,22	1,2	1,2,7,8,9,12,18
2	0	828	12	845	172	6	0,7,8,22	1,2	1,2,7,8,9,18,21
2	0	828	12	845	172	6	0,7,8,22	1,2	1,2,7,8,12,18,21
2	0	828	12	845	172	6	0,7,14,22	1,2	1,2,7,8,12,18,21
2	0	828	12	845	172	6	0,7,14,22	1,2	2,7,8,9,12,18,21
2	0	828	12	845	172	6	0,8,14,22	1,2	1,2,7,8,12,18,21
2	0	828	12	845	172	6	0,8,14,22	1,2	2,7,8,9,12,18,21
2	0	828	12	845	172	6	7,8,14,22	1,2	1,2,7,9,12,18,21
2	0	828	12	845	173	3	0,7,8,14	1,2	1,2,7,8,9,12,18
2	0	828	12	845	173	3	0,7,8,22	1,2	1,2,7,8,9,18,21
2	0	828	12	845	173	3	0,7,14,22	1,2	1,2,7,8,9,12,18
2	0	828	12	845	173	3	0,7,14,22	1,2	1,2,7,8,9,18,21
2	0	828	12	845	173	3	0,7,14,22	1,2	1,2,7,8,12,18,21
2	0	828	12	845	173	3	0,8,14,22	1,2	1,2,7,8,9,12,18
2	0	828	12	845	173	3	0,8,14,22	1,2	1,2,7,8,9,12,21
2	0	828	12	845	173	3	0,8,14,22	1,2	1,2,7,8,9,18,21
2	0	828	12	845	173	6	0,7,8,14	1,2	1,2,7,8,9,12,21
2	0	828	12	845	173	6	0,7,8,14	1,2	1,2,7,9,12,18,21
2	0	828	12	845	173	6	0,7,8,14	1,2	1,2,8,9,12,18,21
2	0	828	12	845	173	6	0,7,8,14	1,2	2,7,8,9,12,18,21
2	0	828	12	845	173	6	0,7,8,22	1,2	1,2,7,8,12,18,21
2	0	828	12	845	173	6	0,7,8,22	1,2	1,2,7,9,12,18,21
2	0	828	12	845	173	6	0,7,8,22	1,2	1,2,8,9,12,18,21
2	0	828	12	845	173	6	0,7,8,22	1,2	1,7,8,9,12,18,21
2	0	828	12	845	173	6	0,7,14,22	1,2	1,2,7,8,12,18,21
2	0	828	12	845	173	6	0,7,14,22	1,2	1,7,8,9,12,18,21
2	0	828	12	845	173	6	0,8,14,22	1,2	1,2,7,8,9,12,21
2	0	828	12	845	173	6	0,8,14,22	1,2	2,7,8,9,12,18,21
2	1	828	12	845	169	3	0,7,8,14	1,2	1,2,7,8,12,18,21
2	1	828	12	845	169	3	0,7,8,14	1,2	1,7,8,9,12,18,21
2	1	828	12	845	169	3	0,7,8,22	1,2	1,2,7,8,9,12,21
2	1	828	12	845	169	3	0,7,8,22	1,2	2,7,8,9,12,18,21
2	1	828	12	845	169	3	0,7,14,22	1,2	1,2,7,8,9,18,21
2	1	828	12	845	169	3	0,7,14,22	1,2	1,2,7,8,12,18,21
2	1	828	12	845	169	3	0,8,14,22	1,2	1,2,7,8,12,18,21
2	1	828	12	845	169	3	0,8,14,22	1,2	1,2,7,9,12,18,21
2	1	828	12	845	169	3	7,8,14,22	1,2	1,2,7,8,12,18,21
2	1	828	12	845	169	3	7,8,14,22	1,2	2,7,8,9,12,18,21
2	1	828	12	845	169	6	0,7,8,14	1,2	1,2,7,8,9,12,18
2	1	828	12	845	169	6	0,7,8,14	1,2	1,2,7,8,9,12,21
2	1	828	12	845	169	6	0,7,8,14	1,2	1,2,7,8,9,18,21
2	1	828	12	845	169	6	0,7,8,14	1,2	2,7,8,9,12,18,21
2	1	828	12	845	169	6	0,7,8,22	1,2	1,2,7,8,9,12,18
2	1	828	12	845	169	6	0,7,8,22	1,2	1,2,7,8,9,12,21
2	1	828	12	845	169	6	0,7,8,22	1,2	1,7,8,9,12,18,21
2	1	828	12	845	169	6	0,7,14,22	1,2	1,2,7,8,9,12,18
2	1	828	12	845	169	6	0,7,14,22	1,2	1,7,8,9,12,18,21
2	1	828	12	845	169	6	0,8,14,22	1,2	1,2,8,9,12,18,21
2	1	828	12	845	169	6	0,8,14,22	1,2	2,7,8,9,12,18,21
2	1	828	12	845	169	6	7,8,14,22	1,2	1,2,7,9,12,18,21
2	1	828	12	845	169	6	7,8,14,22	1,2	1,2,8,9,12,18,21
2	1	828	12	845	169	6	7,8,14,22	1,2	2,7,8,9,12,18,21
2	1	828	12	845	170	3	0,7,8,14	1,2	1,2,7,8,9,12,18
2	1	828	12	845	170	3	0,7,8,14	1,2	1,2,7,8,12,18,21
2	1	828	12	845	170	3	0,7,8,14	1,2	1,2,7,9,12,18,21
2	1	828	12	845	170	3	0,7,8,22	1,2	1,2,7,9,12,18,21
2	1	828	12	845	170	3	0,7,8,22	1,2	1,2,8,9,12,18,21
2	1	828	12	845	170	3	0,7,8,22	1,2	2,7,8,9,12,18,21
2	1	828	12	845	170	3	0,7,14,22	1,2	1,2,7,8,12,18,21
2	1	828	12	845	170	3	0,7,14,22	1,2	1,2,7,9,12,18,21
2	1	828	12	845	170	3	0,7,14,22	1,2	1,2,8,9,12,18,21
2	1	828	12	845	170	3	0,7,14,22	1,2	2,7,8,9,12,18,21
2	1	828	12	845	170	3	0,8,14,22	1,2	1,2,7,8,12,18,21
2	1	828	12	845	170	3	0,8,14,22	1,2	1,2,7,9,12,18,21
2	1	828	12	845	170	3	0,8,14,22	1,2	1,7,8,9,12,18,21
2	1	828	12	845	170	3	7,8,14,22	1,2	1,2,7,8,9,12,18
2	1	828	12	845	170	3	7,8,14,22	1,2	1,2,7,8,9,18,21
2	1	828	12	845	170	3	7,8,14,22	1,2	1,2,7,8,12,18,21
2	1	828	12	845	170	3	7,8,14,22	1,2	2,7,8,9,12,18,21
2	1	828	12	845	170	6	0,7,8,14	1,2	1,2,7,8,9,12,18
2	1	828	12	845	170	6	0,7,8,14	1,2	1,2,7,8,9,12,21
2	1	828	12	845	170	6	0,7,8,14	1,2	1,2,7,8,9,18,21
2	1	828	12	845	170	6	0,7,8,22	1,2	1,2,7,8,9,12,18
2	1	828	12	845	170	6	0,7,8,22	1,2	1,2,8,9,12,18,21
2	1	828	12	845	170	6	0,7,8,22	1,2	1,7,8,9,12,18,21
2	1	828	12	845	170	6	0,7,14,22	1,2	1,2,7,8,9,12,21
2	1	828	12	845	170	6	0,7,14,22	1,2	1,7,8,9,12,18,21
2	1	828	12	845	170	6	0,8,14,22	1,2	1,2,7,8,9,12,21
2	1	828	12	845	170	6	0,8,14,22	1,2	1,7,8,9,12,18,21
2	1	828	12	845	170	6	7,8,14,22	1,2	1,2,8,9,12,18,21
2	1	828	12	845	171	3	0,7,8,14	1,2	1,2,7,8,12,18,21
2	1	828	12	845	171	3	0,7,8,14	1,2	1,7,8,9,12,18,21
2	1	828	12	845	171	3	0,7,8,22	1,2	1,2,7,8,9,12,21
2	1	828	12	845	171	3	0,7,8,22	1,2	2,7,8,9,12,18,21
2	1	828	12	845	171	3	0,7,14,22	1,2	1,2,7,8,9,12,21
2	1	828	12	845	171	3	0,7,14,22	1,2	1,2,8,9,12,18,21
2	1	828	12	845	171	3	0,8,14,22	1,2	1,2,7,8,9,12,18
2	1	828	12	845	171	3	0,8,14,22	1,2	1,2,7,8,9,12,21
2	1	828	12	845	171	3	7,8,14,22	1,2	1,2,7,8,9,12,21
2	1	828	12	845	171	3	7,8,14,22	1,2	1,7,8,9,12,18,21
2	1	828	12	845	171	6	0,7,8,14	1,2	1,2,7,8,9,18,21
2	1	828	12	845	171	6	0,7,8,14	1,2	1,2,7,8,12,18,21
2	1	828	12	845	171	6	0,7,8,14	1,2	2,7,8,9,12,18,21
2	1	828	12	845	171	6	0,7,8,22	1,2	1,2,7,8,9,12,18
2	1	828	12	845	171	6	0,7,8,22	1,2	1,2,7,8,9,18,21
2	1	828	12	845	171	6	0,7,8,22	1,2	1,2,7,8,12,18,21
2	1	828	12	845	171	6	0,7,8,22	1,2	1,7,8,9,12,18,21
2	1	828	12	845	171	6	0,7,14,22	1,2	1,2,7,9,12,18,21
2	1	828	12	845	171	6	0,7,14,22	1,2	1,7,8,9,12,18,21
2	1	828	12	845	171	6	0,8,14,22	1,2	1,2,7,8,9,18,21
2	1	828	12	845	171	6	0,8,14,22	1,2	2,7,8,9,12,18,21
2	1	828	12	845	171	6	7,8,14,22	1,2	1,2,7,9,12,18,21
2	1	828	12	845	171	6	7,8,14,22	1,2	1,2,8,9,12,18,21
2	1	828	12	845	171	6	7,8,14,22	1,2	1,7,8,9,12,18,21
2	1	828	12	845	172	3	0,7,8,14	1,2	1,2,7,9,12,18,21
2	1	828	12	845	172	3	0,7,8,14	1,2	1,2,8,9,12,18,21
2	1	828	12	845	172	3	0,7,8,14	1,2	1,7,8,9,12,18,21
2	1	828	12	845	172	3	0,7,8,22	1,2	1,2,7,8,9,12,21
2	1	828	12	845	172	3	0,7,8,22	1,2	1,2,7,8,9,18,21
2	1	828	12	845	172	3	0,7,8,22	1,2	1,2,8,9,12,18,21
2	1	828	12	845	172	3	0,7,14,22	1,2	1,2,7,8,9,12,21
2	1	828	12	845	172	3	0,7,14,22	1,2	1,2,8,9,12,18,21
2	1	828	12	845	172	3	0,7,14,22	1,2	2,7,8,9,12,18,21
2	1	828	12	845	172	3	0,8,14,22	1,2	1,2,7,8,9,12,21
2	1	828	12	845	172	3	0,8,14,22	1,2	1,2,7,9,12,18,21
2	1	828	12	845	172	3	0,8,14,22	1,2	1,2,8,9,12,18,21
2	1	828	12	845	172	3	0,8,14,22	1,2	1,7,8,9,12,18,21
2	1	828	12	845	172	3	7,8,14,22	1,2	1,2,7,8,9,12,18
2	1	828	12	845	172	3	7,8,14,22	1,2	1,2,7,8,9,12,21
2	1	828	12	845	172	3	7,8,14,22	1,2	1,2,7,8,9,18,21
2	1	828	12	845	172	3	7,8,14,22	1,2	1,7,8,9,12,18,21
2	1	828	12	845	172	6	0,7,8,14	1,2	1,2,7,8,9,18,21
2	1	828	12	845	172	6	0,7,8,14	1,2	1,2,7,9,12,18,21
2	1	828	12	845	172	6	0,7,8,14	1,2	2,7,8,9,12,18,21
2	1	828	12	845	172	6	0,7,8,22	1,2	1,2,7,8,9,12,18
2	1	828	12	845	172	6	0,7,8,22	1,2	1,2,7,8,9,18,21
2	1	828	12	845	172	6	0,7,8,22	1,2	1,2,7,8,12,18,21
2	1	828	12	845	172	6	0,7,14,22	1,2	1,2,7,8,12,18,21
2	1	828	12	845	172	6	0,7,14,22	1,2	2,7,8,9,12,18,21
2	1	828	12	845	172	6	0,8,14,22	1,2	1,2,7,8,12,18,21
2	1	828	12	845	172	6	0,8,14,22	1,2	2,7,8,9,12,18,21
2	1	828	12	845	172	6	7,8,14,22	1,2	1,2,7,9,12,18,21
2	1	828	12	845	173	3	0,7,8,14	1,2	1,2,7,8,9,12,18
2	1	828	12	845	173	3	0,7,8,22	1,2	1,2,7,8,9,18,21
2	1	828	12	845	173	3	0,7,14,22	1,2	1,2,7,8,9,12,18
2	1	828	12	845	173	3	0,7,14,22	1,2	1,2,7,8,9,18,21
2	1	828	12	845	173	3	0,7,14,22	1,2	1,2,7,8,12,18,21
2	1	828	12	845	173	3	0,8,14,22	1,2	1,2,7,8,9,12,18
2	1	828	12	845	173	3	0,8,14,22	1,2	1,2,7,8,9,12,21
2	1	828	12	845	173	3	0,8,14,22	1,2	1,2,7,8,9,18,21
2	1	828	12	845	173	6	0,7,8,14	1,2	1,2,7,8,9,12,21
2	1	828	12	845	173	6	0,7,8,14	1,2	1,2,7,9,12,18,21
2	1	828	12	845	173	6	0,7,8,14	1,2	1,2,8,9,12,18,21
2	1	828	12	845	173	6	0,7,8,14	1,2	2,7,8,9,12,18,21
2	1	828	12	845	173	6	0,7,8,22	1,2	1,2,7,8,12,18,21
2	1	828	12	845	173	6	0,7,8,22	1,2	1,2,7,9,12,18,21
2	1	828	12	845	173	6	0,7,8,22	1,2	1,2,8,9,12,18,21
2	1	828	12	845	173	6	0,7,8,22	1,2	1,7,8,9,12,18,21
2	1	828	12	845	173	6	0,7,14,22	1,2	1,2,7,8,12,18,21
2	1	828	12	845	173	6	0,7,14,22	1,2	1,7,8,9,12,18,21
2	1	828	12	845	173	6	0,8,14,22	1,2	1,2,7,8,9,12,21
2	1	828	12	845	173	6	0,8,14,22	1,2	2,7,8,9,12,18,21
0	1	828	27	845	169	11	0,4,5,16	1,2	4,5,12,16,17,25,26
0	1	828	27	845	169	11	0,4,5,26	1,2	4,5,12,16,17,21,26
0	1	828	27	845	169	11	0,4,5,26	1,2	4,5,12,16,17,25,26
0	1	828	27	845	169	11	0,4,5,26	1,2	4,5,12,16,21,25,26
0	1	828	27	845	169	11	0,4,5,26	1,2	5,12,16,17,21,25,26
0	1	828	27	845	169	11	0,5,16,26	1,2	4,5,16,17,21,25,26
0	1	828	27	845	169	11	4,5,16,26	1,2	4,5,12,16,17,21,26
0	1	828	27	845	169	11	4,5,16,26	1,2	4,5,12,16,17,25,26
0	1	828	27	845	169	11	4,5,16,26	1,2	5,12,16,17,21,25,26
0	1	828	27	845	169	19	0,4,5,16	1,2	4,5,12,16,17,21,25
0	1	828	27	845	169	19	0,4,5,16	1,2	4,5,12,16,17,25,26
0	1	828	27	845	169	19	0,4,5,16	1,2	4,5,12,17,21,25,26
0	1	828	27	845	169	19	0,4,5,26	1,2	4,5,12,16,21,25,26
0	1	828	27	845	169	19	0,4,5,26	1,2	4,12,16,17,21,25,26
0	1	828	27	845	169	19	0,4,5,26	1,2	5,12,16,17,21,25,26
0	1	828	27	845	169	19	0,4,16,26	1,2	4,5,12,16,17,21,26
0	1	828	27	845	169	19	0,5,16,26	1,2	5,12,16,17,21,25,26
0	1	828	27	845	169	19	4,5,16,26	1,2	4,5,12,16,17,21,25
0	1	828	27	845	169	19	4,5,16,26	1,2	4,5,12,16,17,25,26
0	1	828	27	845	169	19	4,5,16,26	1,2	4,5,12,16,21,25,26
0	1	828	27	845	169	19	4,5,16,26	1,2	4,12,16,17,21,25,26
0	1	828	27	845	170	11	0,4,5,16	1,2	4,5,12,16,17,21,26
0	1	828	27	845	170	11	0,4,5,26	1,2	4,5,12,16,17,25,26
0	1	828	27	845	170	11	0,4,5,26	1,2	4,5,16,17,21,25,26
0	1	828	27	845	170	11	0,4,5,26	1,2	5,12,16,17,21,25,26
0	1	828	27	845	170	11	0,4,16,26	1,2	5,12,16,17,21,25,26
0	1	828	27	845	170	11	0,5,16,26	1,2	4,5,12,16,17,21,26
0	1	828	27	845	170	11	0,5,16,26	1,2	4,5,12,16,17,25,26
0	1	828	27	845	170	11	0,5,16,26	1,2	4,5,16,17,21,25,26
0	1	828	27	845	170	19	0,4,5,16	1,2	4,5,12,16,17,21,25
0	1	828	27	845	170	19	0,4,5,16	1,2	4,5,12,16,17,21,26
0	1	828	27	845	170	19	0,4,5,16	1,2	4,5,12,16,21,25,26
0	1	828	27	845	170	19	0,4,5,16	1,2	4,5,12,17,21,25,26
0	1	828	27	845	170	19	0,4,5,26	1,2	4,5,16,17,21,25,26
0	1	828	27	845	170	19	0,4,5,26	1,2	4,12,16,17,21,25,26
0	1	828	27	845	170	19	0,4,5,26	1,2	5,12,16,17,21,25,26
0	1	828	27	845	170	19	0,4,16,26	1,2	4,5,12,16,17,21,25
0	1	828	27	845	170	19	0,4,16,26	1,2	4,5,12,17,21,25,26
0	1	828	27	845	170	19	0,4,16,26	1,2	5,12,16,17,21,25,26
0	1	828	27	845	170	19	0,5,16,26	1,2	4,5,12,16,17,21,26
0	1	828	27	845	170	19	0,5,16,26	1,2	4,5,12,16,21,25,26
0	1	828	27	845	170	19	0,5,16,26	1,2	4,5,16,17,21,25,26
0	1	828	27	845	170	19	0,5,16,26	1,2	4,12,16,17,21,25,26
0	1	828	27	845	170	19	4,5,16,26	1,2	4,5,16,17,21,25,26
0	1	828	27	845	171	11	0,4,5,16	1,2	4,5,12,16,17,21,26
0	1	828	27	845	171	11	0,4,5,16	1,2	4,12,16,17,21,25,26
0	1	828	27	845	171	11	0,4,5,16	1,2	5,12,16,17,21,25,26
0	1	828	27	845	171	11	0,4,5,26	1,2	4,5,12,16,17,21,25
0	1	828	27	845	171	11	0,4,5,26	1,2	4,5,12,17,21,25,26
0	1	828	27	845	171	11	0,4,5,26	1,2	4,5,16,17,21,25,26
0	1	828	27	845	171	11	0,4,16,26	1,2	4,12,16,17,21,25,26
0	1	828	27	845	171	11	0,5,16,26	1,2	4,5,12,16,21,25,26
0	1	828	27	845	171	11	4,5,16,26	1,2	4,5,12,16,17,21,26
0	1	828	27	845	171	11	4,5,16,26	1,2	4,5,12,17,21,25,26
0	1	828	27	845	171	11	4,5,16,26	1,2	4,5,16,17,21,25,26
0	1	828	27	845	171	11	4,5,16,26	1,2	5,12,16,17,21,25,26
0	1	828	27	845	171	19	0,4,5,16	1,2	4,5,12,16,17,21,26
0	1	828	27	845	171	19	0,4,5,16	1,2	4,5,12,16,21,25,26
0	1	828	27	845	171	19	0,4,5,16	1,2	4,5,16,17,21,25,26
0	1	828	27	845	171	19	0,4,5,16	1,2	4,12,16,17,21,25,26
0	1	828	27	845	171	19	0,4,5,26	1,2	4,5,16,17,21,25,26
0	1	828	27	845	171	19	0,4,16,26	1,2	4,5,12,16,17,25,26
0	1	828	27	845	171	19	4,5,16,26	1,2	4,5,12,16,21,25,26
0	1	828	27	845	171	19	4,5,16,26	1,2	4,5,16,17,21,25,26
0	1	828	27	845	171	19	4,5,16,26	1,2	4,12,16,17,21,25,26
0	1	828	27	845	172	11	0,4,5,16	1,2	4,5,12,16,17,25,26
0	1	828	27	845	172	11	0,4,5,16	1,2	4,12,16,17,21,25,26
0	1	828	27	845	172	11	0,4,5,16	1,2	5,12,16,17,21,25,26
0	1	828	27	845	172	11	0,4,5,26	1,2	4,5,12,16,17,21,25
0	1	828	27	845	172	11	0,4,5,26	1,2	4,5,12,16,17,21,26
0	1	828	27	845	172	11	0,4,5,26	1,2	4,5,12,16,21,25,26
0	1	828	27	845	172	11	0,4,5,26	1,2	4,5,12,17,21,25,26
0	1	828	27	845	172	11	0,4,16,26	1,2	4,5,12,16,17,21,26
0	1	828	27	845	172	11	0,4,16,26	1,2	4,5,12,16,17,25,26
0	1	828	27	845	172	11	0,4,16,26	1,2	4,5,12,16,21,25,26
0	1	828	27	845	172	11	0,4,16,26	1,2	5,12,16,17,21,25,26
0	1	828	27	845	172	11	0,5,16,26	1,2	4,5,12,16,17,21,25
0	1	828	27	845	172	11	0,5,16,26	1,2	4,5,12,17,21,25,26
0	1	828	27	845	172	11	0,5,16,26	1,2	4,12,16,17,21,25,26
0	1	828	27	845	172	11	4,5,16,26	1,2	4,5,12,16,17,25,26
0	1	828	27	845	172	19	0,4,5,16	1,2	4,5,12,16,17,25,26
0	1	828	27	845	172	19	0,4,5,16	1,2	4,5,16,17,21,25,26
0	1	828	27	845	172	19	0,4,5,16	1,2	4,12,16,17,21,25,26
0	1	828	27	845	172	19	0,4,5,26	1,2	4,5,12,16,21,25,26
0	1	828	27	845	172	19	0,4,16,26	1,2	4,5,12,16,17,25,26
0	1	828	27	845	172	19	0,4,16,26	1,2	4,5,12,16,21,25,26
0	1	828	27	845	172	19	0,4,16,26	1,2	4,5,16,17,21,25,26
0	1	828	27	845	172	19	0,5,16,26	1,2	4,12,16,17,21,25,26
0	1	828	27	845	173	11	0,4,5,26	1,2	5,12,16,17,21,25,26
0	1	828	27	845	173	11	0,4,16,26	1,2	4,5,12,16,17,21,26
0	1	828	27	845	173	11	0,4,16,26	1,2	4,5,12,16,17,25,26
0	1	828	27	845	173	11	0,4,16,26	1,2	5,12,16,17,21,25,26
0	1	828	27	845	173	11	0,5,16,26	1,2	4,5,12,16,17,21,25
0	1	828	27	845	173	11	0,5,16,26	1,2	4,5,12,16,17,21,26
0	1	828	27	845	173	11	0,5,16,26	1,2	4,5,12,16,17,25,26
0	1	828	27	845	173	11	0,5,16,26	1,2	4,12,16,17,21,25,26
0	1	828	27	845	173	11	4,5,16,26	1,2	4,5,12,16,17,21,26
0	1	828	27	845	173	19	0,4,5,16	1,2	4,12,16,17,21,25,26
0	1	828	27	845	173	19	0,4,16,26	1,2	4,5,12,16,21,25,26
0	1	828	27	845	173	19	0,4,16,26	1,2	4,5,12,17,21,25,26
0	1	828	27	845	173	19	0,4,16,26	1,2	4,5,16,17,21,25,26
0	1	828	27	845	173	19	0,4,16,26	1,2	5,12,16,17,21,25,26
0	1	828	27	845	173	19	0,5,16,26	1,2	4,5,12,16,21,25,26
0	1	828	27	845	173	19	0,5,16,26	1,2	4,5,16,17,21,25,26
0	1	828	27	845	173	19	0,5,16,26	1,2	4,12,16,17,21,25,26
0	1	828	27	845	173	19	4,5,16,26	1,2	4,5,12,16,21,25,26
1	1	828	27	845	169	11	0,4,5,16	1,2	4,5,12,16,17,25,26
1	1	828	27	845	169	11	0,4,5,26	1,2	4,5,12,16,17,21,26
1	1	828	27	845	169	11	0,4,5,26	1,2	4,5,12,16,17,25,26
1	1	828	27	845	169	11	0,4,5,26	1,2	4,5,12,16,21,25,26
1	1	828	27	845	169	11	0,4,5,26	1,2	5,12,16,17,21,25,26
1	1	828	27	845	169	11	0,5,16,26	1,2	4,5,16,17,21,25,26
1	1	828	27	845	169	11	4,5,16,26	1,2	4,5,12,16,17,21,26
1	1	828	27	845	169	11	4,5,16,26	1,2	4,5,12,16,17,25,26
1	1	828	27	845	169	11	4,5,16,26	1,2	5,12,16,17,21,25,26
1	1	828	27	845	169	19	0,4,5,16	1,2	4,5,12,16,17,21,25
1	1	828	27	845	169	19	0,4,5,16	1,2	4,5,12,16,17,25,26
1	1	828	27	845	169	19	0,4,5,16	1,2	4,5,12,17,21,25,26
1	1	828	27	845	169	19	0,4,5,26	1,2	4,5,12,16,21,25,26
1	1	828	27	845	169	19	0,4,5,26	1,2	4,12,16,17,21,25,26
1	1	828	27	845	169	19	0,4,5,26	1,2	5,12,16,17,21,25,26
1	1	828	27	845	169	19	0,4,16,26	1,2	4,5,12,16,17,21,26
1	1	828	27	845	169	19	0,5,16,26	1,2	5,12,16,17,21,25,26
1	1	828	27	845	169	19	4,5,16,26	1,2	4,5,12,16,17,21,25
1	1	828	27	845	169	19	4,5,16,26	1,2	4,5,12,16,17,25,26
1	1	828	27	845	169	19	4,5,16,26	1,2	4,5,12,16,21,25,26
1	1	828	27	845	169	19	4,5,16,26	1,2	4,12,16,17,21,25,26
1	1	828	27	845	170	11	0,4,5,16	1,2	4,5,12,16,17,21,26
1	1	828	27	845	170	11	0,4,5,26	1,2	4,5,12,16,17,25,26
1	1	828	27	845	170	11	0,4,5,26	1,2	4,5,16,17,21,25,26
1	1	828	27	845	170	11	0,4,5,26	1,2	5,12,16,17,21,25,26
1	1	828	27	845	170	11	0,4,16,26	1,2	5,12,16,17,21,25,26
1	1	828	27	845	170	11	0,5,16,26	1,2	4,5,12,16,17,21,26
1	1	828	27	845	170	11	0,5,16,26	1,2	4,5,12,16,17,25,26
1	1	828	27	845	170	11	0,5,16,26	1,2	4,5,16,17,21,25,26
1	1	828	27	845	170	19	0,4,5,16	1,2	4,5,12,16,17,21,25
1	1	828	27	845	170	19	0,4,5,16	1,2	4,5,12,16,17,21,26
1	1	828	27	845	170	19	0,4,5,16	1,2	4,5,12,16,21,25,26
1	1	828	27	845	170	19	0,4,5,16	1,2	4,5,12,17,21,25,26
1	1	828	27	845	170	19	0,4,5,26	1,2	4,5,16,17,21,25,26
1	1	828	27	845	170	19	0,4,5,26	1,2	4,12,16,17,21,25,26
1	1	828	27	845	170	19	0,4,5,26	1,2	5,12,16,17,21,25,26
1	1	828	27	845	170	19	0,4,16,26	1,2	4,5,12,16,17,21,25
1	1	828	27	845	170	19	0,4,16,26	1,2	4,5,12,17,21,25,26
1	1	828	27	845	170	19	0,4,16,26	1,2	5,12,16,17,21,25,26
1	1	828	27	845	170	19	0,5,16,26	1,2	4,5,12,16,17,21,26
1	1	828	27	845	170	19	0,5,16,26	1,2	4,5,12,16,21,25,26
1	1	828	27	845	170	19	0,5,16,26	1,2	4,5,16,17,21,25,26
1	1	828	27	845	170	19	0,5,16,26	1,2	4,12,16,17,21,25,26
1	1	828	27	845	170	19	4,5,16,26	1,2	4,5,16,17,21,25,26
1	1	828	27	845	171	11	0,4,5,16	1,2	4,5,12,16,17,21,26
1	1	828	27	845	171	11	0,4,5,16	1,2	4,12,16,17,21,25,26
1	1	828	27	845	171	11	0,4,5,16	1,2	5,12,16,17,21,25,26
1	1	828	27	845	171	11	0,4,5,26	1,2	4,5,12,16,17,21,25
1	1	828	27	845	171	11	0,4,5,26	1,2	4,5,12,17,21,25,26
1	1	828	27	845	171	11	0,4,5,26	1,2	4,5,16,17,21,25,26
1	1	828	27	845	171	11	0,4,16,26	1,2	4,12,16,17,21,25,26
1	1	828	27	845	171	11	0,5,16,26	1,2	4,5,12,16,21,25,26
1	1	828	27	845	171	11	4,5,16,26	1,2	4,5,12,16,17,21,26
1	1	828	27	845	171	11	4,5,16,26	1,2	4,5,12,17,21,25,26
1	1	828	27	845	171	11	4,5,16,26	1,2	4,5,16,17,21,25,26
1	1	828	27	845	171	11	4,5,16,26	1,2	5,12,16,17,21,25,26
1	1	828	27	845	171	19	0,4,5,16	1,2	4,5,12,16,17,21,26
1	1	828	27	845	171	19	0,4,5,16	1,2	4,5,12,16,21,25,26
1	1	828	27	845	171	19	0,4,5,16	1,2	4,5,16,17,21,25,26
1	1	828	27	845	171	19	0,4,5,16	1,2	4,12,16,17,21,25,26
1	1	828	27	845	171	19	0,4,5,26	1,2	4,5,16,17,21,25,26
1	1	828	27	845	171	19	0,4,16,26	1,2	4,5,12,16,17,25,26
1	1	828	27	845	171	19	4,5,16,26	1,2	4,5,12,16,21,25,26
1	1	828	27	845	171	19	4,5,16,26	1,2	4,5,16,17,21,25,26
1	1	828	27	845	171	19	4,5,16,26	1,2	4,12,16,17,21,25,26
1	1	828	27	845	172	11	0,4,5,16	1,2	4,5,12,16,17,25,26
1	1	828	27	845	172	11	0,4,5,16	1,2	4,12,16,17,21,25,26
1	1	828	27	845	172	11	0,4,5,16	1,2	5,12,16,17,21,25,26
1	1	828	27	845	172	11	0,4,5,26	1,2	4,5,12,16,17,21,25
1	1	828	27	845	172	11	0,4,5,26	1,2	4,5,12,16,17,21,26
1	1	828	27	845	172	11	0,4,5,26	1,2	4,5,12,16,21,25,26
1	1	828	27	845	172	11	0,4,5,26	1,2	4,5,12,17,21,25,26
1	1	828	27	845	172	11	0,4,16,26	1,2	4,5,12,16,17,21,26
1	1	828	27	845	172	11	0,4,16,26	1,2	4,5,12,16,17,25,26
1	1	828	27	845	172	11	0,4,16,26	1,2	4,5,12,16,21,25,26
1	1	828	27	845	172	11	0,4,16,26	1,2	5,12,16,17,21,25,26
1	1	828	27	845	172	11	0,5,16,26	1,2	4,5,12,16,17,21,25
1	1	828	27	845	172	11	0,5,16,26	1,2	4,5,12,17,21,25,26
1	1	828	27	845	172	11	0,5,16,26	1,2	4,12,16,17,21,25,26
1	1	828	27	845	172	11	4,5,16,26	1,2	4,5,12,16,17,25,26
1	1	828	27	845	172	19	0,4,5,16	1,2	4,5,12,16,17,25,26
1	1	828	27	845	172	19	0,4,5,16	1,2	4,5,16,17,21,25,26
1	1	828	27	845	172	19	0,4,5,16	1,2	4,12,16,17,21,25,26
1	1	828	27	845	172	19	0,4,5,26	1,2	4,5,12,16,21,25,26
1	1	828	27	845	172	19	0,4,16,26	1,2	4,5,12,16,17,25,26
1	1	828	27	845	172	19	0,4,16,26	1,2	4,5,12,16,21,25,26
1	1	828	27	845	172	19	0,4,16,26	1,2	4,5,16,17,21,25,26
1	1	828	27	845	172	19	0,5,16,26	1,2	4,12,16,17,21,25,26
1	1	828	27	845	173	11	0,4,5,26	1,2	5,12,16,17,21,25,26
1	1	828	27	845	173	11	0,4,16,26	1,2	4,5,12,16,17,21,26
1	1	828	27	845	173	11	0,4,16,26	1,2	4,5,12,16,17,25,26
1	1	828	27	845	173	11	0,4,16,26	1,2	5,12,16,17,21,25,26
1	1	828	27	845	173	11	0,5,16,26	1,2	4,5,12,16,17,21,25
1	1	828	27	845	173	11	0,5,16,26	1,2	4,5,12,16,17,21,26
1	1	828	27	845	173	11	0,5,16,26	1,2	4,5,12,16,17,25,26
1	1	828	27	845	173	11	0,5,16,26	1,2	4,12,16,17,21,25,26
1	1	828	27	845	173	11	4,5,16,26	1,2	4,5,12,16,17,21,26
1	1	828	27	845	173	19	0,4,5,16	1,2	4,12,16,17,21,25,26
1	1	828	27	845	173	19	0,4,16,26	1,2	4,5,12,16,21,25,26
1	1	828	27	845	173	19	0,4,16,26	1,2	4,5,12,17,21,25,26
1	1	828	27	845	173	19	0,4,16,26	1,2	4,5,16,17,21,25,26
1	1	828	27	845	173	19	0,4,16,26	1,2	5,12,16,17,21,25,26
1	1	828	27	845	173	19	0,5,16,26	1,2	4,5,12,16,21,25,26
1	1	828	27	845	173	19	0,5,16,26	1,2	4,5,16,17,21,25,26
1	1	828	27	845	173	19	0,5,16,26	1,2	4,12,16,17,21,25,26
1	1	828	27	845	173	19	4,5,16,26	1,2	4,5,12,16,21,25,26
2	1	828	27	845	169	11	0,4,5,16	1,2	4,5,12,16,17,25,26
2	1	828	27	845	169	11	0,4,5,26	1,2	4,5,12,16,17,21,26
2	1	828	27	845	169	11	0,4,5,26	1,2	4,5,12,16,17,25,26
2	1	828	27	845	169	11	0,4,5,26	1,2	4,5,12,16,21,25,26
2	1	828	27	845	169	11	0,4,5,26	1,2	5,12,16,17,21,25,26
2	1	828	27	845	169	11	0,5,16,26	1,2	4,5,16,17,21,25,26
2	1	828	27	845	169	11	4,5,16,26	1,2	4,5,12,16,17,21,26
2	1	828	27	845	169	11	4,5,16,26	1,2	4,5,12,16,17,25,26
2	1	828	27	845	169	11	4,5,16,26	1,2	5,12,16,17,21,25,26
2	1	828	27	845	169	19	0,4,5,16	1,2	4,5,12,16,17,21,25
2	1	828	27	845	169	19	0,4,5,16	1,2	4,5,12,16,17,25,26
2	1	828	27	845	169	19	0,4,5,16	1,2	4,5,12,17,21,25,26
2	1	828	27	845	169	19	0,4,5,26	1,2	4,5,12,16,21,25,26
2	1	828	27	845	169	19	0,4,5,26	1,2	4,12,16,17,21,25,26
2	1	828	27	845	169	19	0,4,5,26	1,2	5,12,16,17,21,25,26
2	1	828	27	845	169	19	0,4,16,26	1,2	4,5,12,16,17,21,26
2	1	828	27	845	169	19	0,5,16,26	1,2	5,12,16,17,21,25,26
2	1	828	27	845	169	19	4,5,16,26	1,2	4,5,12,16,17,21,25
2	1	828	27	845	169	19	4,5,16,26	1,2	4,5,12,16,17,25,26
2	1	828	27	845	169	19	4,5,16,26	1,2	4,5,12,16,21,25,26
2	1	828	27	845	169	19	4,5,16,26	1,2	4,12,16,17,21,25,26
2	1	828	27	845	170	11	0,4,5,16	1,2	4,5,12,16,17,21,26
2	1	828	27	845	170	11	0,4,5,26	1,2	4,5,12,16,17,25,26
2	1	828	27	845	170	11	0,4,5,26	1,2	4,5,16,17,21,25,26
2	1	828	27	845	170	11	0,4,5,26	1,2	5,12,16,17,21,25,26
2	1	828	27	845	170	11	0,4,16,26	1,2	5,12,16,17,21,25,26
2	1	828	27	845	170	11	0,5,16,26	1,2	4,5,12,16,17,21,26
2	1	828	27	845	170	11	0,5,16,26	1,2	4,5,12,16,17,25,26
2	1	828	27	845	170	11	0,5,16,26	1,2	4,5,16,17,21,25,26
2	1	828	27	845	170	19	0,4,5,16	1,2	4,5,12,16,17,21,25
2	1	828	27	845	170	19	0,4,5,16	1,2	4,5,12,16,17,21,26
2	1	828	27	845	170	19	0,4,5,16	1,2	4,5,12,16,21,25,26
2	1	828	27	845	170	19	0,4,5,16	1,2	4,5,12,17,21,25,26
2	1	828	27	845	170	19	0,4,5,26	1,2	4,5,16,17,21,25,26
2	1	828	27	845	170	19	0,4,5,26	1,2	4,12,16,17,21,25,26
2	1	828	27	845	170	19	0,4,5,26	1,2	5,12,16,17,21,25,26
2	1	828	27	845	170	19	0,4,16,26	1,2	4,5,12,16,17,21,25
2	1	828	27	845	170	19	0,4,16,26	1,2	4,5,12,17,21,25,26
2	1	828	27	845	170	19	0,4,16,26	1,2	5,12,16,17,21,25,26
2	1	828	27	845	170	19	0,5,16,26	1,2	4,5,12,16,17,21,26
2	1	828	27	845	170	19	0,5,16,26	1,2	4,5,12,16,21,25,26
2	1	828	27	845	170	19	0,5,16,26	1,2	4,5,16,17,21,25,26
2	1	828	27	845	170	19	0,5,16,26	1,2	4,12,16,17,21,25,26
2	1	828	27	845	170	19	4,5,16,26	1,2	4,5,16,17,21,25,26
2	1	828	27	845	171	11	0,4,5,16	1,2	4,5,12,16,17,21,26
2	1	828	27	845	171	11	0,4,5,16	1,2	4,12,16,17,21,25,26
2	1	828	27	845	171	11	0,4,5,16	1,2	5,12,16,17,21,25,26
2	1	828	27	845	171	11	0,4,5,26	1,2	4,5,12,16,17,21,25
2	1	828	27	845	171	11	0,4,5,26	1,2	4,5,12,17,21,25,26
2	1	828	27	845	171	11	0,4,5,26	1,2	4,5,16,17,21,25,26
2	1	828	27	845	171	11	0,4,16,26	1,2	4,12,16,17,21,25,26
2	1	828	27	845	171	11	0,5,16,26	1,2	4,5,12,16,21,25,26
2	1	828	27	845	171	11	4,5,16,26	1,2	4,5,12,16,17,21,26
2	1	828	27	845	171	11	4,5,16,26	1,2	4,5,12,17,21,25,26
2	1	828	27	845	171	11	4,5,16,26	1,2	4,5,16,17,21,25,26
2	1	828	27	845	171	11	4,5,16,26	1,2	5,12,16,17,21,25,26
2	1	828	27	845	171	19	0,4,5,16	1,2	4,5,12,16,17,21,26
2	1	828	27	845	171	19	0,4,5,16	1,2	4,5,12,16,21,25,26
2	1	828	27	845	171	19	0,4,5,16	1,2	4,5,16,17,21,25,26
2	1	828	27	845	171	19	0,4,5,16	1,2	4,12,16,17,21,25,26
2	1	828	27	845	171	19	0,4,5,26	1,2	4,5,16,17,21,25,26
2	1	828	27	845	171	19	0,4,16,26	1,2	4,5,12,16,17,25,26
2	1	828	27	845	171	19	4,5,16,26	1,2	4,5,12,16,21,25,26
2	1	828	27	845	171	19	4,5,16,26	1,2	4,5,16,17,21,25,26
2	1	828	27	845	171	19	4,5,16,26	1,2	4,12,16,17,21,25,26
2	1	828	27	845	172	11	0,4,5,16	1,2	4,5,12,16,17,25,26
2	1	828	27	845	172	11	0,4,5,16	1,2	4,12,16,17,21,25,26
2	1	828	27	845	172	11	0,4,5,16	1,2	5,12,16,17,21,25,26
2	1	828	27	845	172	11	0,4,5,26	1,2	4,5,12,16,17,21,25
2	1	828	27	845	172	11	0,4,5,26	1,2	4,5,12,16,17,21,26
2	1	828	27	845	172	11	0,4,5,26	1,2	4,5,12,16,21,25,26
2	1	828	27	845	172	11	0,4,5,26	1,2	4,5,12,17,21,25,26
2	1	828	27	845	172	11	0,4,16,26	1,2	4,5,12,16,17,21,26
2	1	828	27	845	172	11	0,4,16,26	1,2	4,5,12,16,17,25,26
2	1	828	27	845	172	11	0,4,16,26	1,2	4,5,12,16,21,25,26
2	1	828	27	845	172	11	0,4,16,26	1,2	5,12,16,17,21,25,26
2	1	828	27	845	172	11	0,5,16,26	1,2	4,5,12,16,17,21,25
2	1	828	27	845	172	11	0,5,16,26	1,2	4,5,12,17,21,25,26
2	1	828	27	845	172	11	0,5,16,26	1,2	4,12,16,17,21,25,26
2	1	828	27	845	172	11	4,5,16,26	1,2	4,5,12,16,17,25,26
2	1	828	27	845	172	19	0,4,5,16	1,2	4,5,12,16,17,25,26
2	1	828	27	845	172	19	0,4,5,16	1,2	4,5,16,17,21,25,26
2	1	828	27	845	172	19	0,4,5,16	1,2	4,12,16,17,21,25,26
2	1	828	27	845	172	19	0,4,5,26	1,2	4,5,12,16,21,25,26
2	1	828	27	845	172	19	0,4,16,26	1,2	4,5,12,16,17,25,26
2	1	828	27	845	172	19	0,4,16,26	1,2	4,5,12,16,21,25,26
2	1	828	27	845	172	19	0,4,16,26	1,2	4,5,16,17,21,25,26
2	1	828	27	845	172	19	0,5,16,26	1,2	4,12,16,17,21,25,26
2	1	828	27	845	173	11	0,4,5,26	1,2	5,12,16,17,21,25,26
2	1	828	27	845	173	11	0,4,16,26	1,2	4,5,12,16,17,21,26
2	1	828	27	845	173	11	0,4,16,26	1,2	4,5,12,16,17,25,26
2	1	828	27	845	173	11	0,4,16,26	1,2	5,12,16,17,21,25,26
2	1	828	27	845	173	11	0,5,16,26	1,2	4,5,12,16,17,21,25
2	1	828	27	845	173	11	0,5,16,26	1,2	4,5,12,16,17,21,26
2	1	828	27	845	173	11	0,5,16,26	1,2	4,5,12,16,17,25,26
2	1	828	27	845	173	11	0,5,16,26	1,2	4,12,16,17,21,25,26
2	1	828	27	845	173	11	4,5,16,26	1,2	4,5,12,16,17,21,26
2	1	828	27	845	173	19	0,4,5,16	1,2	4,12,16,17,21,25,26
2	1	828	27	845	173	19	0,4,16,26	1,2	4,5,12,16,21,25,26
2	1	828	27	845	173	19	0,4,16,26	1,2	4,5,12,17,21,25,26
2	1	828	27	845	173	19	0,4,16,26	1,2	4,5,16,17,21,25,26
2	1	828	27	845	173	19	0,4,16,26	1,2	5,12,16,17,21,25,26
2	1	828	27	845	173	19	0,5,16,26	1,2	4,5,12,16,21,25,26
2	1	828	27	845	173	19	0,5,16,26	1,2	4,5,16,17,21,25,26
2	1	828	27	845	173	19	0,5,16,26	1,2	4,12,16,17,21,25,26
2	1	828	27	845	173	19	4,5,16,26	1,2	4,5,12,16,21,25,26
3	1	828	27	845	169	11	0,4,5,16	1,2	4,5,12,16,17,25,26
3	1	828	27	845	169	11	0,4,5,26	1,2	4,5,12,16,17,21,26
3	1	828	27	845	169	11	0,4,5,26	1,2	4,5,12,16,17,25,26
3	1	828	27	845	169	11	0,4,5,26	1,2	4,5,12,16,21,25,26
3	1	828	27	845	169	11	0,4,5,26	1,2	5,12,16,17,21,25,26
3	1	828	27	845	169	11	0,5,16,26	1,2	4,5,16,17,21,25,26
3	1	828	27	845	169	11	4,5,16,26	1,2	4,5,12,16,17,21,26
3	1	828	27	845	169	11	4,5,16,26	1,2	4,5,12,16,17,25,26
3	1	828	27	845	169	11	4,5,16,26	1,2	5,12,16,17,21,25,26
3	1	828	27	845	169	19	0,4,5,16	1,2	4,5,12,16,17,21,25
3	1	828	27	845	169	19	0,4,5,16	1,2	4,5,12,16,17,25,26
3	1	828	27	845	169	19	0,4,5,16	1,2	4,5,12,17,21,25,26
3	1	828	27	845	169	19	0,4,5,26	1,2	4,5,12,16,21,25,26
3	1	828	27	845	169	19	0,4,5,26	1,2	4,12,16,17,21,25,26
3	1	828	27	845	169	19	0,4,5,26	1,2	5,12,16,17,21,25,26
3	1	828	27	845	169	19	0,4,16,26	1,2	4,5,12,16,17,21,26
3	1	828	27	845	169	19	0,5,16,26	1,2	5,12,16,17,21,25,26
3	1	828	27	845	169	19	4,5,16,26	1,2	4,5,12,16,17,21,25
3	1	828	27	845	169	19	4,5,16,26	1,2	4,5,12,16,17,25,26
3	1	828	27	845	169	19	4,5,16,26	1,2	4,5,12,16,21,25,26
3	1	828	27	845	169	19	4,5,16,26	1,2	4,12,16,17,21,25,26
3	1	828	27	845	170	11	0,4,5,16	1,2	4,5,12,16,17,21,26
3	1	828	27	845	170	11	0,4,5,26	1,2	4,5,12,16,17,25,26
3	1	828	27	845	170	11	0,4,5,26	1,2	4,5,16,17,21,25,26
3	1	828	27	845	170	11	0,4,5,26	1,2	5,12,16,17,21,25,26
3	1	828	27	845	170	11	0,4,16,26	1,2	5,12,16,17,21,25,26
3	1	828	27	845	170	11	0,5,16,26	1,2	4,5,12,16,17,21,26
3	1	828	27	845	170	11	0,5,16,26	1,2	4,5,12,16,17,25,26
3	1	828	27	845	170	11	0,5,16,26	1,2	4,5,16,17,21,25,26
3	1	828	27	845	170	19	0,4,5,16	1,2	4,5,12,16,17,21,25
3	1	828	27	845	170	19	0,4,5,16	1,2	4,5,12,16,17,21,26
3	1	828	27	845	170	19	0,4,5,16	1,2	4,5,12,16,21,25,26
3	1	828	27	845	170	19	0,4,5,16	1,2	4,5,12,17,21,25,26
3	1	828	27	845	170	19	0,4,5,26	1,2	4,5,16,17,21,25,26
3	1	828	27	845	170	19	0,4,5,26	1,2	4,12,16,17,21,25,26
3	1	828	27	845	170	19	0,4,5,26	1,2	5,12,16,17,21,25,26
3	1	828	27	845	170	19	0,4,16,26	1,2	4,5,12,16,17,21,25
3	1	828	27	845	170	19	0,4,16,26	1,2	4,5,12,17,21,25,26
3	1	828	27	845	170	19	0,4,16,26	1,2	5,12,16,17,21,25,26
3	1	828	27	845	170	19	0,5,16,26	1,2	4,5,12,16,17,21,26
3	1	828	27	845	170	19	0,5,16,26	1,2	4,5,12,16,21,25,26
3	1	828	27	845	170	19	0,5,16,26	1,2	4,5,16,17,21,25,26
3	1	828	27	845	170	19	0,5,16,26	1,2	4,12,16,17,21,25,26
3	1	828	27	845	170	19	4,5,16,26	1,2	4,5,16,17,21,25,26
3	1	828	27	845	171	11	0,4,5,16	1,2	4,5,12,16,17,21,26
3	1	828	27	845	171	11	0,4,5,16	1,2	4,12,16,17,21,25,26
3	1	828	27	845	171	11	0,4,5,16	1,2	5,12,16,17,21,25,26
3	1	828	27	845	171	11	0,4,5,26	1,2	4,5,12,16,17,21,25
3	1	828	27	845	171	11	0,4,5,26	1,2	4,5,12,17,21,25,26
3	1	828	27	845	171	11	0,4,5,26	1,2	4,5,16,17,21,25,26
3	1	828	27	845	171	11	0,4,16,26	1,2	4,12,16,17,21,25,26
3	1	828	27	845	171	11	0,5,16,26	1,2	4,5,12,16,21,25,26
3	1	828	27	845	171	11	4,5,16,26	1,2	4,5,12,16,17,21,26
3	1	828	27	845	171	11	4,5,16,26	1,2	4,5,12,17,21,25,26
3	1	828	27	845	171	11	4,5,16,26	1,2	4,5,16,17,21,25,26
3	1	828	27	845	171	11	4,5,16,26	1,2	5,12,16,17,21,25,26
3	1	828	27	845	171	19	0,4,5,16	1,2	4,5,12,16,17,21,26
3	1	828	27	845	171	19	0,4,5,16	1,2	4,5,12,16,21,25,26
3	1	828	27	845	171	19	0,4,5,16	1,2	4,5,16,17,21,25,26
3	1	828	27	845	171	19	0,4,5,16	1,2	4,12,16,17,21,25,26
3	1	828	27	845	171	19	0,4,5,26	1,2	4,5,16,17,21,25,26
3	1	828	27	845	171	19	0,4,16,26	1,2	4,5,12,16,17,25,26
3	1	828	27	845	171	19	4,5,16,26	1,2	4,5,12,16,21,25,26
3	1	828	27	845	171	19	4,5,16,26	1,2	4,5,16,17,21,25,26
3	1	828	27	845	171	19	4,5,16,26	1,2	4,12,16,17,21,25,26
3	1	828	27	845	172	11	0,4,5,16	1,2	4,5,12,16,17,25,26
3	1	828	27	845	172	11	0,4,5,16	1,2	4,12,16,17,21,25,26
3	1	828	27	845	172	11	0,4,5,16	1,2	5,12,16,17,21,25,26
3	1	828	27	845	172	11	0,4,5,26	1,2	4,5,12,16,17,21,25
3	1	828	27	845	172	11	0,4,5,26	1,2	4,5,12,16,17,21,26
3	1	828	27	845	172	11	0,4,5,26	1,2	4,5,12,16,21,25,26
3	1	828	27	845	172	11	0,4,5,26	1,2	4,5,12,17,21,25,26
3	1	828	27	845	172	11	0,4,16,26	1,2	4,5,12,16,17,21,26
3	1	828	27	845	172	11	0,4,16,26	1,2	4,5,12,16,17,25,26
3	1	828	27	845	172	11	0,4,16,26	1,2	4,5,12,16,21,25,26
3	1	828	27	845	172	11	0,4,16,26	1,2	5,12,16,17,21,25,26
3	1	828	27	845	172	11	0,5,16,26	1,2	4,5,12,16,17,21,25
3	1	828	27	845	172	11	0,5,16,26	1,2	4,5,12,17,21,25,26
3	1	828	27	845	172	11	0,5,16,26	1,2	4,12,16,17,21,25,26
3	1	828	27	845	172	11	4,5,16,26	1,2	4,5,12,16,17,25,26
3	1	828	27	845	172	19	0,4,5,16	1,2	4,5,12,16,17,25,26
3	1	828	27	845	172	19	0,4,5,16	1,2	4,5,16,17,21,25,26
3	1	828	27	845	172	19	0,4,5,16	1,2	4,12,16,17,21,25,26
3	1	828	27	845	172	19	0,4,5,26	1,2	4,5,12,16,21,25,26
3	1	828	27	845	172	19	0,4,16,26	1,2	4,5,12,16,17,25,26
3	1	828	27	845	172	19	0,4,16,26	1,2	4,5,12,16,21,25,26
3	1	828	27	845	172	19	0,4,16,26	1,2	4,5,16,17,21,25,26
3	1	828	27	845	172	19	0,5,16,26	1,2	4,12,16,17,21,25,26
3	1	828	27	845	173	11	0,4,5,26	1,2	5,12,16,17,21,25,26
3	1	828	27	845	173	11	0,4,16,26	1,2	4,5,12,16,17,21,26
3	1	828	27	845	173	11	0,4,16,26	1,2	4,5,12,16,17,25,26
3	1	828	27	845	173	11	0,4,16,26	1,2	5,12,16,17,21,25,26
3	1	828	27	845	173	11	0,5,16,26	1,2	4,5,12,16,17,21,25
3	1	828	27	845	173	11	0,5,16,26	1,2	4,5,12,16,17,21,26
3	1	828	27	845	173	11	0,5,16,26	1,2	4,5,12,16,17,25,26
3	1	828	27	845	173	11	0,5,16,26	1,2	4,12,16,17,21,25,26
3	1	828	27	845	173	11	4,5,16,26	1,2	4,5,12,16,17,21,26
3	1	828	27	845	173	19	0,4,5,16	1,2	4,12,16,17,21,25,26
3	1	828	27	845	173	19	0,4,16,26	1,2	4,5,12,16,21,25,26
3	1	828	27	845	173	19	0,4,16,26	1,2	4,5,12,17,21,25,26
3	1	828	27	845	173	19	0,4,16,26	1,2	4,5,16,17,21,25,26
3	1	828	27	845	173	19	0,4,16,26	1,2	5,12,16,17,21,25,26
3	1	828	27	845	173	19	0,5,16,26	1,2	4,5,12,16,21,25,26
3	1	828	27	845	173	19	0,5,16,26	1,2	4,5,16,17,21,25,26
3	1	828	27	845	173	19	0,5,16,26	1,2	4,12,16,17,21,25,26
3	1	828	27	845	173	19	4,5,16,26	1,2	4,5,12,16,21,25,26
Cap configurations: 920

3-flat point count: 8,2,8;4,0,3;5,4,7
Excluded point counts: 1,1,1
Cap configurations: 0

3-flat point count: 8,2,8;3,1,3;7,5,4
Excluded point counts: 1,1,1
Cap configurations: 0

3-flat point count: 8,2,8;2,2,3;7,5,4
Excluded point counts: 5,18,18;6,17,18
0	0	828	12	827	80	15,24	3,7,8,11,19	4,5,20	9,17,18,25
0	0	828	12	827	80	15,24	3,7,8,11,19	4,6,10	3,9,17,25
0	0	828	12	827	80	15,24	3,7,8,11,19	4,6,20	3,9,18,25
0	0	828	12	827	80	15,24	3,7,8,11,19	4,10,20	3,9,17,18
0	0	828	12	827	80	15,24	3,7,8,11,19	5,6,10	3,9,17,18
0	0	828	12	827	80	15,24	3,7,8,11,19	5,6,20	9,17,18,25
0	0	828	12	827	80	15,24	3,7,8,11,19	6,10,20	3,9,17,25
0	0	828	12	827	155	4,5	6,9,14,18,22	3,9,16	4,5,6,11
0	0	828	12	827	155	4,5	6,9,14,18,22	3,9,16	4,5,11,19
0	0	828	12	827	155	4,5	6,9,14,18,22	3,9,26	4,5,6,19
0	0	828	12	827	155	4,5	6,9,14,18,22	3,9,26	4,5,11,19
0	0	828	12	827	155	4,5	6,9,14,18,22	3,16,18	4,5,6,19
0	0	828	12	827	155	4,5	6,9,14,18,22	3,16,26	5,6,11,19
0	0	828	12	827	155	4,5	6,9,14,18,22	9,16,26	4,5,6,11
0	0	828	12	827	155	4,5	6,9,14,18,22	9,16,26	5,6,11,19
0	1	828	12	827	80	15,24	3,7,8,11,19	4,5,20	9,17,18,25
0	1	828	12	827	80	15,24	3,7,8,11,19	4,6,10	3,9,17,25
0	1	828	12	827	80	15,24	3,7,8,11,19	4,6,20	3,9,18,25
0	1	828	12	827	80	15,24	3,7,8,11,19	4,10,20	3,9,17,18
0	1	828	12	827	80	15,24	3,7,8,11,19	5,6,10	3,9,17,18
0	1	828	12	827	80	15,24	3,7,8,11,19	5,6,20	9,17,18,25
0	1	828	12	827	80	15,24	3,7,8,11,19	6,10,20	3,9,17,25
0	1	828	12	827	155	4,5	6,9,14,18,22	3,9,16	4,5,6,11
0	1	828	12	827	155	4,5	6,9,14,18,22	3,9,16	4,5,11,19
0	1	828	12	827	155	4,5	6,9,14,18,22	3,9,26	4,5,6,19
0	1	828	12	827	155	4,5	6,9,14,18,22	3,9,26	4,5,11,19
0	1	828	12	827	155	4,5	6,9,14,18,22	3,16,18	4,5,6,19
0	1	828	12	827	155	4,5	6,9,14,18,22	3,16,26	5,6,11,19
0	1	828	12	827	155	4,5	6,9,14,18,22	9,16,26	4,5,6,11
0	1	828	12	827	155	4,5	6,9,14,18,22	9,16,26	5,6,11,19
1	0	828	12	827	80	7,8	3,9,16,18,26	6,9,14	3,7,8,10
1	0	828	12	827	80	7,8	3,9,16,18,26	6,9,22	3,7,8,20
1	0	828	12	827	80	7,8	3,9,16,18,26	6,14,18	3,7,10,20
1	0	828	12	827	80	7,8	3,9,16,18,26	9,14,18	3,7,10,20
1	0	828	12	827	80	7,8	3,9,16,18,26	9,18,22	3,7,10,20
1	0	828	12	827	80	7,8	3,9,16,18,26	9,18,22	7,8,10,20
1	0	828	12	827	80	7,8	3,9,16,18,26	14,18,22	7,8,10,20
1	0	828	12	827	155	12,21	4,5,6,10,20	3,7,8	6,9,18,23
1	0	828	12	827	155	12,21	4,5,6,10,20	3,7,11	6,13,18,23
1	0	828	12	827	155	12,21	4,5,6,10,20	3,7,19	6,13,18,23
1	0	828	12	827	155	12,21	4,5,6,10,20	3,7,19	9,13,18,23
1	0	828	12	827	155	12,21	4,5,6,10,20	3,8,11	6,13,18,23
1	0	828	12	827	155	12,21	4,5,6,10,20	3,8,19	9,13,18,23
1	0	828	12	827	155	12,21	4,5,6,10,20	7,8,11	6,9,13,18
1	0	828	12	827	155	12,21	4,5,6,10,20	7,8,11	6,13,18,23
1	0	828	12	827	155	12,21	4,5,6,10,20	7,8,19	6,9,18,23
1	0	828	12	827	155	12,21	4,5,6,10,20	7,8,19	6,13,18,23
1	1	828	12	827	80	7,8	3,9,16,18,26	6,9,14	3,7,8,10
1	1	828	12	827	80	7,8	3,9,16,18,26	6,9,22	3,7,8,20
1	1	828	12	827	80	7,8	3,9,16,18,26	6,14,18	3,7,10,20
1	1	828	12	827	80	7,8	3,9,16,18,26	9,14,18	3,7,10,20
1	1	828	12	827	80	7,8	3,9,16,18,26	9,18,22	3,7,10,20
1	1	828	12	827	80	7,8	3,9,16,18,26	9,18,22	7,8,10,20
1	1	828	12	827	80	7,8	3,9,16,18,26	14,18,22	7,8,10,20
1	1	828	12	827	155	12,21	4,5,6,10,20	3,7,8	6,9,18,23
1	1	828	12	827	155	12,21	4,5,6,10,20	3,7,11	6,13,18,23
1	1	828	12	827	155	12,21	4,5,6,10,20	3,7,19	6,13,18,23
1	1	828	12	827	155	12,21	4,5,6,10,20	3,7,19	9,13,18,23
1	1	828	12	827	155	12,21	4,5,6,10,20	3,8,11	6,13,18,23
1	1	828	12	827	155	12,21	4,5,6,10,20	3,8,19	9,13,18,23
1	1	828	12	827	155	12,21	4,5,6,10,20	7,8,11	6,9,13,18
1	1	828	12	827	155	12,21	4,5,6,10,20	7,8,11	6,13,18,23
1	1	828	12	827	155	12,21	4,5,6,10,20	7,8,19	6,9,18,23
1	1	828	12	827	155	12,21	4,5,6,10,20	7,8,19	6,13,18,23
2	0	828	12	827	80	15,24	3,7,8,11,19	4,5,20	9,17,18,25
2	0	828	12	827	80	15,24	3,7,8,11,19	4,6,10	3,9,17,25
2	0	828	12	827	80	15,24	3,7,8,11,19	4,6,20	3,9,18,25
2	0	828	12	827	80	15,24	3,7,8,11,19	4,10,20	3,9,17,18
2	0	828	12	827	80	15,24	3,7,8,11,19	5,6,10	3,9,17,18
2	0	828	12	827	80	15,24	3,7,8,11,19	5,6,20	9,17,18,25
2	0	828	12	827	80	15,24	3,7,8,11,19	6,10,20	3,9,17,25
2	0	828	12	827	155	4,5	6,9,14,18,22	3,9,16	4,5,6,11
2	0	828	12	827	155	4,5	6,9,14,18,22	3,9,16	4,5,11,19
2	0	828	12	827	155	4,5	6,9,14,18,22	3,9,26	4,5,6,19
2	0	828	12	827	155	4,5	6,9,14,18,22	3,9,26	4,5,11,19
2	0	828	12	827	155	4,5	6,9,14,18,22	3,16,18	4,5,6,19
2	0	828	12	827	155	4,5	6,9,14,18,22	3,16,26	5,6,11,19
2	0	828	12	827	155	4,5	6,9,14,18,22	9,16,26	4,5,6,11
2	0	828	12	827	155	4,5	6,9,14,18,22	9,16,26	5,6,11,19
2	1	828	12	827	80	15,24	3,7,8,11,19	4,5,20	9,17,18,25
2	1	828	12	827	80	15,24	3,7,8,11,19	4,6,10	3,9,17,25
2	1	828	12	827	80	15,24	3,7,8,11,19	4,6,20	3,9,18,25
2	1	828	12	827	80	15,24	3,7,8,11,19	4,10,20	3,9,17,18
2	1	828	12	827	80	15,24	3,7,8,11,19	5,6,10	3,9,17,18
2	1	828	12	827	80	15,24	3,7,8,11,19	5,6,20	9,17,18,25
2	1	828	12	827	80	15,24	3,7,8,11,19	6,10,20	3,9,17,25
2	1	828	12	827	155	4,5	6,9,14,18,22	3,9,16	4,5,6,11
2	1	828	12	827	155	4,5	6,9,14,18,22	3,9,16	4,5,11,19
2	1	828	12	827	155	4,5	6,9,14,18,22	3,9,26	4,5,6,19
2	1	828	12	827	155	4,5	6,9,14,18,22	3,9,26	4,5,11,19
2	1	828	12	827	155	4,5	6,9,14,18,22	3,16,18	4,5,6,19
2	1	828	12	827	155	4,5	6,9,14,18,22	3,16,26	5,6,11,19
2	1	828	12	827	155	4,5	6,9,14,18,22	9,16,26	4,5,6,11
2	1	828	12	827	155	4,5	6,9,14,18,22	9,16,26	5,6,11,19
3	0	828	12	827	80	7,8	3,9,16,18,26	6,9,14	3,7,8,10
3	0	828	12	827	80	7,8	3,9,16,18,26	6,9,22	3,7,8,20
3	0	828	12	827	80	7,8	3,9,16,18,26	6,14,18	3,7,10,20
3	0	828	12	827	80	7,8	3,9,16,18,26	9,14,18	3,7,10,20
3	0	828	12	827	80	7,8	3,9,16,18,26	9,18,22	3,7,10,20
3	0	828	12	827	80	7,8	3,9,16,18,26	9,18,22	7,8,10,20
3	0	828	12	827	80	7,8	3,9,16,18,26	14,18,22	7,8,10,20
3	0	828	12	827	155	12,21	4,5,6,10,20	3,7,8	6,9,18,23
3	0	828	12	827	155	12,21	4,5,6,10,20	3,7,11	6,13,18,23
3	0	828	12	827	155	12,21	4,5,6,10,20	3,7,19	6,13,18,23
3	0	828	12	827	155	12,21	4,5,6,10,20	3,7,19	9,13,18,23
3	0	828	12	827	155	12,21	4,5,6,10,20	3,8,11	6,13,18,23
3	0	828	12	827	155	12,21	4,5,6,10,20	3,8,19	9,13,18,23
3	0	828	12	827	155	12,21	4,5,6,10,20	7,8,11	6,9,13,18
3	0	828	12	827	155	12,21	4,5,6,10,20	7,8,11	6,13,18,23
3	0	828	12	827	155	12,21	4,5,6,10,20	7,8,19	6,9,18,23
3	0	828	12	827	155	12,21	4,5,6,10,20	7,8,19	6,13,18,23
3	1	828	12	827	80	7,8	3,9,16,18,26	6,9,14	3,7,8,10
3	1	828	12	827	80	7,8	3,9,16,18,26	6,9,22	3,7,8,20
3	1	828	12	827	80	7,8	3,9,16,18,26	6,14,18	3,7,10,20
3	1	828	12	827	80	7,8	3,9,16,18,26	9,14,18	3,7,10,20
3	1	828	12	827	80	7,8	3,9,16,18,26	9,18,22	3,7,10,20
3	1	828	12	827	80	7,8	3,9,16,18,26	9,18,22	7,8,10,20
3	1	828	12	827	80	7,8	3,9,16,18,26	14,18,22	7,8,10,20
3	1	828	12	827	155	12,21	4,5,6,10,20	3,7,8	6,9,18,23
3	1	828	12	827	155	12,21	4,5,6,10,20	3,7,11	6,13,18,23
3	1	828	12	827	155	12,21	4,5,6,10,20	3,7,19	6,13,18,23
3	1	828	12	827	155	12,21	4,5,6,10,20	3,7,19	9,13,18,23
3	1	828	12	827	155	12,21	4,5,6,10,20	3,8,11	6,13,18,23
3	1	828	12	827	155	12,21	4,5,6,10,20	3,8,19	9,13,18,23
3	1	828	12	827	155	12,21	4,5,6,10,20	7,8,11	6,9,13,18
3	1	828	12	827	155	12,21	4,5,6,10,20	7,8,11	6,13,18,23
3	1	828	12	827	155	12,21	4,5,6,10,20	7,8,19	6,9,18,23
3	1	828	12	827	155	12,21	4,5,6,10,20	7,8,19	6,13,18,23
0	0	828	27	827	172	0,9	7,9,13,14,26	4,14,18	3,8,9,25
0	0	828	27	827	172	0,9	7,9,13,14,26	4,14,25	3,8,9,21
0	0	828	27	827	172	0,9	7,9,13,14,26	4,14,26	3,9,21,25
0	0	828	27	827	172	0,9	7,9,13,14,26	4,18,26	3,8,21,25
0	0	828	27	827	172	0,9	7,9,13,14,26	14,25,26	3,9,21,25
0	0	828	27	827	172	0,9	7,9,13,14,26	18,25,26	8,9,21,25
0	0	828	27	827	269	18,20	4,8,11,21,26	4,6,13	3,11,16,22
0	0	828	27	827	269	18,20	4,8,11,21,26	4,6,17	3,11,15,22
0	0	828	27	827	269	18,20	4,8,11,21,26	4,6,19	3,15,16,22
0	0	828	27	827	269	18,20	4,8,11,21,26	4,13,17	3,11,15,16
0	0	828	27	827	269	18,20	4,8,11,21,26	4,13,17	3,11,15,22
0	0	828	27	827	269	18,20	4,8,11,21,26	4,13,19	3,11,16,22
0	0	828	27	827	269	18,20	4,8,11,21,26	4,13,19	11,15,16,22
0	0	828	27	827	269	18,20	4,8,11,21,26	6,13,17	3,11,15,16
0	0	828	27	827	269	18,20	4,8,11,21,26	6,13,19	3,15,16,22
0	0	828	27	827	269	18,20	4,8,11,21,26	6,13,19	11,15,16,22
0	0	828	27	827	269	18,20	4,8,11,21,26	6,17,19	11,15,16,22
0	0	828	27	827	269	18,20	4,8,11,21,26	13,17,19	11,15,16,22
0	0	828	27	827	271	18,19	3,7,10,23,25	5,7,15	5,10,15,17
0	0	828	27	827	271	18,19	3,7,10,23,25	5,7,15	5,15,17,21
0	0	828	27	827	271	18,19	3,7,10,23,25	5,14,15	5,10,15,17
0	0	828	27	827	271	18,19	3,7,10,23,25	5,14,15	5,15,17,21
0	0	828	27	827	271	18,19	3,7,10,23,25	14,15,20	5,15,17,21
0	1	828	27	827	172	19,20	3,7,9,21,26	4,6,14	8,9,13,25
0	1	828	27	827	172	19,20	3,7,9,21,26	4,6,14	8,9,14,25
0	1	828	27	827	172	19,20	3,7,9,21,26	4,6,15	8,9,13,14
0	1	828	27	827	172	19,20	3,7,9,21,26	4,6,18	8,9,14,25
0	1	828	27	827	172	19,20	3,7,9,21,26	4,14,15	8,9,13,14
0	1	828	27	827	172	19,20	3,7,9,21,26	4,14,18	9,13,14,25
0	1	828	27	827	172	19,20	3,7,9,21,26	4,15,18	8,13,14,25
0	1	828	27	827	172	19,20	3,7,9,21,26	6,14,18	8,9,13,25
0	1	828	27	827	172	19,20	3,7,9,21,26	14,15,18	8,13,14,25
0	1	828	27	827	172	19,20	3,7,9,21,26	14,15,18	9,13,14,25
0	1	828	27	827	269	1,10	4,11,15,16,21	6,17,19	8,11,22,26
0	1	828	27	827	269	1,10	4,11,15,16,21	6,17,21	3,8,11,22
0	1	828	27	827	269	1,10	4,11,15,16,21	6,17,23	3,8,11,26
0	1	828	27	827	269	1,10	4,11,15,16,21	6,19,21	3,8,22,26
0	1	828	27	827	269	1,10	4,11,15,16,21	6,19,23	3,8,22,26
0	1	828	27	827	269	1,10	4,11,15,16,21	6,19,23	8,11,22,26
0	1	828	27	827	269	1,10	4,11,15,16,21	6,21,23	3,11,22,26
0	1	828	27	827	269	1,10	4,11,15,16,21	17,19,23	8,11,22,26
0	1	828	27	827	269	1,10	4,11,15,16,21	17,21,23	3,8,11,22
0	1	828	27	827	269	1,10	4,11,15,16,21	17,21,23	3,8,11,26
0	1	828	27	827	269	1,10	4,11,15,16,21	19,21,23	3,11,22,26
0	1	828	27	827	269	1,10	4,11,15,16,21	19,21,23	8,11,22,26
0	1	828	27	827	271	2,11	3,10,15,17,23	7,15,21	5,7,21,25
0	1	828	27	827	271	2,11	3,10,15,17,23	7,15,21	7,10,21,25
0	1	828	27	827	271	2,11	3,10,15,17,23	7,20,22	5,7,21,25
0	1	828	27	827	271	2,11	3,10,15,17,23	7,21,22	5,7,21,25
0	1	828	27	827	271	2,11	3,10,15,17,23	7,21,22	7,10,21,25
1	0	828	27	827	172	0,9	7,9,13,14,26	4,14,18	3,8,9,25
1	0	828	27	827	172	0,9	7,9,13,14,26	4,14,25	3,8,9,21
1	0	828	27	827	172	0,9	7,9,13,14,26	4,14,26	3,9,21,25
1	0	828	27	827	172	0,9	7,9,13,14,26	4,18,26	3,8,21,25
1	0	828	27	827	172	0,9	7,9,13,14,26	14,25,26	3,9,21,25
1	0	828	27	827	172	0,9	7,9,13,14,26	18,25,26	8,9,21,25
1	0	828	27	827	269	18,20	4,8,11,21,26	4,6,13	3,11,16,22
1	0	828	27	827	269	18,20	4,8,11,21,26	4,6,17	3,11,15,22
1	0	828	27	827	269	18,20	4,8,11,21,26	4,6,19	3,15,16,22
1	0	828	27	827	269	18,20	4,8,11,21,26	4,13,17	3,11,15,16
1	0	828	27	827	269	18,20	4,8,11,21,26	4,13,17	3,11,15,22
1	0	828	27	827	269	18,20	4,8,11,21,26	4,13,19	3,11,16,22
1	0	828	27	827	269	18,20	4,8,11,21,26	4,13,19	11,15,16,22
1	0	828	27	827	269	18,20	4,8,11,21,26	6,13,17	3,11,15,16
1	0	828	27	827	269	18,20	4,8,11,21,26	6,13,19	3,15,16,22
1	0	828	27	827	269	18,20	4,8,11,21,26	6,13,19	11,15,16,22
1	0	828	27	827	269	18,20	4,8,11,21,26	6,17,19	11,15,16,22
1	0	828	27	827	269	18,20	4,8,11,21,26	13,17,19	11,15,16,22
1	0	828	27	827	271	18,19	3,7,10,23,25	5,7,15	5,10,15,17
1	0	828	27	827	271	18,19	3,7,10,23,25	5,7,15	5,15,17,21
1	0	828	27	827	271	18,19	3,7,10,23,25	5,14,15	5,10,15,17
1	0	828	27	827	271	18,19	3,7,10,23,25	5,14,15	5,15,17,21
1	0	828	27	827	271	18,19	3,7,10,23,25	14,15,20	5,15,17,21
1	1	828	27	827	172	19,20	3,7,9,21,26	4,6,14	8,9,13,25
1	1	828	27	827	172	19,20	3,7,9,21,26	4,6,14	8,9,14,25
1	1	828	27	827	172	19,20	3,7,9,21,26	4,6,15	8,9,13,14
1	1	828	27	827	172	19,20	3,7,9,21,26	4,6,18	8,9,14,25
1	1	828	27	827	172	19,20	3,7,9,21,26	4,14,15	8,9,13,14
1	1	828	27	827	172	19,20	3,7,9,21,26	4,14,18	9,13,14,25
1	1	828	27	827	172	19,20	3,7,9,21,26	4,15,18	8,13,14,25
1	1	828	27	827	172	19,20	3,7,9,21,26	6,14,18	8,9,13,25
1	1	828	27	827	172	19,20	3,7,9,21,26	14,15,18	8,13,14,25
1	1	828	27	827	172	19,20	3,7,9,21,26	14,15,18	9,13,14,25
1	1	828	27	827	269	1,10	4,11,15,16,21	6,17,19	8,11,22,26
1	1	828	27	827	269	1,10	4,11,15,16,21	6,17,21	3,8,11,22
1	1	828	27	827	269	1,10	4,11,15,16,21	6,17,23	3,8,11,26
1	1	828	27	827	269	1,10	4,11,15,16,21	6,19,21	3,8,22,26
1	1	828	27	827	269	1,10	4,11,15,16,21	6,19,23	3,8,22,26
1	1	828	27	827	269	1,10	4,11,15,16,21	6,19,23	8,11,22,26
1	1	828	27	827	269	1,10	4,11,15,16,21	6,21,23	3,11,22,26
1	1	828	27	827	269	1,10	4,11,15,16,21	17,19,23	8,11,22,26
1	1	828	27	827	269	1,10	4,11,15,16,21	17,21,23	3,8,11,22
1	1	828	27	827	269	1,10	4,11,15,16,21	17,21,23	3,8,11,26
1	1	828	27	827	269	1,10	4,11,15,16,21	19,21,23	3,11,22,26
1	1	828	27	827	269	1,10	4,11,15,16,21	19,21,23	8,11,22,26
1	1	828	27	827	271	2,11	3,10,15,17,23	7,15,21	5,7,21,25
1	1	828	27	827	271	2,11	3,10,15,17,23	7,15,21	7,10,21,25
1	1	828	27	827	271	2,11	3,10,15,17,23	7,20,22	5,7,21,25
1	1	828	27	827	271	2,11	3,10,15,17,23	7,21,22	5,7,21,25
1	1	828	27	827	271	2,11	3,10,15,17,23	7,21,22	7,10,21,25
2	0	828	27	827	172	0,9	7,9,13,14,26	4,14,18	3,8,9,25
2	0	828	27	827	172	0,9	7,9,13,14,26	4,14,25	3,8,9,21
2	0	828	27	827	172	0,9	7,9,13,14,26	4,14,26	3,9,21,25
2	0	828	27	827	172	0,9	7,9,13,14,26	4,18,26	3,8,21,25
2	0	828	27	827	172	0,9	7,9,13,14,26	14,25,26	3,9,21,25
2	0	828	27	827	172	0,9	7,9,13,14,26	18,25,26	8,9,21,25
2	0	828	27	827	269	18,20	4,8,11,21,26	4,6,13	3,11,16,22
2	0	828	27	827	269	18,20	4,8,11,21,26	4,6,17	3,11,15,22
2	0	828	27	827	269	18,20	4,8,11,21,26	4,6,19	3,15,16,22
2	0	828	27	827	269	18,20	4,8,11,21,26	4,13,17	3,11,15,16
2	0	828	27	827	269	18,20	4,8,11,21,26	4,13,17	3,11,15,22
2	0	828	27	827	269	18,20	4,8,11,21,26	4,13,19	3,11,16,22
2	0	828	27	827	269	18,20	4,8,11,21,26	4,13,19	11,15,16,22
2	0	828	27	827	269	18,20	4,8,11,21,26	6,13,17	3,11,15,16
2	0	828	27	827	269	18,20	4,8,11,21,26	6,13,19	3,15,16,22
2	0	828	27	827	269	18,20	4,8,11,21,26	6,13,19	11,15,16,22
2	0	828	27	827	269	18,20	4,8,11,21,26	6,17,19	11,15,16,22
2	0	828	27	827	269	18,20	4,8,11,21,26	13,17,19	11,15,16,22
2	0	828	27	827	271	18,19	3,7,10,23,25	5,7,15	5,10,15,17
2	0	828	27	827	271	18,19	3,7,10,23,25	5,7,15	5,15,17,21
2	0	828	27	827	271	18,19	3,7,10,23,25	5,14,15	5,10,15,17
2	0	828	27	827	271	18,19	3,7,10,23,25	5,14,15	5,15,17,21
2	0	828	27	827	271	18,19	3,7,10,23,25	14,15,20	5,15,17,21
2	1	828	27	827	172	19,20	3,7,9,21,26	4,6,14	8,9,13,25
2	1	828	27	827	172	19,20	3,7,9,21,26	4,6,14	8,9,14,25
2	1	828	27	827	172	19,20	3,7,9,21,26	4,6,15	8,9,13,14
2	1	828	27	827	172	19,20	3,7,9,21,26	4,6,18	8,9,14,25
2	1	828	27	827	172	19,20	3,7,9,21,26	4,14,15	8,9,13,14
2	1	828	27	827	172	19,20	3,7,9,21,26	4,14,18	9,13,14,25
2	1	828	27	827	172	19,20	3,7,9,21,26	4,15,18	8,13,14,25
2	1	828	27	827	172	19,20	3,7,9,21,26	6,14,18	8,9,13,25
2	1	828	27	827	172	19,20	3,7,9,21,26	14,15,18	8,13,14,25
2	1	828	27	827	172	19,20	3,7,9,21,26	14,15,18	9,13,14,25
2	1	828	27	827	269	1,10	4,11,15,16,21	6,17,19	8,11,22,26
2	1	828	27	827	269	1,10	4,11,15,16,21	6,17,21	3,8,11,22
2	1	828	27	827	269	1,10	4,11,15,16,21	6,17,23	3,8,11,26
2	1	828	27	827	269	1,10	4,11,15,16,21	6,19,21	3,8,22,26
2	1	828	27	827	269	1,10	4,11,15,16,21	6,19,23	3,8,22,26
2	1	828	27	827	269	1,10	4,11,15,16,21	6,19,23	8,11,22,26
2	1	828	27	827	269	1,10	4,11,15,16,21	6,21,23	3,11,22,26
2	1	828	27	827	269	1,10	4,11,15,16,21	17,19,23	8,11,22,26
2	1	828	27	827	269	1,10	4,11,15,16,21	17,21,23	3,8,11,22
2	1	828	27	827	269	1,10	4,11,15,16,21	17,21,23	3,8,11,26
2	1	828	27	827	269	1,10	4,11,15,16,21	19,21,23	3,11,22,26
2	1	828	27	827	269	1,10	4,11,15,16,21	19,21,23	8,11,22,26
2	1	828	27	827	271	2,11	3,10,15,17,23	7,15,21	5,7,21,25
2	1	828	27	827	271	2,11	3,10,15,17,23	7,15,21	7,10,21,25
2	1	828	27	827	271	2,11	3,10,15,17,23	7,20,22	5,7,21,25
2	1	828	27	827	271	2,11	3,10,15,17,23	7,21,22	5,7,21,25
2	1	828	27	827	271	2,11	3,10,15,17,23	7,21,22	7,10,21,25
3	0	828	27	827	172	0,9	7,9,13,14,26	4,14,18	3,8,9,25
3	0	828	27	827	172	0,9	7,9,13,14,26	4,14,25	3,8,9,21
3	0	828	27	827	172	0,9	7,9,13,14,26	4,14,26	3,9,21,25
3	0	828	27	827	172	0,9	7,9,13,14,26	4,18,26	3,8,21,25
3	0	828	27	827	172	0,9	7,9,13,14,26	14,25,26	3,9,21,25
3	0	828	27	827	172	0,9	7,9,13,14,26	18,25,26	8,9,21,25
3	0	828	27	827	269	18,20	4,8,11,21,26	4,6,13	3,11,16,22
3	0	828	27	827	269	18,20	4,8,11,21,26	4,6,17	3,11,15,22
3	0	828	27	827	269	18,20	4,8,11,21,26	4,6,19	3,15,16,22
3	0	828	27	827	269	18,20	4,8,11,21,26	4,13,17	3,11,15,16
3	0	828	27	827	269	18,20	4,8,11,21,26	4,13,17	3,11,15,22
3	0	828	27	827	269	18,20	4,8,11,21,26	4,13,19	3,11,16,22
3	0	828	27	827	269	18,20	4,8,11,21,26	4,13,19	11,15,16,22
3	0	828	27	827	269	18,20	4,8,11,21,26	6,13,17	3,11,15,16
3	0	828	27	827	269	18,20	4,8,11,21,26	6,13,19	3,15,16,22
3	0	828	27	827	269	18,20	4,8,11,21,26	6,13,19	11,15,16,22
3	0	828	27	827	269	18,20	4,8,11,21,26	6,17,19	11,15,16,22
3	0	828	27	827	269	18,20	4,8,11,21,26	13,17,19	11,15,16,22
3	0	828	27	827	271	18,19	3,7,10,23,25	5,7,15	5,10,15,17
3	0	828	27	827	271	18,19	3,7,10,23,25	5,7,15	5,15,17,21
3	0	828	27	827	271	18,19	3,7,10,23,25	5,14,15	5,10,15,17
3	0	828	27	827	271	18,19	3,7,10,23,25	5,14,15	5,15,17,21
3	0	828	27	827	271	18,19	3,7,10,23,25	14,15,20	5,15,17,21
3	1	828	27	827	172	19,20	3,7,9,21,26	4,6,14	8,9,13,25
3	1	828	27	827	172	19,20	3,7,9,21,26	4,6,14	8,9,14,25
3	1	828	27	827	172	19,20	3,7,9,21,26	4,6,15	8,9,13,14
3	1	828	27	827	172	19,20	3,7,9,21,26	4,6,18	8,9,14,25
3	1	828	27	827	172	19,20	3,7,9,21,26	4,14,15	8,9,13,14
3	1	828	27	827	172	19,20	3,7,9,21,26	4,14,18	9,13,14,25
3	1	828	27	827	172	19,20	3,7,9,21,26	4,15,18	8,13,14,25
3	1	828	27	827	172	19,20	3,7,9,21,26	6,14,18	8,9,13,25
3	1	828	27	827	172	19,20	3,7,9,21,26	14,15,18	8,13,14,25
3	1	828	27	827	172	19,20	3,7,9,21,26	14,15,18	9,13,14,25
3	1	828	27	827	269	1,10	4,11,15,16,21	6,17,19	8,11,22,26
3	1	828	27	827	269	1,10	4,11,15,16,21	6,17,21	3,8,11,22
3	1	828	27	827	269	1,10	4,11,15,16,21	6,17,23	3,8,11,26
3	1	828	27	827	269	1,10	4,11,15,16,21	6,19,21	3,8,22,26
3	1	828	27	827	269	1,10	4,11,15,16,21	6,19,23	3,8,22,26
3	1	828	27	827	269	1,10	4,11,15,16,21	6,19,23	8,11,22,26
3	1	828	27	827	269	1,10	4,11,15,16,21	6,21,23	3,11,22,26
3	1	828	27	827	269	1,10	4,11,15,16,21	17,19,23	8,11,22,26
3	1	828	27	827	269	1,10	4,11,15,16,21	17,21,23	3,8,11,22
3	1	828	27	827	269	1,10	4,11,15,16,21	17,21,23	3,8,11,26
3	1	828	27	827	269	1,10	4,11,15,16,21	19,21,23	3,11,22,26
3	1	828	27	827	269	1,10	4,11,15,16,21	19,21,23	8,11,22,26
3	1	828	27	827	271	2,11	3,10,15,17,23	7,15,21	5,7,21,25
3	1	828	27	827	271	2,11	3,10,15,17,23	7,15,21	7,10,21,25
3	1	828	27	827	271	2,11	3,10,15,17,23	7,20,22	5,7,21,25
3	1	828	27	827	271	2,11	3,10,15,17,23	7,21,22	5,7,21,25
3	1	828	27	827	271	2,11	3,10,15,17,23	7,21,22	7,10,21,25
Cap configurations: 328

3-flat point count: 8,2,8;3,1,3;5,4,7
Excluded point counts: 1,1,1
Cap configurations: 0

3-flat point count: 8,2,8;3,2,2;7,5,4
Excluded point counts: 1,1,1
Cap configurations: 0

3-flat point count: 8,2,8;2,3,2;7,5,4
Excluded point counts: 1,1,1
Cap configurations: 0

3-flat point count: 8,2,8;3,3,1;7,5,4
Excluded point counts: 1,1,1
Cap configurations: 0

3-flat point count: 8,2,8;4,5,7;6,1,0
Excluded point counts: 1,1,1
Cap configurations: 0

3-flat point count: 8,2,8;4,5,7;6,0,1
Excluded point counts: 1,1,1
Cap configurations: 0

3-flat point count: 8,2,8;4,5,7;5,2,0
Excluded point counts: 1,1,1
1	0	828	12	845	169	0,4,5,16,26	3,6	1,2,4,5,9,15,18	
1	0	828	12	845	169	0,4,5,16,26	3,6	1,2,4,5,9,15,24	
1	0	828	12	845	169	0,4,5,16,26	3,6	1,2,4,5,9,18,24	
1	0	828	12	845	169	0,4,5,16,26	3,6	1,2,4,5,15,18,24	
1	0	828	12	845	169	0,4,5,16,26	3,6	1,2,4,9,15,18,24	
1	0	828	12	845	169	0,4,5,16,26	3,6	1,2,5,9,15,18,24	
1	0	828	12	845	169	0,4,5,16,26	3,6	1,4,5,9,15,18,24	
1	0	828	12	845	169	0,4,5,16,26	3,6	2,4,5,9,15,18,24	
1	0	828	12	845	170	0,4,5,16,26	3,6	1,2,4,5,9,15,18	
1	0	828	12	845	170	0,4,5,16,26	3,6	1,2,4,5,9,15,24	
1	0	828	12	845	170	0,4,5,16,26	3,6	1,2,4,5,9,18,24	
1	0	828	12	845	170	0,4,5,16,26	3,6	1,2,4,5,15,18,24	
1	0	828	12	845	170	0,4,5,16,26	3,6	1,2,4,9,15,18,24	
1	0	828	12	845	170	0,4,5,16,26	3,6	1,2,5,9,15,18,24	
1	0	828	12	845	170	0,4,5,16,26	3,6	1,4,5,9,15,18,24	
1	0	828	12	845	170	0,4,5,16,26	3,6	2,4,5,9,15,18,24	
1	0	828	12	845	171	0,4,5,16,26	3,6	1,2,4,5,9,15,18	
1	0	828	12	845	171	0,4,5,16,26	3,6	1,2,4,5,9,15,24	
1	0	828	12	845	171	0,4,5,16,26	3,6	1,2,4,5,9,18,24	
1	0	828	12	845	171	0,4,5,16,26	3,6	1,2,4,5,15,18,24	
1	0	828	12	845	171	0,4,5,16,26	3,6	1,2,4,9,15,18,24	
1	0	828	12	845	171	0,4,5,16,26	3,6	1,2,5,9,15,18,24	
1	0	828	12	845	171	0,4,5,16,26	3,6	1,4,5,9,15,18,24	
1	0	828	12	845	171	0,4,5,16,26	3,6	2,4,5,9,15,18,24	
1	0	828	12	845	172	0,4,5,16,26	3,6	1,2,4,5,9,15,18	
1	0	828	12	845	172	0,4,5,16,26	3,6	1,2,4,5,9,15,24	
1	0	828	12	845	172	0,4,5,16,26	3,6	1,2,4,5,9,18,24	
1	0	828	12	845	172	0,4,5,16,26	3,6	1,2,4,5,15,18,24	
1	0	828	12	845	172	0,4,5,16,26	3,6	1,2,4,9,15,18,24	
1	0	828	12	845	172	0,4,5,16,26	3,6	1,2,5,9,15,18,24	
1	0	828	12	845	172	0,4,5,16,26	3,6	1,4,5,9,15,18,24	
1	0	828	12	845	172	0,4,5,16,26	3,6	2,4,5,9,15,18,24	
1	0	828	12	845	173	0,4,5,16,26	3,6	1,2,4,5,9,15,18	
1	0	828	12	845	173	0,4,5,16,26	3,6	1,2,4,5,9,15,24	
1	0	828	12	845	173	0,4,5,16,26	3,6	1,2,4,5,9,18,24	
1	0	828	12	845	173	0,4,5,16,26	3,6	1,2,4,5,15,18,24	
1	0	828	12	845	173	0,4,5,16,26	3,6	1,2,4,9,15,18,24	
1	0	828	12	845	173	0,4,5,16,26	3,6	1,2,5,9,15,18,24	
1	0	828	12	845	173	0,4,5,16,26	3,6	1,4,5,9,15,18,24	
1	0	828	12	845	173	0,4,5,16,26	3,6	2,4,5,9,15,18,24	
1	1	828	12	845	169	0,4,5,16,26	3,6	1,2,4,5,9,15,18	
1	1	828	12	845	169	0,4,5,16,26	3,6	1,2,4,5,9,15,24	
1	1	828	12	845	169	0,4,5,16,26	3,6	1,2,4,5,9,18,24	
1	1	828	12	845	169	0,4,5,16,26	3,6	1,2,4,5,15,18,24	
1	1	828	12	845	169	0,4,5,16,26	3,6	1,2,4,9,15,18,24	
1	1	828	12	845	169	0,4,5,16,26	3,6	1,2,5,9,15,18,24	
1	1	828	12	845	169	0,4,5,16,26	3,6	1,4,5,9,15,18,24	
1	1	828	12	845	169	0,4,5,16,26	3,6	2,4,5,9,15,18,24	
1	1	828	12	845	170	0,4,5,16,26	3,6	1,2,4,5,9,15,18	
1	1	828	12	845	170	0,4,5,16,26	3,6	1,2,4,5,9,15,24	
1	1	828	12	845	170	0,4,5,16,26	3,6	1,2,4,5,9,18,24	
1	1	828	12	845	170	0,4,5,16,26	3,6	1,2,4,5,15,18,24	
1	1	828	12	845	170	0,4,5,16,26	3,6	1,2,4,9,15,18,24	
1	1	828	12	845	170	0,4,5,16,26	3,6	1,2,5,9,15,18,24	
1	1	828	12	845	170	0,4,5,16,26	3,6	1,4,5,9,15,18,24	
1	1	828	12	845	170	0,4,5,16,26	3,6	2,4,5,9,15,18,24	
1	1	828	12	845	171	0,4,5,16,26	3,6	1,2,4,5,9,15,18	
1	1	828	12	845	171	0,4,5,16,26	3,6	1,2,4,5,9,15,24	
1	1	828	12	845	171	0,4,5,16,26	3,6	1,2,4,5,9,18,24	
1	1	828	12	845	171	0,4,5,16,26	3,6	1,2,4,5,15,18,24	
1	1	828	12	845	171	0,4,5,16,26	3,6	1,2,4,9,15,18,24	
1	1	828	12	845	171	0,4,5,16,26	3,6	1,2,5,9,15,18,24	
1	1	828	12	845	171	0,4,5,16,26	3,6	1,4,5,9,15,18,24	
1	1	828	12	845	171	0,4,5,16,26	3,6	2,4,5,9,15,18,24	
1	1	828	12	845	172	0,4,5,16,26	3,6	1,2,4,5,9,15,18	
1	1	828	12	845	172	0,4,5,16,26	3,6	1,2,4,5,9,15,24	
1	1	828	12	845	172	0,4,5,16,26	3,6	1,2,4,5,9,18,24	
1	1	828	12	845	172	0,4,5,16,26	3,6	1,2,4,5,15,18,24	
1	1	828	12	845	172	0,4,5,16,26	3,6	1,2,4,9,15,18,24	
1	1	828	12	845	172	0,4,5,16,26	3,6	1,2,5,9,15,18,24	
1	1	828	12	845	172	0,4,5,16,26	3,6	1,4,5,9,15,18,24	
1	1	828	12	845	172	0,4,5,16,26	3,6	2,4,5,9,15,18,24	
1	1	828	12	845	173	0,4,5,16,26	3,6	1,2,4,5,9,15,18	
1	1	828	12	845	173	0,4,5,16,26	3,6	1,2,4,5,9,15,24	
1	1	828	12	845	173	0,4,5,16,26	3,6	1,2,4,5,9,18,24	
1	1	828	12	845	173	0,4,5,16,26	3,6	1,2,4,5,15,18,24	
1	1	828	12	845	173	0,4,5,16,26	3,6	1,2,4,9,15,18,24	
1	1	828	12	845	173	0,4,5,16,26	3,6	1,2,5,9,15,18,24	
1	1	828	12	845	173	0,4,5,16,26	3,6	1,4,5,9,15,18,24	
1	1	828	12	845	173	0,4,5,16,26	3,6	2,4,5,9,15,18,24	
3	0	828	12	845	169	0,4,5,16,26	3,6	1,2,4,5,9,15,18	
3	0	828	12	845	169	0,4,5,16,26	3,6	1,2,4,5,9,15,24	
3	0	828	12	845	169	0,4,5,16,26	3,6	1,2,4,5,9,18,24	
3	0	828	12	845	169	0,4,5,16,26	3,6	1,2,4,5,15,18,24	
3	0	828	12	845	169	0,4,5,16,26	3,6	1,2,4,9,15,18,24	
3	0	828	12	845	169	0,4,5,16,26	3,6	1,2,5,9,15,18,24	
3	0	828	12	845	169	0,4,5,16,26	3,6	1,4,5,9,15,18,24	
3	0	828	12	845	169	0,4,5,16,26	3,6	2,4,5,9,15,18,24	
3	0	828	12	845	170	0,4,5,16,26	3,6	1,2,4,5,9,15,18	
3	0	828	12	845	170	0,4,5,16,26	3,6	1,2,4,5,9,15,24	
3	0	828	12	845	170	0,4,5,16,26	3,6	1,2,4,5,9,18,24	
3	0	828	12	845	170	0,4,5,16,26	3,6	1,2,4,5,15,18,24	
3	0	828	12	845	170	0,4,5,16,26	3,6	1,2,4,9,15,18,24	
3	0	828	12	845	170	0,4,5,16,26	3,6	1,2,5,9,15,18,24	
3	0	828	12	845	170	0,4,5,16,26	3,6	1,4,5,9,15,18,24	
3	0	828	12	845	170	0,4,5,16,26	3,6	2,4,5,9,15,18,24	
3	0	828	12	845	171	0,4,5,16,26	3,6	1,2,4,5,9,15,18	
3	0	828	12	845	171	0,4,5,16,26	3,6	1,2,4,5,9,15,24	
3	0	828	12	845	171	0,4,5,16,26	3,6	1,2,4,5,9,18,24	
3	0	828	12	845	171	0,4,5,16,26	3,6	1,2,4,5,15,18,24	
3	0	828	12	845	171	0,4,5,16,26	3,6	1,2,4,9,15,18,24	
3	0	828	12	845	171	0,4,5,16,26	3,6	1,2,5,9,15,18,24	
3	0	828	12	845	171	0,4,5,16,26	3,6	1,4,5,9,15,18,24	
3	0	828	12	845	171	0,4,5,16,26	3,6	2,4,5,9,15,18,24	
3	0	828	12	845	172	0,4,5,16,26	3,6	1,2,4,5,9,15,18	
3	0	828	12	845	172	0,4,5,16,26	3,6	1,2,4,5,9,15,24	
3	0	828	12	845	172	0,4,5,16,26	3,6	1,2,4,5,9,18,24	
3	0	828	12	845	172	0,4,5,16,26	3,6	1,2,4,5,15,18,24	
3	0	828	12	845	172	0,4,5,16,26	3,6	1,2,4,9,15,18,24	
3	0	828	12	845	172	0,4,5,16,26	3,6	1,2,5,9,15,18,24	
3	0	828	12	845	172	0,4,5,16,26	3,6	1,4,5,9,15,18,24	
3	0	828	12	845	172	0,4,5,16,26	3,6	2,4,5,9,15,18,24	
3	0	828	12	845	173	0,4,5,16,26	3,6	1,2,4,5,9,15,18	
3	0	828	12	845	173	0,4,5,16,26	3,6	1,2,4,5,9,15,24	
3	0	828	12	845	173	0,4,5,16,26	3,6	1,2,4,5,9,18,24	
3	0	828	12	845	173	0,4,5,16,26	3,6	1,2,4,5,15,18,24	
3	0	828	12	845	173	0,4,5,16,26	3,6	1,2,4,9,15,18,24	
3	0	828	12	845	173	0,4,5,16,26	3,6	1,2,5,9,15,18,24	
3	0	828	12	845	173	0,4,5,16,26	3,6	1,4,5,9,15,18,24	
3	0	828	12	845	173	0,4,5,16,26	3,6	2,4,5,9,15,18,24	
3	1	828	12	845	169	0,4,5,16,26	3,6	1,2,4,5,9,15,18	
3	1	828	12	845	169	0,4,5,16,26	3,6	1,2,4,5,9,15,24	
3	1	828	12	845	169	0,4,5,16,26	3,6	1,2,4,5,9,18,24	
3	1	828	12	845	169	0,4,5,16,26	3,6	1,2,4,5,15,18,24	
3	1	828	12	845	169	0,4,5,16,26	3,6	1,2,4,9,15,18,24	
3	1	828	12	845	169	0,4,5,16,26	3,6	1,2,5,9,15,18,24	
3	1	828	12	845	169	0,4,5,16,26	3,6	1,4,5,9,15,18,24	
3	1	828	12	845	169	0,4,5,16,26	3,6	2,4,5,9,15,18,24	
3	1	828	12	845	170	0,4,5,16,26	3,6	1,2,4,5,9,15,18	
3	1	828	12	845	170	0,4,5,16,26	3,6	1,2,4,5,9,15,24	
3	1	828	12	845	170	0,4,5,16,26	3,6	1,2,4,5,9,18,24	
3	1	828	12	845	170	0,4,5,16,26	3,6	1,2,4,5,15,18,24	
3	1	828	12	845	170	0,4,5,16,26	3,6	1,2,4,9,15,18,24	
3	1	828	12	845	170	0,4,5,16,26	3,6	1,2,5,9,15,18,24	
3	1	828	12	845	170	0,4,5,16,26	3,6	1,4,5,9,15,18,24	
3	1	828	12	845	170	0,4,5,16,26	3,6	2,4,5,9,15,18,24	
3	1	828	12	845	171	0,4,5,16,26	3,6	1,2,4,5,9,15,18	
3	1	828	12	845	171	0,4,5,16,26	3,6	1,2,4,5,9,15,24	
3	1	828	12	845	171	0,4,5,16,26	3,6	1,2,4,5,9,18,24	
3	1	828	12	845	171	0,4,5,16,26	3,6	1,2,4,5,15,18,24	
3	1	828	12	845	171	0,4,5,16,26	3,6	1,2,4,9,15,18,24	
3	1	828	12	845	171	0,4,5,16,26	3,6	1,2,5,9,15,18,24	
3	1	828	12	845	171	0,4,5,16,26	3,6	1,4,5,9,15,18,24	
3	1	828	12	845	171	0,4,5,16,26	3,6	2,4,5,9,15,18,24	
3	1	828	12	845	172	0,4,5,16,26	3,6	1,2,4,5,9,15,18	
3	1	828	12	845	172	0,4,5,16,26	3,6	1,2,4,5,9,15,24	
3	1	828	12	845	172	0,4,5,16,26	3,6	1,2,4,5,9,18,24	
3	1	828	12	845	172	0,4,5,16,26	3,6	1,2,4,5,15,18,24	
3	1	828	12	845	172	0,4,5,16,26	3,6	1,2,4,9,15,18,24	
3	1	828	12	845	172	0,4,5,16,26	3,6	1,2,5,9,15,18,24	
3	1	828	12	845	172	0,4,5,16,26	3,6	1,4,5,9,15,18,24	
3	1	828	12	845	172	0,4,5,16,26	3,6	2,4,5,9,15,18,24	
3	1	828	12	845	173	0,4,5,16,26	3,6	1,2,4,5,9,15,18	
3	1	828	12	845	173	0,4,5,16,26	3,6	1,2,4,5,9,15,24	
3	1	828	12	845	173	0,4,5,16,26	3,6	1,2,4,5,9,18,24	
3	1	828	12	845	173	0,4,5,16,26	3,6	1,2,4,5,15,18,24	
3	1	828	12	845	173	0,4,5,16,26	3,6	1,2,4,9,15,18,24	
3	1	828	12	845	173	0,4,5,16,26	3,6	1,2,5,9,15,18,24	
3	1	828	12	845	173	0,4,5,16,26	3,6	1,4,5,9,15,18,24	
3	1	828	12	845	173	0,4,5,16,26	3,6	2,4,5,9,15,18,24	
0	0	828	27	845	169	0,7,8,14,22	10,20	7,8,13,14,15,22,23	
0	0	828	27	845	169	0,7,8,14,22	10,20	7,8,13,14,15,22,24	
0	0	828	27	845	169	0,7,8,14,22	10,20	7,8,13,14,15,23,24	
0	0	828	27	845	169	0,7,8,14,22	10,20	7,8,13,14,22,23,24	
0	0	828	27	845	169	0,7,8,14,22	10,20	7,8,13,15,22,23,24	
0	0	828	27	845	169	0,7,8,14,22	10,20	7,8,14,15,22,23,24	
0	0	828	27	845	169	0,7,8,14,22	10,20	7,13,14,15,22,23,24	
0	0	828	27	845	169	0,7,8,14,22	10,20	8,13,14,15,22,23,24	
0	0	828	27	845	170	0,7,8,14,22	10,20	7,8,13,14,15,22,23	
0	0	828	27	845	170	0,7,8,14,22	10,20	7,8,13,14,15,22,24	
0	0	828	27	845	170	0,7,8,14,22	10,20	7,8,13,14,15,23,24	
0	0	828	27	845	170	0,7,8,14,22	10,20	7,8,13,14,22,23,24	
0	0	828	27	845	170	0,7,8,14,22	10,20	7,8,13,15,22,23,24	
0	0	828	27	845	170	0,7,8,14,22	10,20	7,8,14,15,22,23,24	
0	0	828	27	845	170	0,7,8,14,22	10,20	7,13,14,15,22,23,24	
0	0	828	27	845	170	0,7,8,14,22	10,20	8,13,14,15,22,23,24	
0	0	828	27	845	171	0,7,8,14,22	10,20	7,8,13,14,15,22,23	
0	0	828	27	845	171	0,7,8,14,22	10,20	7,8,13,14,15,22,24	
0	0	828	27	845	171	0,7,8,14,22	10,20	7,8,13,14,15,23,24	
0	0	828	27	845	171	0,7,8,14,22	10,20	7,8,13,14,22,23,24	
0	0	828	27	845	171	0,7,8,14,22	10,20	7,8,13,15,22,23,24	
0	0	828	27	845	171	0,7,8,14,22	10,20	7,8,14,15,22,23,24	
0	0	828	27	845	171	0,7,8,14,22	10,20	7,13,14,15,22,23,24	
0	0	828	27	845	171	0,7,8,14,22	10,20	8,13,14,15,22,23,24	
0	0	828	27	845	172	0,7,8,14,22	10,20	7,8,13,14,15,22,23	
0	0	828	27	845	172	0,7,8,14,22	10,20	7,8,13,14,15,22,24	
0	0	828	27	845	172	0,7,8,14,22	10,20	7,8,13,14,15,23,24	
0	0	828	27	845	172	0,7,8,14,22	10,20	7,8,13,14,22,23,24	
0	0	828	27	845	172	0,7,8,14,22	10,20	7,8,13,15,22,23,24	
0	0	828	27	845	172	0,7,8,14,22	10,20	7,8,14,15,22,23,24	
0	0	828	27	845	172	0,7,8,14,22	10,20	7,13,14,15,22,23,24	
0	0	828	27	845	172	0,7,8,14,22	10,20	8,13,14,15,22,23,24	
0	0	828	27	845	173	0,7,8,14,22	10,20	7,8,13,14,15,22,23	
0	0	828	27	845	173	0,7,8,14,22	10,20	7,8,13,14,15,22,24	
0	0	828	27	845	173	0,7,8,14,22	10,20	7,8,13,14,15,23,24	
0	0	828	27	845	173	0,7,8,14,22	10,20	7,8,13,14,22,23,24	
0	0	828	27	845	173	0,7,8,14,22	10,20	7,8,13,15,22,23,24	
0	0	828	27	845	173	0,7,8,14,22	10,20	7,8,14,15,22,23,24	
0	0	828	27	845	173	0,7,8,14,22	10,20	7,13,14,15,22,23,24	
0	0	828	27	845	173	0,7,8,14,22	10,20	8,13,14,15,22,23,24	
1	0	828	27	845	169	0,7,8,14,22	10,20	7,8,13,14,15,22,23	
1	0	828	27	845	169	0,7,8,14,22	10,20	7,8,13,14,15,22,24	
1	0	828	27	845	169	0,7,8,14,22	10,20	7,8,13,14,15,23,24	
1	0	828	27	845	169	0,7,8,14,22	10,20	7,8,13,14,22,23,24	
1	0	828	27	845	169	0,7,8,14,22	10,20	7,8,13,15,22,23,24	
1	0	828	27	845	169	0,7,8,14,22	10,20	7,8,14,15,22,23,24	
1	0	828	27	845	169	0,7,8,14,22	10,20	7,13,14,15,22,23,24	
1	0	828	27	845	169	0,7,8,14,22	10,20	8,13,14,15,22,23,24	
1	0	828	27	845	170	0,7,8,14,22	10,20	7,8,13,14,15,22,23	
1	0	828	27	845	170	0,7,8,14,22	10,20	7,8,13,14,15,22,24	
1	0	828	27	845	170	0,7,8,14,22	10,20	7,8,13,14,15,23,24	
1	0	828	27	845	170	0,7,8,14,22	10,20	7,8,13,14,22,23,24	
1	0	828	27	845	170	0,7,8,14,22	10,20	7,8,13,15,22,23,24	
1	0	828	27	845	170	0,7,8,14,22	10,20	7,8,14,15,22,23,24	
1	0	828	27	845	170	0,7,8,14,22	10,20	7,13,14,15,22,23,24	
1	0	828	27	845	170	0,7,8,14,22	10,20	8,13,14,15,22,23,24	
1	0	828	27	845	171	0,7,8,14,22	10,20	7,8,13,14,15,22,23	
1	0	828	27	845	171	0,7,8,14,22	10,20	7,8,13,14,15,22,24	
1	0	828	27	845	171	0,7,8,14,22	10,20	7,8,13,14,15,23,24	
1	0	828	27	845	171	0,7,8,14,22	10,20	7,8,13,14,22,23,24	
1	0	828	27	845	171	0,7,8,14,22	10,20	7,8,13,15,22,23,24	
1	0	828	27	845	171	0,7,8,14,22	10,20	7,8,14,15,22,23,24	
1	0	828	27	845	171	0,7,8,14,22	10,20	7,13,14,15,22,23,24	
1	0	828	27	845	171	0,7,8,14,22	10,20	8,13,14,15,22,23,24	
1	0	828	27	845	172	0,7,8,14,22	10,20	7,8,13,14,15,22,23	
1	0	828	27	845	172	0,7,8,14,22	10,20	7,8,13,14,15,22,24	
1	0	828	27	845	172	0,7,8,14,22	10,20	7,8,13,14,15,23,24	
1	0	828	27	845	172	0,7,8,14,22	10,20	7,8,13,14,22,23,24	
1	0	828	27	845	172	0,7,8,14,22	10,20	7,8,13,15,22,23,24	
1	0	828	27	845	172	0,7,8,14,22	10,20	7,8,14,15,22,23,24	
1	0	828	27	845	172	0,7,8,14,22	10,20	7,13,14,15,22,23,24	
1	0	828	27	845	172	0,7,8,14,22	10,20	8,13,14,15,22,23,24	
1	0	828	27	845	173	0,7,8,14,22	10,20	7,8,13,14,15,22,23	
1	0	828	27	845	173	0,7,8,14,22	10,20	7,8,13,14,15,22,24	
1	0	828	27	845	173	0,7,8,14,22	10,20	7,8,13,14,15,23,24	
1	0	828	27	845	173	0,7,8,14,22	10,20	7,8,13,14,22,23,24	
1	0	828	27	845	173	0,7,8,14,22	10,20	7,8,13,15,22,23,24	
1	0	828	27	845	173	0,7,8,14,22	10,20	7,8,14,15,22,23,24	
1	0	828	27	845	173	0,7,8,14,22	10,20	7,13,14,15,22,23,24	
1	0	828	27	845	173	0,7,8,14,22	10,20	8,13,14,15,22,23,24	
2	0	828	27	845	169	0,7,8,14,22	10,20	7,8,13,14,15,22,23	
2	0	828	27	845	169	0,7,8,14,22	10,20	7,8,13,14,15,22,24	
2	0	828	27	845	169	0,7,8,14,22	10,20	7,8,13,14,15,23,24	
2	0	828	27	845	169	0,7,8,14,22	10,20	7,8,13,14,22,23,24	
2	0	828	27	845	169	0,7,8,14,22	10,20	7,8,13,15,22,23,24	
2	0	828	27	845	169	0,7,8,14,22	10,20	7,8,14,15,22,23,24	
2	0	828	27	845	169	0,7,8,14,22	10,20	7,13,14,15,22,23,24	
2	0	828	27	845	169	0,7,8,14,22	10,20	8,13,14,15,22,23,24	
2	0	828	27	845	170	0,7,8,14,22	10,20	7,8,13,14,15,22,23	
2	0	828	27	845	170	0,7,8,14,22	10,20	7,8,13,14,15,22,24	
2	0	828	27	845	170	0,7,8,14,22	10,20	7,8,13,14,15,23,24	
2	0	828	27	845	170	0,7,8,14,22	10,20	7,8,13,14,22,23,24	
2	0	828	27	845	170	0,7,8,14,22	10,20	7,8,13,15,22,23,24	
2	0	828	27	845	170	0,7,8,14,22	10,20	7,8,14,15,22,23,24	
2	0	828	27	845	170	0,7,8,14,22	10,20	7,13,14,15,22,23,24	
2	0	828	27	845	170	0,7,8,14,22	10,20	8,13,14,15,22,23,24	
2	0	828	27	845	171	0,7,8,14,22	10,20	7,8,13,14,15,22,23	
2	0	828	27	845	171	0,7,8,14,22	10,20	7,8,13,14,15,22,24	
2	0	828	27	845	171	0,7,8,14,22	10,20	7,8,13,14,15,23,24	
2	0	828	27	845	171	0,7,8,14,22	10,20	7,8,13,14,22,23,24	
2	0	828	27	845	171	0,7,8,14,22	10,20	7,8,13,15,22,23,24	
2	0	828	27	845	171	0,7,8,14,22	10,20	7,8,14,15,22,23,24	
2	0	828	27	845	171	0,7,8,14,22	10,20	7,13,14,15,22,23,24	
2	0	828	27	845	171	0,7,8,14,22	10,20	8,13,14,15,22,23,24	
2	0	828	27	845	172	0,7,8,14,22	10,20	7,8,13,14,15,22,23	
2	0	828	27	845	172	0,7,8,14,22	10,20	7,8,13,14,15,22,24	
2	0	828	27	845	172	0,7,8,14,22	10,20	7,8,13,14,15,23,24	
2	0	828	27	845	172	0,7,8,14,22	10,20	7,8,13,14,22,23,24	
2	0	828	27	845	172	0,7,8,14,22	10,20	7,8,13,15,22,23,24	
2	0	828	27	845	172	0,7,8,14,22	10,20	7,8,14,15,22,23,24	
2	0	828	27	845	172	0,7,8,14,22	10,20	7,13,14,15,22,23,24	
2	0	828	27	845	172	0,7,8,14,22	10,20	8,13,14,15,22,23,24	
2	0	828	27	845	173	0,7,8,14,22	10,20	7,8,13,14,15,22,23	
2	0	828	27	845	173	0,7,8,14,22	10,20	7,8,13,14,15,22,24	
2	0	828	27	845	173	0,7,8,14,22	10,20	7,8,13,14,15,23,24	
2	0	828	27	845	173	0,7,8,14,22	10,20	7,8,13,14,22,23,24	
2	0	828	27	845	173	0,7,8,14,22	10,20	7,8,13,15,22,23,24	
2	0	828	27	845	173	0,7,8,14,22	10,20	7,8,14,15,22,23,24	
2	0	828	27	845	173	0,7,8,14,22	10,20	7,13,14,15,22,23,24	
2	0	828	27	845	173	0,7,8,14,22	10,20	8,13,14,15,22,23,24	
3	0	828	27	845	169	0,7,8,14,22	10,20	7,8,13,14,15,22,23	
3	0	828	27	845	169	0,7,8,14,22	10,20	7,8,13,14,15,22,24	
3	0	828	27	845	169	0,7,8,14,22	10,20	7,8,13,14,15,23,24	
3	0	828	27	845	169	0,7,8,14,22	10,20	7,8,13,14,22,23,24	
3	0	828	27	845	169	0,7,8,14,22	10,20	7,8,13,15,22,23,24	
3	0	828	27	845	169	0,7,8,14,22	10,20	7,8,14,15,22,23,24	
3	0	828	27	845	169	0,7,8,14,22	10,20	7,13,14,15,22,23,24	
3	0	828	27	845	169	0,7,8,14,22	10,20	8,13,14,15,22,23,24	
3	0	828	27	845	170	0,7,8,14,22	10,20	7,8,13,14,15,22,23	
3	0	828	27	845	170	0,7,8,14,22	10,20	7,8,13,14,15,22,24	
3	0	828	27	845	170	0,7,8,14,22	10,20	7,8,13,14,15,23,24	
3	0	828	27	845	170	0,7,8,14,22	10,20	7,8,13,14,22,23,24	
3	0	828	27	845	170	0,7,8,14,22	10,20	7,8,13,15,22,23,24	
3	0	828	27	845	170	0,7,8,14,22	10,20	7,8,14,15,22,23,24	
3	0	828	27	845	170	0,7,8,14,22	10,20	7,13,14,15,22,23,24	
3	0	828	27	845	170	0,7,8,14,22	10,20	8,13,14,15,22,23,24	
3	0	828	27	845	171	0,7,8,14,22	10,20	7,8,13,14,15,22,23	
3	0	828	27	845	171	0,7,8,14,22	10,20	7,8,13,14,15,22,24	
3	0	828	27	845	171	0,7,8,14,22	10,20	7,8,13,14,15,23,24	
3	0	828	27	845	171	0,7,8,14,22	10,20	7,8,13,14,22,23,24	
3	0	828	27	845	171	0,7,8,14,22	10,20	7,8,13,15,22,23,24	
3	0	828	27	845	171	0,7,8,14,22	10,20	7,8,14,15,22,23,24	
3	0	828	27	845	171	0,7,8,14,22	10,20	7,13,14,15,22,23,24	
3	0	828	27	845	171	0,7,8,14,22	10,20	8,13,14,15,22,23,24	
3	0	828	27	845	172	0,7,8,14,22	10,20	7,8,13,14,15,22,23	
3	0	828	27	845	172	0,7,8,14,22	10,20	7,8,13,14,15,22,24	
3	0	828	27	845	172	0,7,8,14,22	10,20	7,8,13,14,15,23,24	
3	0	828	27	845	172	0,7,8,14,22	10,20	7,8,13,14,22,23,24	
3	0	828	27	845	172	0,7,8,14,22	10,20	7,8,13,15,22,23,24	
3	0	828	27	845	172	0,7,8,14,22	10,20	7,8,14,15,22,23,24	
3	0	828	27	845	172	0,7,8,14,22	10,20	7,13,14,15,22,23,24	
3	0	828	27	845	172	0,7,8,14,22	10,20	8,13,14,15,22,23,24	
3	0	828	27	845	173	0,7,8,14,22	10,20	7,8,13,14,15,22,23	
3	0	828	27	845	173	0,7,8,14,22	10,20	7,8,13,14,15,22,24	
3	0	828	27	845	173	0,7,8,14,22	10,20	7,8,13,14,15,23,24	
3	0	828	27	845	173	0,7,8,14,22	10,20	7,8,13,14,22,23,24	
3	0	828	27	845	173	0,7,8,14,22	10,20	7,8,13,15,22,23,24	
3	0	828	27	845	173	0,7,8,14,22	10,20	7,8,14,15,22,23,24	
3	0	828	27	845	173	0,7,8,14,22	10,20	7,13,14,15,22,23,24	
3	0	828	27	845	173	0,7,8,14,22	10,20	8,13,14,15,22,23,24	
Cap configurations: 320

3-flat point count: 8,2,8;4,5,7;5,1,1
Excluded point counts: 1,1,1
1	0	828	11	845	187	0,4,9,12,14	2	2,5,6,7,13,15,16	21
1	0	828	11	845	187	0,4,9,12,14	25	2,5,7,13,15,16,23	21
3	0	828	11	845	177	0,11,15,18,22	22	5,9,10,14,17,18,22	18
3	0	828	11	845	177	0,11,15,18,22	23	5,9,10,14,17,19,22	18
1	0	828	12	845	169	0,4,5,16,26	3	1,2,4,5,9,15,18	1
1	0	828	12	845	169	0,4,5,16,26	3	1,2,4,5,9,15,18	2
1	0	828	12	845	169	0,4,5,16,26	3	1,2,4,5,9,15,24	1
1	0	828	12	845	169	0,4,5,16,26	3	1,2,4,5,9,15,24	2
1	0	828	12	845	169	0,4,5,16,26	3	1,2,4,5,9,18,24	1
1	0	828	12	845	169	0,4,5,16,26	3	1,2,4,5,9,18,24	2
1	0	828	12	845	169	0,4,5,16,26	3	1,2,4,5,15,18,24	1
1	0	828	12	845	169	0,4,5,16,26	3	1,2,4,5,15,18,24	2
1	0	828	12	845	169	0,4,5,16,26	3	1,2,4,9,15,18,24	1
1	0	828	12	845	169	0,4,5,16,26	3	1,2,4,9,15,18,24	2
1	0	828	12	845	169	0,4,5,16,26	3	1,2,5,9,15,18,24	1
1	0	828	12	845	169	0,4,5,16,26	3	1,2,5,9,15,18,24	2
1	0	828	12	845	169	0,4,5,16,26	3	1,4,5,9,15,18,24	1
1	0	828	12	845	169	0,4,5,16,26	3	1,4,5,9,15,18,24	2
1	0	828	12	845	169	0,4,5,16,26	3	2,4,5,9,15,18,24	1
1	0	828	12	845	169	0,4,5,16,26	3	2,4,5,9,15,18,24	2
1	0	828	12	845	169	0,4,5,16,26	6	1,2,4,5,9,15,18	1
1	0	828	12	845	169	0,4,5,16,26	6	1,2,4,5,9,15,18	2
1	0	828	12	845	169	0,4,5,16,26	6	1,2,4,5,9,15,24	1
1	0	828	12	845	169	0,4,5,16,26	6	1,2,4,5,9,15,24	2
1	0	828	12	845	169	0,4,5,16,26	6	1,2,4,5,9,18,24	1
1	0	828	12	845	169	0,4,5,16,26	6	1,2,4,5,9,18,24	2
1	0	828	12	845	169	0,4,5,16,26	6	1,2,4,5,15,18,24	1
1	0	828	12	845	169	0,4,5,16,26	6	1,2,4,5,15,18,24	2
1	0	828	12	845	169	0,4,5,16,26	6	1,2,4,9,15,18,24	1
1	0	828	12	845	169	0,4,5,16,26	6	1,2,4,9,15,18,24	2
1	0	828	12	845	169	0,4,5,16,26	6	1,2,5,9,15,18,24	1
1	0	828	12	845	169	0,4,5,16,26	6	1,2,5,9,15,18,24	2
1	0	828	12	845	169	0,4,5,16,26	6	1,4,5,9,15,18,24	1
1	0	828	12	845	169	0,4,5,16,26	6	1,4,5,9,15,18,24	2
1	0	828	12	845	169	0,4,5,16,26	6	2,4,5,9,15,18,24	1
1	0	828	12	845	169	0,4,5,16,26	6	2,4,5,9,15,18,24	2
1	0	828	12	845	170	0,4,5,16,26	3	1,2,4,5,9,15,18	1
1	0	828	12	845	170	0,4,5,16,26	3	1,2,4,5,9,15,18	2
1	0	828	12	845	170	0,4,5,16,26	3	1,2,4,5,9,15,24	1
1	0	828	12	845	170	0,4,5,16,26	3	1,2,4,5,9,15,24	2
1	0	828	12	845	170	0,4,5,16,26	3	1,2,4,5,9,18,24	1
1	0	828	12	845	170	0,4,5,16,26	3	1,2,4,5,9,18,24	2
1	0	828	12	845	170	0,4,5,16,26	3	1,2,4,5,15,18,24	1
1	0	828	12	845	170	0,4,5,16,26	3	1,2,4,5,15,18,24	2
1	0	828	12	845	170	0,4,5,16,26	3	1,2,4,9,15,18,24	1
1	0	828	12	845	170	0,4,5,16,26	3	1,2,4,9,15,18,24	2
1	0	828	12	845	170	0,4,5,16,26	3	1,2,5,9,15,18,24	1
1	0	828	12	845	170	0,4,5,16,26	3	1,2,5,9,15,18,24	2
1	0	828	12	845	170	0,4,5,16,26	3	1,4,5,9,15,18,24	1
1	0	828	12	845	170	0,4,5,16,26	3	1,4,5,9,15,18,24	2
1	0	828	12	845	170	0,4,5,16,26	3	2,4,5,9,15,18,24	1
1	0	828	12	845	170	0,4,5,16,26	3	2,4,5,9,15,18,24	2
1	0	828	12	845	170	0,4,5,16,26	6	1,2,4,5,9,15,18	1
1	0	828	12	845	170	0,4,5,16,26	6	1,2,4,5,9,15,18	2
1	0	828	12	845	170	0,4,5,16,26	6	1,2,4,5,9,15,24	1
1	0	828	12	845	170	0,4,5,16,26	6	1,2,4,5,9,15,24	2
1	0	828	12	845	170	0,4,5,16,26	6	1,2,4,5,9,18,24	1
1	0	828	12	845	170	0,4,5,16,26	6	1,2,4,5,9,18,24	2
1	0	828	12	845	170	0,4,5,16,26	6	1,2,4,5,15,18,24	1
1	0	828	12	845	170	0,4,5,16,26	6	1,2,4,5,15,18,24	2
1	0	828	12	845	170	0,4,5,16,26	6	1,2,4,9,15,18,24	1
1	0	828	12	845	170	0,4,5,16,26	6	1,2,4,9,15,18,24	2
1	0	828	12	845	170	0,4,5,16,26	6	1,2,5,9,15,18,24	1
1	0	828	12	845	170	0,4,5,16,26	6	1,2,5,9,15,18,24	2
1	0	828	12	845	170	0,4,5,16,26	6	1,4,5,9,15,18,24	1
1	0	828	12	845	170	0,4,5,16,26	6	1,4,5,9,15,18,24	2
1	0	828	12	845	170	0,4,5,16,26	6	2,4,5,9,15,18,24	1
1	0	828	12	845	170	0,4,5,16,26	6	2,4,5,9,15,18,24	2
1	0	828	12	845	171	0,4,5,16,26	3	1,2,4,5,9,15,18	1
1	0	828	12	845	171	0,4,5,16,26	3	1,2,4,5,9,15,18	2
1	0	828	12	845	171	0,4,5,16,26	3	1,2,4,5,9,15,24	1
1	0	828	12	845	171	0,4,5,16,26	3	1,2,4,5,9,15,24	2
1	0	828	12	845	171	0,4,5,16,26	3	1,2,4,5,9,18,24	1
1	0	828	12	845	171	0,4,5,16,26	3	1,2,4,5,9,18,24	2
1	0	828	12	845	171	0,4,5,16,26	3	1,2,4,5,15,18,24	1
1	0	828	12	845	171	0,4,5,16,26	3	1,2,4,5,15,18,24	2
1	0	828	12	845	171	0,4,5,16,26	3	1,2,4,9,15,18,24	1
1	0	828	12	845	171	0,4,5,16,26	3	1,2,4,9,15,18,24	2
1	0	828	12	845	171	0,4,5,16,26	3	1,2,5,9,15,18,24	1
1	0	828	12	845	171	0,4,5,16,26	3	1,2,5,9,15,18,24	2
1	0	828	12	845	171	0,4,5,16,26	3	1,4,5,9,15,18,24	1
1	0	828	12	845	171	0,4,5,16,26	3	1,4,5,9,15,18,24	2
1	0	828	12	845	171	0,4,5,16,26	3	2,4,5,9,15,18,24	1
1	0	828	12	845	171	0,4,5,16,26	3	2,4,5,9,15,18,24	2
1	0	828	12	845	171	0,4,5,16,26	6	1,2,4,5,9,15,18	1
1	0	828	12	845	171	0,4,5,16,26	6	1,2,4,5,9,15,18	2
1	0	828	12	845	171	0,4,5,16,26	6	1,2,4,5,9,15,24	1
1	0	828	12	845	171	0,4,5,16,26	6	1,2,4,5,9,15,24	2
1	0	828	12	845	171	0,4,5,16,26	6	1,2,4,5,9,18,24	1
1	0	828	12	845	171	0,4,5,16,26	6	1,2,4,5,9,18,24	2
1	0	828	12	845	171	0,4,5,16,26	6	1,2,4,5,15,18,24	1
1	0	828	12	845	171	0,4,5,16,26	6	1,2,4,5,15,18,24	2
1	0	828	12	845	171	0,4,5,16,26	6	1,2,4,9,15,18,24	1
1	0	828	12	845	171	0,4,5,16,26	6	1,2,4,9,15,18,24	2
1	0	828	12	845	171	0,4,5,16,26	6	1,2,5,9,15,18,24	1
1	0	828	12	845	171	0,4,5,16,26	6	1,2,5,9,15,18,24	2
1	0	828	12	845	171	0,4,5,16,26	6	1,4,5,9,15,18,24	1
1	0	828	12	845	171	0,4,5,16,26	6	1,4,5,9,15,18,24	2
1	0	828	12	845	171	0,4,5,16,26	6	2,4,5,9,15,18,24	1
1	0	828	12	845	171	0,4,5,16,26	6	2,4,5,9,15,18,24	2
1	0	828	12	845	172	0,4,5,16,26	3	1,2,4,5,9,15,18	1
1	0	828	12	845	172	0,4,5,16,26	3	1,2,4,5,9,15,18	2
1	0	828	12	845	172	0,4,5,16,26	3	1,2,4,5,9,15,24	1
1	0	828	12	845	172	0,4,5,16,26	3	1,2,4,5,9,15,24	2
1	0	828	12	845	172	0,4,5,16,26	3	1,2,4,5,9,18,24	1
1	0	828	12	845	172	0,4,5,16,26	3	1,2,4,5,9,18,24	2
1	0	828	12	845	172	0,4,5,16,26	3	1,2,4,5,15,18,24	1
1	0	828	12	845	172	0,4,5,16,26	3	1,2,4,5,15,18,24	2
1	0	828	12	845	172	0,4,5,16,26	3	1,2,4,9,15,18,24	1
1	0	828	12	845	172	0,4,5,16,26	3	1,2,4,9,15,18,24	2
1	0	828	12	845	172	0,4,5,16,26	3	1,2,5,9,15,18,24	1
1	0	828	12	845	172	0,4,5,16,26	3	1,2,5,9,15,18,24	2
1	0	828	12	845	172	0,4,5,16,26	3	1,4,5,9,15,18,24	1
1	0	828	12	845	172	0,4,5,16,26	3	1,4,5,9,15,18,24	2
1	0	828	12	845	172	0,4,5,16,26	3	2,4,5,9,15,18,24	1
1	0	828	12	845	172	0,4,5,16,26	3	2,4,5,9,15,18,24	2
1	0	828	12	845	172	0,4,5,16,26	6	1,2,4,5,9,15,18	1
1	0	828	12	845	172	0,4,5,16,26	6	1,2,4,5,9,15,18	2
1	0	828	12	845	172	0,4,5,16,26	6	1,2,4,5,9,15,24	1
1	0	828	12	845	172	0,4,5,16,26	6	1,2,4,5,9,15,24	2
1	0	828	12	845	172	0,4,5,16,26	6	1,2,4,5,9,18,24	1
1	0	828	12	845	172	0,4,5,16,26	6	1,2,4,5,9,18,24	2
1	0	828	12	845	172	0,4,5,16,26	6	1,2,4,5,15,18,24	1
1	0	828	12	845	172	0,4,5,16,26	6	1,2,4,5,15,18,24	2
1	0	828	12	845	172	0,4,5,16,26	6	1,2,4,9,15,18,24	1
1	0	828	12	845	172	0,4,5,16,26	6	1,2,4,9,15,18,24	2
1	0	828	12	845	172	0,4,5,16,26	6	1,2,5,9,15,18,24	1
1	0	828	12	845	172	0,4,5,16,26	6	1,2,5,9,15,18,24	2
1	0	828	12	845	172	0,4,5,16,26	6	1,4,5,9,15,18,24	1
1	0	828	12	845	172	0,4,5,16,26	6	1,4,5,9,15,18,24	2
1	0	828	12	845	172	0,4,5,16,26	6	2,4,5,9,15,18,24	1
1	0	828	12	845	172	0,4,5,16,26	6	2,4,5,9,15,18,24	2
1	0	828	12	845	173	0,4,5,16,26	3	1,2,4,5,9,15,18	1
1	0	828	12	845	173	0,4,5,16,26	3	1,2,4,5,9,15,18	2
1	0	828	12	845	173	0,4,5,16,26	3	1,2,4,5,9,15,24	1
1	0	828	12	845	173	0,4,5,16,26	3	1,2,4,5,9,15,24	2
1	0	828	12	845	173	0,4,5,16,26	3	1,2,4,5,9,18,24	1
1	0	828	12	845	173	0,4,5,16,26	3	1,2,4,5,9,18,24	2
1	0	828	12	845	173	0,4,5,16,26	3	1,2,4,5,15,18,24	1
1	0	828	12	845	173	0,4,5,16,26	3	1,2,4,5,15,18,24	2
1	0	828	12	845	173	0,4,5,16,26	3	1,2,4,9,15,18,24	1
1	0	828	12	845	173	0,4,5,16,26	3	1,2,4,9,15,18,24	2
1	0	828	12	845	173	0,4,5,16,26	3	1,2,5,9,15,18,24	1
1	0	828	12	845	173	0,4,5,16,26	3	1,2,5,9,15,18,24	2
1	0	828	12	845	173	0,4,5,16,26	3	1,4,5,9,15,18,24	1
1	0	828	12	845	173	0,4,5,16,26	3	1,4,5,9,15,18,24	2
1	0	828	12	845	173	0,4,5,16,26	3	2,4,5,9,15,18,24	1
1	0	828	12	845	173	0,4,5,16,26	3	2,4,5,9,15,18,24	2
1	0	828	12	845	173	0,4,5,16,26	6	1,2,4,5,9,15,18	1
1	0	828	12	845	173	0,4,5,16,26	6	1,2,4,5,9,15,18	2
1	0	828	12	845	173	0,4,5,16,26	6	1,2,4,5,9,15,24	1
1	0	828	12	845	173	0,4,5,16,26	6	1,2,4,5,9,15,24	2
1	0	828	12	845	173	0,4,5,16,26	6	1,2,4,5,9,18,24	1
1	0	828	12	845	173	0,4,5,16,26	6	1,2,4,5,9,18,24	2
1	0	828	12	845	173	0,4,5,16,26	6	1,2,4,5,15,18,24	1
1	0	828	12	845	173	0,4,5,16,26	6	1,2,4,5,15,18,24	2
1	0	828	12	845	173	0,4,5,16,26	6	1,2,4,9,15,18,24	1
1	0	828	12	845	173	0,4,5,16,26	6	1,2,4,9,15,18,24	2
1	0	828	12	845	173	0,4,5,16,26	6	1,2,5,9,15,18,24	1
1	0	828	12	845	173	0,4,5,16,26	6	1,2,5,9,15,18,24	2
1	0	828	12	845	173	0,4,5,16,26	6	1,4,5,9,15,18,24	1
1	0	828	12	845	173	0,4,5,16,26	6	1,4,5,9,15,18,24	2
1	0	828	12	845	173	0,4,5,16,26	6	2,4,5,9,15,18,24	1
1	0	828	12	845	173	0,4,5,16,26	6	2,4,5,9,15,18,24	2
1	1	828	12	845	169	0,4,5,16,26	3	1,2,4,5,9,15,18	1
1	1	828	12	845	169	0,4,5,16,26	3	1,2,4,5,9,15,18	2
1	1	828	12	845	169	0,4,5,16,26	3	1,2,4,5,9,15,24	1
1	1	828	12	845	169	0,4,5,16,26	3	1,2,4,5,9,15,24	2
1	1	828	12	845	169	0,4,5,16,26	3	1,2,4,5,9,18,24	1
1	1	828	12	845	169	0,4,5,16,26	3	1,2,4,5,9,18,24	2
1	1	828	12	845	169	0,4,5,16,26	3	1,2,4,5,15,18,24	1
1	1	828	12	845	169	0,4,5,16,26	3	1,2,4,5,15,18,24	2
1	1	828	12	845	169	0,4,5,16,26	3	1,2,4,9,15,18,24	1
1	1	828	12	845	169	0,4,5,16,26	3	1,2,4,9,15,18,24	2
1	1	828	12	845	169	0,4,5,16,26	3	1,2,5,9,15,18,24	1
1	1	828	12	845	169	0,4,5,16,26	3	1,2,5,9,15,18,24	2
1	1	828	12	845	169	0,4,5,16,26	3	1,4,5,9,15,18,24	1
1	1	828	12	845	169	0,4,5,16,26	3	1,4,5,9,15,18,24	2
1	1	828	12	845	169	0,4,5,16,26	3	2,4,5,9,15,18,24	1
1	1	828	12	845	169	0,4,5,16,26	3	2,4,5,9,15,18,24	2
1	1	828	12	845	169	0,4,5,16,26	6	1,2,4,5,9,15,18	1
1	1	828	12	845	169	0,4,5,16,26	6	1,2,4,5,9,15,18	2
1	1	828	12	845	169	0,4,5,16,26	6	1,2,4,5,9,15,24	1
1	1	828	12	845	169	0,4,5,16,26	6	1,2,4,5,9,15,24	2
1	1	828	12	845	169	0,4,5,16,26	6	1,2,4,5,9,18,24	1
1	1	828	12	845	169	0,4,5,16,26	6	1,2,4,5,9,18,24	2
1	1	828	12	845	169	0,4,5,16,26	6	1,2,4,5,15,18,24	1
1	1	828	12	845	169	0,4,5,16,26	6	1,2,4,5,15,18,24	2
1	1	828	12	845	169	0,4,5,16,26	6	1,2,4,9,15,18,24	1
1	1	828	12	845	169	0,4,5,16,26	6	1,2,4,9,15,18,24	2
1	1	828	12	845	169	0,4,5,16,26	6	1,2,5,9,15,18,24	1
1	1	828	12	845	169	0,4,5,16,26	6	1,2,5,9,15,18,24	2
1	1	828	12	845	169	0,4,5,16,26	6	1,4,5,9,15,18,24	1
1	1	828	12	845	169	0,4,5,16,26	6	1,4,5,9,15,18,24	2
1	1	828	12	845	169	0,4,5,16,26	6	2,4,5,9,15,18,24	1
1	1	828	12	845	169	0,4,5,16,26	6	2,4,5,9,15,18,24	2
1	1	828	12	845	170	0,4,5,16,26	3	1,2,4,5,9,15,18	1
1	1	828	12	845	170	0,4,5,16,26	3	1,2,4,5,9,15,18	2
1	1	828	12	845	170	0,4,5,16,26	3	1,2,4,5,9,15,24	1
1	1	828	12	845	170	0,4,5,16,26	3	1,2,4,5,9,15,24	2
1	1	828	12	845	170	0,4,5,16,26	3	1,2,4,5,9,18,24	1
1	1	828	12	845	170	0,4,5,16,26	3	1,2,4,5,9,18,24	2
1	1	828	12	845	170	0,4,5,16,26	3	1,2,4,5,15,18,24	1
1	1	828	12	845	170	0,4,5,16,26	3	1,2,4,5,15,18,24	2
1	1	828	12	845	170	0,4,5,16,26	3	1,2,4,9,15,18,24	1
1	1	828	12	845	170	0,4,5,16,26	3	1,2,4,9,15,18,24	2
1	1	828	12	845	170	0,4,5,16,26	3	1,2,5,9,15,18,24	1
1	1	828	12	845	170	0,4,5,16,26	3	1,2,5,9,15,18,24	2
1	1	828	12	845	170	0,4,5,16,26	3	1,4,5,9,15,18,24	1
1	1	828	12	845	170	0,4,5,16,26	3	1,4,5,9,15,18,24	2
1	1	828	12	845	170	0,4,5,16,26	3	2,4,5,9,15,18,24	1
1	1	828	12	845	170	0,4,5,16,26	3	2,4,5,9,15,18,24	2
1	1	828	12	845	170	0,4,5,16,26	6	1,2,4,5,9,15,18	1
1	1	828	12	845	170	0,4,5,16,26	6	1,2,4,5,9,15,18	2
1	1	828	12	845	170	0,4,5,16,26	6	1,2,4,5,9,15,24	1
1	1	828	12	845	170	0,4,5,16,26	6	1,2,4,5,9,15,24	2
1	1	828	12	845	170	0,4,5,16,26	6	1,2,4,5,9,18,24	1
1	1	828	12	845	170	0,4,5,16,26	6	1,2,4,5,9,18,24	2
1	1	828	12	845	170	0,4,5,16,26	6	1,2,4,5,15,18,24	1
1	1	828	12	845	170	0,4,5,16,26	6	1,2,4,5,15,18,24	2
1	1	828	12	845	170	0,4,5,16,26	6	1,2,4,9,15,18,24	1
1	1	828	12	845	170	0,4,5,16,26	6	1,2,4,9,15,18,24	2
1	1	828	12	845	170	0,4,5,16,26	6	1,2,5,9,15,18,24	1
1	1	828	12	845	170	0,4,5,16,26	6	1,2,5,9,15,18,24	2
1	1	828	12	845	170	0,4,5,16,26	6	1,4,5,9,15,18,24	1
1	1	828	12	845	170	0,4,5,16,26	6	1,4,5,9,15,18,24	2
1	1	828	12	845	170	0,4,5,16,26	6	2,4,5,9,15,18,24	1
1	1	828	12	845	170	0,4,5,16,26	6	2,4,5,9,15,18,24	2
1	1	828	12	845	171	0,4,5,16,26	3	1,2,4,5,9,15,18	1
1	1	828	12	845	171	0,4,5,16,26	3	1,2,4,5,9,15,18	2
1	1	828	12	845	171	0,4,5,16,26	3	1,2,4,5,9,15,24	1
1	1	828	12	845	171	0,4,5,16,26	3	1,2,4,5,9,15,24	2
1	1	828	12	845	171	0,4,5,16,26	3	1,2,4,5,9,18,24	1
1	1	828	12	845	171	0,4,5,16,26	3	1,2,4,5,9,18,24	2
1	1	828	12	845	171	0,4,5,16,26	3	1,2,4,5,15,18,24	1
1	1	828	12	845	171	0,4,5,16,26	3	1,2,4,5,15,18,24	2
1	1	828	12	845	171	0,4,5,16,26	3	1,2,4,9,15,18,24	1
1	1	828	12	845	171	0,4,5,16,26	3	1,2,4,9,15,18,24	2
1	1	828	12	845	171	0,4,5,16,26	3	1,2,5,9,15,18,24	1
1	1	828	12	845	171	0,4,5,16,26	3	1,2,5,9,15,18,24	2
1	1	828	12	845	171	0,4,5,16,26	3	1,4,5,9,15,18,24	1
1	1	828	12	845	171	0,4,5,16,26	3	1,4,5,9,15,18,24	2
1	1	828	12	845	171	0,4,5,16,26	3	2,4,5,9,15,18,24	1
1	1	828	12	845	171	0,4,5,16,26	3	2,4,5,9,15,18,24	2
1	1	828	12	845	171	0,4,5,16,26	6	1,2,4,5,9,15,18	1
1	1	828	12	845	171	0,4,5,16,26	6	1,2,4,5,9,15,18	2
1	1	828	12	845	171	0,4,5,16,26	6	1,2,4,5,9,15,24	1
1	1	828	12	845	171	0,4,5,16,26	6	1,2,4,5,9,15,24	2
1	1	828	12	845	171	0,4,5,16,26	6	1,2,4,5,9,18,24	1
1	1	828	12	845	171	0,4,5,16,26	6	1,2,4,5,9,18,24	2
1	1	828	12	845	171	0,4,5,16,26	6	1,2,4,5,15,18,24	1
1	1	828	12	845	171	0,4,5,16,26	6	1,2,4,5,15,18,24	2
1	1	828	12	845	171	0,4,5,16,26	6	1,2,4,9,15,18,24	1
1	1	828	12	845	171	0,4,5,16,26	6	1,2,4,9,15,18,24	2
1	1	828	12	845	171	0,4,5,16,26	6	1,2,5,9,15,18,24	1
1	1	828	12	845	171	0,4,5,16,26	6	1,2,5,9,15,18,24	2
1	1	828	12	845	171	0,4,5,16,26	6	1,4,5,9,15,18,24	1
1	1	828	12	845	171	0,4,5,16,26	6	1,4,5,9,15,18,24	2
1	1	828	12	845	171	0,4,5,16,26	6	2,4,5,9,15,18,24	1
1	1	828	12	845	171	0,4,5,16,26	6	2,4,5,9,15,18,24	2
1	1	828	12	845	172	0,4,5,16,26	3	1,2,4,5,9,15,18	1
1	1	828	12	845	172	0,4,5,16,26	3	1,2,4,5,9,15,18	2
1	1	828	12	845	172	0,4,5,16,26	3	1,2,4,5,9,15,24	1
1	1	828	12	845	172	0,4,5,16,26	3	1,2,4,5,9,15,24	2
1	1	828	12	845	172	0,4,5,16,26	3	1,2,4,5,9,18,24	1
1	1	828	12	845	172	0,4,5,16,26	3	1,2,4,5,9,18,24	2
1	1	828	12	845	172	0,4,5,16,26	3	1,2,4,5,15,18,24	1
1	1	828	12	845	172	0,4,5,16,26	3	1,2,4,5,15,18,24	2
1	1	828	12	845	172	0,4,5,16,26	3	1,2,4,9,15,18,24	1
1	1	828	12	845	172	0,4,5,16,26	3	1,2,4,9,15,18,24	2
1	1	828	12	845	172	0,4,5,16,26	3	1,2,5,9,15,18,24	1
1	1	828	12	845	172	0,4,5,16,26	3	1,2,5,9,15,18,24	2
1	1	828	12	845	172	0,4,5,16,26	3	1,4,5,9,15,18,24	1
1	1	828	12	845	172	0,4,5,16,26	3	1,4,5,9,15,18,24	2
1	1	828	12	845	172	0,4,5,16,26	3	2,4,5,9,15,18,24	1
1	1	828	12	845	172	0,4,5,16,26	3	2,4,5,9,15,18,24	2
1	1	828	12	845	172	0,4,5,16,26	6	1,2,4,5,9,15,18	1
1	1	828	12	845	172	0,4,5,16,26	6	1,2,4,5,9,15,18	2
1	1	828	12	845	172	0,4,5,16,26	6	1,2,4,5,9,15,24	1
1	1	828	12	845	172	0,4,5,16,26	6	1,2,4,5,9,15,24	2
1	1	828	12	845	172	0,4,5,16,26	6	1,2,4,5,9,18,24	1
1	1	828	12	845	172	0,4,5,16,26	6	1,2,4,5,9,18,24	2
1	1	828	12	845	172	0,4,5,16,26	6	1,2,4,5,15,18,24	1
1	1	828	12	845	172	0,4,5,16,26	6	1,2,4,5,15,18,24	2
1	1	828	12	845	172	0,4,5,16,26	6	1,2,4,9,15,18,24	1
1	1	828	12	845	172	0,4,5,16,26	6	1,2,4,9,15,18,24	2
1	1	828	12	845	172	0,4,5,16,26	6	1,2,5,9,15,18,24	1
1	1	828	12	845	172	0,4,5,16,26	6	1,2,5,9,15,18,24	2
1	1	828	12	845	172	0,4,5,16,26	6	1,4,5,9,15,18,24	1
1	1	828	12	845	172	0,4,5,16,26	6	1,4,5,9,15,18,24	2
1	1	828	12	845	172	0,4,5,16,26	6	2,4,5,9,15,18,24	1
1	1	828	12	845	172	0,4,5,16,26	6	2,4,5,9,15,18,24	2
1	1	828	12	845	173	0,4,5,16,26	3	1,2,4,5,9,15,18	1
1	1	828	12	845	173	0,4,5,16,26	3	1,2,4,5,9,15,18	2
1	1	828	12	845	173	0,4,5,16,26	3	1,2,4,5,9,15,24	1
1	1	828	12	845	173	0,4,5,16,26	3	1,2,4,5,9,15,24	2
1	1	828	12	845	173	0,4,5,16,26	3	1,2,4,5,9,18,24	1
1	1	828	12	845	173	0,4,5,16,26	3	1,2,4,5,9,18,24	2
1	1	828	12	845	173	0,4,5,16,26	3	1,2,4,5,15,18,24	1
1	1	828	12	845	173	0,4,5,16,26	3	1,2,4,5,15,18,24	2
1	1	828	12	845	173	0,4,5,16,26	3	1,2,4,9,15,18,24	1
1	1	828	12	845	173	0,4,5,16,26	3	1,2,4,9,15,18,24	2
1	1	828	12	845	173	0,4,5,16,26	3	1,2,5,9,15,18,24	1
1	1	828	12	845	173	0,4,5,16,26	3	1,2,5,9,15,18,24	2
1	1	828	12	845	173	0,4,5,16,26	3	1,4,5,9,15,18,24	1
1	1	828	12	845	173	0,4,5,16,26	3	1,4,5,9,15,18,24	2
1	1	828	12	845	173	0,4,5,16,26	3	2,4,5,9,15,18,24	1
1	1	828	12	845	173	0,4,5,16,26	3	2,4,5,9,15,18,24	2
1	1	828	12	845	173	0,4,5,16,26	6	1,2,4,5,9,15,18	1
1	1	828	12	845	173	0,4,5,16,26	6	1,2,4,5,9,15,18	2
1	1	828	12	845	173	0,4,5,16,26	6	1,2,4,5,9,15,24	1
1	1	828	12	845	173	0,4,5,16,26	6	1,2,4,5,9,15,24	2
1	1	828	12	845	173	0,4,5,16,26	6	1,2,4,5,9,18,24	1
1	1	828	12	845	173	0,4,5,16,26	6	1,2,4,5,9,18,24	2
1	1	828	12	845	173	0,4,5,16,26	6	1,2,4,5,15,18,24	1
1	1	828	12	845	173	0,4,5,16,26	6	1,2,4,5,15,18,24	2
1	1	828	12	845	173	0,4,5,16,26	6	1,2,4,9,15,18,24	1
1	1	828	12	845	173	0,4,5,16,26	6	1,2,4,9,15,18,24	2
1	1	828	12	845	173	0,4,5,16,26	6	1,2,5,9,15,18,24	1
1	1	828	12	845	173	0,4,5,16,26	6	1,2,5,9,15,18,24	2
1	1	828	12	845	173	0,4,5,16,26	6	1,4,5,9,15,18,24	1
1	1	828	12	845	173	0,4,5,16,26	6	1,4,5,9,15,18,24	2
1	1	828	12	845	173	0,4,5,16,26	6	2,4,5,9,15,18,24	1
1	1	828	12	845	173	0,4,5,16,26	6	2,4,5,9,15,18,24	2
3	0	828	12	845	169	0,4,5,16,26	3	1,2,4,5,9,15,18	1
3	0	828	12	845	169	0,4,5,16,26	3	1,2,4,5,9,15,18	2
3	0	828	12	845	169	0,4,5,16,26	3	1,2,4,5,9,15,24	1
3	0	828	12	845	169	0,4,5,16,26	3	1,2,4,5,9,15,24	2
3	0	828	12	845	169	0,4,5,16,26	3	1,2,4,5,9,18,24	1
3	0	828	12	845	169	0,4,5,16,26	3	1,2,4,5,9,18,24	2
3	0	828	12	845	169	0,4,5,16,26	3	1,2,4,5,15,18,24	1
3	0	828	12	845	169	0,4,5,16,26	3	1,2,4,5,15,18,24	2
3	0	828	12	845	169	0,4,5,16,26	3	1,2,4,9,15,18,24	1
3	0	828	12	845	169	0,4,5,16,26	3	1,2,4,9,15,18,24	2
3	0	828	12	845	169	0,4,5,16,26	3	1,2,5,9,15,18,24	1
3	0	828	12	845	169	0,4,5,16,26	3	1,2,5,9,15,18,24	2
3	0	828	12	845	169	0,4,5,16,26	3	1,4,5,9,15,18,24	1
3	0	828	12	845	169	0,4,5,16,26	3	1,4,5,9,15,18,24	2
3	0	828	12	845	169	0,4,5,16,26	3	2,4,5,9,15,18,24	1
3	0	828	12	845	169	0,4,5,16,26	3	2,4,5,9,15,18,24	2
3	0	828	12	845	169	0,4,5,16,26	6	1,2,4,5,9,15,18	1
3	0	828	12	845	169	0,4,5,16,26	6	1,2,4,5,9,15,18	2
3	0	828	12	845	169	0,4,5,16,26	6	1,2,4,5,9,15,24	1
3	0	828	12	845	169	0,4,5,16,26	6	1,2,4,5,9,15,24	2
3	0	828	12	845	169	0,4,5,16,26	6	1,2,4,5,9,18,24	1
3	0	828	12	845	169	0,4,5,16,26	6	1,2,4,5,9,18,24	2
3	0	828	12	845	169	0,4,5,16,26	6	1,2,4,5,15,18,24	1
3	0	828	12	845	169	0,4,5,16,26	6	1,2,4,5,15,18,24	2
3	0	828	12	845	169	0,4,5,16,26	6	1,2,4,9,15,18,24	1
3	0	828	12	845	169	0,4,5,16,26	6	1,2,4,9,15,18,24	2
3	0	828	12	845	169	0,4,5,16,26	6	1,2,5,9,15,18,24	1
3	0	828	12	845	169	0,4,5,16,26	6	1,2,5,9,15,18,24	2
3	0	828	12	845	169	0,4,5,16,26	6	1,4,5,9,15,18,24	1
3	0	828	12	845	169	0,4,5,16,26	6	1,4,5,9,15,18,24	2
3	0	828	12	845	169	0,4,5,16,26	6	2,4,5,9,15,18,24	1
3	0	828	12	845	169	0,4,5,16,26	6	2,4,5,9,15,18,24	2
3	0	828	12	845	170	0,4,5,16,26	3	1,2,4,5,9,15,18	1
3	0	828	12	845	170	0,4,5,16,26	3	1,2,4,5,9,15,18	2
3	0	828	12	845	170	0,4,5,16,26	3	1,2,4,5,9,15,24	1
3	0	828	12	845	170	0,4,5,16,26	3	1,2,4,5,9,15,24	2
3	0	828	12	845	170	0,4,5,16,26	3	1,2,4,5,9,18,24	1
3	0	828	12	845	170	0,4,5,16,26	3	1,2,4,5,9,18,24	2
3	0	828	12	845	170	0,4,5,16,26	3	1,2,4,5,15,18,24	1
3	0	828	12	845	170	0,4,5,16,26	3	1,2,4,5,15,18,24	2
3	0	828	12	845	170	0,4,5,16,26	3	1,2,4,9,15,18,24	1
3	0	828	12	845	170	0,4,5,16,26	3	1,2,4,9,15,18,24	2
3	0	828	12	845	170	0,4,5,16,26	3	1,2,5,9,15,18,24	1
3	0	828	12	845	170	0,4,5,16,26	3	1,2,5,9,15,18,24	2
3	0	828	12	845	170	0,4,5,16,26	3	1,4,5,9,15,18,24	1
3	0	828	12	845	170	0,4,5,16,26	3	1,4,5,9,15,18,24	2
3	0	828	12	845	170	0,4,5,16,26	3	2,4,5,9,15,18,24	1
3	0	828	12	845	170	0,4,5,16,26	3	2,4,5,9,15,18,24	2
3	0	828	12	845	170	0,4,5,16,26	6	1,2,4,5,9,15,18	1
3	0	828	12	845	170	0,4,5,16,26	6	1,2,4,5,9,15,18	2
3	0	828	12	845	170	0,4,5,16,26	6	1,2,4,5,9,15,24	1
3	0	828	12	845	170	0,4,5,16,26	6	1,2,4,5,9,15,24	2
3	0	828	12	845	170	0,4,5,16,26	6	1,2,4,5,9,18,24	1
3	0	828	12	845	170	0,4,5,16,26	6	1,2,4,5,9,18,24	2
3	0	828	12	845	170	0,4,5,16,26	6	1,2,4,5,15,18,24	1
3	0	828	12	845	170	0,4,5,16,26	6	1,2,4,5,15,18,24	2
3	0	828	12	845	170	0,4,5,16,26	6	1,2,4,9,15,18,24	1
3	0	828	12	845	170	0,4,5,16,26	6	1,2,4,9,15,18,24	2
3	0	828	12	845	170	0,4,5,16,26	6	1,2,5,9,15,18,24	1
3	0	828	12	845	170	0,4,5,16,26	6	1,2,5,9,15,18,24	2
3	0	828	12	845	170	0,4,5,16,26	6	1,4,5,9,15,18,24	1
3	0	828	12	845	170	0,4,5,16,26	6	1,4,5,9,15,18,24	2
3	0	828	12	845	170	0,4,5,16,26	6	2,4,5,9,15,18,24	1
3	0	828	12	845	170	0,4,5,16,26	6	2,4,5,9,15,18,24	2
3	0	828	12	845	171	0,4,5,16,26	3	1,2,4,5,9,15,18	1
3	0	828	12	845	171	0,4,5,16,26	3	1,2,4,5,9,15,18	2
3	0	828	12	845	171	0,4,5,16,26	3	1,2,4,5,9,15,24	1
3	0	828	12	845	171	0,4,5,16,26	3	1,2,4,5,9,15,24	2
3	0	828	12	845	171	0,4,5,16,26	3	1,2,4,5,9,18,24	1
3	0	828	12	845	171	0,4,5,16,26	3	1,2,4,5,9,18,24	2
3	0	828	12	845	171	0,4,5,16,26	3	1,2,4,5,15,18,24	1
3	0	828	12	845	171	0,4,5,16,26	3	1,2,4,5,15,18,24	2
3	0	828	12	845	171	0,4,5,16,26	3	1,2,4,9,15,18,24	1
3	0	828	12	845	171	0,4,5,16,26	3	1,2,4,9,15,18,24	2
3	0	828	12	845	171	0,4,5,16,26	3	1,2,5,9,15,18,24	1
3	0	828	12	845	171	0,4,5,16,26	3	1,2,5,9,15,18,24	2
3	0	828	12	845	171	0,4,5,16,26	3	1,4,5,9,15,18,24	1
3	0	828	12	845	171	0,4,5,16,26	3	1,4,5,9,15,18,24	2
3	0	828	12	845	171	0,4,5,16,26	3	2,4,5,9,15,18,24	1
3	0	828	12	845	171	0,4,5,16,26	3	2,4,5,9,15,18,24	2
3	0	828	12	845	171	0,4,5,16,26	6	1,2,4,5,9,15,18	1
3	0	828	12	845	171	0,4,5,16,26	6	1,2,4,5,9,15,18	2
3	0	828	12	845	171	0,4,5,16,26	6	1,2,4,5,9,15,24	1
3	0	828	12	845	171	0,4,5,16,26	6	1,2,4,5,9,15,24	2
3	0	828	12	845	171	0,4,5,16,26	6	1,2,4,5,9,18,24	1
3	0	828	12	845	171	0,4,5,16,26	6	1,2,4,5,9,18,24	2
3	0	828	12	845	171	0,4,5,16,26	6	1,2,4,5,15,18,24	1
3	0	828	12	845	171	0,4,5,16,26	6	1,2,4,5,15,18,24	2
3	0	828	12	845	171	0,4,5,16,26	6	1,2,4,9,15,18,24	1
3	0	828	12	845	171	0,4,5,16,26	6	1,2,4,9,15,18,24	2
3	0	828	12	845	171	0,4,5,16,26	6	1,2,5,9,15,18,24	1
3	0	828	12	845	171	0,4,5,16,26	6	1,2,5,9,15,18,24	2
3	0	828	12	845	171	0,4,5,16,26	6	1,4,5,9,15,18,24	1
3	0	828	12	845	171	0,4,5,16,26	6	1,4,5,9,15,18,24	2
3	0	828	12	845	171	0,4,5,16,26	6	2,4,5,9,15,18,24	1
3	0	828	12	845	171	0,4,5,16,26	6	2,4,5,9,15,18,24	2
3	0	828	12	845	172	0,4,5,16,26	3	1,2,4,5,9,15,18	1
3	0	828	12	845	172	0,4,5,16,26	3	1,2,4,5,9,15,18	2
3	0	828	12	845	172	0,4,5,16,26	3	1,2,4,5,9,15,24	1
3	0	828	12	845	172	0,4,5,16,26	3	1,2,4,5,9,15,24	2
3	0	828	12	845	172	0,4,5,16,26	3	1,2,4,5,9,18,24	1
3	0	828	12	845	172	0,4,5,16,26	3	1,2,4,5,9,18,24	2
3	0	828	12	845	172	0,4,5,16,26	3	1,2,4,5,15,18,24	1
3	0	828	12	845	172	0,4,5,16,26	3	1,2,4,5,15,18,24	2
3	0	828	12	845	172	0,4,5,16,26	3	1,2,4,9,15,18,24	1
3	0	828	12	845	172	0,4,5,16,26	3	1,2,4,9,15,18,24	2
3	0	828	12	845	172	0,4,5,16,26	3	1,2,5,9,15,18,24	1
3	0	828	12	845	172	0,4,5,16,26	3	1,2,5,9,15,18,24	2
3	0	828	12	845	172	0,4,5,16,26	3	1,4,5,9,15,18,24	1
3	0	828	12	845	172	0,4,5,16,26	3	1,4,5,9,15,18,24	2
3	0	828	12	845	172	0,4,5,16,26	3	2,4,5,9,15,18,24	1
3	0	828	12	845	172	0,4,5,16,26	3	2,4,5,9,15,18,24	2
3	0	828	12	845	172	0,4,5,16,26	6	1,2,4,5,9,15,18	1
3	0	828	12	845	172	0,4,5,16,26	6	1,2,4,5,9,15,18	2
3	0	828	12	845	172	0,4,5,16,26	6	1,2,4,5,9,15,24	1
3	0	828	12	845	172	0,4,5,16,26	6	1,2,4,5,9,15,24	2
3	0	828	12	845	172	0,4,5,16,26	6	1,2,4,5,9,18,24	1
3	0	828	12	845	172	0,4,5,16,26	6	1,2,4,5,9,18,24	2
3	0	828	12	845	172	0,4,5,16,26	6	1,2,4,5,15,18,24	1
3	0	828	12	845	172	0,4,5,16,26	6	1,2,4,5,15,18,24	2
3	0	828	12	845	172	0,4,5,16,26	6	1,2,4,9,15,18,24	1
3	0	828	12	845	172	0,4,5,16,26	6	1,2,4,9,15,18,24	2
3	0	828	12	845	172	0,4,5,16,26	6	1,2,5,9,15,18,24	1
3	0	828	12	845	172	0,4,5,16,26	6	1,2,5,9,15,18,24	2
3	0	828	12	845	172	0,4,5,16,26	6	1,4,5,9,15,18,24	1
3	0	828	12	845	172	0,4,5,16,26	6	1,4,5,9,15,18,24	2
3	0	828	12	845	172	0,4,5,16,26	6	2,4,5,9,15,18,24	1
3	0	828	12	845	172	0,4,5,16,26	6	2,4,5,9,15,18,24	2
3	0	828	12	845	173	0,4,5,16,26	3	1,2,4,5,9,15,18	1
3	0	828	12	845	173	0,4,5,16,26	3	1,2,4,5,9,15,18	2
3	0	828	12	845	173	0,4,5,16,26	3	1,2,4,5,9,15,24	1
3	0	828	12	845	173	0,4,5,16,26	3	1,2,4,5,9,15,24	2
3	0	828	12	845	173	0,4,5,16,26	3	1,2,4,5,9,18,24	1
3	0	828	12	845	173	0,4,5,16,26	3	1,2,4,5,9,18,24	2
3	0	828	12	845	173	0,4,5,16,26	3	1,2,4,5,15,18,24	1
3	0	828	12	845	173	0,4,5,16,26	3	1,2,4,5,15,18,24	2
3	0	828	12	845	173	0,4,5,16,26	3	1,2,4,9,15,18,24	1
3	0	828	12	845	173	0,4,5,16,26	3	1,2,4,9,15,18,24	2
3	0	828	12	845	173	0,4,5,16,26	3	1,2,5,9,15,18,24	1
3	0	828	12	845	173	0,4,5,16,26	3	1,2,5,9,15,18,24	2
3	0	828	12	845	173	0,4,5,16,26	3	1,4,5,9,15,18,24	1
3	0	828	12	845	173	0,4,5,16,26	3	1,4,5,9,15,18,24	2
3	0	828	12	845	173	0,4,5,16,26	3	2,4,5,9,15,18,24	1
3	0	828	12	845	173	0,4,5,16,26	3	2,4,5,9,15,18,24	2
3	0	828	12	845	173	0,4,5,16,26	6	1,2,4,5,9,15,18	1
3	0	828	12	845	173	0,4,5,16,26	6	1,2,4,5,9,15,18	2
3	0	828	12	845	173	0,4,5,16,26	6	1,2,4,5,9,15,24	1
3	0	828	12	845	173	0,4,5,16,26	6	1,2,4,5,9,15,24	2
3	0	828	12	845	173	0,4,5,16,26	6	1,2,4,5,9,18,24	1
3	0	828	12	845	173	0,4,5,16,26	6	1,2,4,5,9,18,24	2
3	0	828	12	845	173	0,4,5,16,26	6	1,2,4,5,15,18,24	1
3	0	828	12	845	173	0,4,5,16,26	6	1,2,4,5,15,18,24	2
3	0	828	12	845	173	0,4,5,16,26	6	1,2,4,9,15,18,24	1
3	0	828	12	845	173	0,4,5,16,26	6	1,2,4,9,15,18,24	2
3	0	828	12	845	173	0,4,5,16,26	6	1,2,5,9,15,18,24	1
3	0	828	12	845	173	0,4,5,16,26	6	1,2,5,9,15,18,24	2
3	0	828	12	845	173	0,4,5,16,26	6	1,4,5,9,15,18,24	1
3	0	828	12	845	173	0,4,5,16,26	6	1,4,5,9,15,18,24	2
3	0	828	12	845	173	0,4,5,16,26	6	2,4,5,9,15,18,24	1
3	0	828	12	845	173	0,4,5,16,26	6	2,4,5,9,15,18,24	2
3	1	828	12	845	169	0,4,5,16,26	3	1,2,4,5,9,15,18	1
3	1	828	12	845	169	0,4,5,16,26	3	1,2,4,5,9,15,18	2
3	1	828	12	845	169	0,4,5,16,26	3	1,2,4,5,9,15,24	1
3	1	828	12	845	169	0,4,5,16,26	3	1,2,4,5,9,15,24	2
3	1	828	12	845	169	0,4,5,16,26	3	1,2,4,5,9,18,24	1
3	1	828	12	845	169	0,4,5,16,26	3	1,2,4,5,9,18,24	2
3	1	828	12	845	169	0,4,5,16,26	3	1,2,4,5,15,18,24	1
3	1	828	12	845	169	0,4,5,16,26	3	1,2,4,5,15,18,24	2
3	1	828	12	845	169	0,4,5,16,26	3	1,2,4,9,15,18,24	1
3	1	828	12	845	169	0,4,5,16,26	3	1,2,4,9,15,18,24	2
3	1	828	12	845	169	0,4,5,16,26	3	1,2,5,9,15,18,24	1
3	1	828	12	845	169	0,4,5,16,26	3	1,2,5,9,15,18,24	2
3	1	828	12	845	169	0,4,5,16,26	3	1,4,5,9,15,18,24	1
3	1	828	12	845	169	0,4,5,16,26	3	1,4,5,9,15,18,24	2
3	1	828	12	845	169	0,4,5,16,26	3	2,4,5,9,15,18,24	1
3	1	828	12	845	169	0,4,5,16,26	3	2,4,5,9,15,18,24	2
3	1	828	12	845	169	0,4,5,16,26	6	1,2,4,5,9,15,18	1
3	1	828	12	845	169	0,4,5,16,26	6	1,2,4,5,9,15,18	2
3	1	828	12	845	169	0,4,5,16,26	6	1,2,4,5,9,15,24	1
3	1	828	12	845	169	0,4,5,16,26	6	1,2,4,5,9,15,24	2
3	1	828	12	845	169	0,4,5,16,26	6	1,2,4,5,9,18,24	1
3	1	828	12	845	169	0,4,5,16,26	6	1,2,4,5,9,18,24	2
3	1	828	12	845	169	0,4,5,16,26	6	1,2,4,5,15,18,24	1
3	1	828	12	845	169	0,4,5,16,26	6	1,2,4,5,15,18,24	2
3	1	828	12	845	169	0,4,5,16,26	6	1,2,4,9,15,18,24	1
3	1	828	12	845	169	0,4,5,16,26	6	1,2,4,9,15,18,24	2
3	1	828	12	845	169	0,4,5,16,26	6	1,2,5,9,15,18,24	1
3	1	828	12	845	169	0,4,5,16,26	6	1,2,5,9,15,18,24	2
3	1	828	12	845	169	0,4,5,16,26	6	1,4,5,9,15,18,24	1
3	1	828	12	845	169	0,4,5,16,26	6	1,4,5,9,15,18,24	2
3	1	828	12	845	169	0,4,5,16,26	6	2,4,5,9,15,18,24	1
3	1	828	12	845	169	0,4,5,16,26	6	2,4,5,9,15,18,24	2
3	1	828	12	845	170	0,4,5,16,26	3	1,2,4,5,9,15,18	1
3	1	828	12	845	170	0,4,5,16,26	3	1,2,4,5,9,15,18	2
3	1	828	12	845	170	0,4,5,16,26	3	1,2,4,5,9,15,24	1
3	1	828	12	845	170	0,4,5,16,26	3	1,2,4,5,9,15,24	2
3	1	828	12	845	170	0,4,5,16,26	3	1,2,4,5,9,18,24	1
3	1	828	12	845	170	0,4,5,16,26	3	1,2,4,5,9,18,24	2
3	1	828	12	845	170	0,4,5,16,26	3	1,2,4,5,15,18,24	1
3	1	828	12	845	170	0,4,5,16,26	3	1,2,4,5,15,18,24	2
3	1	828	12	845	170	0,4,5,16,26	3	1,2,4,9,15,18,24	1
3	1	828	12	845	170	0,4,5,16,26	3	1,2,4,9,15,18,24	2
3	1	828	12	845	170	0,4,5,16,26	3	1,2,5,9,15,18,24	1
3	1	828	12	845	170	0,4,5,16,26	3	1,2,5,9,15,18,24	2
3	1	828	12	845	170	0,4,5,16,26	3	1,4,5,9,15,18,24	1
3	1	828	12	845	170	0,4,5,16,26	3	1,4,5,9,15,18,24	2
3	1	828	12	845	170	0,4,5,16,26	3	2,4,5,9,15,18,24	1
3	1	828	12	845	170	0,4,5,16,26	3	2,4,5,9,15,18,24	2
3	1	828	12	845	170	0,4,5,16,26	6	1,2,4,5,9,15,18	1
3	1	828	12	845	170	0,4,5,16,26	6	1,2,4,5,9,15,18	2
3	1	828	12	845	170	0,4,5,16,26	6	1,2,4,5,9,15,24	1
3	1	828	12	845	170	0,4,5,16,26	6	1,2,4,5,9,15,24	2
3	1	828	12	845	170	0,4,5,16,26	6	1,2,4,5,9,18,24	1
3	1	828	12	845	170	0,4,5,16,26	6	1,2,4,5,9,18,24	2
3	1	828	12	845	170	0,4,5,16,26	6	1,2,4,5,15,18,24	1
3	1	828	12	845	170	0,4,5,16,26	6	1,2,4,5,15,18,24	2
3	1	828	12	845	170	0,4,5,16,26	6	1,2,4,9,15,18,24	1
3	1	828	12	845	170	0,4,5,16,26	6	1,2,4,9,15,18,24	2
3	1	828	12	845	170	0,4,5,16,26	6	1,2,5,9,15,18,24	1
3	1	828	12	845	170	0,4,5,16,26	6	1,2,5,9,15,18,24	2
3	1	828	12	845	170	0,4,5,16,26	6	1,4,5,9,15,18,24	1
3	1	828	12	845	170	0,4,5,16,26	6	1,4,5,9,15,18,24	2
3	1	828	12	845	170	0,4,5,16,26	6	2,4,5,9,15,18,24	1
3	1	828	12	845	170	0,4,5,16,26	6	2,4,5,9,15,18,24	2
3	1	828	12	845	171	0,4,5,16,26	3	1,2,4,5,9,15,18	1
3	1	828	12	845	171	0,4,5,16,26	3	1,2,4,5,9,15,18	2
3	1	828	12	845	171	0,4,5,16,26	3	1,2,4,5,9,15,24	1
3	1	828	12	845	171	0,4,5,16,26	3	1,2,4,5,9,15,24	2
3	1	828	12	845	171	0,4,5,16,26	3	1,2,4,5,9,18,24	1
3	1	828	12	845	171	0,4,5,16,26	3	1,2,4,5,9,18,24	2
3	1	828	12	845	171	0,4,5,16,26	3	1,2,4,5,15,18,24	1
3	1	828	12	845	171	0,4,5,16,26	3	1,2,4,5,15,18,24	2
3	1	828	12	845	171	0,4,5,16,26	3	1,2,4,9,15,18,24	1
3	1	828	12	845	171	0,4,5,16,26	3	1,2,4,9,15,18,24	2
3	1	828	12	845	171	0,4,5,16,26	3	1,2,5,9,15,18,24	1
3	1	828	12	845	171	0,4,5,16,26	3	1,2,5,9,15,18,24	2
3	1	828	12	845	171	0,4,5,16,26	3	1,4,5,9,15,18,24	1
3	1	828	12	845	171	0,4,5,16,26	3	1,4,5,9,15,18,24	2
3	1	828	12	845	171	0,4,5,16,26	3	2,4,5,9,15,18,24	1
3	1	828	12	845	171	0,4,5,16,26	3	2,4,5,9,15,18,24	2
3	1	828	12	845	171	0,4,5,16,26	6	1,2,4,5,9,15,18	1
3	1	828	12	845	171	0,4,5,16,26	6	1,2,4,5,9,15,18	2
3	1	828	12	845	171	0,4,5,16,26	6	1,2,4,5,9,15,24	1
3	1	828	12	845	171	0,4,5,16,26	6	1,2,4,5,9,15,24	2
3	1	828	12	845	171	0,4,5,16,26	6	1,2,4,5,9,18,24	1
3	1	828	12	845	171	0,4,5,16,26	6	1,2,4,5,9,18,24	2
3	1	828	12	845	171	0,4,5,16,26	6	1,2,4,5,15,18,24	1
3	1	828	12	845	171	0,4,5,16,26	6	1,2,4,5,15,18,24	2
3	1	828	12	845	171	0,4,5,16,26	6	1,2,4,9,15,18,24	1
3	1	828	12	845	171	0,4,5,16,26	6	1,2,4,9,15,18,24	2
3	1	828	12	845	171	0,4,5,16,26	6	1,2,5,9,15,18,24	1
3	1	828	12	845	171	0,4,5,16,26	6	1,2,5,9,15,18,24	2
3	1	828	12	845	171	0,4,5,16,26	6	1,4,5,9,15,18,24	1
3	1	828	12	845	171	0,4,5,16,26	6	1,4,5,9,15,18,24	2
3	1	828	12	845	171	0,4,5,16,26	6	2,4,5,9,15,18,24	1
3	1	828	12	845	171	0,4,5,16,26	6	2,4,5,9,15,18,24	2
3	1	828	12	845	172	0,4,5,16,26	3	1,2,4,5,9,15,18	1
3	1	828	12	845	172	0,4,5,16,26	3	1,2,4,5,9,15,18	2
3	1	828	12	845	172	0,4,5,16,26	3	1,2,4,5,9,15,24	1
3	1	828	12	845	172	0,4,5,16,26	3	1,2,4,5,9,15,24	2
3	1	828	12	845	172	0,4,5,16,26	3	1,2,4,5,9,18,24	1
3	1	828	12	845	172	0,4,5,16,26	3	1,2,4,5,9,18,24	2
3	1	828	12	845	172	0,4,5,16,26	3	1,2,4,5,15,18,24	1
3	1	828	12	845	172	0,4,5,16,26	3	1,2,4,5,15,18,24	2
3	1	828	12	845	172	0,4,5,16,26	3	1,2,4,9,15,18,24	1
3	1	828	12	845	172	0,4,5,16,26	3	1,2,4,9,15,18,24	2
3	1	828	12	845	172	0,4,5,16,26	3	1,2,5,9,15,18,24	1
3	1	828	12	845	172	0,4,5,16,26	3	1,2,5,9,15,18,24	2
3	1	828	12	845	172	0,4,5,16,26	3	1,4,5,9,15,18,24	1
3	1	828	12	845	172	0,4,5,16,26	3	1,4,5,9,15,18,24	2
3	1	828	12	845	172	0,4,5,16,26	3	2,4,5,9,15,18,24	1
3	1	828	12	845	172	0,4,5,16,26	3	2,4,5,9,15,18,24	2
3	1	828	12	845	172	0,4,5,16,26	6	1,2,4,5,9,15,18	1
3	1	828	12	845	172	0,4,5,16,26	6	1,2,4,5,9,15,18	2
3	1	828	12	845	172	0,4,5,16,26	6	1,2,4,5,9,15,24	1
3	1	828	12	845	172	0,4,5,16,26	6	1,2,4,5,9,15,24	2
3	1	828	12	845	172	0,4,5,16,26	6	1,2,4,5,9,18,24	1
3	1	828	12	845	172	0,4,5,16,26	6	1,2,4,5,9,18,24	2
3	1	828	12	845	172	0,4,5,16,26	6	1,2,4,5,15,18,24	1
3	1	828	12	845	172	0,4,5,16,26	6	1,2,4,5,15,18,24	2
3	1	828	12	845	172	0,4,5,16,26	6	1,2,4,9,15,18,24	1
3	1	828	12	845	172	0,4,5,16,26	6	1,2,4,9,15,18,24	2
3	1	828	12	845	172	0,4,5,16,26	6	1,2,5,9,15,18,24	1
3	1	828	12	845	172	0,4,5,16,26	6	1,2,5,9,15,18,24	2
3	1	828	12	845	172	0,4,5,16,26	6	1,4,5,9,15,18,24	1
3	1	828	12	845	172	0,4,5,16,26	6	1,4,5,9,15,18,24	2
3	1	828	12	845	172	0,4,5,16,26	6	2,4,5,9,15,18,24	1
3	1	828	12	845	172	0,4,5,16,26	6	2,4,5,9,15,18,24	2
3	1	828	12	845	173	0,4,5,16,26	3	1,2,4,5,9,15,18	1
3	1	828	12	845	173	0,4,5,16,26	3	1,2,4,5,9,15,18	2
3	1	828	12	845	173	0,4,5,16,26	3	1,2,4,5,9,15,24	1
3	1	828	12	845	173	0,4,5,16,26	3	1,2,4,5,9,15,24	2
3	1	828	12	845	173	0,4,5,16,26	3	1,2,4,5,9,18,24	1
3	1	828	12	845	173	0,4,5,16,26	3	1,2,4,5,9,18,24	2
3	1	828	12	845	173	0,4,5,16,26	3	1,2,4,5,15,18,24	1
3	1	828	12	845	173	0,4,5,16,26	3	1,2,4,5,15,18,24	2
3	1	828	12	845	173	0,4,5,16,26	3	1,2,4,9,15,18,24	1
3	1	828	12	845	173	0,4,5,16,26	3	1,2,4,9,15,18,24	2
3	1	828	12	845	173	0,4,5,16,26	3	1,2,5,9,15,18,24	1
3	1	828	12	845	173	0,4,5,16,26	3	1,2,5,9,15,18,24	2
3	1	828	12	845	173	0,4,5,16,26	3	1,4,5,9,15,18,24	1
3	1	828	12	845	173	0,4,5,16,26	3	1,4,5,9,15,18,24	2
3	1	828	12	845	173	0,4,5,16,26	3	2,4,5,9,15,18,24	1
3	1	828	12	845	173	0,4,5,16,26	3	2,4,5,9,15,18,24	2
3	1	828	12	845	173	0,4,5,16,26	6	1,2,4,5,9,15,18	1
3	1	828	12	845	173	0,4,5,16,26	6	1,2,4,5,9,15,18	2
3	1	828	12	845	173	0,4,5,16,26	6	1,2,4,5,9,15,24	1
3	1	828	12	845	173	0,4,5,16,26	6	1,2,4,5,9,15,24	2
3	1	828	12	845	173	0,4,5,16,26	6	1,2,4,5,9,18,24	1
3	1	828	12	845	173	0,4,5,16,26	6	1,2,4,5,9,18,24	2
3	1	828	12	845	173	0,4,5,16,26	6	1,2,4,5,15,18,24	1
3	1	828	12	845	173	0,4,5,16,26	6	1,2,4,5,15,18,24	2
3	1	828	12	845	173	0,4,5,16,26	6	1,2,4,9,15,18,24	1
3	1	828	12	845	173	0,4,5,16,26	6	1,2,4,9,15,18,24	2
3	1	828	12	845	173	0,4,5,16,26	6	1,2,5,9,15,18,24	1
3	1	828	12	845	173	0,4,5,16,26	6	1,2,5,9,15,18,24	2
3	1	828	12	845	173	0,4,5,16,26	6	1,4,5,9,15,18,24	1
3	1	828	12	845	173	0,4,5,16,26	6	1,4,5,9,15,18,24	2
3	1	828	12	845	173	0,4,5,16,26	6	2,4,5,9,15,18,24	1
3	1	828	12	845	173	0,4,5,16,26	6	2,4,5,9,15,18,24	2
0	0	828	27	845	169	0,7,8,14,22	10	7,8,13,14,15,22,23	1
0	0	828	27	845	169	0,7,8,14,22	10	7,8,13,14,15,22,23	2
0	0	828	27	845	169	0,7,8,14,22	10	7,8,13,14,15,22,24	1
0	0	828	27	845	169	0,7,8,14,22	10	7,8,13,14,15,22,24	2
0	0	828	27	845	169	0,7,8,14,22	10	7,8,13,14,15,23,24	1
0	0	828	27	845	169	0,7,8,14,22	10	7,8,13,14,15,23,24	2
0	0	828	27	845	169	0,7,8,14,22	10	7,8,13,14,22,23,24	1
0	0	828	27	845	169	0,7,8,14,22	10	7,8,13,14,22,23,24	2
0	0	828	27	845	169	0,7,8,14,22	10	7,8,13,15,20,22,23	2
0	0	828	27	845	169	0,7,8,14,22	10	7,8,13,15,20,23,24	2
0	0	828	27	845	169	0,7,8,14,22	10	7,8,13,15,22,23,24	1
0	0	828	27	845	169	0,7,8,14,22	10	7,8,13,15,22,23,24	2
0	0	828	27	845	169	0,7,8,14,22	10	7,8,14,15,22,23,24	1
0	0	828	27	845	169	0,7,8,14,22	10	7,8,14,15,22,23,24	2
0	0	828	27	845	169	0,7,8,14,22	10	7,13,14,15,20,22,23	2
0	0	828	27	845	169	0,7,8,14,22	10	7,13,14,15,20,23,24	2
0	0	828	27	845	169	0,7,8,14,22	10	7,13,14,15,22,23,24	1
0	0	828	27	845	169	0,7,8,14,22	10	7,13,14,15,22,23,24	2
0	0	828	27	845	169	0,7,8,14,22	10	8,13,14,15,22,23,24	1
0	0	828	27	845	169	0,7,8,14,22	10	8,13,14,15,22,23,24	2
0	0	828	27	845	169	0,7,8,14,22	20	1,7,8,13,14,15,22	2
0	0	828	27	845	169	0,7,8,14,22	20	1,7,8,13,14,22,23	2
0	0	828	27	845	169	0,7,8,14,22	20	1,7,8,13,15,22,24	2
0	0	828	27	845	169	0,7,8,14,22	20	1,7,8,13,22,23,24	2
0	0	828	27	845	169	0,7,8,14,22	20	7,8,13,14,15,22,23	1
0	0	828	27	845	169	0,7,8,14,22	20	7,8,13,14,15,22,23	2
0	0	828	27	845	169	0,7,8,14,22	20	7,8,13,14,15,22,24	1
0	0	828	27	845	169	0,7,8,14,22	20	7,8,13,14,15,22,24	2
0	0	828	27	845	169	0,7,8,14,22	20	7,8,13,14,15,23,24	1
0	0	828	27	845	169	0,7,8,14,22	20	7,8,13,14,15,23,24	2
0	0	828	27	845	169	0,7,8,14,22	20	7,8,13,14,22,23,24	1
0	0	828	27	845	169	0,7,8,14,22	20	7,8,13,14,22,23,24	2
0	0	828	27	845	169	0,7,8,14,22	20	7,8,13,15,22,23,24	1
0	0	828	27	845	169	0,7,8,14,22	20	7,8,13,15,22,23,24	2
0	0	828	27	845	169	0,7,8,14,22	20	7,8,14,15,22,23,24	1
0	0	828	27	845	169	0,7,8,14,22	20	7,8,14,15,22,23,24	2
0	0	828	27	845	169	0,7,8,14,22	20	7,13,14,15,22,23,24	1
0	0	828	27	845	169	0,7,8,14,22	20	7,13,14,15,22,23,24	2
0	0	828	27	845	169	0,7,8,14,22	20	8,13,14,15,22,23,24	1
0	0	828	27	845	169	0,7,8,14,22	20	8,13,14,15,22,23,24	2
0	0	828	27	845	170	0,7,8,14,22	10	7,8,13,14,15,22,23	1
0	0	828	27	845	170	0,7,8,14,22	10	7,8,13,14,15,22,23	2
0	0	828	27	845	170	0,7,8,14,22	10	7,8,13,14,15,22,24	1
0	0	828	27	845	170	0,7,8,14,22	10	7,8,13,14,15,22,24	2
0	0	828	27	845	170	0,7,8,14,22	10	7,8,13,14,15,23,24	1
0	0	828	27	845	170	0,7,8,14,22	10	7,8,13,14,15,23,24	2
0	0	828	27	845	170	0,7,8,14,22	10	7,8,13,14,22,23,24	1
0	0	828	27	845	170	0,7,8,14,22	10	7,8,13,14,22,23,24	2
0	0	828	27	845	170	0,7,8,14,22	10	7,8,13,15,22,23,24	1
0	0	828	27	845	170	0,7,8,14,22	10	7,8,13,15,22,23,24	2
0	0	828	27	845	170	0,7,8,14,22	10	7,8,14,15,22,23,24	1
0	0	828	27	845	170	0,7,8,14,22	10	7,8,14,15,22,23,24	2
0	0	828	27	845	170	0,7,8,14,22	10	7,13,14,15,22,23,24	1
0	0	828	27	845	170	0,7,8,14,22	10	7,13,14,15,22,23,24	2
0	0	828	27	845	170	0,7,8,14,22	10	8,13,14,15,22,23,24	1
0	0	828	27	845	170	0,7,8,14,22	10	8,13,14,15,22,23,24	2
0	0	828	27	845	170	0,7,8,14,22	20	7,8,13,14,15,22,23	1
0	0	828	27	845	170	0,7,8,14,22	20	7,8,13,14,15,22,23	2
0	0	828	27	845	170	0,7,8,14,22	20	7,8,13,14,15,22,24	1
0	0	828	27	845	170	0,7,8,14,22	20	7,8,13,14,15,22,24	2
0	0	828	27	845	170	0,7,8,14,22	20	7,8,13,14,15,23,24	1
0	0	828	27	845	170	0,7,8,14,22	20	7,8,13,14,15,23,24	2
0	0	828	27	845	170	0,7,8,14,22	20	7,8,13,14,22,23,24	1
0	0	828	27	845	170	0,7,8,14,22	20	7,8,13,14,22,23,24	2
0	0	828	27	845	170	0,7,8,14,22	20	7,8,13,15,22,23,24	1
0	0	828	27	845	170	0,7,8,14,22	20	7,8,13,15,22,23,24	2
0	0	828	27	845	170	0,7,8,14,22	20	7,8,14,15,22,23,24	1
0	0	828	27	845	170	0,7,8,14,22	20	7,8,14,15,22,23,24	2
0	0	828	27	845	170	0,7,8,14,22	20	7,13,14,15,22,23,24	1
0	0	828	27	845	170	0,7,8,14,22	20	7,13,14,15,22,23,24	2
0	0	828	27	845	170	0,7,8,14,22	20	8,13,14,15,22,23,24	1
0	0	828	27	845	170	0,7,8,14,22	20	8,13,14,15,22,23,24	2
0	0	828	27	845	171	0,7,8,14,22	10	2,7,8,13,14,15,23	1
0	0	828	27	845	171	0,7,8,14,22	10	2,7,8,13,14,22,23	1
0	0	828	27	845	171	0,7,8,14,22	10	2,7,8,14,15,23,24	1
0	0	828	27	845	171	0,7,8,14,22	10	2,7,8,14,22,23,24	1
0	0	828	27	845	171	0,7,8,14,22	10	7,8,13,14,15,22,23	1
0	0	828	27	845	171	0,7,8,14,22	10	7,8,13,14,15,22,23	2
0	0	828	27	845	171	0,7,8,14,22	10	7,8,13,14,15,22,24	1
0	0	828	27	845	171	0,7,8,14,22	10	7,8,13,14,15,22,24	2
0	0	828	27	845	171	0,7,8,14,22	10	7,8,13,14,15,23,24	1
0	0	828	27	845	171	0,7,8,14,22	10	7,8,13,14,15,23,24	2
0	0	828	27	845	171	0,7,8,14,22	10	7,8,13,14,22,23,24	1
0	0	828	27	845	171	0,7,8,14,22	10	7,8,13,14,22,23,24	2
0	0	828	27	845	171	0,7,8,14,22	10	7,8,13,15,22,23,24	1
0	0	828	27	845	171	0,7,8,14,22	10	7,8,13,15,22,23,24	2
0	0	828	27	845	171	0,7,8,14,22	10	7,8,14,15,22,23,24	1
0	0	828	27	845	171	0,7,8,14,22	10	7,8,14,15,22,23,24	2
0	0	828	27	845	171	0,7,8,14,22	10	7,13,14,15,22,23,24	1
0	0	828	27	845	171	0,7,8,14,22	10	7,13,14,15,22,23,24	2
0	0	828	27	845	171	0,7,8,14,22	10	8,13,14,15,22,23,24	1
0	0	828	27	845	171	0,7,8,14,22	10	8,13,14,15,22,23,24	2
0	0	828	27	845	171	0,7,8,14,22	20	7,8,10,13,14,23,24	1
0	0	828	27	845	171	0,7,8,14,22	20	7,8,10,13,15,23,24	1
0	0	828	27	845	171	0,7,8,14,22	20	7,8,13,14,15,22,23	1
0	0	828	27	845	171	0,7,8,14,22	20	7,8,13,14,15,22,23	2
0	0	828	27	845	171	0,7,8,14,22	20	7,8,13,14,15,22,24	1
0	0	828	27	845	171	0,7,8,14,22	20	7,8,13,14,15,22,24	2
0	0	828	27	845	171	0,7,8,14,22	20	7,8,13,14,15,23,24	1
0	0	828	27	845	171	0,7,8,14,22	20	7,8,13,14,15,23,24	2
0	0	828	27	845	171	0,7,8,14,22	20	7,8,13,14,22,23,24	1
0	0	828	27	845	171	0,7,8,14,22	20	7,8,13,14,22,23,24	2
0	0	828	27	845	171	0,7,8,14,22	20	7,8,13,15,22,23,24	1
0	0	828	27	845	171	0,7,8,14,22	20	7,8,13,15,22,23,24	2
0	0	828	27	845	171	0,7,8,14,22	20	7,8,14,15,22,23,24	1
0	0	828	27	845	171	0,7,8,14,22	20	7,8,14,15,22,23,24	2
0	0	828	27	845	171	0,7,8,14,22	20	7,13,14,15,22,23,24	1
0	0	828	27	845	171	0,7,8,14,22	20	7,13,14,15,22,23,24	2
0	0	828	27	845	171	0,7,8,14,22	20	8,10,13,14,22,23,24	1
0	0	828	27	845	171	0,7,8,14,22	20	8,10,13,15,22,23,24	1
0	0	828	27	845	171	0,7,8,14,22	20	8,13,14,15,22,23,24	1
0	0	828	27	845	171	0,7,8,14,22	20	8,13,14,15,22,23,24	2
0	0	828	27	845	172	0,7,8,14,22	10	7,8,13,14,15,22,23	1
0	0	828	27	845	172	0,7,8,14,22	10	7,8,13,14,15,22,23	2
0	0	828	27	845	172	0,7,8,14,22	10	7,8,13,14,15,22,24	1
0	0	828	27	845	172	0,7,8,14,22	10	7,8,13,14,15,22,24	2
0	0	828	27	845	172	0,7,8,14,22	10	7,8,13,14,15,23,24	1
0	0	828	27	845	172	0,7,8,14,22	10	7,8,13,14,15,23,24	2
0	0	828	27	845	172	0,7,8,14,22	10	7,8,13,14,22,23,24	1
0	0	828	27	845	172	0,7,8,14,22	10	7,8,13,14,22,23,24	2
0	0	828	27	845	172	0,7,8,14,22	10	7,8,13,15,22,23,24	1
0	0	828	27	845	172	0,7,8,14,22	10	7,8,13,15,22,23,24	2
0	0	828	27	845	172	0,7,8,14,22	10	7,8,14,15,22,23,24	1
0	0	828	27	845	172	0,7,8,14,22	10	7,8,14,15,22,23,24	2
0	0	828	27	845	172	0,7,8,14,22	10	7,13,14,15,22,23,24	1
0	0	828	27	845	172	0,7,8,14,22	10	7,13,14,15,22,23,24	2
0	0	828	27	845	172	0,7,8,14,22	10	8,13,14,15,22,23,24	1
0	0	828	27	845	172	0,7,8,14,22	10	8,13,14,15,22,23,24	2
0	0	828	27	845	172	0,7,8,14,22	20	7,8,13,14,15,22,23	1
0	0	828	27	845	172	0,7,8,14,22	20	7,8,13,14,15,22,23	2
0	0	828	27	845	172	0,7,8,14,22	20	7,8,13,14,15,22,24	1
0	0	828	27	845	172	0,7,8,14,22	20	7,8,13,14,15,22,24	2
0	0	828	27	845	172	0,7,8,14,22	20	7,8,13,14,15,23,24	1
0	0	828	27	845	172	0,7,8,14,22	20	7,8,13,14,15,23,24	2
0	0	828	27	845	172	0,7,8,14,22	20	7,8,13,14,22,23,24	1
0	0	828	27	845	172	0,7,8,14,22	20	7,8,13,14,22,23,24	2
0	0	828	27	845	172	0,7,8,14,22	20	7,8,13,15,22,23,24	1
0	0	828	27	845	172	0,7,8,14,22	20	7,8,13,15,22,23,24	2
0	0	828	27	845	172	0,7,8,14,22	20	7,8,14,15,22,23,24	1
0	0	828	27	845	172	0,7,8,14,22	20	7,8,14,15,22,23,24	2
0	0	828	27	845	172	0,7,8,14,22	20	7,13,14,15,22,23,24	1
0	0	828	27	845	172	0,7,8,14,22	20	7,13,14,15,22,23,24	2
0	0	828	27	845	172	0,7,8,14,22	20	8,13,14,15,22,23,24	1
0	0	828	27	845	172	0,7,8,14,22	20	8,13,14,15,22,23,24	2
0	0	828	27	845	173	0,7,8,14,22	10	7,8,13,14,15,22,23	1
0	0	828	27	845	173	0,7,8,14,22	10	7,8,13,14,15,22,23	2
0	0	828	27	845	173	0,7,8,14,22	10	7,8,13,14,15,22,24	1
0	0	828	27	845	173	0,7,8,14,22	10	7,8,13,14,15,22,24	2
0	0	828	27	845	173	0,7,8,14,22	10	7,8,13,14,15,23,24	1
0	0	828	27	845	173	0,7,8,14,22	10	7,8,13,14,15,23,24	2
0	0	828	27	845	173	0,7,8,14,22	10	7,8,13,14,22,23,24	1
0	0	828	27	845	173	0,7,8,14,22	10	7,8,13,14,22,23,24	2
0	0	828	27	845	173	0,7,8,14,22	10	7,8,13,15,22,23,24	1
0	0	828	27	845	173	0,7,8,14,22	10	7,8,13,15,22,23,24	2
0	0	828	27	845	173	0,7,8,14,22	10	7,8,14,15,22,23,24	1
0	0	828	27	845	173	0,7,8,14,22	10	7,8,14,15,22,23,24	2
0	0	828	27	845	173	0,7,8,14,22	10	7,13,14,15,22,23,24	1
0	0	828	27	845	173	0,7,8,14,22	10	7,13,14,15,22,23,24	2
0	0	828	27	845	173	0,7,8,14,22	10	8,13,14,15,22,23,24	1
0	0	828	27	845	173	0,7,8,14,22	10	8,13,14,15,22,23,24	2
0	0	828	27	845	173	0,7,8,14,22	20	7,8,13,14,15,22,23	1
0	0	828	27	845	173	0,7,8,14,22	20	7,8,13,14,15,22,23	2
0	0	828	27	845	173	0,7,8,14,22	20	7,8,13,14,15,22,24	1
0	0	828	27	845	173	0,7,8,14,22	20	7,8,13,14,15,22,24	2
0	0	828	27	845	173	0,7,8,14,22	20	7,8,13,14,15,23,24	1
0	0	828	27	845	173	0,7,8,14,22	20	7,8,13,14,15,23,24	2
0	0	828	27	845	173	0,7,8,14,22	20	7,8,13,14,22,23,24	1
0	0	828	27	845	173	0,7,8,14,22	20	7,8,13,14,22,23,24	2
0	0	828	27	845	173	0,7,8,14,22	20	7,8,13,15,22,23,24	1
0	0	828	27	845	173	0,7,8,14,22	20	7,8,13,15,22,23,24	2
0	0	828	27	845	173	0,7,8,14,22	20	7,8,14,15,22,23,24	1
0	0	828	27	845	173	0,7,8,14,22	20	7,8,14,15,22,23,24	2
0	0	828	27	845	173	0,7,8,14,22	20	7,13,14,15,22,23,24	1
0	0	828	27	845	173	0,7,8,14,22	20	7,13,14,15,22,23,24	2
0	0	828	27	845	173	0,7,8,14,22	20	8,13,14,15,22,23,24	1
0	0	828	27	845	173	0,7,8,14,22	20	8,13,14,15,22,23,24	2
1	0	828	27	845	169	0,7,8,14,22	10	7,8,13,14,15,22,23	1
1	0	828	27	845	169	0,7,8,14,22	10	7,8,13,14,15,22,23	2
1	0	828	27	845	169	0,7,8,14,22	10	7,8,13,14,15,22,24	1
1	0	828	27	845	169	0,7,8,14,22	10	7,8,13,14,15,22,24	2
1	0	828	27	845	169	0,7,8,14,22	10	7,8,13,14,15,23,24	1
1	0	828	27	845	169	0,7,8,14,22	10	7,8,13,14,15,23,24	2
1	0	828	27	845	169	0,7,8,14,22	10	7,8,13,14,22,23,24	1
1	0	828	27	845	169	0,7,8,14,22	10	7,8,13,14,22,23,24	2
1	0	828	27	845	169	0,7,8,14,22	10	7,8,13,15,20,22,23	2
1	0	828	27	845	169	0,7,8,14,22	10	7,8,13,15,20,23,24	2
1	0	828	27	845	169	0,7,8,14,22	10	7,8,13,15,22,23,24	1
1	0	828	27	845	169	0,7,8,14,22	10	7,8,13,15,22,23,24	2
1	0	828	27	845	169	0,7,8,14,22	10	7,8,14,15,22,23,24	1
1	0	828	27	845	169	0,7,8,14,22	10	7,8,14,15,22,23,24	2
1	0	828	27	845	169	0,7,8,14,22	10	7,13,14,15,20,22,23	2
1	0	828	27	845	169	0,7,8,14,22	10	7,13,14,15,20,23,24	2
1	0	828	27	845	169	0,7,8,14,22	10	7,13,14,15,22,23,24	1
1	0	828	27	845	169	0,7,8,14,22	10	7,13,14,15,22,23,24	2
1	0	828	27	845	169	0,7,8,14,22	10	8,13,14,15,22,23,24	1
1	0	828	27	845	169	0,7,8,14,22	10	8,13,14,15,22,23,24	2
1	0	828	27	845	169	0,7,8,14,22	20	1,7,8,13,14,15,22	2
1	0	828	27	845	169	0,7,8,14,22	20	1,7,8,13,14,22,23	2
1	0	828	27	845	169	0,7,8,14,22	20	1,7,8,13,15,22,24	2
1	0	828	27	845	169	0,7,8,14,22	20	1,7,8,13,22,23,24	2
1	0	828	27	845	169	0,7,8,14,22	20	7,8,13,14,15,22,23	1
1	0	828	27	845	169	0,7,8,14,22	20	7,8,13,14,15,22,23	2
1	0	828	27	845	169	0,7,8,14,22	20	7,8,13,14,15,22,24	1
1	0	828	27	845	169	0,7,8,14,22	20	7,8,13,14,15,22,24	2
1	0	828	27	845	169	0,7,8,14,22	20	7,8,13,14,15,23,24	1
1	0	828	27	845	169	0,7,8,14,22	20	7,8,13,14,15,23,24	2
1	0	828	27	845	169	0,7,8,14,22	20	7,8,13,14,22,23,24	1
1	0	828	27	845	169	0,7,8,14,22	20	7,8,13,14,22,23,24	2
1	0	828	27	845	169	0,7,8,14,22	20	7,8,13,15,22,23,24	1
1	0	828	27	845	169	0,7,8,14,22	20	7,8,13,15,22,23,24	2
1	0	828	27	845	169	0,7,8,14,22	20	7,8,14,15,22,23,24	1
1	0	828	27	845	169	0,7,8,14,22	20	7,8,14,15,22,23,24	2
1	0	828	27	845	169	0,7,8,14,22	20	7,13,14,15,22,23,24	1
1	0	828	27	845	169	0,7,8,14,22	20	7,13,14,15,22,23,24	2
1	0	828	27	845	169	0,7,8,14,22	20	8,13,14,15,22,23,24	1
1	0	828	27	845	169	0,7,8,14,22	20	8,13,14,15,22,23,24	2
1	0	828	27	845	170	0,7,8,14,22	10	7,8,13,14,15,22,23	1
1	0	828	27	845	170	0,7,8,14,22	10	7,8,13,14,15,22,23	2
1	0	828	27	845	170	0,7,8,14,22	10	7,8,13,14,15,22,24	1
1	0	828	27	845	170	0,7,8,14,22	10	7,8,13,14,15,22,24	2
1	0	828	27	845	170	0,7,8,14,22	10	7,8,13,14,15,23,24	1
1	0	828	27	845	170	0,7,8,14,22	10	7,8,13,14,15,23,24	2
1	0	828	27	845	170	0,7,8,14,22	10	7,8,13,14,22,23,24	1
1	0	828	27	845	170	0,7,8,14,22	10	7,8,13,14,22,23,24	2
1	0	828	27	845	170	0,7,8,14,22	10	7,8,13,15,22,23,24	1
1	0	828	27	845	170	0,7,8,14,22	10	7,8,13,15,22,23,24	2
1	0	828	27	845	170	0,7,8,14,22	10	7,8,14,15,22,23,24	1
1	0	828	27	845	170	0,7,8,14,22	10	7,8,14,15,22,23,24	2
1	0	828	27	845	170	0,7,8,14,22	10	7,13,14,15,22,23,24	1
1	0	828	27	845	170	0,7,8,14,22	10	7,13,14,15,22,23,24	2
1	0	828	27	845	170	0,7,8,14,22	10	8,13,14,15,22,23,24	1
1	0	828	27	845	170	0,7,8,14,22	10	8,13,14,15,22,23,24	2
1	0	828	27	845	170	0,7,8,14,22	20	7,8,13,14,15,22,23	1
1	0	828	27	845	170	0,7,8,14,22	20	7,8,13,14,15,22,23	2
1	0	828	27	845	170	0,7,8,14,22	20	7,8,13,14,15,22,24	1
1	0	828	27	845	170	0,7,8,14,22	20	7,8,13,14,15,22,24	2
1	0	828	27	845	170	0,7,8,14,22	20	7,8,13,14,15,23,24	1
1	0	828	27	845	170	0,7,8,14,22	20	7,8,13,14,15,23,24	2
1	0	828	27	845	170	0,7,8,14,22	20	7,8,13,14,22,23,24	1
1	0	828	27	845	170	0,7,8,14,22	20	7,8,13,14,22,23,24	2
1	0	828	27	845	170	0,7,8,14,22	20	7,8,13,15,22,23,24	1
1	0	828	27	845	170	0,7,8,14,22	20	7,8,13,15,22,23,24	2
1	0	828	27	845	170	0,7,8,14,22	20	7,8,14,15,22,23,24	1
1	0	828	27	845	170	0,7,8,14,22	20	7,8,14,15,22,23,24	2
1	0	828	27	845	170	0,7,8,14,22	20	7,13,14,15,22,23,24	1
1	0	828	27	845	170	0,7,8,14,22	20	7,13,14,15,22,23,24	2
1	0	828	27	845	170	0,7,8,14,22	20	8,13,14,15,22,23,24	1
1	0	828	27	845	170	0,7,8,14,22	20	8,13,14,15,22,23,24	2
1	0	828	27	845	171	0,7,8,14,22	10	2,7,8,13,14,15,23	1
1	0	828	27	845	171	0,7,8,14,22	10	2,7,8,13,14,22,23	1
1	0	828	27	845	171	0,7,8,14,22	10	2,7,8,14,15,23,24	1
1	0	828	27	845	171	0,7,8,14,22	10	2,7,8,14,22,23,24	1
1	0	828	27	845	171	0,7,8,14,22	10	7,8,13,14,15,22,23	1
1	0	828	27	845	171	0,7,8,14,22	10	7,8,13,14,15,22,23	2
1	0	828	27	845	171	0,7,8,14,22	10	7,8,13,14,15,22,24	1
1	0	828	27	845	171	0,7,8,14,22	10	7,8,13,14,15,22,24	2
1	0	828	27	845	171	0,7,8,14,22	10	7,8,13,14,15,23,24	1
1	0	828	27	845	171	0,7,8,14,22	10	7,8,13,14,15,23,24	2
1	0	828	27	845	171	0,7,8,14,22	10	7,8,13,14,22,23,24	1
1	0	828	27	845	171	0,7,8,14,22	10	7,8,13,14,22,23,24	2
1	0	828	27	845	171	0,7,8,14,22	10	7,8,13,15,22,23,24	1
1	0	828	27	845	171	0,7,8,14,22	10	7,8,13,15,22,23,24	2
1	0	828	27	845	171	0,7,8,14,22	10	7,8,14,15,22,23,24	1
1	0	828	27	845	171	0,7,8,14,22	10	7,8,14,15,22,23,24	2
1	0	828	27	845	171	0,7,8,14,22	10	7,13,14,15,22,23,24	1
1	0	828	27	845	171	0,7,8,14,22	10	7,13,14,15,22,23,24	2
1	0	828	27	845	171	0,7,8,14,22	10	8,13,14,15,22,23,24	1
1	0	828	27	845	171	0,7,8,14,22	10	8,13,14,15,22,23,24	2
1	0	828	27	845	171	0,7,8,14,22	20	7,8,10,13,14,23,24	1
1	0	828	27	845	171	0,7,8,14,22	20	7,8,10,13,15,23,24	1
1	0	828	27	845	171	0,7,8,14,22	20	7,8,13,14,15,22,23	1
1	0	828	27	845	171	0,7,8,14,22	20	7,8,13,14,15,22,23	2
1	0	828	27	845	171	0,7,8,14,22	20	7,8,13,14,15,22,24	1
1	0	828	27	845	171	0,7,8,14,22	20	7,8,13,14,15,22,24	2
1	0	828	27	845	171	0,7,8,14,22	20	7,8,13,14,15,23,24	1
1	0	828	27	845	171	0,7,8,14,22	20	7,8,13,14,15,23,24	2
1	0	828	27	845	171	0,7,8,14,22	20	7,8,13,14,22,23,24	1
1	0	828	27	845	171	0,7,8,14,22	20	7,8,13,14,22,23,24	2
1	0	828	27	845	171	0,7,8,14,22	20	7,8,13,15,22,23,24	1
1	0	828	27	845	171	0,7,8,14,22	20	7,8,13,15,22,23,24	2
1	0	828	27	845	171	0,7,8,14,22	20	7,8,14,15,22,23,24	1
1	0	828	27	845	171	0,7,8,14,22	20	7,8,14,15,22,23,24	2
1	0	828	27	845	171	0,7,8,14,22	20	7,13,14,15,22,23,24	1
1	0	828	27	845	171	0,7,8,14,22	20	7,13,14,15,22,23,24	2
1	0	828	27	845	171	0,7,8,14,22	20	8,10,13,14,22,23,24	1
1	0	828	27	845	171	0,7,8,14,22	20	8,10,13,15,22,23,24	1
1	0	828	27	845	171	0,7,8,14,22	20	8,13,14,15,22,23,24	1
1	0	828	27	845	171	0,7,8,14,22	20	8,13,14,15,22,23,24	2
1	0	828	27	845	172	0,7,8,14,22	10	7,8,13,14,15,22,23	1
1	0	828	27	845	172	0,7,8,14,22	10	7,8,13,14,15,22,23	2
1	0	828	27	845	172	0,7,8,14,22	10	7,8,13,14,15,22,24	1
1	0	828	27	845	172	0,7,8,14,22	10	7,8,13,14,15,22,24	2
1	0	828	27	845	172	0,7,8,14,22	10	7,8,13,14,15,23,24	1
1	0	828	27	845	172	0,7,8,14,22	10	7,8,13,14,15,23,24	2
1	0	828	27	845	172	0,7,8,14,22	10	7,8,13,14,22,23,24	1
1	0	828	27	845	172	0,7,8,14,22	10	7,8,13,14,22,23,24	2
1	0	828	27	845	172	0,7,8,14,22	10	7,8,13,15,22,23,24	1
1	0	828	27	845	172	0,7,8,14,22	10	7,8,13,15,22,23,24	2
1	0	828	27	845	172	0,7,8,14,22	10	7,8,14,15,22,23,24	1
1	0	828	27	845	172	0,7,8,14,22	10	7,8,14,15,22,23,24	2
1	0	828	27	845	172	0,7,8,14,22	10	7,13,14,15,22,23,24	1
1	0	828	27	845	172	0,7,8,14,22	10	7,13,14,15,22,23,24	2
1	0	828	27	845	172	0,7,8,14,22	10	8,13,14,15,22,23,24	1
1	0	828	27	845	172	0,7,8,14,22	10	8,13,14,15,22,23,24	2
1	0	828	27	845	172	0,7,8,14,22	20	7,8,13,14,15,22,23	1
1	0	828	27	845	172	0,7,8,14,22	20	7,8,13,14,15,22,23	2
1	0	828	27	845	172	0,7,8,14,22	20	7,8,13,14,15,22,24	1
1	0	828	27	845	172	0,7,8,14,22	20	7,8,13,14,15,22,24	2
1	0	828	27	845	172	0,7,8,14,22	20	7,8,13,14,15,23,24	1
1	0	828	27	845	172	0,7,8,14,22	20	7,8,13,14,15,23,24	2
1	0	828	27	845	172	0,7,8,14,22	20	7,8,13,14,22,23,24	1
1	0	828	27	845	172	0,7,8,14,22	20	7,8,13,14,22,23,24	2
1	0	828	27	845	172	0,7,8,14,22	20	7,8,13,15,22,23,24	1
1	0	828	27	845	172	0,7,8,14,22	20	7,8,13,15,22,23,24	2
1	0	828	27	845	172	0,7,8,14,22	20	7,8,14,15,22,23,24	1
1	0	828	27	845	172	0,7,8,14,22	20	7,8,14,15,22,23,24	2
1	0	828	27	845	172	0,7,8,14,22	20	7,13,14,15,22,23,24	1
1	0	828	27	845	172	0,7,8,14,22	20	7,13,14,15,22,23,24	2
1	0	828	27	845	172	0,7,8,14,22	20	8,13,14,15,22,23,24	1
1	0	828	27	845	172	0,7,8,14,22	20	8,13,14,15,22,23,24	2
1	0	828	27	845	173	0,7,8,14,22	10	7,8,13,14,15,22,23	1
1	0	828	27	845	173	0,7,8,14,22	10	7,8,13,14,15,22,23	2
1	0	828	27	845	173	0,7,8,14,22	10	7,8,13,14,15,22,24	1
1	0	828	27	845	173	0,7,8,14,22	10	7,8,13,14,15,22,24	2
1	0	828	27	845	173	0,7,8,14,22	10	7,8,13,14,15,23,24	1
1	0	828	27	845	173	0,7,8,14,22	10	7,8,13,14,15,23,24	2
1	0	828	27	845	173	0,7,8,14,22	10	7,8,13,14,22,23,24	1
1	0	828	27	845	173	0,7,8,14,22	10	7,8,13,14,22,23,24	2
1	0	828	27	845	173	0,7,8,14,22	10	7,8,13,15,22,23,24	1
1	0	828	27	845	173	0,7,8,14,22	10	7,8,13,15,22,23,24	2
1	0	828	27	845	173	0,7,8,14,22	10	7,8,14,15,22,23,24	1
1	0	828	27	845	173	0,7,8,14,22	10	7,8,14,15,22,23,24	2
1	0	828	27	845	173	0,7,8,14,22	10	7,13,14,15,22,23,24	1
1	0	828	27	845	173	0,7,8,14,22	10	7,13,14,15,22,23,24	2
1	0	828	27	845	173	0,7,8,14,22	10	8,13,14,15,22,23,24	1
1	0	828	27	845	173	0,7,8,14,22	10	8,13,14,15,22,23,24	2
1	0	828	27	845	173	0,7,8,14,22	20	7,8,13,14,15,22,23	1
1	0	828	27	845	173	0,7,8,14,22	20	7,8,13,14,15,22,23	2
1	0	828	27	845	173	0,7,8,14,22	20	7,8,13,14,15,22,24	1
1	0	828	27	845	173	0,7,8,14,22	20	7,8,13,14,15,22,24	2
1	0	828	27	845	173	0,7,8,14,22	20	7,8,13,14,15,23,24	1
1	0	828	27	845	173	0,7,8,14,22	20	7,8,13,14,15,23,24	2
1	0	828	27	845	173	0,7,8,14,22	20	7,8,13,14,22,23,24	1
1	0	828	27	845	173	0,7,8,14,22	20	7,8,13,14,22,23,24	2
1	0	828	27	845	173	0,7,8,14,22	20	7,8,13,15,22,23,24	1
1	0	828	27	845	173	0,7,8,14,22	20	7,8,13,15,22,23,24	2
1	0	828	27	845	173	0,7,8,14,22	20	7,8,14,15,22,23,24	1
1	0	828	27	845	173	0,7,8,14,22	20	7,8,14,15,22,23,24	2
1	0	828	27	845	173	0,7,8,14,22	20	7,13,14,15,22,23,24	1
1	0	828	27	845	173	0,7,8,14,22	20	7,13,14,15,22,23,24	2
1	0	828	27	845	173	0,7,8,14,22	20	8,13,14,15,22,23,24	1
1	0	828	27	845	173	0,7,8,14,22	20	8,13,14,15,22,23,24	2
2	0	828	27	845	169	0,7,8,14,22	10	7,8,13,14,15,22,23	1
2	0	828	27	845	169	0,7,8,14,22	10	7,8,13,14,15,22,23	2
2	0	828	27	845	169	0,7,8,14,22	10	7,8,13,14,15,22,24	1
2	0	828	27	845	169	0,7,8,14,22	10	7,8,13,14,15,22,24	2
2	0	828	27	845	169	0,7,8,14,22	10	7,8,13,14,15,23,24	1
2	0	828	27	845	169	0,7,8,14,22	10	7,8,13,14,15,23,24	2
2	0	828	27	845	169	0,7,8,14,22	10	7,8,13,14,22,23,24	1
2	0	828	27	845	169	0,7,8,14,22	10	7,8,13,14,22,23,24	2
2	0	828	27	845	169	0,7,8,14,22	10	7,8,13,15,20,22,23	2
2	0	828	27	845	169	0,7,8,14,22	10	7,8,13,15,20,23,24	2
2	0	828	27	845	169	0,7,8,14,22	10	7,8,13,15,22,23,24	1
2	0	828	27	845	169	0,7,8,14,22	10	7,8,13,15,22,23,24	2
2	0	828	27	845	169	0,7,8,14,22	10	7,8,14,15,22,23,24	1
2	0	828	27	845	169	0,7,8,14,22	10	7,8,14,15,22,23,24	2
2	0	828	27	845	169	0,7,8,14,22	10	7,13,14,15,20,22,23	2
2	0	828	27	845	169	0,7,8,14,22	10	7,13,14,15,20,23,24	2
2	0	828	27	845	169	0,7,8,14,22	10	7,13,14,15,22,23,24	1
2	0	828	27	845	169	0,7,8,14,22	10	7,13,14,15,22,23,24	2
2	0	828	27	845	169	0,7,8,14,22	10	8,13,14,15,22,23,24	1
2	0	828	27	845	169	0,7,8,14,22	10	8,13,14,15,22,23,24	2
2	0	828	27	845	169	0,7,8,14,22	20	1,7,8,13,14,15,22	2
2	0	828	27	845	169	0,7,8,14,22	20	1,7,8,13,14,22,23	2
2	0	828	27	845	169	0,7,8,14,22	20	1,7,8,13,15,22,24	2
2	0	828	27	845	169	0,7,8,14,22	20	1,7,8,13,22,23,24	2
2	0	828	27	845	169	0,7,8,14,22	20	7,8,13,14,15,22,23	1
2	0	828	27	845	169	0,7,8,14,22	20	7,8,13,14,15,22,23	2
2	0	828	27	845	169	0,7,8,14,22	20	7,8,13,14,15,22,24	1
2	0	828	27	845	169	0,7,8,14,22	20	7,8,13,14,15,22,24	2
2	0	828	27	845	169	0,7,8,14,22	20	7,8,13,14,15,23,24	1
2	0	828	27	845	169	0,7,8,14,22	20	7,8,13,14,15,23,24	2
2	0	828	27	845	169	0,7,8,14,22	20	7,8,13,14,22,23,24	1
2	0	828	27	845	169	0,7,8,14,22	20	7,8,13,14,22,23,24	2
2	0	828	27	845	169	0,7,8,14,22	20	7,8,13,15,22,23,24	1
2	0	828	27	845	169	0,7,8,14,22	20	7,8,13,15,22,23,24	2
2	0	828	27	845	169	0,7,8,14,22	20	7,8,14,15,22,23,24	1
2	0	828	27	845	169	0,7,8,14,22	20	7,8,14,15,22,23,24	2
2	0	828	27	845	169	0,7,8,14,22	20	7,13,14,15,22,23,24	1
2	0	828	27	845	169	0,7,8,14,22	20	7,13,14,15,22,23,24	2
2	0	828	27	845	169	0,7,8,14,22	20	8,13,14,15,22,23,24	1
2	0	828	27	845	169	0,7,8,14,22	20	8,13,14,15,22,23,24	2
2	0	828	27	845	170	0,7,8,14,22	10	7,8,13,14,15,22,23	1
2	0	828	27	845	170	0,7,8,14,22	10	7,8,13,14,15,22,23	2
2	0	828	27	845	170	0,7,8,14,22	10	7,8,13,14,15,22,24	1
2	0	828	27	845	170	0,7,8,14,22	10	7,8,13,14,15,22,24	2
2	0	828	27	845	170	0,7,8,14,22	10	7,8,13,14,15,23,24	1
2	0	828	27	845	170	0,7,8,14,22	10	7,8,13,14,15,23,24	2
2	0	828	27	845	170	0,7,8,14,22	10	7,8,13,14,22,23,24	1
2	0	828	27	845	170	0,7,8,14,22	10	7,8,13,14,22,23,24	2
2	0	828	27	845	170	0,7,8,14,22	10	7,8,13,15,22,23,24	1
2	0	828	27	845	170	0,7,8,14,22	10	7,8,13,15,22,23,24	2
2	0	828	27	845	170	0,7,8,14,22	10	7,8,14,15,22,23,24	1
2	0	828	27	845	170	0,7,8,14,22	10	7,8,14,15,22,23,24	2
2	0	828	27	845	170	0,7,8,14,22	10	7,13,14,15,22,23,24	1
2	0	828	27	845	170	0,7,8,14,22	10	7,13,14,15,22,23,24	2
2	0	828	27	845	170	0,7,8,14,22	10	8,13,14,15,22,23,24	1
2	0	828	27	845	170	0,7,8,14,22	10	8,13,14,15,22,23,24	2
2	0	828	27	845	170	0,7,8,14,22	20	7,8,13,14,15,22,23	1
2	0	828	27	845	170	0,7,8,14,22	20	7,8,13,14,15,22,23	2
2	0	828	27	845	170	0,7,8,14,22	20	7,8,13,14,15,22,24	1
2	0	828	27	845	170	0,7,8,14,22	20	7,8,13,14,15,22,24	2
2	0	828	27	845	170	0,7,8,14,22	20	7,8,13,14,15,23,24	1
2	0	828	27	845	170	0,7,8,14,22	20	7,8,13,14,15,23,24	2
2	0	828	27	845	170	0,7,8,14,22	20	7,8,13,14,22,23,24	1
2	0	828	27	845	170	0,7,8,14,22	20	7,8,13,14,22,23,24	2
2	0	828	27	845	170	0,7,8,14,22	20	7,8,13,15,22,23,24	1
2	0	828	27	845	170	0,7,8,14,22	20	7,8,13,15,22,23,24	2
2	0	828	27	845	170	0,7,8,14,22	20	7,8,14,15,22,23,24	1
2	0	828	27	845	170	0,7,8,14,22	20	7,8,14,15,22,23,24	2
2	0	828	27	845	170	0,7,8,14,22	20	7,13,14,15,22,23,24	1
2	0	828	27	845	170	0,7,8,14,22	20	7,13,14,15,22,23,24	2
2	0	828	27	845	170	0,7,8,14,22	20	8,13,14,15,22,23,24	1
2	0	828	27	845	170	0,7,8,14,22	20	8,13,14,15,22,23,24	2
2	0	828	27	845	171	0,7,8,14,22	10	2,7,8,13,14,15,23	1
2	0	828	27	845	171	0,7,8,14,22	10	2,7,8,13,14,22,23	1
2	0	828	27	845	171	0,7,8,14,22	10	2,7,8,14,15,23,24	1
2	0	828	27	845	171	0,7,8,14,22	10	2,7,8,14,22,23,24	1
2	0	828	27	845	171	0,7,8,14,22	10	7,8,13,14,15,22,23	1
2	0	828	27	845	171	0,7,8,14,22	10	7,8,13,14,15,22,23	2
2	0	828	27	845	171	0,7,8,14,22	10	7,8,13,14,15,22,24	1
2	0	828	27	845	171	0,7,8,14,22	10	7,8,13,14,15,22,24	2
2	0	828	27	845	171	0,7,8,14,22	10	7,8,13,14,15,23,24	1
2	0	828	27	845	171	0,7,8,14,22	10	7,8,13,14,15,23,24	2
2	0	828	27	845	171	0,7,8,14,22	10	7,8,13,14,22,23,24	1
2	0	828	27	845	171	0,7,8,14,22	10	7,8,13,14,22,23,24	2
2	0	828	27	845	171	0,7,8,14,22	10	7,8,13,15,22,23,24	1
2	0	828	27	845	171	0,7,8,14,22	10	7,8,13,15,22,23,24	2
2	0	828	27	845	171	0,7,8,14,22	10	7,8,14,15,22,23,24	1
2	0	828	27	845	171	0,7,8,14,22	10	7,8,14,15,22,23,24	2
2	0	828	27	845	171	0,7,8,14,22	10	7,13,14,15,22,23,24	1
2	0	828	27	845	171	0,7,8,14,22	10	7,13,14,15,22,23,24	2
2	0	828	27	845	171	0,7,8,14,22	10	8,13,14,15,22,23,24	1
2	0	828	27	845	171	0,7,8,14,22	10	8,13,14,15,22,23,24	2
2	0	828	27	845	171	0,7,8,14,22	20	7,8,10,13,14,23,24	1
2	0	828	27	845	171	0,7,8,14,22	20	7,8,10,13,15,23,24	1
2	0	828	27	845	171	0,7,8,14,22	20	7,8,13,14,15,22,23	1
2	0	828	27	845	171	0,7,8,14,22	20	7,8,13,14,15,22,23	2
2	0	828	27	845	171	0,7,8,14,22	20	7,8,13,14,15,22,24	1
2	0	828	27	845	171	0,7,8,14,22	20	7,8,13,14,15,22,24	2
2	0	828	27	845	171	0,7,8,14,22	20	7,8,13,14,15,23,24	1
2	0	828	27	845	171	0,7,8,14,22	20	7,8,13,14,15,23,24	2
2	0	828	27	845	171	0,7,8,14,22	20	7,8,13,14,22,23,24	1
2	0	828	27	845	171	0,7,8,14,22	20	7,8,13,14,22,23,24	2
2	0	828	27	845	171	0,7,8,14,22	20	7,8,13,15,22,23,24	1
2	0	828	27	845	171	0,7,8,14,22	20	7,8,13,15,22,23,24	2
2	0	828	27	845	171	0,7,8,14,22	20	7,8,14,15,22,23,24	1
2	0	828	27	845	171	0,7,8,14,22	20	7,8,14,15,22,23,24	2
2	0	828	27	845	171	0,7,8,14,22	20	7,13,14,15,22,23,24	1
2	0	828	27	845	171	0,7,8,14,22	20	7,13,14,15,22,23,24	2
2	0	828	27	845	171	0,7,8,14,22	20	8,10,13,14,22,23,24	1
2	0	828	27	845	171	0,7,8,14,22	20	8,10,13,15,22,23,24	1
2	0	828	27	845	171	0,7,8,14,22	20	8,13,14,15,22,23,24	1
2	0	828	27	845	171	0,7,8,14,22	20	8,13,14,15,22,23,24	2
2	0	828	27	845	172	0,7,8,14,22	10	7,8,13,14,15,22,23	1
2	0	828	27	845	172	0,7,8,14,22	10	7,8,13,14,15,22,23	2
2	0	828	27	845	172	0,7,8,14,22	10	7,8,13,14,15,22,24	1
2	0	828	27	845	172	0,7,8,14,22	10	7,8,13,14,15,22,24	2
2	0	828	27	845	172	0,7,8,14,22	10	7,8,13,14,15,23,24	1
2	0	828	27	845	172	0,7,8,14,22	10	7,8,13,14,15,23,24	2
2	0	828	27	845	172	0,7,8,14,22	10	7,8,13,14,22,23,24	1
2	0	828	27	845	172	0,7,8,14,22	10	7,8,13,14,22,23,24	2
2	0	828	27	845	172	0,7,8,14,22	10	7,8,13,15,22,23,24	1
2	0	828	27	845	172	0,7,8,14,22	10	7,8,13,15,22,23,24	2
2	0	828	27	845	172	0,7,8,14,22	10	7,8,14,15,22,23,24	1
2	0	828	27	845	172	0,7,8,14,22	10	7,8,14,15,22,23,24	2
2	0	828	27	845	172	0,7,8,14,22	10	7,13,14,15,22,23,24	1
2	0	828	27	845	172	0,7,8,14,22	10	7,13,14,15,22,23,24	2
2	0	828	27	845	172	0,7,8,14,22	10	8,13,14,15,22,23,24	1
2	0	828	27	845	172	0,7,8,14,22	10	8,13,14,15,22,23,24	2
2	0	828	27	845	172	0,7,8,14,22	20	7,8,13,14,15,22,23	1
2	0	828	27	845	172	0,7,8,14,22	20	7,8,13,14,15,22,23	2
2	0	828	27	845	172	0,7,8,14,22	20	7,8,13,14,15,22,24	1
2	0	828	27	845	172	0,7,8,14,22	20	7,8,13,14,15,22,24	2
2	0	828	27	845	172	0,7,8,14,22	20	7,8,13,14,15,23,24	1
2	0	828	27	845	172	0,7,8,14,22	20	7,8,13,14,15,23,24	2
2	0	828	27	845	172	0,7,8,14,22	20	7,8,13,14,22,23,24	1
2	0	828	27	845	172	0,7,8,14,22	20	7,8,13,14,22,23,24	2
2	0	828	27	845	172	0,7,8,14,22	20	7,8,13,15,22,23,24	1
2	0	828	27	845	172	0,7,8,14,22	20	7,8,13,15,22,23,24	2
2	0	828	27	845	172	0,7,8,14,22	20	7,8,14,15,22,23,24	1
2	0	828	27	845	172	0,7,8,14,22	20	7,8,14,15,22,23,24	2
2	0	828	27	845	172	0,7,8,14,22	20	7,13,14,15,22,23,24	1
2	0	828	27	845	172	0,7,8,14,22	20	7,13,14,15,22,23,24	2
2	0	828	27	845	172	0,7,8,14,22	20	8,13,14,15,22,23,24	1
2	0	828	27	845	172	0,7,8,14,22	20	8,13,14,15,22,23,24	2
2	0	828	27	845	173	0,7,8,14,22	10	7,8,13,14,15,22,23	1
2	0	828	27	845	173	0,7,8,14,22	10	7,8,13,14,15,22,23	2
2	0	828	27	845	173	0,7,8,14,22	10	7,8,13,14,15,22,24	1
2	0	828	27	845	173	0,7,8,14,22	10	7,8,13,14,15,22,24	2
2	0	828	27	845	173	0,7,8,14,22	10	7,8,13,14,15,23,24	1
2	0	828	27	845	173	0,7,8,14,22	10	7,8,13,14,15,23,24	2
2	0	828	27	845	173	0,7,8,14,22	10	7,8,13,14,22,23,24	1
2	0	828	27	845	173	0,7,8,14,22	10	7,8,13,14,22,23,24	2
2	0	828	27	845	173	0,7,8,14,22	10	7,8,13,15,22,23,24	1
2	0	828	27	845	173	0,7,8,14,22	10	7,8,13,15,22,23,24	2
2	0	828	27	845	173	0,7,8,14,22	10	7,8,14,15,22,23,24	1
2	0	828	27	845	173	0,7,8,14,22	10	7,8,14,15,22,23,24	2
2	0	828	27	845	173	0,7,8,14,22	10	7,13,14,15,22,23,24	1
2	0	828	27	845	173	0,7,8,14,22	10	7,13,14,15,22,23,24	2
2	0	828	27	845	173	0,7,8,14,22	10	8,13,14,15,22,23,24	1
2	0	828	27	845	173	0,7,8,14,22	10	8,13,14,15,22,23,24	2
2	0	828	27	845	173	0,7,8,14,22	20	7,8,13,14,15,22,23	1
2	0	828	27	845	173	0,7,8,14,22	20	7,8,13,14,15,22,23	2
2	0	828	27	845	173	0,7,8,14,22	20	7,8,13,14,15,22,24	1
2	0	828	27	845	173	0,7,8,14,22	20	7,8,13,14,15,22,24	2
2	0	828	27	845	173	0,7,8,14,22	20	7,8,13,14,15,23,24	1
2	0	828	27	845	173	0,7,8,14,22	20	7,8,13,14,15,23,24	2
2	0	828	27	845	173	0,7,8,14,22	20	7,8,13,14,22,23,24	1
2	0	828	27	845	173	0,7,8,14,22	20	7,8,13,14,22,23,24	2
2	0	828	27	845	173	0,7,8,14,22	20	7,8,13,15,22,23,24	1
2	0	828	27	845	173	0,7,8,14,22	20	7,8,13,15,22,23,24	2
2	0	828	27	845	173	0,7,8,14,22	20	7,8,14,15,22,23,24	1
2	0	828	27	845	173	0,7,8,14,22	20	7,8,14,15,22,23,24	2
2	0	828	27	845	173	0,7,8,14,22	20	7,13,14,15,22,23,24	1
2	0	828	27	845	173	0,7,8,14,22	20	7,13,14,15,22,23,24	2
2	0	828	27	845	173	0,7,8,14,22	20	8,13,14,15,22,23,24	1
2	0	828	27	845	173	0,7,8,14,22	20	8,13,14,15,22,23,24	2
3	0	828	27	845	169	0,7,8,14,22	10	7,8,13,14,15,22,23	1
3	0	828	27	845	169	0,7,8,14,22	10	7,8,13,14,15,22,23	2
3	0	828	27	845	169	0,7,8,14,22	10	7,8,13,14,15,22,24	1
3	0	828	27	845	169	0,7,8,14,22	10	7,8,13,14,15,22,24	2
3	0	828	27	845	169	0,7,8,14,22	10	7,8,13,14,15,23,24	1
3	0	828	27	845	169	0,7,8,14,22	10	7,8,13,14,15,23,24	2
3	0	828	27	845	169	0,7,8,14,22	10	7,8,13,14,22,23,24	1
3	0	828	27	845	169	0,7,8,14,22	10	7,8,13,14,22,23,24	2
3	0	828	27	845	169	0,7,8,14,22	10	7,8,13,15,20,22,23	2
3	0	828	27	845	169	0,7,8,14,22	10	7,8,13,15,20,23,24	2
3	0	828	27	845	169	0,7,8,14,22	10	7,8,13,15,22,23,24	1
3	0	828	27	845	169	0,7,8,14,22	10	7,8,13,15,22,23,24	2
3	0	828	27	845	169	0,7,8,14,22	10	7,8,14,15,22,23,24	1
3	0	828	27	845	169	0,7,8,14,22	10	7,8,14,15,22,23,24	2
3	0	828	27	845	169	0,7,8,14,22	10	7,13,14,15,20,22,23	2
3	0	828	27	845	169	0,7,8,14,22	10	7,13,14,15,20,23,24	2
3	0	828	27	845	169	0,7,8,14,22	10	7,13,14,15,22,23,24	1
3	0	828	27	845	169	0,7,8,14,22	10	7,13,14,15,22,23,24	2
3	0	828	27	845	169	0,7,8,14,22	10	8,13,14,15,22,23,24	1
3	0	828	27	845	169	0,7,8,14,22	10	8,13,14,15,22,23,24	2
3	0	828	27	845	169	0,7,8,14,22	20	1,7,8,13,14,15,22	2
3	0	828	27	845	169	0,7,8,14,22	20	1,7,8,13,14,22,23	2
3	0	828	27	845	169	0,7,8,14,22	20	1,7,8,13,15,22,24	2
3	0	828	27	845	169	0,7,8,14,22	20	1,7,8,13,22,23,24	2
3	0	828	27	845	169	0,7,8,14,22	20	7,8,13,14,15,22,23	1
3	0	828	27	845	169	0,7,8,14,22	20	7,8,13,14,15,22,23	2
3	0	828	27	845	169	0,7,8,14,22	20	7,8,13,14,15,22,24	1
3	0	828	27	845	169	0,7,8,14,22	20	7,8,13,14,15,22,24	2
3	0	828	27	845	169	0,7,8,14,22	20	7,8,13,14,15,23,24	1
3	0	828	27	845	169	0,7,8,14,22	20	7,8,13,14,15,23,24	2
3	0	828	27	845	169	0,7,8,14,22	20	7,8,13,14,22,23,24	1
3	0	828	27	845	169	0,7,8,14,22	20	7,8,13,14,22,23,24	2
3	0	828	27	845	169	0,7,8,14,22	20	7,8,13,15,22,23,24	1
3	0	828	27	845	169	0,7,8,14,22	20	7,8,13,15,22,23,24	2
3	0	828	27	845	169	0,7,8,14,22	20	7,8,14,15,22,23,24	1
3	0	828	27	845	169	0,7,8,14,22	20	7,8,14,15,22,23,24	2
3	0	828	27	845	169	0,7,8,14,22	20	7,13,14,15,22,23,24	1
3	0	828	27	845	169	0,7,8,14,22	20	7,13,14,15,22,23,24	2
3	0	828	27	845	169	0,7,8,14,22	20	8,13,14,15,22,23,24	1
3	0	828	27	845	169	0,7,8,14,22	20	8,13,14,15,22,23,24	2
3	0	828	27	845	170	0,7,8,14,22	10	7,8,13,14,15,22,23	1
3	0	828	27	845	170	0,7,8,14,22	10	7,8,13,14,15,22,23	2
3	0	828	27	845	170	0,7,8,14,22	10	7,8,13,14,15,22,24	1
3	0	828	27	845	170	0,7,8,14,22	10	7,8,13,14,15,22,24	2
3	0	828	27	845	170	0,7,8,14,22	10	7,8,13,14,15,23,24	1
3	0	828	27	845	170	0,7,8,14,22	10	7,8,13,14,15,23,24	2
3	0	828	27	845	170	0,7,8,14,22	10	7,8,13,14,22,23,24	1
3	0	828	27	845	170	0,7,8,14,22	10	7,8,13,14,22,23,24	2
3	0	828	27	845	170	0,7,8,14,22	10	7,8,13,15,22,23,24	1
3	0	828	27	845	170	0,7,8,14,22	10	7,8,13,15,22,23,24	2
3	0	828	27	845	170	0,7,8,14,22	10	7,8,14,15,22,23,24	1
3	0	828	27	845	170	0,7,8,14,22	10	7,8,14,15,22,23,24	2
3	0	828	27	845	170	0,7,8,14,22	10	7,13,14,15,22,23,24	1
3	0	828	27	845	170	0,7,8,14,22	10	7,13,14,15,22,23,24	2
3	0	828	27	845	170	0,7,8,14,22	10	8,13,14,15,22,23,24	1
3	0	828	27	845	170	0,7,8,14,22	10	8,13,14,15,22,23,24	2
3	0	828	27	845	170	0,7,8,14,22	20	7,8,13,14,15,22,23	1
3	0	828	27	845	170	0,7,8,14,22	20	7,8,13,14,15,22,23	2
3	0	828	27	845	170	0,7,8,14,22	20	7,8,13,14,15,22,24	1
3	0	828	27	845	170	0,7,8,14,22	20	7,8,13,14,15,22,24	2
3	0	828	27	845	170	0,7,8,14,22	20	7,8,13,14,15,23,24	1
3	0	828	27	845	170	0,7,8,14,22	20	7,8,13,14,15,23,24	2
3	0	828	27	845	170	0,7,8,14,22	20	7,8,13,14,22,23,24	1
3	0	828	27	845	170	0,7,8,14,22	20	7,8,13,14,22,23,24	2
3	0	828	27	845	170	0,7,8,14,22	20	7,8,13,15,22,23,24	1
3	0	828	27	845	170	0,7,8,14,22	20	7,8,13,15,22,23,24	2
3	0	828	27	845	170	0,7,8,14,22	20	7,8,14,15,22,23,24	1
3	0	828	27	845	170	0,7,8,14,22	20	7,8,14,15,22,23,24	2
3	0	828	27	845	170	0,7,8,14,22	20	7,13,14,15,22,23,24	1
3	0	828	27	845	170	0,7,8,14,22	20	7,13,14,15,22,23,24	2
3	0	828	27	845	170	0,7,8,14,22	20	8,13,14,15,22,23,24	1
3	0	828	27	845	170	0,7,8,14,22	20	8,13,14,15,22,23,24	2
3	0	828	27	845	171	0,7,8,14,22	10	2,7,8,13,14,15,23	1
3	0	828	27	845	171	0,7,8,14,22	10	2,7,8,13,14,22,23	1
3	0	828	27	845	171	0,7,8,14,22	10	2,7,8,14,15,23,24	1
3	0	828	27	845	171	0,7,8,14,22	10	2,7,8,14,22,23,24	1
3	0	828	27	845	171	0,7,8,14,22	10	7,8,13,14,15,22,23	1
3	0	828	27	845	171	0,7,8,14,22	10	7,8,13,14,15,22,23	2
3	0	828	27	845	171	0,7,8,14,22	10	7,8,13,14,15,22,24	1
3	0	828	27	845	171	0,7,8,14,22	10	7,8,13,14,15,22,24	2
3	0	828	27	845	171	0,7,8,14,22	10	7,8,13,14,15,23,24	1
3	0	828	27	845	171	0,7,8,14,22	10	7,8,13,14,15,23,24	2
3	0	828	27	845	171	0,7,8,14,22	10	7,8,13,14,22,23,24	1
3	0	828	27	845	171	0,7,8,14,22	10	7,8,13,14,22,23,24	2
3	0	828	27	845	171	0,7,8,14,22	10	7,8,13,15,22,23,24	1
3	0	828	27	845	171	0,7,8,14,22	10	7,8,13,15,22,23,24	2
3	0	828	27	845	171	0,7,8,14,22	10	7,8,14,15,22,23,24	1
3	0	828	27	845	171	0,7,8,14,22	10	7,8,14,15,22,23,24	2
3	0	828	27	845	171	0,7,8,14,22	10	7,13,14,15,22,23,24	1
3	0	828	27	845	171	0,7,8,14,22	10	7,13,14,15,22,23,24	2
3	0	828	27	845	171	0,7,8,14,22	10	8,13,14,15,22,23,24	1
3	0	828	27	845	171	0,7,8,14,22	10	8,13,14,15,22,23,24	2
3	0	828	27	845	171	0,7,8,14,22	20	7,8,10,13,14,23,24	1
3	0	828	27	845	171	0,7,8,14,22	20	7,8,10,13,15,23,24	1
3	0	828	27	845	171	0,7,8,14,22	20	7,8,13,14,15,22,23	1
3	0	828	27	845	171	0,7,8,14,22	20	7,8,13,14,15,22,23	2
3	0	828	27	845	171	0,7,8,14,22	20	7,8,13,14,15,22,24	1
3	0	828	27	845	171	0,7,8,14,22	20	7,8,13,14,15,22,24	2
3	0	828	27	845	171	0,7,8,14,22	20	7,8,13,14,15,23,24	1
3	0	828	27	845	171	0,7,8,14,22	20	7,8,13,14,15,23,24	2
3	0	828	27	845	171	0,7,8,14,22	20	7,8,13,14,22,23,24	1
3	0	828	27	845	171	0,7,8,14,22	20	7,8,13,14,22,23,24	2
3	0	828	27	845	171	0,7,8,14,22	20	7,8,13,15,22,23,24	1
3	0	828	27	845	171	0,7,8,14,22	20	7,8,13,15,22,23,24	2
3	0	828	27	845	171	0,7,8,14,22	20	7,8,14,15,22,23,24	1
3	0	828	27	845	171	0,7,8,14,22	20	7,8,14,15,22,23,24	2
3	0	828	27	845	171	0,7,8,14,22	20	7,13,14,15,22,23,24	1
3	0	828	27	845	171	0,7,8,14,22	20	7,13,14,15,22,23,24	2
3	0	828	27	845	171	0,7,8,14,22	20	8,10,13,14,22,23,24	1
3	0	828	27	845	171	0,7,8,14,22	20	8,10,13,15,22,23,24	1
3	0	828	27	845	171	0,7,8,14,22	20	8,13,14,15,22,23,24	1
3	0	828	27	845	171	0,7,8,14,22	20	8,13,14,15,22,23,24	2
3	0	828	27	845	172	0,7,8,14,22	10	7,8,13,14,15,22,23	1
3	0	828	27	845	172	0,7,8,14,22	10	7,8,13,14,15,22,23	2
3	0	828	27	845	172	0,7,8,14,22	10	7,8,13,14,15,22,24	1
3	0	828	27	845	172	0,7,8,14,22	10	7,8,13,14,15,22,24	2
3	0	828	27	845	172	0,7,8,14,22	10	7,8,13,14,15,23,24	1
3	0	828	27	845	172	0,7,8,14,22	10	7,8,13,14,15,23,24	2
3	0	828	27	845	172	0,7,8,14,22	10	7,8,13,14,22,23,24	1
3	0	828	27	845	172	0,7,8,14,22	10	7,8,13,14,22,23,24	2
3	0	828	27	845	172	0,7,8,14,22	10	7,8,13,15,22,23,24	1
3	0	828	27	845	172	0,7,8,14,22	10	7,8,13,15,22,23,24	2
3	0	828	27	845	172	0,7,8,14,22	10	7,8,14,15,22,23,24	1
3	0	828	27	845	172	0,7,8,14,22	10	7,8,14,15,22,23,24	2
3	0	828	27	845	172	0,7,8,14,22	10	7,13,14,15,22,23,24	1
3	0	828	27	845	172	0,7,8,14,22	10	7,13,14,15,22,23,24	2
3	0	828	27	845	172	0,7,8,14,22	10	8,13,14,15,22,23,24	1
3	0	828	27	845	172	0,7,8,14,22	10	8,13,14,15,22,23,24	2
3	0	828	27	845	172	0,7,8,14,22	20	7,8,13,14,15,22,23	1
3	0	828	27	845	172	0,7,8,14,22	20	7,8,13,14,15,22,23	2
3	0	828	27	845	172	0,7,8,14,22	20	7,8,13,14,15,22,24	1
3	0	828	27	845	172	0,7,8,14,22	20	7,8,13,14,15,22,24	2
3	0	828	27	845	172	0,7,8,14,22	20	7,8,13,14,15,23,24	1
3	0	828	27	845	172	0,7,8,14,22	20	7,8,13,14,15,23,24	2
3	0	828	27	845	172	0,7,8,14,22	20	7,8,13,14,22,23,24	1
3	0	828	27	845	172	0,7,8,14,22	20	7,8,13,14,22,23,24	2
3	0	828	27	845	172	0,7,8,14,22	20	7,8,13,15,22,23,24	1
3	0	828	27	845	172	0,7,8,14,22	20	7,8,13,15,22,23,24	2
3	0	828	27	845	172	0,7,8,14,22	20	7,8,14,15,22,23,24	1
3	0	828	27	845	172	0,7,8,14,22	20	7,8,14,15,22,23,24	2
3	0	828	27	845	172	0,7,8,14,22	20	7,13,14,15,22,23,24	1
3	0	828	27	845	172	0,7,8,14,22	20	7,13,14,15,22,23,24	2
3	0	828	27	845	172	0,7,8,14,22	20	8,13,14,15,22,23,24	1
3	0	828	27	845	172	0,7,8,14,22	20	8,13,14,15,22,23,24	2
3	0	828	27	845	173	0,7,8,14,22	10	7,8,13,14,15,22,23	1
3	0	828	27	845	173	0,7,8,14,22	10	7,8,13,14,15,22,23	2
3	0	828	27	845	173	0,7,8,14,22	10	7,8,13,14,15,22,24	1
3	0	828	27	845	173	0,7,8,14,22	10	7,8,13,14,15,22,24	2
3	0	828	27	845	173	0,7,8,14,22	10	7,8,13,14,15,23,24	1
3	0	828	27	845	173	0,7,8,14,22	10	7,8,13,14,15,23,24	2
3	0	828	27	845	173	0,7,8,14,22	10	7,8,13,14,22,23,24	1
3	0	828	27	845	173	0,7,8,14,22	10	7,8,13,14,22,23,24	2
3	0	828	27	845	173	0,7,8,14,22	10	7,8,13,15,22,23,24	1
3	0	828	27	845	173	0,7,8,14,22	10	7,8,13,15,22,23,24	2
3	0	828	27	845	173	0,7,8,14,22	10	7,8,14,15,22,23,24	1
3	0	828	27	845	173	0,7,8,14,22	10	7,8,14,15,22,23,24	2
3	0	828	27	845	173	0,7,8,14,22	10	7,13,14,15,22,23,24	1
3	0	828	27	845	173	0,7,8,14,22	10	7,13,14,15,22,23,24	2
3	0	828	27	845	173	0,7,8,14,22	10	8,13,14,15,22,23,24	1
3	0	828	27	845	173	0,7,8,14,22	10	8,13,14,15,22,23,24	2
3	0	828	27	845	173	0,7,8,14,22	20	7,8,13,14,15,22,23	1
3	0	828	27	845	173	0,7,8,14,22	20	7,8,13,14,15,22,23	2
3	0	828	27	845	173	0,7,8,14,22	20	7,8,13,14,15,22,24	1
3	0	828	27	845	173	0,7,8,14,22	20	7,8,13,14,15,22,24	2
3	0	828	27	845	173	0,7,8,14,22	20	7,8,13,14,15,23,24	1
3	0	828	27	845	173	0,7,8,14,22	20	7,8,13,14,15,23,24	2
3	0	828	27	845	173	0,7,8,14,22	20	7,8,13,14,22,23,24	1
3	0	828	27	845	173	0,7,8,14,22	20	7,8,13,14,22,23,24	2
3	0	828	27	845	173	0,7,8,14,22	20	7,8,13,15,22,23,24	1
3	0	828	27	845	173	0,7,8,14,22	20	7,8,13,15,22,23,24	2
3	0	828	27	845	173	0,7,8,14,22	20	7,8,14,15,22,23,24	1
3	0	828	27	845	173	0,7,8,14,22	20	7,8,14,15,22,23,24	2
3	0	828	27	845	173	0,7,8,14,22	20	7,13,14,15,22,23,24	1
3	0	828	27	845	173	0,7,8,14,22	20	7,13,14,15,22,23,24	2
3	0	828	27	845	173	0,7,8,14,22	20	8,13,14,15,22,23,24	1
3	0	828	27	845	173	0,7,8,14,22	20	8,13,14,15,22,23,24	2
Cap configurations: 1348

3-flat point count: 8,2,8;4,5,7;5,0,2
Excluded point counts: 1,1,1
1	0	828	12	845	169	0,4,5,16,26		1,2,4,5,9,15,18	1,2
1	0	828	12	845	169	0,4,5,16,26		1,2,4,5,9,15,24	1,2
1	0	828	12	845	169	0,4,5,16,26		1,2,4,5,9,18,24	1,2
1	0	828	12	845	169	0,4,5,16,26		1,2,4,5,15,18,24	1,2
1	0	828	12	845	169	0,4,5,16,26		1,2,4,9,15,18,24	1,2
1	0	828	12	845	169	0,4,5,16,26		1,2,5,9,15,18,24	1,2
1	0	828	12	845	169	0,4,5,16,26		1,4,5,9,15,18,24	1,2
1	0	828	12	845	169	0,4,5,16,26		2,4,5,9,15,18,24	1,2
1	0	828	12	845	170	0,4,5,16,26		1,2,4,5,9,15,18	1,2
1	0	828	12	845	170	0,4,5,16,26		1,2,4,5,9,15,24	1,2
1	0	828	12	845	170	0,4,5,16,26		1,2,4,5,9,18,24	1,2
1	0	828	12	845	170	0,4,5,16,26		1,2,4,5,15,18,24	1,2
1	0	828	12	845	170	0,4,5,16,26		1,2,4,9,15,18,24	1,2
1	0	828	12	845	170	0,4,5,16,26		1,2,5,9,15,18,24	1,2
1	0	828	12	845	170	0,4,5,16,26		1,4,5,9,15,18,24	1,2
1	0	828	12	845	170	0,4,5,16,26		2,4,5,9,15,18,24	1,2
1	0	828	12	845	171	0,4,5,16,26		1,2,4,5,9,15,18	1,2
1	0	828	12	845	171	0,4,5,16,26		1,2,4,5,9,15,24	1,2
1	0	828	12	845	171	0,4,5,16,26		1,2,4,5,9,18,24	1,2
1	0	828	12	845	171	0,4,5,16,26		1,2,4,5,15,18,24	1,2
1	0	828	12	845	171	0,4,5,16,26		1,2,4,9,15,18,24	1,2
1	0	828	12	845	171	0,4,5,16,26		1,2,5,9,15,18,24	1,2
1	0	828	12	845	171	0,4,5,16,26		1,4,5,9,15,18,24	1,2
1	0	828	12	845	171	0,4,5,16,26		2,4,5,9,15,18,24	1,2
1	0	828	12	845	172	0,4,5,16,26		1,2,4,5,9,15,18	1,2
1	0	828	12	845	172	0,4,5,16,26		1,2,4,5,9,15,24	1,2
1	0	828	12	845	172	0,4,5,16,26		1,2,4,5,9,18,24	1,2
1	0	828	12	845	172	0,4,5,16,26		1,2,4,5,15,18,24	1,2
1	0	828	12	845	172	0,4,5,16,26		1,2,4,9,15,18,24	1,2
1	0	828	12	845	172	0,4,5,16,26		1,2,5,9,15,18,24	1,2
1	0	828	12	845	172	0,4,5,16,26		1,4,5,9,15,18,24	1,2
1	0	828	12	845	172	0,4,5,16,26		2,4,5,9,15,18,24	1,2
1	0	828	12	845	173	0,4,5,16,26		1,2,4,5,9,15,18	1,2
1	0	828	12	845	173	0,4,5,16,26		1,2,4,5,9,15,24	1,2
1	0	828	12	845	173	0,4,5,16,26		1,2,4,5,9,18,24	1,2
1	0	828	12	845	173	0,4,5,16,26		1,2,4,5,15,18,24	1,2
1	0	828	12	845	173	0,4,5,16,26		1,2,4,9,15,18,24	1,2
1	0	828	12	845	173	0,4,5,16,26		1,2,5,9,15,18,24	1,2
1	0	828	12	845	173	0,4,5,16,26		1,4,5,9,15,18,24	1,2
1	0	828	12	845	173	0,4,5,16,26		2,4,5,9,15,18,24	1,2
1	1	828	12	845	169	0,4,5,16,26		1,2,4,5,9,15,18	1,2
1	1	828	12	845	169	0,4,5,16,26		1,2,4,5,9,15,24	1,2
1	1	828	12	845	169	0,4,5,16,26		1,2,4,5,9,18,24	1,2
1	1	828	12	845	169	0,4,5,16,26		1,2,4,5,15,18,24	1,2
1	1	828	12	845	169	0,4,5,16,26		1,2,4,9,15,18,24	1,2
1	1	828	12	845	169	0,4,5,16,26		1,2,5,9,15,18,24	1,2
1	1	828	12	845	169	0,4,5,16,26		1,4,5,9,15,18,24	1,2
1	1	828	12	845	169	0,4,5,16,26		2,4,5,9,15,18,24	1,2
1	1	828	12	845	170	0,4,5,16,26		1,2,4,5,9,15,18	1,2
1	1	828	12	845	170	0,4,5,16,26		1,2,4,5,9,15,24	1,2
1	1	828	12	845	170	0,4,5,16,26		1,2,4,5,9,18,24	1,2
1	1	828	12	845	170	0,4,5,16,26		1,2,4,5,15,18,24	1,2
1	1	828	12	845	170	0,4,5,16,26		1,2,4,9,15,18,24	1,2
1	1	828	12	845	170	0,4,5,16,26		1,2,5,9,15,18,24	1,2
1	1	828	12	845	170	0,4,5,16,26		1,4,5,9,15,18,24	1,2
1	1	828	12	845	170	0,4,5,16,26		2,4,5,9,15,18,24	1,2
1	1	828	12	845	171	0,4,5,16,26		1,2,4,5,9,15,18	1,2
1	1	828	12	845	171	0,4,5,16,26		1,2,4,5,9,15,24	1,2
1	1	828	12	845	171	0,4,5,16,26		1,2,4,5,9,18,24	1,2
1	1	828	12	845	171	0,4,5,16,26		1,2,4,5,15,18,24	1,2
1	1	828	12	845	171	0,4,5,16,26		1,2,4,9,15,18,24	1,2
1	1	828	12	845	171	0,4,5,16,26		1,2,5,9,15,18,24	1,2
1	1	828	12	845	171	0,4,5,16,26		1,4,5,9,15,18,24	1,2
1	1	828	12	845	171	0,4,5,16,26		2,4,5,9,15,18,24	1,2
1	1	828	12	845	172	0,4,5,16,26		1,2,4,5,9,15,18	1,2
1	1	828	12	845	172	0,4,5,16,26		1,2,4,5,9,15,24	1,2
1	1	828	12	845	172	0,4,5,16,26		1,2,4,5,9,18,24	1,2
1	1	828	12	845	172	0,4,5,16,26		1,2,4,5,15,18,24	1,2
1	1	828	12	845	172	0,4,5,16,26		1,2,4,9,15,18,24	1,2
1	1	828	12	845	172	0,4,5,16,26		1,2,5,9,15,18,24	1,2
1	1	828	12	845	172	0,4,5,16,26		1,4,5,9,15,18,24	1,2
1	1	828	12	845	172	0,4,5,16,26		2,4,5,9,15,18,24	1,2
1	1	828	12	845	173	0,4,5,16,26		1,2,4,5,9,15,18	1,2
1	1	828	12	845	173	0,4,5,16,26		1,2,4,5,9,15,24	1,2
1	1	828	12	845	173	0,4,5,16,26		1,2,4,5,9,18,24	1,2
1	1	828	12	845	173	0,4,5,16,26		1,2,4,5,15,18,24	1,2
1	1	828	12	845	173	0,4,5,16,26		1,2,4,9,15,18,24	1,2
1	1	828	12	845	173	0,4,5,16,26		1,2,5,9,15,18,24	1,2
1	1	828	12	845	173	0,4,5,16,26		1,4,5,9,15,18,24	1,2
1	1	828	12	845	173	0,4,5,16,26		2,4,5,9,15,18,24	1,2
3	0	828	12	845	169	0,4,5,16,26		1,2,4,5,9,15,18	1,2
3	0	828	12	845	169	0,4,5,16,26		1,2,4,5,9,15,24	1,2
3	0	828	12	845	169	0,4,5,16,26		1,2,4,5,9,18,24	1,2
3	0	828	12	845	169	0,4,5,16,26		1,2,4,5,15,18,24	1,2
3	0	828	12	845	169	0,4,5,16,26		1,2,4,9,15,18,24	1,2
3	0	828	12	845	169	0,4,5,16,26		1,2,5,9,15,18,24	1,2
3	0	828	12	845	169	0,4,5,16,26		1,4,5,9,15,18,24	1,2
3	0	828	12	845	169	0,4,5,16,26		2,4,5,9,15,18,24	1,2
3	0	828	12	845	170	0,4,5,16,26		1,2,4,5,9,15,18	1,2
3	0	828	12	845	170	0,4,5,16,26		1,2,4,5,9,15,24	1,2
3	0	828	12	845	170	0,4,5,16,26		1,2,4,5,9,18,24	1,2
3	0	828	12	845	170	0,4,5,16,26		1,2,4,5,15,18,24	1,2
3	0	828	12	845	170	0,4,5,16,26		1,2,4,9,15,18,24	1,2
3	0	828	12	845	170	0,4,5,16,26		1,2,5,9,15,18,24	1,2
3	0	828	12	845	170	0,4,5,16,26		1,4,5,9,15,18,24	1,2
3	0	828	12	845	170	0,4,5,16,26		2,4,5,9,15,18,24	1,2
3	0	828	12	845	171	0,4,5,16,26		1,2,4,5,9,15,18	1,2
3	0	828	12	845	171	0,4,5,16,26		1,2,4,5,9,15,24	1,2
3	0	828	12	845	171	0,4,5,16,26		1,2,4,5,9,18,24	1,2
3	0	828	12	845	171	0,4,5,16,26		1,2,4,5,15,18,24	1,2
3	0	828	12	845	171	0,4,5,16,26		1,2,4,9,15,18,24	1,2
3	0	828	12	845	171	0,4,5,16,26		1,2,5,9,15,18,24	1,2
3	0	828	12	845	171	0,4,5,16,26		1,4,5,9,15,18,24	1,2
3	0	828	12	845	171	0,4,5,16,26		2,4,5,9,15,18,24	1,2
3	0	828	12	845	172	0,4,5,16,26		1,2,4,5,9,15,18	1,2
3	0	828	12	845	172	0,4,5,16,26		1,2,4,5,9,15,24	1,2
3	0	828	12	845	172	0,4,5,16,26		1,2,4,5,9,18,24	1,2
3	0	828	12	845	172	0,4,5,16,26		1,2,4,5,15,18,24	1,2
3	0	828	12	845	172	0,4,5,16,26		1,2,4,9,15,18,24	1,2
3	0	828	12	845	172	0,4,5,16,26		1,2,5,9,15,18,24	1,2
3	0	828	12	845	172	0,4,5,16,26		1,4,5,9,15,18,24	1,2
3	0	828	12	845	172	0,4,5,16,26		2,4,5,9,15,18,24	1,2
3	0	828	12	845	173	0,4,5,16,26		1,2,4,5,9,15,18	1,2
3	0	828	12	845	173	0,4,5,16,26		1,2,4,5,9,15,24	1,2
3	0	828	12	845	173	0,4,5,16,26		1,2,4,5,9,18,24	1,2
3	0	828	12	845	173	0,4,5,16,26		1,2,4,5,15,18,24	1,2
3	0	828	12	845	173	0,4,5,16,26		1,2,4,9,15,18,24	1,2
3	0	828	12	845	173	0,4,5,16,26		1,2,5,9,15,18,24	1,2
3	0	828	12	845	173	0,4,5,16,26		1,4,5,9,15,18,24	1,2
3	0	828	12	845	173	0,4,5,16,26		2,4,5,9,15,18,24	1,2
3	1	828	12	845	169	0,4,5,16,26		1,2,4,5,9,15,18	1,2
3	1	828	12	845	169	0,4,5,16,26		1,2,4,5,9,15,24	1,2
3	1	828	12	845	169	0,4,5,16,26		1,2,4,5,9,18,24	1,2
3	1	828	12	845	169	0,4,5,16,26		1,2,4,5,15,18,24	1,2
3	1	828	12	845	169	0,4,5,16,26		1,2,4,9,15,18,24	1,2
3	1	828	12	845	169	0,4,5,16,26		1,2,5,9,15,18,24	1,2
3	1	828	12	845	169	0,4,5,16,26		1,4,5,9,15,18,24	1,2
3	1	828	12	845	169	0,4,5,16,26		2,4,5,9,15,18,24	1,2
3	1	828	12	845	170	0,4,5,16,26		1,2,4,5,9,15,18	1,2
3	1	828	12	845	170	0,4,5,16,26		1,2,4,5,9,15,24	1,2
3	1	828	12	845	170	0,4,5,16,26		1,2,4,5,9,18,24	1,2
3	1	828	12	845	170	0,4,5,16,26		1,2,4,5,15,18,24	1,2
3	1	828	12	845	170	0,4,5,16,26		1,2,4,9,15,18,24	1,2
3	1	828	12	845	170	0,4,5,16,26		1,2,5,9,15,18,24	1,2
3	1	828	12	845	170	0,4,5,16,26		1,4,5,9,15,18,24	1,2
3	1	828	12	845	170	0,4,5,16,26		2,4,5,9,15,18,24	1,2
3	1	828	12	845	171	0,4,5,16,26		1,2,4,5,9,15,18	1,2
3	1	828	12	845	171	0,4,5,16,26		1,2,4,5,9,15,24	1,2
3	1	828	12	845	171	0,4,5,16,26		1,2,4,5,9,18,24	1,2
3	1	828	12	845	171	0,4,5,16,26		1,2,4,5,15,18,24	1,2
3	1	828	12	845	171	0,4,5,16,26		1,2,4,9,15,18,24	1,2
3	1	828	12	845	171	0,4,5,16,26		1,2,5,9,15,18,24	1,2
3	1	828	12	845	171	0,4,5,16,26		1,4,5,9,15,18,24	1,2
3	1	828	12	845	171	0,4,5,16,26		2,4,5,9,15,18,24	1,2
3	1	828	12	845	172	0,4,5,16,26		1,2,4,5,9,15,18	1,2
3	1	828	12	845	172	0,4,5,16,26		1,2,4,5,9,15,24	1,2
3	1	828	12	845	172	0,4,5,16,26		1,2,4,5,9,18,24	1,2
3	1	828	12	845	172	0,4,5,16,26		1,2,4,5,15,18,24	1,2
3	1	828	12	845	172	0,4,5,16,26		1,2,4,9,15,18,24	1,2
3	1	828	12	845	172	0,4,5,16,26		1,2,5,9,15,18,24	1,2
3	1	828	12	845	172	0,4,5,16,26		1,4,5,9,15,18,24	1,2
3	1	828	12	845	172	0,4,5,16,26		2,4,5,9,15,18,24	1,2
3	1	828	12	845	173	0,4,5,16,26		1,2,4,5,9,15,18	1,2
3	1	828	12	845	173	0,4,5,16,26		1,2,4,5,9,15,24	1,2
3	1	828	12	845	173	0,4,5,16,26		1,2,4,5,9,18,24	1,2
3	1	828	12	845	173	0,4,5,16,26		1,2,4,5,15,18,24	1,2
3	1	828	12	845	173	0,4,5,16,26		1,2,4,9,15,18,24	1,2
3	1	828	12	845	173	0,4,5,16,26		1,2,5,9,15,18,24	1,2
3	1	828	12	845	173	0,4,5,16,26		1,4,5,9,15,18,24	1,2
3	1	828	12	845	173	0,4,5,16,26		2,4,5,9,15,18,24	1,2
0	0	828	27	845	169	0,7,8,14,22		7,8,13,14,15,22,23	1,2
0	0	828	27	845	169	0,7,8,14,22		7,8,13,14,15,22,24	1,2
0	0	828	27	845	169	0,7,8,14,22		7,8,13,14,15,23,24	1,2
0	0	828	27	845	169	0,7,8,14,22		7,8,13,14,22,23,24	1,2
0	0	828	27	845	169	0,7,8,14,22		7,8,13,15,22,23,24	1,2
0	0	828	27	845	169	0,7,8,14,22		7,8,14,15,22,23,24	1,2
0	0	828	27	845	169	0,7,8,14,22		7,13,14,15,22,23,24	1,2
0	0	828	27	845	169	0,7,8,14,22		8,13,14,15,22,23,24	1,2
0	0	828	27	845	170	0,7,8,14,22		7,8,13,14,15,22,23	1,2
0	0	828	27	845	170	0,7,8,14,22		7,8,13,14,15,22,24	1,2
0	0	828	27	845	170	0,7,8,14,22		7,8,13,14,15,23,24	1,2
0	0	828	27	845	170	0,7,8,14,22		7,8,13,14,22,23,24	1,2
0	0	828	27	845	170	0,7,8,14,22		7,8,13,15,22,23,24	1,2
0	0	828	27	845	170	0,7,8,14,22		7,8,14,15,22,23,24	1,2
0	0	828	27	845	170	0,7,8,14,22		7,13,14,15,22,23,24	1,2
0	0	828	27	845	170	0,7,8,14,22		8,13,14,15,22,23,24	1,2
0	0	828	27	845	171	0,7,8,14,22		7,8,13,14,15,22,23	1,2
0	0	828	27	845	171	0,7,8,14,22		7,8,13,14,15,22,24	1,2
0	0	828	27	845	171	0,7,8,14,22		7,8,13,14,15,23,24	1,2
0	0	828	27	845	171	0,7,8,14,22		7,8,13,14,22,23,24	1,2
0	0	828	27	845	171	0,7,8,14,22		7,8,13,15,22,23,24	1,2
0	0	828	27	845	171	0,7,8,14,22		7,8,14,15,22,23,24	1,2
0	0	828	27	845	171	0,7,8,14,22		7,13,14,15,22,23,24	1,2
0	0	828	27	845	171	0,7,8,14,22		8,13,14,15,22,23,24	1,2
0	0	828	27	845	172	0,7,8,14,22		7,8,13,14,15,22,23	1,2
0	0	828	27	845	172	0,7,8,14,22		7,8,13,14,15,22,24	1,2
0	0	828	27	845	172	0,7,8,14,22		7,8,13,14,15,23,24	1,2
0	0	828	27	845	172	0,7,8,14,22		7,8,13,14,22,23,24	1,2
0	0	828	27	845	172	0,7,8,14,22		7,8,13,15,22,23,24	1,2
0	0	828	27	845	172	0,7,8,14,22		7,8,14,15,22,23,24	1,2
0	0	828	27	845	172	0,7,8,14,22		7,13,14,15,22,23,24	1,2
0	0	828	27	845	172	0,7,8,14,22		8,13,14,15,22,23,24	1,2
0	0	828	27	845	173	0,7,8,14,22		7,8,13,14,15,22,23	1,2
0	0	828	27	845	173	0,7,8,14,22		7,8,13,14,15,22,24	1,2
0	0	828	27	845	173	0,7,8,14,22		7,8,13,14,15,23,24	1,2
0	0	828	27	845	173	0,7,8,14,22		7,8,13,14,22,23,24	1,2
0	0	828	27	845	173	0,7,8,14,22		7,8,13,15,22,23,24	1,2
0	0	828	27	845	173	0,7,8,14,22		7,8,14,15,22,23,24	1,2
0	0	828	27	845	173	0,7,8,14,22		7,13,14,15,22,23,24	1,2
0	0	828	27	845	173	0,7,8,14,22		8,13,14,15,22,23,24	1,2
1	0	828	27	845	169	0,7,8,14,22		7,8,13,14,15,22,23	1,2
1	0	828	27	845	169	0,7,8,14,22		7,8,13,14,15,22,24	1,2
1	0	828	27	845	169	0,7,8,14,22		7,8,13,14,15,23,24	1,2
1	0	828	27	845	169	0,7,8,14,22		7,8,13,14,22,23,24	1,2
1	0	828	27	845	169	0,7,8,14,22		7,8,13,15,22,23,24	1,2
1	0	828	27	845	169	0,7,8,14,22		7,8,14,15,22,23,24	1,2
1	0	828	27	845	169	0,7,8,14,22		7,13,14,15,22,23,24	1,2
1	0	828	27	845	169	0,7,8,14,22		8,13,14,15,22,23,24	1,2
1	0	828	27	845	170	0,7,8,14,22		7,8,13,14,15,22,23	1,2
1	0	828	27	845	170	0,7,8,14,22		7,8,13,14,15,22,24	1,2
1	0	828	27	845	170	0,7,8,14,22		7,8,13,14,15,23,24	1,2
1	0	828	27	845	170	0,7,8,14,22		7,8,13,14,22,23,24	1,2
1	0	828	27	845	170	0,7,8,14,22		7,8,13,15,22,23,24	1,2
1	0	828	27	845	170	0,7,8,14,22		7,8,14,15,22,23,24	1,2
1	0	828	27	845	170	0,7,8,14,22		7,13,14,15,22,23,24	1,2
1	0	828	27	845	170	0,7,8,14,22		8,13,14,15,22,23,24	1,2
1	0	828	27	845	171	0,7,8,14,22		7,8,13,14,15,22,23	1,2
1	0	828	27	845	171	0,7,8,14,22		7,8,13,14,15,22,24	1,2
1	0	828	27	845	171	0,7,8,14,22		7,8,13,14,15,23,24	1,2
1	0	828	27	845	171	0,7,8,14,22		7,8,13,14,22,23,24	1,2
1	0	828	27	845	171	0,7,8,14,22		7,8,13,15,22,23,24	1,2
1	0	828	27	845	171	0,7,8,14,22		7,8,14,15,22,23,24	1,2
1	0	828	27	845	171	0,7,8,14,22		7,13,14,15,22,23,24	1,2
1	0	828	27	845	171	0,7,8,14,22		8,13,14,15,22,23,24	1,2
1	0	828	27	845	172	0,7,8,14,22		7,8,13,14,15,22,23	1,2
1	0	828	27	845	172	0,7,8,14,22		7,8,13,14,15,22,24	1,2
1	0	828	27	845	172	0,7,8,14,22		7,8,13,14,15,23,24	1,2
1	0	828	27	845	172	0,7,8,14,22		7,8,13,14,22,23,24	1,2
1	0	828	27	845	172	0,7,8,14,22		7,8,13,15,22,23,24	1,2
1	0	828	27	845	172	0,7,8,14,22		7,8,14,15,22,23,24	1,2
1	0	828	27	845	172	0,7,8,14,22		7,13,14,15,22,23,24	1,2
1	0	828	27	845	172	0,7,8,14,22		8,13,14,15,22,23,24	1,2
1	0	828	27	845	173	0,7,8,14,22		7,8,13,14,15,22,23	1,2
1	0	828	27	845	173	0,7,8,14,22		7,8,13,14,15,22,24	1,2
1	0	828	27	845	173	0,7,8,14,22		7,8,13,14,15,23,24	1,2
1	0	828	27	845	173	0,7,8,14,22		7,8,13,14,22,23,24	1,2
1	0	828	27	845	173	0,7,8,14,22		7,8,13,15,22,23,24	1,2
1	0	828	27	845	173	0,7,8,14,22		7,8,14,15,22,23,24	1,2
1	0	828	27	845	173	0,7,8,14,22		7,13,14,15,22,23,24	1,2
1	0	828	27	845	173	0,7,8,14,22		8,13,14,15,22,23,24	1,2
2	0	828	27	845	169	0,7,8,14,22		7,8,13,14,15,22,23	1,2
2	0	828	27	845	169	0,7,8,14,22		7,8,13,14,15,22,24	1,2
2	0	828	27	845	169	0,7,8,14,22		7,8,13,14,15,23,24	1,2
2	0	828	27	845	169	0,7,8,14,22		7,8,13,14,22,23,24	1,2
2	0	828	27	845	169	0,7,8,14,22		7,8,13,15,22,23,24	1,2
2	0	828	27	845	169	0,7,8,14,22		7,8,14,15,22,23,24	1,2
2	0	828	27	845	169	0,7,8,14,22		7,13,14,15,22,23,24	1,2
2	0	828	27	845	169	0,7,8,14,22		8,13,14,15,22,23,24	1,2
2	0	828	27	845	170	0,7,8,14,22		7,8,13,14,15,22,23	1,2
2	0	828	27	845	170	0,7,8,14,22		7,8,13,14,15,22,24	1,2
2	0	828	27	845	170	0,7,8,14,22		7,8,13,14,15,23,24	1,2
2	0	828	27	845	170	0,7,8,14,22		7,8,13,14,22,23,24	1,2
2	0	828	27	845	170	0,7,8,14,22		7,8,13,15,22,23,24	1,2
2	0	828	27	845	170	0,7,8,14,22		7,8,14,15,22,23,24	1,2
2	0	828	27	845	170	0,7,8,14,22		7,13,14,15,22,23,24	1,2
2	0	828	27	845	170	0,7,8,14,22		8,13,14,15,22,23,24	1,2
2	0	828	27	845	171	0,7,8,14,22		7,8,13,14,15,22,23	1,2
2	0	828	27	845	171	0,7,8,14,22		7,8,13,14,15,22,24	1,2
2	0	828	27	845	171	0,7,8,14,22		7,8,13,14,15,23,24	1,2
2	0	828	27	845	171	0,7,8,14,22		7,8,13,14,22,23,24	1,2
2	0	828	27	845	171	0,7,8,14,22		7,8,13,15,22,23,24	1,2
2	0	828	27	845	171	0,7,8,14,22		7,8,14,15,22,23,24	1,2
2	0	828	27	845	171	0,7,8,14,22		7,13,14,15,22,23,24	1,2
2	0	828	27	845	171	0,7,8,14,22		8,13,14,15,22,23,24	1,2
2	0	828	27	845	172	0,7,8,14,22		7,8,13,14,15,22,23	1,2
2	0	828	27	845	172	0,7,8,14,22		7,8,13,14,15,22,24	1,2
2	0	828	27	845	172	0,7,8,14,22		7,8,13,14,15,23,24	1,2
2	0	828	27	845	172	0,7,8,14,22		7,8,13,14,22,23,24	1,2
2	0	828	27	845	172	0,7,8,14,22		7,8,13,15,22,23,24	1,2
2	0	828	27	845	172	0,7,8,14,22		7,8,14,15,22,23,24	1,2
2	0	828	27	845	172	0,7,8,14,22		7,13,14,15,22,23,24	1,2
2	0	828	27	845	172	0,7,8,14,22		8,13,14,15,22,23,24	1,2
2	0	828	27	845	173	0,7,8,14,22		7,8,13,14,15,22,23	1,2
2	0	828	27	845	173	0,7,8,14,22		7,8,13,14,15,22,24	1,2
2	0	828	27	845	173	0,7,8,14,22		7,8,13,14,15,23,24	1,2
2	0	828	27	845	173	0,7,8,14,22		7,8,13,14,22,23,24	1,2
2	0	828	27	845	173	0,7,8,14,22		7,8,13,15,22,23,24	1,2
2	0	828	27	845	173	0,7,8,14,22		7,8,14,15,22,23,24	1,2
2	0	828	27	845	173	0,7,8,14,22		7,13,14,15,22,23,24	1,2
2	0	828	27	845	173	0,7,8,14,22		8,13,14,15,22,23,24	1,2
3	0	828	27	845	169	0,7,8,14,22		7,8,13,14,15,22,23	1,2
3	0	828	27	845	169	0,7,8,14,22		7,8,13,14,15,22,24	1,2
3	0	828	27	845	169	0,7,8,14,22		7,8,13,14,15,23,24	1,2
3	0	828	27	845	169	0,7,8,14,22		7,8,13,14,22,23,24	1,2
3	0	828	27	845	169	0,7,8,14,22		7,8,13,15,22,23,24	1,2
3	0	828	27	845	169	0,7,8,14,22		7,8,14,15,22,23,24	1,2
3	0	828	27	845	169	0,7,8,14,22		7,13,14,15,22,23,24	1,2
3	0	828	27	845	169	0,7,8,14,22		8,13,14,15,22,23,24	1,2
3	0	828	27	845	170	0,7,8,14,22		7,8,13,14,15,22,23	1,2
3	0	828	27	845	170	0,7,8,14,22		7,8,13,14,15,22,24	1,2
3	0	828	27	845	170	0,7,8,14,22		7,8,13,14,15,23,24	1,2
3	0	828	27	845	170	0,7,8,14,22		7,8,13,14,22,23,24	1,2
3	0	828	27	845	170	0,7,8,14,22		7,8,13,15,22,23,24	1,2
3	0	828	27	845	170	0,7,8,14,22		7,8,14,15,22,23,24	1,2
3	0	828	27	845	170	0,7,8,14,22		7,13,14,15,22,23,24	1,2
3	0	828	27	845	170	0,7,8,14,22		8,13,14,15,22,23,24	1,2
3	0	828	27	845	171	0,7,8,14,22		7,8,13,14,15,22,23	1,2
3	0	828	27	845	171	0,7,8,14,22		7,8,13,14,15,22,24	1,2
3	0	828	27	845	171	0,7,8,14,22		7,8,13,14,15,23,24	1,2
3	0	828	27	845	171	0,7,8,14,22		7,8,13,14,22,23,24	1,2
3	0	828	27	845	171	0,7,8,14,22		7,8,13,15,22,23,24	1,2
3	0	828	27	845	171	0,7,8,14,22		7,8,14,15,22,23,24	1,2
3	0	828	27	845	171	0,7,8,14,22		7,13,14,15,22,23,24	1,2
3	0	828	27	845	171	0,7,8,14,22		8,13,14,15,22,23,24	1,2
3	0	828	27	845	172	0,7,8,14,22		7,8,13,14,15,22,23	1,2
3	0	828	27	845	172	0,7,8,14,22		7,8,13,14,15,22,24	1,2
3	0	828	27	845	172	0,7,8,14,22		7,8,13,14,15,23,24	1,2
3	0	828	27	845	172	0,7,8,14,22		7,8,13,14,22,23,24	1,2
3	0	828	27	845	172	0,7,8,14,22		7,8,13,15,22,23,24	1,2
3	0	828	27	845	172	0,7,8,14,22		7,8,14,15,22,23,24	1,2
3	0	828	27	845	172	0,7,8,14,22		7,13,14,15,22,23,24	1,2
3	0	828	27	845	172	0,7,8,14,22		8,13,14,15,22,23,24	1,2
3	0	828	27	845	173	0,7,8,14,22		7,8,13,14,15,22,23	1,2
3	0	828	27	845	173	0,7,8,14,22		7,8,13,14,15,22,24	1,2
3	0	828	27	845	173	0,7,8,14,22		7,8,13,14,15,23,24	1,2
3	0	828	27	845	173	0,7,8,14,22		7,8,13,14,22,23,24	1,2
3	0	828	27	845	173	0,7,8,14,22		7,8,13,15,22,23,24	1,2
3	0	828	27	845	173	0,7,8,14,22		7,8,14,15,22,23,24	1,2
3	0	828	27	845	173	0,7,8,14,22		7,13,14,15,22,23,24	1,2
3	0	828	27	845	173	0,7,8,14,22		8,13,14,15,22,23,24	1,2
Cap configurations: 320

3-flat point count: 8,2,8;3,0,4;7,4,5
Excluded point counts: 1,1,1
Cap configurations: 0

3-flat point count: 8,2,8;2,1,4;7,4,5
Excluded point counts: 5,18,18;6,17,18
0	0	828	12	827	80	15	3,7,8,11	4,5,6,10	3,9,17,18,25
0	0	828	12	827	80	15	3,7,8,19	4,5,6,20	3,9,17,18,25
0	0	828	12	827	80	15	3,7,8,19	4,5,10,20	3,9,17,18,25
0	0	828	12	827	80	15	3,7,8,19	5,6,10,20	3,9,17,18,25
0	0	828	12	827	80	15	3,8,11,19	4,5,6,10	3,9,17,18,25
0	0	828	12	827	80	15	3,8,11,19	5,6,10,20	3,9,17,18,25
0	0	828	12	827	80	15	7,8,11,19	4,5,6,10	3,9,17,18,25
0	0	828	12	827	80	15	7,8,11,19	4,5,10,20	3,9,17,18,25
0	0	828	12	827	80	24	3,7,8,19	4,5,10,20	3,9,17,18,25
0	0	828	12	827	80	24	3,7,8,19	4,6,10,20	3,9,17,18,25
0	0	828	12	827	80	24	3,7,8,19	5,6,10,20	3,9,17,18,25
0	0	828	12	827	80	24	3,7,11,19	4,5,6,10	3,9,17,18,25
0	0	828	12	827	80	24	3,7,11,19	4,6,10,20	3,9,17,18,25
0	0	828	12	827	80	24	3,8,11,19	4,5,6,10	3,9,17,18,25
0	0	828	12	827	80	24	3,8,11,19	4,5,10,20	3,9,17,18,25
0	0	828	12	827	80	24	3,8,11,19	5,6,10,20	3,9,17,18,25
0	0	828	12	827	80	24	7,8,11,19	4,5,6,10	3,9,17,18,25
0	0	828	12	827	80	24	7,8,11,19	4,5,10,20	3,9,17,18,25
0	0	828	12	827	80	24	7,8,11,19	5,6,10,20	3,9,17,18,25
0	0	828	12	827	155	4	6,9,14,18	3,9,16,26	4,5,6,11,19
0	0	828	12	827	155	4	6,14,18,22	3,9,16,18	4,5,6,11,19
0	0	828	12	827	155	4	6,14,18,22	3,9,18,26	4,5,6,11,19
0	0	828	12	827	155	4	6,14,18,22	3,16,18,26	4,5,6,11,19
0	0	828	12	827	155	4	9,14,18,22	3,9,16,26	4,5,6,11,19
0	0	828	12	827	155	5	6,9,14,18	3,9,16,26	4,5,6,11,19
0	0	828	12	827	155	5	6,9,14,22	3,9,16,26	4,5,6,11,19
0	0	828	12	827	155	5	6,9,18,22	3,9,16,26	4,5,6,11,19
0	0	828	12	827	155	5	6,14,18,22	3,9,18,26	4,5,6,11,19
0	0	828	12	827	155	5	6,14,18,22	9,16,18,26	4,5,6,11,19
0	1	828	12	827	80	15	3,7,8,11	4,5,6,10	3,9,17,18,25
0	1	828	12	827	80	15	3,7,8,19	4,5,6,20	3,9,17,18,25
0	1	828	12	827	80	15	3,7,8,19	4,5,10,20	3,9,17,18,25
0	1	828	12	827	80	15	3,7,8,19	5,6,10,20	3,9,17,18,25
0	1	828	12	827	80	15	3,8,11,19	4,5,6,10	3,9,17,18,25
0	1	828	12	827	80	15	3,8,11,19	5,6,10,20	3,9,17,18,25
0	1	828	12	827	80	15	7,8,11,19	4,5,6,10	3,9,17,18,25
0	1	828	12	827	80	15	7,8,11,19	4,5,10,20	3,9,17,18,25
0	1	828	12	827	80	24	3,7,8,19	4,5,10,20	3,9,17,18,25
0	1	828	12	827	80	24	3,7,8,19	4,6,10,20	3,9,17,18,25
0	1	828	12	827	80	24	3,7,8,19	5,6,10,20	3,9,17,18,25
0	1	828	12	827	80	24	3,7,11,19	4,5,6,10	3,9,17,18,25
0	1	828	12	827	80	24	3,7,11,19	4,6,10,20	3,9,17,18,25
0	1	828	12	827	80	24	3,8,11,19	4,5,6,10	3,9,17,18,25
0	1	828	12	827	80	24	3,8,11,19	4,5,10,20	3,9,17,18,25
0	1	828	12	827	80	24	3,8,11,19	5,6,10,20	3,9,17,18,25
0	1	828	12	827	80	24	7,8,11,19	4,5,6,10	3,9,17,18,25
0	1	828	12	827	80	24	7,8,11,19	4,5,10,20	3,9,17,18,25
0	1	828	12	827	80	24	7,8,11,19	5,6,10,20	3,9,17,18,25
0	1	828	12	827	155	4	6,9,14,18	3,9,16,26	4,5,6,11,19
0	1	828	12	827	155	4	6,14,18,22	3,9,16,18	4,5,6,11,19
0	1	828	12	827	155	4	6,14,18,22	3,9,18,26	4,5,6,11,19
0	1	828	12	827	155	4	6,14,18,22	3,16,18,26	4,5,6,11,19
0	1	828	12	827	155	4	9,14,18,22	3,9,16,26	4,5,6,11,19
0	1	828	12	827	155	5	6,9,14,18	3,9,16,26	4,5,6,11,19
0	1	828	12	827	155	5	6,9,14,22	3,9,16,26	4,5,6,11,19
0	1	828	12	827	155	5	6,9,18,22	3,9,16,26	4,5,6,11,19
0	1	828	12	827	155	5	6,14,18,22	3,9,18,26	4,5,6,11,19
0	1	828	12	827	155	5	6,14,18,22	9,16,18,26	4,5,6,11,19
1	0	828	12	827	80	7	3,9,16,18	6,9,14,18	3,7,8,10,20
1	0	828	12	827	80	7	3,9,16,26	6,9,14,22	3,7,8,10,20
1	0	828	12	827	80	7	3,9,18,26	6,9,14,22	3,7,8,10,20
1	0	828	12	827	80	7	3,9,18,26	9,14,18,22	3,7,8,10,20
1	0	828	12	827	80	7	9,16,18,26	6,9,14,18	3,7,8,10,20
1	0	828	12	827	80	7	9,16,18,26	6,14,18,22	3,7,8,10,20
1	0	828	12	827	80	8	3,9,16,26	9,14,18,22	3,7,8,10,20
1	0	828	12	827	80	8	3,9,18,26	6,9,18,22	3,7,8,10,20
1	0	828	12	827	80	8	3,9,18,26	9,14,18,22	3,7,8,10,20
1	0	828	12	827	80	8	3,16,18,26	6,9,14,18	3,7,8,10,20
1	0	828	12	827	80	8	3,16,18,26	6,14,18,22	3,7,8,10,20
1	0	828	12	827	80	8	9,16,18,26	6,9,14,18	3,7,8,10,20
1	0	828	12	827	155	12	4,5,6,20	3,7,11,19	6,9,13,18,23
1	0	828	12	827	155	12	4,5,10,20	7,8,11,19	6,9,13,18,23
1	0	828	12	827	155	12	4,6,10,20	3,7,8,11	6,9,13,18,23
1	0	828	12	827	155	12	4,6,10,20	3,7,11,19	6,9,13,18,23
1	0	828	12	827	155	12	4,6,10,20	3,8,11,19	6,9,13,18,23
1	0	828	12	827	155	12	5,6,10,20	3,7,11,19	6,9,13,18,23
1	0	828	12	827	155	12	5,6,10,20	3,8,11,19	6,9,13,18,23
1	0	828	12	827	155	21	4,5,6,20	3,7,11,19	6,9,13,18,23
1	0	828	12	827	155	21	4,5,10,20	7,8,11,19	6,9,13,18,23
1	0	828	12	827	155	21	4,6,10,20	3,7,8,11	6,9,13,18,23
1	0	828	12	827	155	21	4,6,10,20	3,7,11,19	6,9,13,18,23
1	0	828	12	827	155	21	4,6,10,20	3,8,11,19	6,9,13,18,23
1	0	828	12	827	155	21	5,6,10,20	3,7,11,19	6,9,13,18,23
1	0	828	12	827	155	21	5,6,10,20	3,8,11,19	6,9,13,18,23
1	1	828	12	827	80	7	3,9,16,18	6,9,14,18	3,7,8,10,20
1	1	828	12	827	80	7	3,9,16,26	6,9,14,22	3,7,8,10,20
1	1	828	12	827	80	7	3,9,18,26	6,9,14,22	3,7,8,10,20
1	1	828	12	827	80	7	3,9,18,26	9,14,18,22	3,7,8,10,20
1	1	828	12	827	80	7	9,16,18,26	6,9,14,18	3,7,8,10,20
1	1	828	12	827	80	7	9,16,18,26	6,14,18,22	3,7,8,10,20
1	1	828	12	827	80	8	3,9,16,26	9,14,18,22	3,7,8,10,20
1	1	828	12	827	80	8	3,9,18,26	6,9,18,22	3,7,8,10,20
1	1	828	12	827	80	8	3,9,18,26	9,14,18,22	3,7,8,10,20
1	1	828	12	827	80	8	3,16,18,26	6,9,14,18	3,7,8,10,20
1	1	828	12	827	80	8	3,16,18,26	6,14,18,22	3,7,8,10,20
1	1	828	12	827	80	8	9,16,18,26	6,9,14,18	3,7,8,10,20
1	1	828	12	827	155	12	4,5,6,20	3,7,11,19	6,9,13,18,23
1	1	828	12	827	155	12	4,5,10,20	7,8,11,19	6,9,13,18,23
1	1	828	12	827	155	12	4,6,10,20	3,7,8,11	6,9,13,18,23
1	1	828	12	827	155	12	4,6,10,20	3,7,11,19	6,9,13,18,23
1	1	828	12	827	155	12	4,6,10,20	3,8,11,19	6,9,13,18,23
1	1	828	12	827	155	12	5,6,10,20	3,7,11,19	6,9,13,18,23
1	1	828	12	827	155	12	5,6,10,20	3,8,11,19	6,9,13,18,23
1	1	828	12	827	155	21	4,5,6,20	3,7,11,19	6,9,13,18,23
1	1	828	12	827	155	21	4,5,10,20	7,8,11,19	6,9,13,18,23
1	1	828	12	827	155	21	4,6,10,20	3,7,8,11	6,9,13,18,23
1	1	828	12	827	155	21	4,6,10,20	3,7,11,19	6,9,13,18,23
1	1	828	12	827	155	21	4,6,10,20	3,8,11,19	6,9,13,18,23
1	1	828	12	827	155	21	5,6,10,20	3,7,11,19	6,9,13,18,23
1	1	828	12	827	155	21	5,6,10,20	3,8,11,19	6,9,13,18,23
2	0	828	12	827	80	15	3,7,8,11	4,5,6,10	3,9,17,18,25
2	0	828	12	827	80	15	3,7,8,19	4,5,6,20	3,9,17,18,25
2	0	828	12	827	80	15	3,7,8,19	4,5,10,20	3,9,17,18,25
2	0	828	12	827	80	15	3,7,8,19	5,6,10,20	3,9,17,18,25
2	0	828	12	827	80	15	3,8,11,19	4,5,6,10	3,9,17,18,25
2	0	828	12	827	80	15	3,8,11,19	5,6,10,20	3,9,17,18,25
2	0	828	12	827	80	15	7,8,11,19	4,5,6,10	3,9,17,18,25
2	0	828	12	827	80	15	7,8,11,19	4,5,10,20	3,9,17,18,25
2	0	828	12	827	80	24	3,7,8,19	4,5,10,20	3,9,17,18,25
2	0	828	12	827	80	24	3,7,8,19	4,6,10,20	3,9,17,18,25
2	0	828	12	827	80	24	3,7,8,19	5,6,10,20	3,9,17,18,25
2	0	828	12	827	80	24	3,7,11,19	4,5,6,10	3,9,17,18,25
2	0	828	12	827	80	24	3,7,11,19	4,6,10,20	3,9,17,18,25
2	0	828	12	827	80	24	3,8,11,19	4,5,6,10	3,9,17,18,25
2	0	828	12	827	80	24	3,8,11,19	4,5,10,20	3,9,17,18,25
2	0	828	12	827	80	24	3,8,11,19	5,6,10,20	3,9,17,18,25
2	0	828	12	827	80	24	7,8,11,19	4,5,6,10	3,9,17,18,25
2	0	828	12	827	80	24	7,8,11,19	4,5,10,20	3,9,17,18,25
2	0	828	12	827	80	24	7,8,11,19	5,6,10,20	3,9,17,18,25
2	0	828	12	827	155	4	6,9,14,18	3,9,16,26	4,5,6,11,19
2	0	828	12	827	155	4	6,14,18,22	3,9,16,18	4,5,6,11,19
2	0	828	12	827	155	4	6,14,18,22	3,9,18,26	4,5,6,11,19
2	0	828	12	827	155	4	6,14,18,22	3,16,18,26	4,5,6,11,19
2	0	828	12	827	155	4	9,14,18,22	3,9,16,26	4,5,6,11,19
2	0	828	12	827	155	5	6,9,14,18	3,9,16,26	4,5,6,11,19
2	0	828	12	827	155	5	6,9,14,22	3,9,16,26	4,5,6,11,19
2	0	828	12	827	155	5	6,9,18,22	3,9,16,26	4,5,6,11,19
2	0	828	12	827	155	5	6,14,18,22	3,9,18,26	4,5,6,11,19
2	0	828	12	827	155	5	6,14,18,22	9,16,18,26	4,5,6,11,19
2	1	828	12	827	80	15	3,7,8,11	4,5,6,10	3,9,17,18,25
2	1	828	12	827	80	15	3,7,8,19	4,5,6,20	3,9,17,18,25
2	1	828	12	827	80	15	3,7,8,19	4,5,10,20	3,9,17,18,25
2	1	828	12	827	80	15	3,7,8,19	5,6,10,20	3,9,17,18,25
2	1	828	12	827	80	15	3,8,11,19	4,5,6,10	3,9,17,18,25
2	1	828	12	827	80	15	3,8,11,19	5,6,10,20	3,9,17,18,25
2	1	828	12	827	80	15	7,8,11,19	4,5,6,10	3,9,17,18,25
2	1	828	12	827	80	15	7,8,11,19	4,5,10,20	3,9,17,18,25
2	1	828	12	827	80	24	3,7,8,19	4,5,10,20	3,9,17,18,25
2	1	828	12	827	80	24	3,7,8,19	4,6,10,20	3,9,17,18,25
2	1	828	12	827	80	24	3,7,8,19	5,6,10,20	3,9,17,18,25
2	1	828	12	827	80	24	3,7,11,19	4,5,6,10	3,9,17,18,25
2	1	828	12	827	80	24	3,7,11,19	4,6,10,20	3,9,17,18,25
2	1	828	12	827	80	24	3,8,11,19	4,5,6,10	3,9,17,18,25
2	1	828	12	827	80	24	3,8,11,19	4,5,10,20	3,9,17,18,25
2	1	828	12	827	80	24	3,8,11,19	5,6,10,20	3,9,17,18,25
2	1	828	12	827	80	24	7,8,11,19	4,5,6,10	3,9,17,18,25
2	1	828	12	827	80	24	7,8,11,19	4,5,10,20	3,9,17,18,25
2	1	828	12	827	80	24	7,8,11,19	5,6,10,20	3,9,17,18,25
2	1	828	12	827	155	4	6,9,14,18	3,9,16,26	4,5,6,11,19
2	1	828	12	827	155	4	6,14,18,22	3,9,16,18	4,5,6,11,19
2	1	828	12	827	155	4	6,14,18,22	3,9,18,26	4,5,6,11,19
2	1	828	12	827	155	4	6,14,18,22	3,16,18,26	4,5,6,11,19
2	1	828	12	827	155	4	9,14,18,22	3,9,16,26	4,5,6,11,19
2	1	828	12	827	155	5	6,9,14,18	3,9,16,26	4,5,6,11,19
2	1	828	12	827	155	5	6,9,14,22	3,9,16,26	4,5,6,11,19
2	1	828	12	827	155	5	6,9,18,22	3,9,16,26	4,5,6,11,19
2	1	828	12	827	155	5	6,14,18,22	3,9,18,26	4,5,6,11,19
2	1	828	12	827	155	5	6,14,18,22	9,16,18,26	4,5,6,11,19
3	0	828	12	827	80	7	3,9,16,18	6,9,14,18	3,7,8,10,20
3	0	828	12	827	80	7	3,9,16,26	6,9,14,22	3,7,8,10,20
3	0	828	12	827	80	7	3,9,18,26	6,9,14,22	3,7,8,10,20
3	0	828	12	827	80	7	3,9,18,26	9,14,18,22	3,7,8,10,20
3	0	828	12	827	80	7	9,16,18,26	6,9,14,18	3,7,8,10,20
3	0	828	12	827	80	7	9,16,18,26	6,14,18,22	3,7,8,10,20
3	0	828	12	827	80	8	3,9,16,26	9,14,18,22	3,7,8,10,20
3	0	828	12	827	80	8	3,9,18,26	6,9,18,22	3,7,8,10,20
3	0	828	12	827	80	8	3,9,18,26	9,14,18,22	3,7,8,10,20
3	0	828	12	827	80	8	3,16,18,26	6,9,14,18	3,7,8,10,20
3	0	828	12	827	80	8	3,16,18,26	6,14,18,22	3,7,8,10,20
3	0	828	12	827	80	8	9,16,18,26	6,9,14,18	3,7,8,10,20
3	0	828	12	827	155	12	4,5,6,20	3,7,11,19	6,9,13,18,23
3	0	828	12	827	155	12	4,5,10,20	7,8,11,19	6,9,13,18,23
3	0	828	12	827	155	12	4,6,10,20	3,7,8,11	6,9,13,18,23
3	0	828	12	827	155	12	4,6,10,20	3,7,11,19	6,9,13,18,23
3	0	828	12	827	155	12	4,6,10,20	3,8,11,19	6,9,13,18,23
3	0	828	12	827	155	12	5,6,10,20	3,7,11,19	6,9,13,18,23
3	0	828	12	827	155	12	5,6,10,20	3,8,11,19	6,9,13,18,23
3	0	828	12	827	155	21	4,5,6,20	3,7,11,19	6,9,13,18,23
3	0	828	12	827	155	21	4,5,10,20	7,8,11,19	6,9,13,18,23
3	0	828	12	827	155	21	4,6,10,20	3,7,8,11	6,9,13,18,23
3	0	828	12	827	155	21	4,6,10,20	3,7,11,19	6,9,13,18,23
3	0	828	12	827	155	21	4,6,10,20	3,8,11,19	6,9,13,18,23
3	0	828	12	827	155	21	5,6,10,20	3,7,11,19	6,9,13,18,23
3	0	828	12	827	155	21	5,6,10,20	3,8,11,19	6,9,13,18,23
3	1	828	12	827	80	7	3,9,16,18	6,9,14,18	3,7,8,10,20
3	1	828	12	827	80	7	3,9,16,26	6,9,14,22	3,7,8,10,20
3	1	828	12	827	80	7	3,9,18,26	6,9,14,22	3,7,8,10,20
3	1	828	12	827	80	7	3,9,18,26	9,14,18,22	3,7,8,10,20
3	1	828	12	827	80	7	9,16,18,26	6,9,14,18	3,7,8,10,20
3	1	828	12	827	80	7	9,16,18,26	6,14,18,22	3,7,8,10,20
3	1	828	12	827	80	8	3,9,16,26	9,14,18,22	3,7,8,10,20
3	1	828	12	827	80	8	3,9,18,26	6,9,18,22	3,7,8,10,20
3	1	828	12	827	80	8	3,9,18,26	9,14,18,22	3,7,8,10,20
3	1	828	12	827	80	8	3,16,18,26	6,9,14,18	3,7,8,10,20
3	1	828	12	827	80	8	3,16,18,26	6,14,18,22	3,7,8,10,20
3	1	828	12	827	80	8	9,16,18,26	6,9,14,18	3,7,8,10,20
3	1	828	12	827	155	12	4,5,6,20	3,7,11,19	6,9,13,18,23
3	1	828	12	827	155	12	4,5,10,20	7,8,11,19	6,9,13,18,23
3	1	828	12	827	155	12	4,6,10,20	3,7,8,11	6,9,13,18,23
3	1	828	12	827	155	12	4,6,10,20	3,7,11,19	6,9,13,18,23
3	1	828	12	827	155	12	4,6,10,20	3,8,11,19	6,9,13,18,23
3	1	828	12	827	155	12	5,6,10,20	3,7,11,19	6,9,13,18,23
3	1	828	12	827	155	12	5,6,10,20	3,8,11,19	6,9,13,18,23
3	1	828	12	827	155	21	4,5,6,20	3,7,11,19	6,9,13,18,23
3	1	828	12	827	155	21	4,5,10,20	7,8,11,19	6,9,13,18,23
3	1	828	12	827	155	21	4,6,10,20	3,7,8,11	6,9,13,18,23
3	1	828	12	827	155	21	4,6,10,20	3,7,11,19	6,9,13,18,23
3	1	828	12	827	155	21	4,6,10,20	3,8,11,19	6,9,13,18,23
3	1	828	12	827	155	21	5,6,10,20	3,7,11,19	6,9,13,18,23
3	1	828	12	827	155	21	5,6,10,20	3,8,11,19	6,9,13,18,23
0	0	828	27	827	172	0	7,9,13,14	4,18,25,26	3,8,9,21,25
0	0	828	27	827	172	0	7,9,14,26	4,14,18,26	3,8,9,21,25
0	0	828	27	827	172	0	7,9,14,26	14,18,25,26	3,8,9,21,25
0	0	828	27	827	172	0	9,13,14,26	4,14,18,26	3,8,9,21,25
0	0	828	27	827	172	9	7,9,13,14	4,14,18,25	3,8,9,21,25
0	0	828	27	827	172	9	7,9,13,14	4,14,25,26	3,8,9,21,25
0	0	828	27	827	172	9	7,9,13,26	4,14,18,25	3,8,9,21,25
0	0	828	27	827	172	9	7,9,13,26	4,18,25,26	3,8,9,21,25
0	0	828	27	827	172	9	7,9,14,26	4,14,18,26	3,8,9,21,25
0	0	828	27	827	172	9	7,9,14,26	14,18,25,26	3,8,9,21,25
0	0	828	27	827	172	9	7,13,14,26	4,14,25,26	3,8,9,21,25
0	0	828	27	827	172	9	7,13,14,26	4,18,25,26	3,8,9,21,25
0	0	828	27	827	172	9	7,13,14,26	14,18,25,26	3,8,9,21,25
0	0	828	27	827	172	9	9,13,14,26	4,14,18,26	3,8,9,21,25
0	0	828	27	827	172	9	9,13,14,26	4,14,25,26	3,8,9,21,25
0	0	828	27	827	269	18	4,8,11,21	4,6,17,19	3,11,15,16,22
0	0	828	27	827	269	18	4,8,11,21	4,13,17,19	3,11,15,16,22
0	0	828	27	827	269	18	4,8,11,26	4,6,13,17	3,11,15,16,22
0	0	828	27	827	269	18	4,8,11,26	6,13,17,19	3,11,15,16,22
0	0	828	27	827	269	18	4,8,21,26	4,13,17,19	3,11,15,16,22
0	0	828	27	827	269	18	4,8,21,26	6,13,17,19	3,11,15,16,22
0	0	828	27	827	269	18	4,11,21,26	4,13,17,19	3,11,15,16,22
0	0	828	27	827	269	18	4,11,21,26	6,13,17,19	3,11,15,16,22
0	0	828	27	827	269	18	8,11,21,26	4,6,13,17	3,11,15,16,22
0	0	828	27	827	269	18	8,11,21,26	4,6,17,19	3,11,15,16,22
0	0	828	27	827	269	20	4,8,11,26	4,6,13,19	3,11,15,16,22
0	0	828	27	827	269	20	4,8,11,26	6,13,17,19	3,11,15,16,22
0	0	828	27	827	269	20	4,8,21,26	4,13,17,19	3,11,15,16,22
0	0	828	27	827	269	20	4,11,21,26	4,13,17,19	3,11,15,16,22
0	0	828	27	827	269	20	4,11,21,26	6,13,17,19	3,11,15,16,22
0	0	828	27	827	271	18	3,7,10,23	5,7,15,20	5,10,15,17,21
0	0	828	27	827	271	18	3,7,10,23	5,14,15,20	5,10,15,17,21
0	0	828	27	827	271	18	3,7,23,25	5,7,14,20	5,10,15,17,21
0	0	828	27	827	271	18	3,7,23,25	5,14,15,20	5,10,15,17,21
0	0	828	27	827	271	18	3,10,23,25	5,7,14,15	5,10,15,17,21
0	0	828	27	827	271	18	3,10,23,25	5,7,14,20	5,10,15,17,21
0	0	828	27	827	271	18	3,10,23,25	7,14,15,20	5,10,15,17,21
0	0	828	27	827	271	18	7,10,23,25	5,7,14,15	5,10,15,17,21
0	0	828	27	827	271	18	7,10,23,25	5,7,15,20	5,10,15,17,21
0	0	828	27	827	271	18	7,10,23,25	7,14,15,20	5,10,15,17,21
0	0	828	27	827	271	19	3,7,10,25	5,7,14,20	5,10,15,17,21
0	0	828	27	827	271	19	3,10,23,25	5,7,14,20	5,10,15,17,21
0	0	828	27	827	271	19	3,10,23,25	7,14,15,20	5,10,15,17,21
0	0	828	27	827	271	19	7,10,23,25	5,7,14,15	5,10,15,17,21
0	0	828	27	827	271	19	7,10,23,25	7,14,15,20	5,10,15,17,21
0	1	828	27	827	172	19	3,7,9,26	4,6,15,18	8,9,13,14,25
0	1	828	27	827	172	19	3,7,9,26	4,14,15,18	8,9,13,14,25
0	1	828	27	827	172	19	3,7,21,26	4,6,15,18	8,9,13,14,25
0	1	828	27	827	172	19	3,9,21,26	4,14,15,18	8,9,13,14,25
0	1	828	27	827	172	20	3,7,9,21	4,6,14,15	8,9,13,14,25
0	1	828	27	827	172	20	3,7,9,21	4,6,14,18	8,9,13,14,25
0	1	828	27	827	172	20	7,9,21,26	4,6,14,18	8,9,13,14,25
0	1	828	27	827	172	20	7,9,21,26	6,14,15,18	8,9,13,14,25
0	1	828	27	827	269	1	4,11,15,16	6,17,19,21	3,8,11,22,26
0	1	828	27	827	269	1	4,11,15,16	6,17,21,23	3,8,11,22,26
0	1	828	27	827	269	1	4,11,15,21	6,17,19,21	3,8,11,22,26
0	1	828	27	827	269	1	4,11,15,21	17,19,21,23	3,8,11,22,26
0	1	828	27	827	269	1	4,11,16,21	6,17,19,23	3,8,11,22,26
0	1	828	27	827	269	1	4,11,16,21	17,19,21,23	3,8,11,22,26
0	1	828	27	827	269	1	4,15,16,21	6,17,19,23	3,8,11,22,26
0	1	828	27	827	269	1	4,15,16,21	17,19,21,23	3,8,11,22,26
0	1	828	27	827	269	1	11,15,16,21	6,17,19,23	3,8,11,22,26
0	1	828	27	827	269	1	11,15,16,21	6,17,21,23	3,8,11,22,26
0	1	828	27	827	269	10	4,11,16,21	6,17,19,23	3,8,11,22,26
0	1	828	27	827	269	10	4,11,16,21	17,19,21,23	3,8,11,22,26
0	1	828	27	827	269	10	4,15,16,21	17,19,21,23	3,8,11,22,26
0	1	828	27	827	269	10	11,15,16,21	6,17,19,23	3,8,11,22,26
0	1	828	27	827	269	10	11,15,16,21	6,19,21,23	3,8,11,22,26
0	1	828	27	827	271	2	3,10,15,23	7,15,20,21	5,7,10,21,25
0	1	828	27	827	271	2	3,10,15,23	7,20,21,22	5,7,10,21,25
0	1	828	27	827	271	2	3,10,17,23	7,15,20,22	5,7,10,21,25
0	1	828	27	827	271	2	3,10,17,23	7,15,21,22	5,7,10,21,25
0	1	828	27	827	271	2	3,10,17,23	15,20,21,22	5,7,10,21,25
0	1	828	27	827	271	2	3,15,17,23	7,20,21,22	5,7,10,21,25
0	1	828	27	827	271	2	3,15,17,23	15,20,21,22	5,7,10,21,25
0	1	828	27	827	271	2	10,15,17,23	7,15,20,21	5,7,10,21,25
0	1	828	27	827	271	2	10,15,17,23	7,15,20,22	5,7,10,21,25
0	1	828	27	827	271	2	10,15,17,23	7,15,21,22	5,7,10,21,25
0	1	828	27	827	271	11	3,10,15,17	15,20,21,22	5,7,10,21,25
0	1	828	27	827	271	11	3,10,17,23	7,15,20,22	5,7,10,21,25
0	1	828	27	827	271	11	3,10,17,23	15,20,21,22	5,7,10,21,25
0	1	828	27	827	271	11	10,15,17,23	7,15,20,22	5,7,10,21,25
0	1	828	27	827	271	11	10,15,17,23	7,15,21,22	5,7,10,21,25
1	0	828	27	827	172	0	7,9,13,14	4,18,25,26	3,8,9,21,25
1	0	828	27	827	172	0	7,9,14,26	4,14,18,26	3,8,9,21,25
1	0	828	27	827	172	0	7,9,14,26	14,18,25,26	3,8,9,21,25
1	0	828	27	827	172	0	9,13,14,26	4,14,18,26	3,8,9,21,25
1	0	828	27	827	172	9	7,9,13,14	4,14,18,25	3,8,9,21,25
1	0	828	27	827	172	9	7,9,13,14	4,14,25,26	3,8,9,21,25
1	0	828	27	827	172	9	7,9,13,26	4,14,18,25	3,8,9,21,25
1	0	828	27	827	172	9	7,9,13,26	4,18,25,26	3,8,9,21,25
1	0	828	27	827	172	9	7,9,14,26	4,14,18,26	3,8,9,21,25
1	0	828	27	827	172	9	7,9,14,26	14,18,25,26	3,8,9,21,25
1	0	828	27	827	172	9	7,13,14,26	4,14,25,26	3,8,9,21,25
1	0	828	27	827	172	9	7,13,14,26	4,18,25,26	3,8,9,21,25
1	0	828	27	827	172	9	7,13,14,26	14,18,25,26	3,8,9,21,25
1	0	828	27	827	172	9	9,13,14,26	4,14,18,26	3,8,9,21,25
1	0	828	27	827	172	9	9,13,14,26	4,14,25,26	3,8,9,21,25
1	0	828	27	827	269	18	4,8,11,21	4,6,17,19	3,11,15,16,22
1	0	828	27	827	269	18	4,8,11,21	4,13,17,19	3,11,15,16,22
1	0	828	27	827	269	18	4,8,11,26	4,6,13,17	3,11,15,16,22
1	0	828	27	827	269	18	4,8,11,26	6,13,17,19	3,11,15,16,22
1	0	828	27	827	269	18	4,8,21,26	4,13,17,19	3,11,15,16,22
1	0	828	27	827	269	18	4,8,21,26	6,13,17,19	3,11,15,16,22
1	0	828	27	827	269	18	4,11,21,26	4,13,17,19	3,11,15,16,22
1	0	828	27	827	269	18	4,11,21,26	6,13,17,19	3,11,15,16,22
1	0	828	27	827	269	18	8,11,21,26	4,6,13,17	3,11,15,16,22
1	0	828	27	827	269	18	8,11,21,26	4,6,17,19	3,11,15,16,22
1	0	828	27	827	269	20	4,8,11,26	4,6,13,19	3,11,15,16,22
1	0	828	27	827	269	20	4,8,11,26	6,13,17,19	3,11,15,16,22
1	0	828	27	827	269	20	4,8,21,26	4,13,17,19	3,11,15,16,22
1	0	828	27	827	269	20	4,11,21,26	4,13,17,19	3,11,15,16,22
1	0	828	27	827	269	20	4,11,21,26	6,13,17,19	3,11,15,16,22
1	0	828	27	827	271	18	3,7,10,23	5,7,15,20	5,10,15,17,21
1	0	828	27	827	271	18	3,7,10,23	5,14,15,20	5,10,15,17,21
1	0	828	27	827	271	18	3,7,23,25	5,7,14,20	5,10,15,17,21
1	0	828	27	827	271	18	3,7,23,25	5,14,15,20	5,10,15,17,21
1	0	828	27	827	271	18	3,10,23,25	5,7,14,15	5,10,15,17,21
1	0	828	27	827	271	18	3,10,23,25	5,7,14,20	5,10,15,17,21
1	0	828	27	827	271	18	3,10,23,25	7,14,15,20	5,10,15,17,21
1	0	828	27	827	271	18	7,10,23,25	5,7,14,15	5,10,15,17,21
1	0	828	27	827	271	18	7,10,23,25	5,7,15,20	5,10,15,17,21
1	0	828	27	827	271	18	7,10,23,25	7,14,15,20	5,10,15,17,21
1	0	828	27	827	271	19	3,7,10,25	5,7,14,20	5,10,15,17,21
1	0	828	27	827	271	19	3,10,23,25	5,7,14,20	5,10,15,17,21
1	0	828	27	827	271	19	3,10,23,25	7,14,15,20	5,10,15,17,21
1	0	828	27	827	271	19	7,10,23,25	5,7,14,15	5,10,15,17,21
1	0	828	27	827	271	19	7,10,23,25	7,14,15,20	5,10,15,17,21
1	1	828	27	827	172	19	3,7,9,26	4,6,15,18	8,9,13,14,25
1	1	828	27	827	172	19	3,7,9,26	4,14,15,18	8,9,13,14,25
1	1	828	27	827	172	19	3,7,21,26	4,6,15,18	8,9,13,14,25
1	1	828	27	827	172	19	3,9,21,26	4,14,15,18	8,9,13,14,25
1	1	828	27	827	172	20	3,7,9,21	4,6,14,15	8,9,13,14,25
1	1	828	27	827	172	20	3,7,9,21	4,6,14,18	8,9,13,14,25
1	1	828	27	827	172	20	7,9,21,26	4,6,14,18	8,9,13,14,25
1	1	828	27	827	172	20	7,9,21,26	6,14,15,18	8,9,13,14,25
1	1	828	27	827	269	1	4,11,15,16	6,17,19,21	3,8,11,22,26
1	1	828	27	827	269	1	4,11,15,16	6,17,21,23	3,8,11,22,26
1	1	828	27	827	269	1	4,11,15,21	6,17,19,21	3,8,11,22,26
1	1	828	27	827	269	1	4,11,15,21	17,19,21,23	3,8,11,22,26
1	1	828	27	827	269	1	4,11,16,21	6,17,19,23	3,8,11,22,26
1	1	828	27	827	269	1	4,11,16,21	17,19,21,23	3,8,11,22,26
1	1	828	27	827	269	1	4,15,16,21	6,17,19,23	3,8,11,22,26
1	1	828	27	827	269	1	4,15,16,21	17,19,21,23	3,8,11,22,26
1	1	828	27	827	269	1	11,15,16,21	6,17,19,23	3,8,11,22,26
1	1	828	27	827	269	1	11,15,16,21	6,17,21,23	3,8,11,22,26
1	1	828	27	827	269	10	4,11,16,21	6,17,19,23	3,8,11,22,26
1	1	828	27	827	269	10	4,11,16,21	17,19,21,23	3,8,11,22,26
1	1	828	27	827	269	10	4,15,16,21	17,19,21,23	3,8,11,22,26
1	1	828	27	827	269	10	11,15,16,21	6,17,19,23	3,8,11,22,26
1	1	828	27	827	269	10	11,15,16,21	6,19,21,23	3,8,11,22,26
1	1	828	27	827	271	2	3,10,15,23	7,15,20,21	5,7,10,21,25
1	1	828	27	827	271	2	3,10,15,23	7,20,21,22	5,7,10,21,25
1	1	828	27	827	271	2	3,10,17,23	7,15,20,22	5,7,10,21,25
1	1	828	27	827	271	2	3,10,17,23	7,15,21,22	5,7,10,21,25
1	1	828	27	827	271	2	3,10,17,23	15,20,21,22	5,7,10,21,25
1	1	828	27	827	271	2	3,15,17,23	7,20,21,22	5,7,10,21,25
1	1	828	27	827	271	2	3,15,17,23	15,20,21,22	5,7,10,21,25
1	1	828	27	827	271	2	10,15,17,23	7,15,20,21	5,7,10,21,25
1	1	828	27	827	271	2	10,15,17,23	7,15,20,22	5,7,10,21,25
1	1	828	27	827	271	2	10,15,17,23	7,15,21,22	5,7,10,21,25
1	1	828	27	827	271	11	3,10,15,17	15,20,21,22	5,7,10,21,25
1	1	828	27	827	271	11	3,10,17,23	7,15,20,22	5,7,10,21,25
1	1	828	27	827	271	11	3,10,17,23	15,20,21,22	5,7,10,21,25
1	1	828	27	827	271	11	10,15,17,23	7,15,20,22	5,7,10,21,25
1	1	828	27	827	271	11	10,15,17,23	7,15,21,22	5,7,10,21,25
2	0	828	27	827	172	0	7,9,13,14	4,18,25,26	3,8,9,21,25
2	0	828	27	827	172	0	7,9,14,26	4,14,18,26	3,8,9,21,25
2	0	828	27	827	172	0	7,9,14,26	14,18,25,26	3,8,9,21,25
2	0	828	27	827	172	0	9,13,14,26	4,14,18,26	3,8,9,21,25
2	0	828	27	827	172	9	7,9,13,14	4,14,18,25	3,8,9,21,25
2	0	828	27	827	172	9	7,9,13,14	4,14,25,26	3,8,9,21,25
2	0	828	27	827	172	9	7,9,13,26	4,14,18,25	3,8,9,21,25
2	0	828	27	827	172	9	7,9,13,26	4,18,25,26	3,8,9,21,25
2	0	828	27	827	172	9	7,9,14,26	4,14,18,26	3,8,9,21,25
2	0	828	27	827	172	9	7,9,14,26	14,18,25,26	3,8,9,21,25
2	0	828	27	827	172	9	7,13,14,26	4,14,25,26	3,8,9,21,25
2	0	828	27	827	172	9	7,13,14,26	4,18,25,26	3,8,9,21,25
2	0	828	27	827	172	9	7,13,14,26	14,18,25,26	3,8,9,21,25
2	0	828	27	827	172	9	9,13,14,26	4,14,18,26	3,8,9,21,25
2	0	828	27	827	172	9	9,13,14,26	4,14,25,26	3,8,9,21,25
2	0	828	27	827	269	18	4,8,11,21	4,6,17,19	3,11,15,16,22
2	0	828	27	827	269	18	4,8,11,21	4,13,17,19	3,11,15,16,22
2	0	828	27	827	269	18	4,8,11,26	4,6,13,17	3,11,15,16,22
2	0	828	27	827	269	18	4,8,11,26	6,13,17,19	3,11,15,16,22
2	0	828	27	827	269	18	4,8,21,26	4,13,17,19	3,11,15,16,22
2	0	828	27	827	269	18	4,8,21,26	6,13,17,19	3,11,15,16,22
2	0	828	27	827	269	18	4,11,21,26	4,13,17,19	3,11,15,16,22
2	0	828	27	827	269	18	4,11,21,26	6,13,17,19	3,11,15,16,22
2	0	828	27	827	269	18	8,11,21,26	4,6,13,17	3,11,15,16,22
2	0	828	27	827	269	18	8,11,21,26	4,6,17,19	3,11,15,16,22
2	0	828	27	827	269	20	4,8,11,26	4,6,13,19	3,11,15,16,22
2	0	828	27	827	269	20	4,8,11,26	6,13,17,19	3,11,15,16,22
2	0	828	27	827	269	20	4,8,21,26	4,13,17,19	3,11,15,16,22
2	0	828	27	827	269	20	4,11,21,26	4,13,17,19	3,11,15,16,22
2	0	828	27	827	269	20	4,11,21,26	6,13,17,19	3,11,15,16,22
2	0	828	27	827	271	18	3,7,10,23	5,7,15,20	5,10,15,17,21
2	0	828	27	827	271	18	3,7,10,23	5,14,15,20	5,10,15,17,21
2	0	828	27	827	271	18	3,7,23,25	5,7,14,20	5,10,15,17,21
2	0	828	27	827	271	18	3,7,23,25	5,14,15,20	5,10,15,17,21
2	0	828	27	827	271	18	3,10,23,25	5,7,14,15	5,10,15,17,21
2	0	828	27	827	271	18	3,10,23,25	5,7,14,20	5,10,15,17,21
2	0	828	27	827	271	18	3,10,23,25	7,14,15,20	5,10,15,17,21
2	0	828	27	827	271	18	7,10,23,25	5,7,14,15	5,10,15,17,21
2	0	828	27	827	271	18	7,10,23,25	5,7,15,20	5,10,15,17,21
2	0	828	27	827	271	18	7,10,23,25	7,14,15,20	5,10,15,17,21
2	0	828	27	827	271	19	3,7,10,25	5,7,14,20	5,10,15,17,21
2	0	828	27	827	271	19	3,10,23,25	5,7,14,20	5,10,15,17,21
2	0	828	27	827	271	19	3,10,23,25	7,14,15,20	5,10,15,17,21
2	0	828	27	827	271	19	7,10,23,25	5,7,14,15	5,10,15,17,21
2	0	828	27	827	271	19	7,10,23,25	7,14,15,20	5,10,15,17,21
2	1	828	27	827	172	19	3,7,9,26	4,6,15,18	8,9,13,14,25
2	1	828	27	827	172	19	3,7,9,26	4,14,15,18	8,9,13,14,25
2	1	828	27	827	172	19	3,7,21,26	4,6,15,18	8,9,13,14,25
2	1	828	27	827	172	19	3,9,21,26	4,14,15,18	8,9,13,14,25
2	1	828	27	827	172	20	3,7,9,21	4,6,14,15	8,9,13,14,25
2	1	828	27	827	172	20	3,7,9,21	4,6,14,18	8,9,13,14,25
2	1	828	27	827	172	20	7,9,21,26	4,6,14,18	8,9,13,14,25
2	1	828	27	827	172	20	7,9,21,26	6,14,15,18	8,9,13,14,25
2	1	828	27	827	269	1	4,11,15,16	6,17,19,21	3,8,11,22,26
2	1	828	27	827	269	1	4,11,15,16	6,17,21,23	3,8,11,22,26
2	1	828	27	827	269	1	4,11,15,21	6,17,19,21	3,8,11,22,26
2	1	828	27	827	269	1	4,11,15,21	17,19,21,23	3,8,11,22,26
2	1	828	27	827	269	1	4,11,16,21	6,17,19,23	3,8,11,22,26
2	1	828	27	827	269	1	4,11,16,21	17,19,21,23	3,8,11,22,26
2	1	828	27	827	269	1	4,15,16,21	6,17,19,23	3,8,11,22,26
2	1	828	27	827	269	1	4,15,16,21	17,19,21,23	3,8,11,22,26
2	1	828	27	827	269	1	11,15,16,21	6,17,19,23	3,8,11,22,26
2	1	828	27	827	269	1	11,15,16,21	6,17,21,23	3,8,11,22,26
2	1	828	27	827	269	10	4,11,16,21	6,17,19,23	3,8,11,22,26
2	1	828	27	827	269	10	4,11,16,21	17,19,21,23	3,8,11,22,26
2	1	828	27	827	269	10	4,15,16,21	17,19,21,23	3,8,11,22,26
2	1	828	27	827	269	10	11,15,16,21	6,17,19,23	3,8,11,22,26
2	1	828	27	827	269	10	11,15,16,21	6,19,21,23	3,8,11,22,26
2	1	828	27	827	271	2	3,10,15,23	7,15,20,21	5,7,10,21,25
2	1	828	27	827	271	2	3,10,15,23	7,20,21,22	5,7,10,21,25
2	1	828	27	827	271	2	3,10,17,23	7,15,20,22	5,7,10,21,25
2	1	828	27	827	271	2	3,10,17,23	7,15,21,22	5,7,10,21,25
2	1	828	27	827	271	2	3,10,17,23	15,20,21,22	5,7,10,21,25
2	1	828	27	827	271	2	3,15,17,23	7,20,21,22	5,7,10,21,25
2	1	828	27	827	271	2	3,15,17,23	15,20,21,22	5,7,10,21,25
2	1	828	27	827	271	2	10,15,17,23	7,15,20,21	5,7,10,21,25
2	1	828	27	827	271	2	10,15,17,23	7,15,20,22	5,7,10,21,25
2	1	828	27	827	271	2	10,15,17,23	7,15,21,22	5,7,10,21,25
2	1	828	27	827	271	11	3,10,15,17	15,20,21,22	5,7,10,21,25
2	1	828	27	827	271	11	3,10,17,23	7,15,20,22	5,7,10,21,25
2	1	828	27	827	271	11	3,10,17,23	15,20,21,22	5,7,10,21,25
2	1	828	27	827	271	11	10,15,17,23	7,15,20,22	5,7,10,21,25
2	1	828	27	827	271	11	10,15,17,23	7,15,21,22	5,7,10,21,25
3	0	828	27	827	172	0	7,9,13,14	4,18,25,26	3,8,9,21,25
3	0	828	27	827	172	0	7,9,14,26	4,14,18,26	3,8,9,21,25
3	0	828	27	827	172	0	7,9,14,26	14,18,25,26	3,8,9,21,25
3	0	828	27	827	172	0	9,13,14,26	4,14,18,26	3,8,9,21,25
3	0	828	27	827	172	9	7,9,13,14	4,14,18,25	3,8,9,21,25
3	0	828	27	827	172	9	7,9,13,14	4,14,25,26	3,8,9,21,25
3	0	828	27	827	172	9	7,9,13,26	4,14,18,25	3,8,9,21,25
3	0	828	27	827	172	9	7,9,13,26	4,18,25,26	3,8,9,21,25
3	0	828	27	827	172	9	7,9,14,26	4,14,18,26	3,8,9,21,25
3	0	828	27	827	172	9	7,9,14,26	14,18,25,26	3,8,9,21,25
3	0	828	27	827	172	9	7,13,14,26	4,14,25,26	3,8,9,21,25
3	0	828	27	827	172	9	7,13,14,26	4,18,25,26	3,8,9,21,25
3	0	828	27	827	172	9	7,13,14,26	14,18,25,26	3,8,9,21,25
3	0	828	27	827	172	9	9,13,14,26	4,14,18,26	3,8,9,21,25
3	0	828	27	827	172	9	9,13,14,26	4,14,25,26	3,8,9,21,25
3	0	828	27	827	269	18	4,8,11,21	4,6,17,19	3,11,15,16,22
3	0	828	27	827	269	18	4,8,11,21	4,13,17,19	3,11,15,16,22
3	0	828	27	827	269	18	4,8,11,26	4,6,13,17	3,11,15,16,22
3	0	828	27	827	269	18	4,8,11,26	6,13,17,19	3,11,15,16,22
3	0	828	27	827	269	18	4,8,21,26	4,13,17,19	3,11,15,16,22
3	0	828	27	827	269	18	4,8,21,26	6,13,17,19	3,11,15,16,22
3	0	828	27	827	269	18	4,11,21,26	4,13,17,19	3,11,15,16,22
3	0	828	27	827	269	18	4,11,21,26	6,13,17,19	3,11,15,16,22
3	0	828	27	827	269	18	8,11,21,26	4,6,13,17	3,11,15,16,22
3	0	828	27	827	269	18	8,11,21,26	4,6,17,19	3,11,15,16,22
3	0	828	27	827	269	20	4,8,11,26	4,6,13,19	3,11,15,16,22
3	0	828	27	827	269	20	4,8,11,26	6,13,17,19	3,11,15,16,22
3	0	828	27	827	269	20	4,8,21,26	4,13,17,19	3,11,15,16,22
3	0	828	27	827	269	20	4,11,21,26	4,13,17,19	3,11,15,16,22
3	0	828	27	827	269	20	4,11,21,26	6,13,17,19	3,11,15,16,22
3	0	828	27	827	271	18	3,7,10,23	5,7,15,20	5,10,15,17,21
3	0	828	27	827	271	18	3,7,10,23	5,14,15,20	5,10,15,17,21
3	0	828	27	827	271	18	3,7,23,25	5,7,14,20	5,10,15,17,21
3	0	828	27	827	271	18	3,7,23,25	5,14,15,20	5,10,15,17,21
3	0	828	27	827	271	18	3,10,23,25	5,7,14,15	5,10,15,17,21
3	0	828	27	827	271	18	3,10,23,25	5,7,14,20	5,10,15,17,21
3	0	828	27	827	271	18	3,10,23,25	7,14,15,20	5,10,15,17,21
3	0	828	27	827	271	18	7,10,23,25	5,7,14,15	5,10,15,17,21
3	0	828	27	827	271	18	7,10,23,25	5,7,15,20	5,10,15,17,21
3	0	828	27	827	271	18	7,10,23,25	7,14,15,20	5,10,15,17,21
3	0	828	27	827	271	19	3,7,10,25	5,7,14,20	5,10,15,17,21
3	0	828	27	827	271	19	3,10,23,25	5,7,14,20	5,10,15,17,21
3	0	828	27	827	271	19	3,10,23,25	7,14,15,20	5,10,15,17,21
3	0	828	27	827	271	19	7,10,23,25	5,7,14,15	5,10,15,17,21
3	0	828	27	827	271	19	7,10,23,25	7,14,15,20	5,10,15,17,21
3	1	828	27	827	172	19	3,7,9,26	4,6,15,18	8,9,13,14,25
3	1	828	27	827	172	19	3,7,9,26	4,14,15,18	8,9,13,14,25
3	1	828	27	827	172	19	3,7,21,26	4,6,15,18	8,9,13,14,25
3	1	828	27	827	172	19	3,9,21,26	4,14,15,18	8,9,13,14,25
3	1	828	27	827	172	20	3,7,9,21	4,6,14,15	8,9,13,14,25
3	1	828	27	827	172	20	3,7,9,21	4,6,14,18	8,9,13,14,25
3	1	828	27	827	172	20	7,9,21,26	4,6,14,18	8,9,13,14,25
3	1	828	27	827	172	20	7,9,21,26	6,14,15,18	8,9,13,14,25
3	1	828	27	827	269	1	4,11,15,16	6,17,19,21	3,8,11,22,26
3	1	828	27	827	269	1	4,11,15,16	6,17,21,23	3,8,11,22,26
3	1	828	27	827	269	1	4,11,15,21	6,17,19,21	3,8,11,22,26
3	1	828	27	827	269	1	4,11,15,21	17,19,21,23	3,8,11,22,26
3	1	828	27	827	269	1	4,11,16,21	6,17,19,23	3,8,11,22,26
3	1	828	27	827	269	1	4,11,16,21	17,19,21,23	3,8,11,22,26
3	1	828	27	827	269	1	4,15,16,21	6,17,19,23	3,8,11,22,26
3	1	828	27	827	269	1	4,15,16,21	17,19,21,23	3,8,11,22,26
3	1	828	27	827	269	1	11,15,16,21	6,17,19,23	3,8,11,22,26
3	1	828	27	827	269	1	11,15,16,21	6,17,21,23	3,8,11,22,26
3	1	828	27	827	269	10	4,11,16,21	6,17,19,23	3,8,11,22,26
3	1	828	27	827	269	10	4,11,16,21	17,19,21,23	3,8,11,22,26
3	1	828	27	827	269	10	4,15,16,21	17,19,21,23	3,8,11,22,26
3	1	828	27	827	269	10	11,15,16,21	6,17,19,23	3,8,11,22,26
3	1	828	27	827	269	10	11,15,16,21	6,19,21,23	3,8,11,22,26
3	1	828	27	827	271	2	3,10,15,23	7,15,20,21	5,7,10,21,25
3	1	828	27	827	271	2	3,10,15,23	7,20,21,22	5,7,10,21,25
3	1	828	27	827	271	2	3,10,17,23	7,15,20,22	5,7,10,21,25
3	1	828	27	827	271	2	3,10,17,23	7,15,21,22	5,7,10,21,25
3	1	828	27	827	271	2	3,10,17,23	15,20,21,22	5,7,10,21,25
3	1	828	27	827	271	2	3,15,17,23	7,20,21,22	5,7,10,21,25
3	1	828	27	827	271	2	3,15,17,23	15,20,21,22	5,7,10,21,25
3	1	828	27	827	271	2	10,15,17,23	7,15,20,21	5,7,10,21,25
3	1	828	27	827	271	2	10,15,17,23	7,15,20,22	5,7,10,21,25
3	1	828	27	827	271	2	10,15,17,23	7,15,21,22	5,7,10,21,25
3	1	828	27	827	271	11	3,10,15,17	15,20,21,22	5,7,10,21,25
3	1	828	27	827	271	11	3,10,17,23	7,15,20,22	5,7,10,21,25
3	1	828	27	827	271	11	3,10,17,23	15,20,21,22	5,7,10,21,25
3	1	828	27	827	271	11	10,15,17,23	7,15,20,22	5,7,10,21,25
3	1	828	27	827	271	11	10,15,17,23	7,15,21,22	5,7,10,21,25
Cap configurations: 552

3-flat point count: 8,2,8;1,2,4;7,4,5
Excluded point counts: 5,18,18;6,17,18
0	0	828	12	817	234	15,24	3,7,8,11	4,6,10,20	3,9,17,18,25
0	0	828	12	817	234	15,24	3,8,11,19	4,5,6,10	3,9,17,18,25
0	0	828	12	817	234	15,24	3,8,11,19	5,6,10,20	3,9,17,18,25
0	0	828	12	817	235	15,24	3,7,8,11	4,5,6,10	3,9,17,18,25
0	0	828	12	817	235	15,24	3,7,8,11	4,6,10,20	3,9,17,18,25
0	0	828	12	817	235	15,24	3,7,8,19	5,6,10,20	3,9,17,18,25
0	0	828	12	817	235	15,24	3,7,11,19	4,5,10,20	3,9,17,18,25
0	0	828	12	817	235	15,24	3,7,11,19	4,6,10,20	3,9,17,18,25
0	0	828	12	817	497	4,5	6,9,14,22	3,9,16,26	4,5,6,11,19
0	0	828	12	817	497	4,5	9,14,18,22	3,9,16,26	4,5,6,11,19
0	0	828	12	817	497	4,5	9,14,18,22	3,16,18,26	4,5,6,11,19
0	0	828	12	817	499	4,5	6,9,14,18	3,9,16,18	4,5,6,11,19
0	0	828	12	817	499	4,5	6,9,18,22	3,9,18,26	4,5,6,11,19
0	0	828	12	817	499	4,5	6,9,18,22	3,16,18,26	4,5,6,11,19
0	0	828	12	817	499	4,5	6,14,18,22	3,9,16,18	4,5,6,11,19
0	0	828	12	817	499	4,5	6,14,18,22	3,9,18,26	4,5,6,11,19
0	0	828	12	817	499	4,5	6,14,18,22	3,16,18,26	4,5,6,11,19
0	0	828	12	817	499	4,5	9,14,18,22	3,16,18,26	4,5,6,11,19
0	1	828	12	817	234	15,24	3,7,8,11	4,6,10,20	3,9,17,18,25
0	1	828	12	817	234	15,24	3,8,11,19	4,5,6,10	3,9,17,18,25
0	1	828	12	817	234	15,24	3,8,11,19	5,6,10,20	3,9,17,18,25
0	1	828	12	817	235	15,24	3,7,8,11	4,5,6,10	3,9,17,18,25
0	1	828	12	817	235	15,24	3,7,8,11	4,6,10,20	3,9,17,18,25
0	1	828	12	817	235	15,24	3,7,8,19	5,6,10,20	3,9,17,18,25
0	1	828	12	817	235	15,24	3,7,11,19	4,5,10,20	3,9,17,18,25
0	1	828	12	817	235	15,24	3,7,11,19	4,6,10,20	3,9,17,18,25
0	1	828	12	817	497	4,5	6,9,14,22	3,9,16,26	4,5,6,11,19
0	1	828	12	817	497	4,5	9,14,18,22	3,9,16,26	4,5,6,11,19
0	1	828	12	817	497	4,5	9,14,18,22	3,16,18,26	4,5,6,11,19
0	1	828	12	817	499	4,5	6,9,14,18	3,9,16,18	4,5,6,11,19
0	1	828	12	817	499	4,5	6,9,18,22	3,9,18,26	4,5,6,11,19
0	1	828	12	817	499	4,5	6,9,18,22	3,16,18,26	4,5,6,11,19
0	1	828	12	817	499	4,5	6,14,18,22	3,9,16,18	4,5,6,11,19
0	1	828	12	817	499	4,5	6,14,18,22	3,9,18,26	4,5,6,11,19
0	1	828	12	817	499	4,5	6,14,18,22	3,16,18,26	4,5,6,11,19
0	1	828	12	817	499	4,5	9,14,18,22	3,16,18,26	4,5,6,11,19
1	0	828	12	817	234	7,8	3,9,16,18	6,9,14,18	3,7,8,10,20
1	0	828	12	817	234	7,8	3,9,16,26	6,9,14,22	3,7,8,10,20
1	0	828	12	817	234	7,8	3,9,16,26	9,14,18,22	3,7,8,10,20
1	0	828	12	817	235	7,8	3,9,16,26	6,9,14,22	3,7,8,10,20
1	0	828	12	817	235	7,8	9,16,18,26	6,9,14,22	3,7,8,10,20
1	0	828	12	817	235	7,8	9,16,18,26	6,14,18,22	3,7,8,10,20
1	0	828	12	817	497	12,21	4,5,6,10	3,8,11,19	6,9,13,18,23
1	0	828	12	817	497	12,21	4,5,10,20	3,7,8,19	6,9,13,18,23
1	0	828	12	817	499	12,21	4,5,6,10	3,8,11,19	6,9,13,18,23
1	0	828	12	817	499	12,21	4,5,6,20	3,7,8,19	6,9,13,18,23
1	0	828	12	817	499	12,21	4,5,6,20	3,7,11,19	6,9,13,18,23
1	1	828	12	817	234	7,8	3,9,16,18	6,9,14,18	3,7,8,10,20
1	1	828	12	817	234	7,8	3,9,16,26	6,9,14,22	3,7,8,10,20
1	1	828	12	817	234	7,8	3,9,16,26	9,14,18,22	3,7,8,10,20
1	1	828	12	817	235	7,8	3,9,16,26	6,9,14,22	3,7,8,10,20
1	1	828	12	817	235	7,8	9,16,18,26	6,9,14,22	3,7,8,10,20
1	1	828	12	817	235	7,8	9,16,18,26	6,14,18,22	3,7,8,10,20
1	1	828	12	817	497	12,21	4,5,6,10	3,8,11,19	6,9,13,18,23
1	1	828	12	817	497	12,21	4,5,10,20	3,7,8,19	6,9,13,18,23
1	1	828	12	817	499	12,21	4,5,6,10	3,8,11,19	6,9,13,18,23
1	1	828	12	817	499	12,21	4,5,6,20	3,7,8,19	6,9,13,18,23
1	1	828	12	817	499	12,21	4,5,6,20	3,7,11,19	6,9,13,18,23
2	0	828	12	817	234	15,24	3,7,8,11	4,6,10,20	3,9,17,18,25
2	0	828	12	817	234	15,24	3,8,11,19	4,5,6,10	3,9,17,18,25
2	0	828	12	817	234	15,24	3,8,11,19	5,6,10,20	3,9,17,18,25
2	0	828	12	817	235	15,24	3,7,8,11	4,5,6,10	3,9,17,18,25
2	0	828	12	817	235	15,24	3,7,8,11	4,6,10,20	3,9,17,18,25
2	0	828	12	817	235	15,24	3,7,8,19	5,6,10,20	3,9,17,18,25
2	0	828	12	817	235	15,24	3,7,11,19	4,5,10,20	3,9,17,18,25
2	0	828	12	817	235	15,24	3,7,11,19	4,6,10,20	3,9,17,18,25
2	0	828	12	817	497	4,5	6,9,14,22	3,9,16,26	4,5,6,11,19
2	0	828	12	817	497	4,5	9,14,18,22	3,9,16,26	4,5,6,11,19
2	0	828	12	817	497	4,5	9,14,18,22	3,16,18,26	4,5,6,11,19
2	0	828	12	817	499	4,5	6,9,14,18	3,9,16,18	4,5,6,11,19
2	0	828	12	817	499	4,5	6,9,18,22	3,9,18,26	4,5,6,11,19
2	0	828	12	817	499	4,5	6,9,18,22	3,16,18,26	4,5,6,11,19
2	0	828	12	817	499	4,5	6,14,18,22	3,9,16,18	4,5,6,11,19
2	0	828	12	817	499	4,5	6,14,18,22	3,9,18,26	4,5,6,11,19
2	0	828	12	817	499	4,5	6,14,18,22	3,16,18,26	4,5,6,11,19
2	0	828	12	817	499	4,5	9,14,18,22	3,16,18,26	4,5,6,11,19
2	1	828	12	817	234	15,24	3,7,8,11	4,6,10,20	3,9,17,18,25
2	1	828	12	817	234	15,24	3,8,11,19	4,5,6,10	3,9,17,18,25
2	1	828	12	817	234	15,24	3,8,11,19	5,6,10,20	3,9,17,18,25
2	1	828	12	817	235	15,24	3,7,8,11	4,5,6,10	3,9,17,18,25
2	1	828	12	817	235	15,24	3,7,8,11	4,6,10,20	3,9,17,18,25
2	1	828	12	817	235	15,24	3,7,8,19	5,6,10,20	3,9,17,18,25
2	1	828	12	817	235	15,24	3,7,11,19	4,5,10,20	3,9,17,18,25
2	1	828	12	817	235	15,24	3,7,11,19	4,6,10,20	3,9,17,18,25
2	1	828	12	817	497	4,5	6,9,14,22	3,9,16,26	4,5,6,11,19
2	1	828	12	817	497	4,5	9,14,18,22	3,9,16,26	4,5,6,11,19
2	1	828	12	817	497	4,5	9,14,18,22	3,16,18,26	4,5,6,11,19
2	1	828	12	817	499	4,5	6,9,14,18	3,9,16,18	4,5,6,11,19
2	1	828	12	817	499	4,5	6,9,18,22	3,9,18,26	4,5,6,11,19
2	1	828	12	817	499	4,5	6,9,18,22	3,16,18,26	4,5,6,11,19
2	1	828	12	817	499	4,5	6,14,18,22	3,9,16,18	4,5,6,11,19
2	1	828	12	817	499	4,5	6,14,18,22	3,9,18,26	4,5,6,11,19
2	1	828	12	817	499	4,5	6,14,18,22	3,16,18,26	4,5,6,11,19
2	1	828	12	817	499	4,5	9,14,18,22	3,16,18,26	4,5,6,11,19
3	0	828	12	817	234	7,8	3,9,16,18	6,9,14,18	3,7,8,10,20
3	0	828	12	817	234	7,8	3,9,16,26	6,9,14,22	3,7,8,10,20
3	0	828	12	817	234	7,8	3,9,16,26	9,14,18,22	3,7,8,10,20
3	0	828	12	817	235	7,8	3,9,16,26	6,9,14,22	3,7,8,10,20
3	0	828	12	817	235	7,8	9,16,18,26	6,9,14,22	3,7,8,10,20
3	0	828	12	817	235	7,8	9,16,18,26	6,14,18,22	3,7,8,10,20
3	0	828	12	817	497	12,21	4,5,6,10	3,8,11,19	6,9,13,18,23
3	0	828	12	817	497	12,21	4,5,10,20	3,7,8,19	6,9,13,18,23
3	0	828	12	817	499	12,21	4,5,6,10	3,8,11,19	6,9,13,18,23
3	0	828	12	817	499	12,21	4,5,6,20	3,7,8,19	6,9,13,18,23
3	0	828	12	817	499	12,21	4,5,6,20	3,7,11,19	6,9,13,18,23
3	1	828	12	817	234	7,8	3,9,16,18	6,9,14,18	3,7,8,10,20
3	1	828	12	817	234	7,8	3,9,16,26	6,9,14,22	3,7,8,10,20
3	1	828	12	817	234	7,8	3,9,16,26	9,14,18,22	3,7,8,10,20
3	1	828	12	817	235	7,8	3,9,16,26	6,9,14,22	3,7,8,10,20
3	1	828	12	817	235	7,8	9,16,18,26	6,9,14,22	3,7,8,10,20
3	1	828	12	817	235	7,8	9,16,18,26	6,14,18,22	3,7,8,10,20
3	1	828	12	817	497	12,21	4,5,6,10	3,8,11,19	6,9,13,18,23
3	1	828	12	817	497	12,21	4,5,10,20	3,7,8,19	6,9,13,18,23
3	1	828	12	817	499	12,21	4,5,6,10	3,8,11,19	6,9,13,18,23
3	1	828	12	817	499	12,21	4,5,6,20	3,7,8,19	6,9,13,18,23
3	1	828	12	817	499	12,21	4,5,6,20	3,7,11,19	6,9,13,18,23
0	0	828	27	817	526	0,9	7,9,13,26	4,14,18,25	3,8,9,21,25
0	0	828	27	817	526	0,9	7,9,14,26	4,14,25,26	3,8,9,21,25
0	0	828	27	817	527	0,9	7,9,13,14	4,14,18,25	3,8,9,21,25
0	0	828	27	817	527	0,9	7,9,13,14	4,14,25,26	3,8,9,21,25
0	0	828	27	817	527	0,9	7,9,13,26	4,18,25,26	3,8,9,21,25
0	0	828	27	817	527	0,9	7,13,14,26	4,14,18,26	3,8,9,21,25
0	0	828	27	817	527	0,9	7,13,14,26	4,18,25,26	3,8,9,21,25
0	0	828	27	817	527	0,9	7,13,14,26	14,18,25,26	3,8,9,21,25
0	0	828	27	817	527	0,9	9,13,14,26	4,14,18,26	3,8,9,21,25
0	0	828	27	817	527	0,9	9,13,14,26	4,14,25,26	3,8,9,21,25
0	0	828	27	817	796	18,20	4,8,11,21	4,6,13,19	3,11,15,16,22
0	0	828	27	817	798	18,20	4,8,21,26	4,6,17,19	3,11,15,16,22
0	0	828	27	817	798	18,20	4,11,21,26	4,6,13,17	3,11,15,16,22
0	0	828	27	817	799	18,19	3,7,10,23	5,7,15,20	5,10,15,17,21
0	0	828	27	817	799	18,19	3,7,10,25	5,14,15,20	5,10,15,17,21
0	0	828	27	817	800	18,19	3,7,10,23	5,7,14,15	5,10,15,17,21
0	0	828	27	817	800	18,19	3,7,10,23	5,14,15,20	5,10,15,17,21
0	0	828	27	817	800	18,19	3,7,23,25	5,7,14,20	5,10,15,17,21
0	0	828	27	817	800	18,19	3,7,23,25	5,14,15,20	5,10,15,17,21
0	0	828	27	817	800	18,19	3,7,23,25	7,14,15,20	5,10,15,17,21
0	0	828	27	817	800	18,19	7,10,23,25	5,7,14,15	5,10,15,17,21
0	0	828	27	817	800	18,19	7,10,23,25	5,7,15,20	5,10,15,17,21
0	1	828	27	817	526	19,20	3,7,9,21	4,14,15,18	8,9,13,14,25
0	1	828	27	817	526	19,20	3,9,21,26	4,14,15,18	8,9,13,14,25
0	1	828	27	817	526	19,20	7,9,21,26	4,6,15,18	8,9,13,14,25
0	1	828	27	817	527	19,20	3,7,9,21	4,6,14,15	8,9,13,14,25
0	1	828	27	817	527	19,20	3,7,9,21	4,14,15,18	8,9,13,14,25
0	1	828	27	817	527	19,20	3,7,21,26	4,6,15,18	8,9,13,14,25
0	1	828	27	817	527	19,20	3,7,21,26	6,14,15,18	8,9,13,14,25
0	1	828	27	817	527	19,20	3,9,21,26	4,6,14,15	8,9,13,14,25
0	1	828	27	817	527	19,20	3,9,21,26	6,14,15,18	8,9,13,14,25
0	1	828	27	817	796	1,10	4,11,16,21	6,17,21,23	3,8,11,22,26
0	1	828	27	817	796	1,10	4,15,16,21	6,17,19,21	3,8,11,22,26
0	1	828	27	817	798	1,10	4,11,15,21	6,19,21,23	3,8,11,22,26
0	1	828	27	817	799	2,11	3,10,15,17	7,20,21,22	5,7,10,21,25
0	1	828	27	817	799	2,11	3,10,15,23	7,15,20,21	5,7,10,21,25
0	1	828	27	817	800	2,11	3,10,15,23	7,15,21,22	5,7,10,21,25
0	1	828	27	817	800	2,11	3,10,15,23	7,20,21,22	5,7,10,21,25
0	1	828	27	817	800	2,11	3,15,17,23	7,15,20,22	5,7,10,21,25
0	1	828	27	817	800	2,11	3,15,17,23	7,20,21,22	5,7,10,21,25
0	1	828	27	817	800	2,11	3,15,17,23	15,20,21,22	5,7,10,21,25
0	1	828	27	817	800	2,11	10,15,17,23	7,15,20,21	5,7,10,21,25
0	1	828	27	817	800	2,11	10,15,17,23	7,15,21,22	5,7,10,21,25
1	0	828	27	817	526	0,9	7,9,13,26	4,14,18,25	3,8,9,21,25
1	0	828	27	817	526	0,9	7,9,14,26	4,14,25,26	3,8,9,21,25
1	0	828	27	817	527	0,9	7,9,13,14	4,14,18,25	3,8,9,21,25
1	0	828	27	817	527	0,9	7,9,13,14	4,14,25,26	3,8,9,21,25
1	0	828	27	817	527	0,9	7,9,13,26	4,18,25,26	3,8,9,21,25
1	0	828	27	817	527	0,9	7,13,14,26	4,14,18,26	3,8,9,21,25
1	0	828	27	817	527	0,9	7,13,14,26	4,18,25,26	3,8,9,21,25
1	0	828	27	817	527	0,9	7,13,14,26	14,18,25,26	3,8,9,21,25
1	0	828	27	817	527	0,9	9,13,14,26	4,14,18,26	3,8,9,21,25
1	0	828	27	817	527	0,9	9,13,14,26	4,14,25,26	3,8,9,21,25
1	0	828	27	817	796	18,20	4,8,11,21	4,6,13,19	3,11,15,16,22
1	0	828	27	817	798	18,20	4,8,21,26	4,6,17,19	3,11,15,16,22
1	0	828	27	817	798	18,20	4,11,21,26	4,6,13,17	3,11,15,16,22
1	0	828	27	817	799	18,19	3,7,10,23	5,7,15,20	5,10,15,17,21
1	0	828	27	817	799	18,19	3,7,10,25	5,14,15,20	5,10,15,17,21
1	0	828	27	817	800	18,19	3,7,10,23	5,7,14,15	5,10,15,17,21
1	0	828	27	817	800	18,19	3,7,10,23	5,14,15,20	5,10,15,17,21
1	0	828	27	817	800	18,19	3,7,23,25	5,7,14,20	5,10,15,17,21
1	0	828	27	817	800	18,19	3,7,23,25	5,14,15,20	5,10,15,17,21
1	0	828	27	817	800	18,19	3,7,23,25	7,14,15,20	5,10,15,17,21
1	0	828	27	817	800	18,19	7,10,23,25	5,7,14,15	5,10,15,17,21
1	0	828	27	817	800	18,19	7,10,23,25	5,7,15,20	5,10,15,17,21
1	1	828	27	817	526	19,20	3,7,9,21	4,14,15,18	8,9,13,14,25
1	1	828	27	817	526	19,20	3,9,21,26	4,14,15,18	8,9,13,14,25
1	1	828	27	817	526	19,20	7,9,21,26	4,6,15,18	8,9,13,14,25
1	1	828	27	817	527	19,20	3,7,9,21	4,6,14,15	8,9,13,14,25
1	1	828	27	817	527	19,20	3,7,9,21	4,14,15,18	8,9,13,14,25
1	1	828	27	817	527	19,20	3,7,21,26	4,6,15,18	8,9,13,14,25
1	1	828	27	817	527	19,20	3,7,21,26	6,14,15,18	8,9,13,14,25
1	1	828	27	817	527	19,20	3,9,21,26	4,6,14,15	8,9,13,14,25
1	1	828	27	817	527	19,20	3,9,21,26	6,14,15,18	8,9,13,14,25
1	1	828	27	817	796	1,10	4,11,16,21	6,17,21,23	3,8,11,22,26
1	1	828	27	817	796	1,10	4,15,16,21	6,17,19,21	3,8,11,22,26
1	1	828	27	817	798	1,10	4,11,15,21	6,19,21,23	3,8,11,22,26
1	1	828	27	817	799	2,11	3,10,15,17	7,20,21,22	5,7,10,21,25
1	1	828	27	817	799	2,11	3,10,15,23	7,15,20,21	5,7,10,21,25
1	1	828	27	817	800	2,11	3,10,15,23	7,15,21,22	5,7,10,21,25
1	1	828	27	817	800	2,11	3,10,15,23	7,20,21,22	5,7,10,21,25
1	1	828	27	817	800	2,11	3,15,17,23	7,15,20,22	5,7,10,21,25
1	1	828	27	817	800	2,11	3,15,17,23	7,20,21,22	5,7,10,21,25
1	1	828	27	817	800	2,11	3,15,17,23	15,20,21,22	5,7,10,21,25
1	1	828	27	817	800	2,11	10,15,17,23	7,15,20,21	5,7,10,21,25
1	1	828	27	817	800	2,11	10,15,17,23	7,15,21,22	5,7,10,21,25
2	0	828	27	817	526	0,9	7,9,13,26	4,14,18,25	3,8,9,21,25
2	0	828	27	817	526	0,9	7,9,14,26	4,14,25,26	3,8,9,21,25
2	0	828	27	817	527	0,9	7,9,13,14	4,14,18,25	3,8,9,21,25
2	0	828	27	817	527	0,9	7,9,13,14	4,14,25,26	3,8,9,21,25
2	0	828	27	817	527	0,9	7,9,13,26	4,18,25,26	3,8,9,21,25
2	0	828	27	817	527	0,9	7,13,14,26	4,14,18,26	3,8,9,21,25
2	0	828	27	817	527	0,9	7,13,14,26	4,18,25,26	3,8,9,21,25
2	0	828	27	817	527	0,9	7,13,14,26	14,18,25,26	3,8,9,21,25
2	0	828	27	817	527	0,9	9,13,14,26	4,14,18,26	3,8,9,21,25
2	0	828	27	817	527	0,9	9,13,14,26	4,14,25,26	3,8,9,21,25
2	0	828	27	817	796	18,20	4,8,11,21	4,6,13,19	3,11,15,16,22
2	0	828	27	817	798	18,20	4,8,21,26	4,6,17,19	3,11,15,16,22
2	0	828	27	817	798	18,20	4,11,21,26	4,6,13,17	3,11,15,16,22
2	0	828	27	817	799	18,19	3,7,10,23	5,7,15,20	5,10,15,17,21
2	0	828	27	817	799	18,19	3,7,10,25	5,14,15,20	5,10,15,17,21
2	0	828	27	817	800	18,19	3,7,10,23	5,7,14,15	5,10,15,17,21
2	0	828	27	817	800	18,19	3,7,10,23	5,14,15,20	5,10,15,17,21
2	0	828	27	817	800	18,19	3,7,23,25	5,7,14,20	5,10,15,17,21
2	0	828	27	817	800	18,19	3,7,23,25	5,14,15,20	5,10,15,17,21
2	0	828	27	817	800	18,19	3,7,23,25	7,14,15,20	5,10,15,17,21
2	0	828	27	817	800	18,19	7,10,23,25	5,7,14,15	5,10,15,17,21
2	0	828	27	817	800	18,19	7,10,23,25	5,7,15,20	5,10,15,17,21
2	1	828	27	817	526	19,20	3,7,9,21	4,14,15,18	8,9,13,14,25
2	1	828	27	817	526	19,20	3,9,21,26	4,14,15,18	8,9,13,14,25
2	1	828	27	817	526	19,20	7,9,21,26	4,6,15,18	8,9,13,14,25
2	1	828	27	817	527	19,20	3,7,9,21	4,6,14,15	8,9,13,14,25
2	1	828	27	817	527	19,20	3,7,9,21	4,14,15,18	8,9,13,14,25
2	1	828	27	817	527	19,20	3,7,21,26	4,6,15,18	8,9,13,14,25
2	1	828	27	817	527	19,20	3,7,21,26	6,14,15,18	8,9,13,14,25
2	1	828	27	817	527	19,20	3,9,21,26	4,6,14,15	8,9,13,14,25
2	1	828	27	817	527	19,20	3,9,21,26	6,14,15,18	8,9,13,14,25
2	1	828	27	817	796	1,10	4,11,16,21	6,17,21,23	3,8,11,22,26
2	1	828	27	817	796	1,10	4,15,16,21	6,17,19,21	3,8,11,22,26
2	1	828	27	817	798	1,10	4,11,15,21	6,19,21,23	3,8,11,22,26
2	1	828	27	817	799	2,11	3,10,15,17	7,20,21,22	5,7,10,21,25
2	1	828	27	817	799	2,11	3,10,15,23	7,15,20,21	5,7,10,21,25
2	1	828	27	817	800	2,11	3,10,15,23	7,15,21,22	5,7,10,21,25
2	1	828	27	817	800	2,11	3,10,15,23	7,20,21,22	5,7,10,21,25
2	1	828	27	817	800	2,11	3,15,17,23	7,15,20,22	5,7,10,21,25
2	1	828	27	817	800	2,11	3,15,17,23	7,20,21,22	5,7,10,21,25
2	1	828	27	817	800	2,11	3,15,17,23	15,20,21,22	5,7,10,21,25
2	1	828	27	817	800	2,11	10,15,17,23	7,15,20,21	5,7,10,21,25
2	1	828	27	817	800	2,11	10,15,17,23	7,15,21,22	5,7,10,21,25
3	0	828	27	817	526	0,9	7,9,13,26	4,14,18,25	3,8,9,21,25
3	0	828	27	817	526	0,9	7,9,14,26	4,14,25,26	3,8,9,21,25
3	0	828	27	817	527	0,9	7,9,13,14	4,14,18,25	3,8,9,21,25
3	0	828	27	817	527	0,9	7,9,13,14	4,14,25,26	3,8,9,21,25
3	0	828	27	817	527	0,9	7,9,13,26	4,18,25,26	3,8,9,21,25
3	0	828	27	817	527	0,9	7,13,14,26	4,14,18,26	3,8,9,21,25
3	0	828	27	817	527	0,9	7,13,14,26	4,18,25,26	3,8,9,21,25
3	0	828	27	817	527	0,9	7,13,14,26	14,18,25,26	3,8,9,21,25
3	0	828	27	817	527	0,9	9,13,14,26	4,14,18,26	3,8,9,21,25
3	0	828	27	817	527	0,9	9,13,14,26	4,14,25,26	3,8,9,21,25
3	0	828	27	817	796	18,20	4,8,11,21	4,6,13,19	3,11,15,16,22
3	0	828	27	817	798	18,20	4,8,21,26	4,6,17,19	3,11,15,16,22
3	0	828	27	817	798	18,20	4,11,21,26	4,6,13,17	3,11,15,16,22
3	0	828	27	817	799	18,19	3,7,10,23	5,7,15,20	5,10,15,17,21
3	0	828	27	817	799	18,19	3,7,10,25	5,14,15,20	5,10,15,17,21
3	0	828	27	817	800	18,19	3,7,10,23	5,7,14,15	5,10,15,17,21
3	0	828	27	817	800	18,19	3,7,10,23	5,14,15,20	5,10,15,17,21
3	0	828	27	817	800	18,19	3,7,23,25	5,7,14,20	5,10,15,17,21
3	0	828	27	817	800	18,19	3,7,23,25	5,14,15,20	5,10,15,17,21
3	0	828	27	817	800	18,19	3,7,23,25	7,14,15,20	5,10,15,17,21
3	0	828	27	817	800	18,19	7,10,23,25	5,7,14,15	5,10,15,17,21
3	0	828	27	817	800	18,19	7,10,23,25	5,7,15,20	5,10,15,17,21
3	1	828	27	817	526	19,20	3,7,9,21	4,14,15,18	8,9,13,14,25
3	1	828	27	817	526	19,20	3,9,21,26	4,14,15,18	8,9,13,14,25
3	1	828	27	817	526	19,20	7,9,21,26	4,6,15,18	8,9,13,14,25
3	1	828	27	817	527	19,20	3,7,9,21	4,6,14,15	8,9,13,14,25
3	1	828	27	817	527	19,20	3,7,9,21	4,14,15,18	8,9,13,14,25
3	1	828	27	817	527	19,20	3,7,21,26	4,6,15,18	8,9,13,14,25
3	1	828	27	817	527	19,20	3,7,21,26	6,14,15,18	8,9,13,14,25
3	1	828	27	817	527	19,20	3,9,21,26	4,6,14,15	8,9,13,14,25
3	1	828	27	817	527	19,20	3,9,21,26	6,14,15,18	8,9,13,14,25
3	1	828	27	817	796	1,10	4,11,16,21	6,17,21,23	3,8,11,22,26
3	1	828	27	817	796	1,10	4,15,16,21	6,17,19,21	3,8,11,22,26
3	1	828	27	817	798	1,10	4,11,15,21	6,19,21,23	3,8,11,22,26
3	1	828	27	817	799	2,11	3,10,15,17	7,20,21,22	5,7,10,21,25
3	1	828	27	817	799	2,11	3,10,15,23	7,15,20,21	5,7,10,21,25
3	1	828	27	817	800	2,11	3,10,15,23	7,15,21,22	5,7,10,21,25
3	1	828	27	817	800	2,11	3,10,15,23	7,20,21,22	5,7,10,21,25
3	1	828	27	817	800	2,11	3,15,17,23	7,15,20,22	5,7,10,21,25
3	1	828	27	817	800	2,11	3,15,17,23	7,20,21,22	5,7,10,21,25
3	1	828	27	817	800	2,11	3,15,17,23	15,20,21,22	5,7,10,21,25
3	1	828	27	817	800	2,11	10,15,17,23	7,15,20,21	5,7,10,21,25
3	1	828	27	817	800	2,11	10,15,17,23	7,15,21,22	5,7,10,21,25
Cap configurations: 288

3-flat point count: 8,2,8;3,4,0;5,7,4
Excluded point counts: 1,1,1
Cap configurations: 0

3-flat point count: 8,2,8;3,1,3;7,4,5
Excluded point counts: 5,18,18
Cap configurations: 0

3-flat point count: 8,2,8;2,2,3;7,4,5
Excluded point counts: 5,18,18;6,17,18
0	0	828	12	827	80	15,24	3,7,8,19	4,5,20	3,9,17,18,25
0	0	828	12	827	80	15,24	3,7,8,19	4,6,20	3,9,17,18,25
0	0	828	12	827	80	15,24	3,7,8,19	6,10,20	3,9,17,18,25
0	0	828	12	827	80	15,24	3,7,11,19	4,5,6	3,9,17,18,25
0	0	828	12	827	80	15,24	3,7,11,19	4,5,20	3,9,17,18,25
0	0	828	12	827	80	15,24	3,7,11,19	4,6,10	3,9,17,18,25
0	0	828	12	827	80	15,24	3,7,11,19	4,10,20	3,9,17,18,25
0	0	828	12	827	80	15,24	7,8,11,19	4,6,10	3,9,17,18,25
0	0	828	12	827	80	15,24	7,8,11,19	4,10,20	3,9,17,18,25
0	0	828	12	827	80	15,24	7,8,11,19	5,6,10	3,9,17,18,25
0	0	828	12	827	155	4,5	6,9,14,18	3,9,16	4,5,6,11,19
0	0	828	12	827	155	4,5	6,9,14,22	3,9,16	4,5,6,11,19
0	0	828	12	827	155	4,5	6,9,14,22	9,16,18	4,5,6,11,19
0	0	828	12	827	155	4,5	6,9,14,22	9,16,26	4,5,6,11,19
0	0	828	12	827	155	4,5	6,9,18,22	3,9,26	4,5,6,11,19
0	0	828	12	827	155	4,5	6,9,18,22	3,16,18	4,5,6,11,19
0	0	828	12	827	155	4,5	6,9,18,22	3,16,26	4,5,6,11,19
0	0	828	12	827	155	4,5	6,14,18,22	9,16,18	4,5,6,11,19
0	0	828	12	827	155	4,5	6,14,18,22	9,18,26	4,5,6,11,19
0	0	828	12	827	155	4,5	6,14,18,22	16,18,26	4,5,6,11,19
0	1	828	12	827	80	15,24	3,7,8,19	4,5,20	3,9,17,18,25
0	1	828	12	827	80	15,24	3,7,8,19	4,6,20	3,9,17,18,25
0	1	828	12	827	80	15,24	3,7,8,19	6,10,20	3,9,17,18,25
0	1	828	12	827	80	15,24	3,7,11,19	4,5,6	3,9,17,18,25
0	1	828	12	827	80	15,24	3,7,11,19	4,5,20	3,9,17,18,25
0	1	828	12	827	80	15,24	3,7,11,19	4,6,10	3,9,17,18,25
0	1	828	12	827	80	15,24	3,7,11,19	4,10,20	3,9,17,18,25
0	1	828	12	827	80	15,24	7,8,11,19	4,6,10	3,9,17,18,25
0	1	828	12	827	80	15,24	7,8,11,19	4,10,20	3,9,17,18,25
0	1	828	12	827	80	15,24	7,8,11,19	5,6,10	3,9,17,18,25
0	1	828	12	827	155	4,5	6,9,14,18	3,9,16	4,5,6,11,19
0	1	828	12	827	155	4,5	6,9,14,22	3,9,16	4,5,6,11,19
0	1	828	12	827	155	4,5	6,9,14,22	9,16,18	4,5,6,11,19
0	1	828	12	827	155	4,5	6,9,14,22	9,16,26	4,5,6,11,19
0	1	828	12	827	155	4,5	6,9,18,22	3,9,26	4,5,6,11,19
0	1	828	12	827	155	4,5	6,9,18,22	3,16,18	4,5,6,11,19
0	1	828	12	827	155	4,5	6,9,18,22	3,16,26	4,5,6,11,19
0	1	828	12	827	155	4,5	6,14,18,22	9,16,18	4,5,6,11,19
0	1	828	12	827	155	4,5	6,14,18,22	9,18,26	4,5,6,11,19
0	1	828	12	827	155	4,5	6,14,18,22	16,18,26	4,5,6,11,19
1	0	828	12	827	80	7,8	3,9,18,26	6,9,22	3,7,8,10,20
1	0	828	12	827	80	7,8	3,9,18,26	9,18,22	3,7,8,10,20
1	0	828	12	827	80	7,8	3,16,18,26	6,14,22	3,7,8,10,20
1	0	828	12	827	80	7,8	3,16,18,26	9,14,18	3,7,8,10,20
1	0	828	12	827	80	7,8	3,16,18,26	14,18,22	3,7,8,10,20
1	0	828	12	827	80	7,8	9,16,18,26	6,9,14	3,7,8,10,20
1	0	828	12	827	80	7,8	9,16,18,26	6,14,18	3,7,8,10,20
1	0	828	12	827	155	12,21	4,5,6,10	3,7,11	6,9,13,18,23
1	0	828	12	827	155	12,21	4,5,6,10	7,8,11	6,9,13,18,23
1	0	828	12	827	155	12,21	4,5,10,20	7,8,19	6,9,13,18,23
1	0	828	12	827	155	12,21	4,6,10,20	3,7,8	6,9,13,18,23
1	0	828	12	827	155	12,21	4,6,10,20	3,7,19	6,9,13,18,23
1	0	828	12	827	155	12,21	4,6,10,20	3,8,19	6,9,13,18,23
1	1	828	12	827	80	7,8	3,9,18,26	6,9,22	3,7,8,10,20
1	1	828	12	827	80	7,8	3,9,18,26	9,18,22	3,7,8,10,20
1	1	828	12	827	80	7,8	3,16,18,26	6,14,22	3,7,8,10,20
1	1	828	12	827	80	7,8	3,16,18,26	9,14,18	3,7,8,10,20
1	1	828	12	827	80	7,8	3,16,18,26	14,18,22	3,7,8,10,20
1	1	828	12	827	80	7,8	9,16,18,26	6,9,14	3,7,8,10,20
1	1	828	12	827	80	7,8	9,16,18,26	6,14,18	3,7,8,10,20
1	1	828	12	827	155	12,21	4,5,6,10	3,7,11	6,9,13,18,23
1	1	828	12	827	155	12,21	4,5,6,10	7,8,11	6,9,13,18,23
1	1	828	12	827	155	12,21	4,5,10,20	7,8,19	6,9,13,18,23
1	1	828	12	827	155	12,21	4,6,10,20	3,7,8	6,9,13,18,23
1	1	828	12	827	155	12,21	4,6,10,20	3,7,19	6,9,13,18,23
1	1	828	12	827	155	12,21	4,6,10,20	3,8,19	6,9,13,18,23
2	0	828	12	827	80	15,24	3,7,8,19	4,5,20	3,9,17,18,25
2	0	828	12	827	80	15,24	3,7,8,19	4,6,20	3,9,17,18,25
2	0	828	12	827	80	15,24	3,7,8,19	6,10,20	3,9,17,18,25
2	0	828	12	827	80	15,24	3,7,11,19	4,5,6	3,9,17,18,25
2	0	828	12	827	80	15,24	3,7,11,19	4,5,20	3,9,17,18,25
2	0	828	12	827	80	15,24	3,7,11,19	4,6,10	3,9,17,18,25
2	0	828	12	827	80	15,24	3,7,11,19	4,10,20	3,9,17,18,25
2	0	828	12	827	80	15,24	7,8,11,19	4,6,10	3,9,17,18,25
2	0	828	12	827	80	15,24	7,8,11,19	4,10,20	3,9,17,18,25
2	0	828	12	827	80	15,24	7,8,11,19	5,6,10	3,9,17,18,25
2	0	828	12	827	155	4,5	6,9,14,18	3,9,16	4,5,6,11,19
2	0	828	12	827	155	4,5	6,9,14,22	3,9,16	4,5,6,11,19
2	0	828	12	827	155	4,5	6,9,14,22	9,16,18	4,5,6,11,19
2	0	828	12	827	155	4,5	6,9,14,22	9,16,26	4,5,6,11,19
2	0	828	12	827	155	4,5	6,9,18,22	3,9,26	4,5,6,11,19
2	0	828	12	827	155	4,5	6,9,18,22	3,16,18	4,5,6,11,19
2	0	828	12	827	155	4,5	6,9,18,22	3,16,26	4,5,6,11,19
2	0	828	12	827	155	4,5	6,14,18,22	9,16,18	4,5,6,11,19
2	0	828	12	827	155	4,5	6,14,18,22	9,18,26	4,5,6,11,19
2	0	828	12	827	155	4,5	6,14,18,22	16,18,26	4,5,6,11,19
2	1	828	12	827	80	15,24	3,7,8,19	4,5,20	3,9,17,18,25
2	1	828	12	827	80	15,24	3,7,8,19	4,6,20	3,9,17,18,25
2	1	828	12	827	80	15,24	3,7,8,19	6,10,20	3,9,17,18,25
2	1	828	12	827	80	15,24	3,7,11,19	4,5,6	3,9,17,18,25
2	1	828	12	827	80	15,24	3,7,11,19	4,5,20	3,9,17,18,25
2	1	828	12	827	80	15,24	3,7,11,19	4,6,10	3,9,17,18,25
2	1	828	12	827	80	15,24	3,7,11,19	4,10,20	3,9,17,18,25
2	1	828	12	827	80	15,24	7,8,11,19	4,6,10	3,9,17,18,25
2	1	828	12	827	80	15,24	7,8,11,19	4,10,20	3,9,17,18,25
2	1	828	12	827	80	15,24	7,8,11,19	5,6,10	3,9,17,18,25
2	1	828	12	827	155	4,5	6,9,14,18	3,9,16	4,5,6,11,19
2	1	828	12	827	155	4,5	6,9,14,22	3,9,16	4,5,6,11,19
2	1	828	12	827	155	4,5	6,9,14,22	9,16,18	4,5,6,11,19
2	1	828	12	827	155	4,5	6,9,14,22	9,16,26	4,5,6,11,19
2	1	828	12	827	155	4,5	6,9,18,22	3,9,26	4,5,6,11,19
2	1	828	12	827	155	4,5	6,9,18,22	3,16,18	4,5,6,11,19
2	1	828	12	827	155	4,5	6,9,18,22	3,16,26	4,5,6,11,19
2	1	828	12	827	155	4,5	6,14,18,22	9,16,18	4,5,6,11,19
2	1	828	12	827	155	4,5	6,14,18,22	9,18,26	4,5,6,11,19
2	1	828	12	827	155	4,5	6,14,18,22	16,18,26	4,5,6,11,19
3	0	828	12	827	80	7,8	3,9,18,26	6,9,22	3,7,8,10,20
3	0	828	12	827	80	7,8	3,9,18,26	9,18,22	3,7,8,10,20
3	0	828	12	827	80	7,8	3,16,18,26	6,14,22	3,7,8,10,20
3	0	828	12	827	80	7,8	3,16,18,26	9,14,18	3,7,8,10,20
3	0	828	12	827	80	7,8	3,16,18,26	14,18,22	3,7,8,10,20
3	0	828	12	827	80	7,8	9,16,18,26	6,9,14	3,7,8,10,20
3	0	828	12	827	80	7,8	9,16,18,26	6,14,18	3,7,8,10,20
3	0	828	12	827	155	12,21	4,5,6,10	3,7,11	6,9,13,18,23
3	0	828	12	827	155	12,21	4,5,6,10	7,8,11	6,9,13,18,23
3	0	828	12	827	155	12,21	4,5,10,20	7,8,19	6,9,13,18,23
3	0	828	12	827	155	12,21	4,6,10,20	3,7,8	6,9,13,18,23
3	0	828	12	827	155	12,21	4,6,10,20	3,7,19	6,9,13,18,23
3	0	828	12	827	155	12,21	4,6,10,20	3,8,19	6,9,13,18,23
3	1	828	12	827	80	7,8	3,9,18,26	6,9,22	3,7,8,10,20
3	1	828	12	827	80	7,8	3,9,18,26	9,18,22	3,7,8,10,20
3	1	828	12	827	80	7,8	3,16,18,26	6,14,22	3,7,8,10,20
3	1	828	12	827	80	7,8	3,16,18,26	9,14,18	3,7,8,10,20
3	1	828	12	827	80	7,8	3,16,18,26	14,18,22	3,7,8,10,20
3	1	828	12	827	80	7,8	9,16,18,26	6,9,14	3,7,8,10,20
3	1	828	12	827	80	7,8	9,16,18,26	6,14,18	3,7,8,10,20
3	1	828	12	827	155	12,21	4,5,6,10	3,7,11	6,9,13,18,23
3	1	828	12	827	155	12,21	4,5,6,10	7,8,11	6,9,13,18,23
3	1	828	12	827	155	12,21	4,5,10,20	7,8,19	6,9,13,18,23
3	1	828	12	827	155	12,21	4,6,10,20	3,7,8	6,9,13,18,23
3	1	828	12	827	155	12,21	4,6,10,20	3,7,19	6,9,13,18,23
3	1	828	12	827	155	12,21	4,6,10,20	3,8,19	6,9,13,18,23
0	0	828	27	827	172	0,9	7,9,14,26	4,14,26	3,8,9,21,25
0	0	828	27	827	172	0,9	7,9,14,26	14,25,26	3,8,9,21,25
0	0	828	27	827	172	0,9	7,13,14,26	4,14,26	3,8,9,21,25
0	0	828	27	827	172	0,9	7,13,14,26	4,18,26	3,8,9,21,25
0	0	828	27	827	172	0,9	7,13,14,26	14,25,26	3,8,9,21,25
0	0	828	27	827	269	18,20	4,8,11,21	4,13,19	3,11,15,16,22
0	0	828	27	827	269	18,20	4,8,11,21	4,17,19	3,11,15,16,22
0	0	828	27	827	269	18,20	4,8,11,26	4,6,13	3,11,15,16,22
0	0	828	27	827	269	18,20	4,8,11,26	6,13,19	3,11,15,16,22
0	0	828	27	827	269	18,20	4,8,21,26	4,17,19	3,11,15,16,22
0	0	828	27	827	269	18,20	4,8,21,26	13,17,19	3,11,15,16,22
0	0	828	27	827	269	18,20	4,11,21,26	4,13,17	3,11,15,16,22
0	0	828	27	827	269	18,20	4,11,21,26	6,13,17	3,11,15,16,22
0	0	828	27	827	269	18,20	8,11,21,26	4,6,13	3,11,15,16,22
0	0	828	27	827	269	18,20	8,11,21,26	4,6,19	3,11,15,16,22
0	0	828	27	827	271	18,19	3,7,10,23	5,7,15	5,10,15,17,21
0	0	828	27	827	271	18,19	3,7,10,23	5,14,15	5,10,15,17,21
0	0	828	27	827	271	18,19	3,7,10,25	5,14,20	5,10,15,17,21
0	0	828	27	827	271	18,19	3,7,23,25	14,15,20	5,10,15,17,21
0	0	828	27	827	271	18,19	3,10,23,25	5,7,14	5,10,15,17,21
0	0	828	27	827	271	18,19	7,10,23,25	7,15,20	5,10,15,17,21
0	1	828	27	827	172	19,20	3,7,9,21	4,6,14	8,9,13,14,25
0	1	828	27	827	172	19,20	3,7,9,21	4,14,18	8,9,13,14,25
0	1	828	27	827	172	19,20	3,7,9,26	4,6,15	8,9,13,14,25
0	1	828	27	827	172	19,20	3,7,9,26	4,14,15	8,9,13,14,25
0	1	828	27	827	172	19,20	3,7,21,26	4,6,18	8,9,13,14,25
0	1	828	27	827	172	19,20	3,7,21,26	6,14,18	8,9,13,14,25
0	1	828	27	827	172	19,20	3,9,21,26	4,14,15	8,9,13,14,25
0	1	828	27	827	172	19,20	3,9,21,26	6,14,15	8,9,13,14,25
0	1	828	27	827	172	19,20	7,9,21,26	4,6,18	8,9,13,14,25
0	1	828	27	827	172	19,20	7,9,21,26	4,14,18	8,9,13,14,25
0	1	828	27	827	172	19,20	7,9,21,26	4,15,18	8,9,13,14,25
0	1	828	27	827	172	19,20	7,9,21,26	6,15,18	8,9,13,14,25
0	1	828	27	827	269	1,10	4,11,15,16	6,19,21	3,8,11,22,26
0	1	828	27	827	269	1,10	4,11,15,16	6,21,23	3,8,11,22,26
0	1	828	27	827	269	1,10	4,11,15,21	17,19,21	3,8,11,22,26
0	1	828	27	827	269	1,10	4,11,15,21	19,21,23	3,8,11,22,26
0	1	828	27	827	269	1,10	4,11,16,21	6,17,23	3,8,11,22,26
0	1	828	27	827	269	1,10	4,11,16,21	17,21,23	3,8,11,22,26
0	1	828	27	827	269	1,10	4,15,16,21	17,19,21	3,8,11,22,26
0	1	828	27	827	269	1,10	4,15,16,21	17,19,23	3,8,11,22,26
0	1	828	27	827	269	1,10	11,15,16,21	6,19,23	3,8,11,22,26
0	1	828	27	827	269	1,10	11,15,16,21	6,21,23	3,8,11,22,26
0	1	828	27	827	271	2,11	3,10,15,17	20,21,22	5,7,10,21,25
0	1	828	27	827	271	2,11	3,10,15,23	7,15,21	5,7,10,21,25
0	1	828	27	827	271	2,11	3,10,15,23	7,21,22	5,7,10,21,25
0	1	828	27	827	271	2,11	3,10,17,23	15,21,22	5,7,10,21,25
0	1	828	27	827	271	2,11	3,15,17,23	7,20,22	5,7,10,21,25
0	1	828	27	827	271	2,11	10,15,17,23	7,15,20	5,7,10,21,25
1	0	828	27	827	172	0,9	7,9,14,26	4,14,26	3,8,9,21,25
1	0	828	27	827	172	0,9	7,9,14,26	14,25,26	3,8,9,21,25
1	0	828	27	827	172	0,9	7,13,14,26	4,14,26	3,8,9,21,25
1	0	828	27	827	172	0,9	7,13,14,26	4,18,26	3,8,9,21,25
1	0	828	27	827	172	0,9	7,13,14,26	14,25,26	3,8,9,21,25
1	0	828	27	827	269	18,20	4,8,11,21	4,13,19	3,11,15,16,22
1	0	828	27	827	269	18,20	4,8,11,21	4,17,19	3,11,15,16,22
1	0	828	27	827	269	18,20	4,8,11,26	4,6,13	3,11,15,16,22
1	0	828	27	827	269	18,20	4,8,11,26	6,13,19	3,11,15,16,22
1	0	828	27	827	269	18,20	4,8,21,26	4,17,19	3,11,15,16,22
1	0	828	27	827	269	18,20	4,8,21,26	13,17,19	3,11,15,16,22
1	0	828	27	827	269	18,20	4,11,21,26	4,13,17	3,11,15,16,22
1	0	828	27	827	269	18,20	4,11,21,26	6,13,17	3,11,15,16,22
1	0	828	27	827	269	18,20	8,11,21,26	4,6,13	3,11,15,16,22
1	0	828	27	827	269	18,20	8,11,21,26	4,6,19	3,11,15,16,22
1	0	828	27	827	271	18,19	3,7,10,23	5,7,15	5,10,15,17,21
1	0	828	27	827	271	18,19	3,7,10,23	5,14,15	5,10,15,17,21
1	0	828	27	827	271	18,19	3,7,10,25	5,14,20	5,10,15,17,21
1	0	828	27	827	271	18,19	3,7,23,25	14,15,20	5,10,15,17,21
1	0	828	27	827	271	18,19	3,10,23,25	5,7,14	5,10,15,17,21
1	0	828	27	827	271	18,19	7,10,23,25	7,15,20	5,10,15,17,21
1	1	828	27	827	172	19,20	3,7,9,21	4,6,14	8,9,13,14,25
1	1	828	27	827	172	19,20	3,7,9,21	4,14,18	8,9,13,14,25
1	1	828	27	827	172	19,20	3,7,9,26	4,6,15	8,9,13,14,25
1	1	828	27	827	172	19,20	3,7,9,26	4,14,15	8,9,13,14,25
1	1	828	27	827	172	19,20	3,7,21,26	4,6,18	8,9,13,14,25
1	1	828	27	827	172	19,20	3,7,21,26	6,14,18	8,9,13,14,25
1	1	828	27	827	172	19,20	3,9,21,26	4,14,15	8,9,13,14,25
1	1	828	27	827	172	19,20	3,9,21,26	6,14,15	8,9,13,14,25
1	1	828	27	827	172	19,20	7,9,21,26	4,6,18	8,9,13,14,25
1	1	828	27	827	172	19,20	7,9,21,26	4,14,18	8,9,13,14,25
1	1	828	27	827	172	19,20	7,9,21,26	4,15,18	8,9,13,14,25
1	1	828	27	827	172	19,20	7,9,21,26	6,15,18	8,9,13,14,25
1	1	828	27	827	269	1,10	4,11,15,16	6,19,21	3,8,11,22,26
1	1	828	27	827	269	1,10	4,11,15,16	6,21,23	3,8,11,22,26
1	1	828	27	827	269	1,10	4,11,15,21	17,19,21	3,8,11,22,26
1	1	828	27	827	269	1,10	4,11,15,21	19,21,23	3,8,11,22,26
1	1	828	27	827	269	1,10	4,11,16,21	6,17,23	3,8,11,22,26
1	1	828	27	827	269	1,10	4,11,16,21	17,21,23	3,8,11,22,26
1	1	828	27	827	269	1,10	4,15,16,21	17,19,21	3,8,11,22,26
1	1	828	27	827	269	1,10	4,15,16,21	17,19,23	3,8,11,22,26
1	1	828	27	827	269	1,10	11,15,16,21	6,19,23	3,8,11,22,26
1	1	828	27	827	269	1,10	11,15,16,21	6,21,23	3,8,11,22,26
1	1	828	27	827	271	2,11	3,10,15,17	20,21,22	5,7,10,21,25
1	1	828	27	827	271	2,11	3,10,15,23	7,15,21	5,7,10,21,25
1	1	828	27	827	271	2,11	3,10,15,23	7,21,22	5,7,10,21,25
1	1	828	27	827	271	2,11	3,10,17,23	15,21,22	5,7,10,21,25
1	1	828	27	827	271	2,11	3,15,17,23	7,20,22	5,7,10,21,25
1	1	828	27	827	271	2,11	10,15,17,23	7,15,20	5,7,10,21,25
2	0	828	27	827	172	0,9	7,9,14,26	4,14,26	3,8,9,21,25
2	0	828	27	827	172	0,9	7,9,14,26	14,25,26	3,8,9,21,25
2	0	828	27	827	172	0,9	7,13,14,26	4,14,26	3,8,9,21,25
2	0	828	27	827	172	0,9	7,13,14,26	4,18,26	3,8,9,21,25
2	0	828	27	827	172	0,9	7,13,14,26	14,25,26	3,8,9,21,25
2	0	828	27	827	269	18,20	4,8,11,21	4,13,19	3,11,15,16,22
2	0	828	27	827	269	18,20	4,8,11,21	4,17,19	3,11,15,16,22
2	0	828	27	827	269	18,20	4,8,11,26	4,6,13	3,11,15,16,22
2	0	828	27	827	269	18,20	4,8,11,26	6,13,19	3,11,15,16,22
2	0	828	27	827	269	18,20	4,8,21,26	4,17,19	3,11,15,16,22
2	0	828	27	827	269	18,20	4,8,21,26	13,17,19	3,11,15,16,22
2	0	828	27	827	269	18,20	4,11,21,26	4,13,17	3,11,15,16,22
2	0	828	27	827	269	18,20	4,11,21,26	6,13,17	3,11,15,16,22
2	0	828	27	827	269	18,20	8,11,21,26	4,6,13	3,11,15,16,22
2	0	828	27	827	269	18,20	8,11,21,26	4,6,19	3,11,15,16,22
2	0	828	27	827	271	18,19	3,7,10,23	5,7,15	5,10,15,17,21
2	0	828	27	827	271	18,19	3,7,10,23	5,14,15	5,10,15,17,21
2	0	828	27	827	271	18,19	3,7,10,25	5,14,20	5,10,15,17,21
2	0	828	27	827	271	18,19	3,7,23,25	14,15,20	5,10,15,17,21
2	0	828	27	827	271	18,19	3,10,23,25	5,7,14	5,10,15,17,21
2	0	828	27	827	271	18,19	7,10,23,25	7,15,20	5,10,15,17,21
2	1	828	27	827	172	19,20	3,7,9,21	4,6,14	8,9,13,14,25
2	1	828	27	827	172	19,20	3,7,9,21	4,14,18	8,9,13,14,25
2	1	828	27	827	172	19,20	3,7,9,26	4,6,15	8,9,13,14,25
2	1	828	27	827	172	19,20	3,7,9,26	4,14,15	8,9,13,14,25
2	1	828	27	827	172	19,20	3,7,21,26	4,6,18	8,9,13,14,25
2	1	828	27	827	172	19,20	3,7,21,26	6,14,18	8,9,13,14,25
2	1	828	27	827	172	19,20	3,9,21,26	4,14,15	8,9,13,14,25
2	1	828	27	827	172	19,20	3,9,21,26	6,14,15	8,9,13,14,25
2	1	828	27	827	172	19,20	7,9,21,26	4,6,18	8,9,13,14,25
2	1	828	27	827	172	19,20	7,9,21,26	4,14,18	8,9,13,14,25
2	1	828	27	827	172	19,20	7,9,21,26	4,15,18	8,9,13,14,25
2	1	828	27	827	172	19,20	7,9,21,26	6,15,18	8,9,13,14,25
2	1	828	27	827	269	1,10	4,11,15,16	6,19,21	3,8,11,22,26
2	1	828	27	827	269	1,10	4,11,15,16	6,21,23	3,8,11,22,26
2	1	828	27	827	269	1,10	4,11,15,21	17,19,21	3,8,11,22,26
2	1	828	27	827	269	1,10	4,11,15,21	19,21,23	3,8,11,22,26
2	1	828	27	827	269	1,10	4,11,16,21	6,17,23	3,8,11,22,26
2	1	828	27	827	269	1,10	4,11,16,21	17,21,23	3,8,11,22,26
2	1	828	27	827	269	1,10	4,15,16,21	17,19,21	3,8,11,22,26
2	1	828	27	827	269	1,10	4,15,16,21	17,19,23	3,8,11,22,26
2	1	828	27	827	269	1,10	11,15,16,21	6,19,23	3,8,11,22,26
2	1	828	27	827	269	1,10	11,15,16,21	6,21,23	3,8,11,22,26
2	1	828	27	827	271	2,11	3,10,15,17	20,21,22	5,7,10,21,25
2	1	828	27	827	271	2,11	3,10,15,23	7,15,21	5,7,10,21,25
2	1	828	27	827	271	2,11	3,10,15,23	7,21,22	5,7,10,21,25
2	1	828	27	827	271	2,11	3,10,17,23	15,21,22	5,7,10,21,25
2	1	828	27	827	271	2,11	3,15,17,23	7,20,22	5,7,10,21,25
2	1	828	27	827	271	2,11	10,15,17,23	7,15,20	5,7,10,21,25
3	0	828	27	827	172	0,9	7,9,14,26	4,14,26	3,8,9,21,25
3	0	828	27	827	172	0,9	7,9,14,26	14,25,26	3,8,9,21,25
3	0	828	27	827	172	0,9	7,13,14,26	4,14,26	3,8,9,21,25
3	0	828	27	827	172	0,9	7,13,14,26	4,18,26	3,8,9,21,25
3	0	828	27	827	172	0,9	7,13,14,26	14,25,26	3,8,9,21,25
3	0	828	27	827	269	18,20	4,8,11,21	4,13,19	3,11,15,16,22
3	0	828	27	827	269	18,20	4,8,11,21	4,17,19	3,11,15,16,22
3	0	828	27	827	269	18,20	4,8,11,26	4,6,13	3,11,15,16,22
3	0	828	27	827	269	18,20	4,8,11,26	6,13,19	3,11,15,16,22
3	0	828	27	827	269	18,20	4,8,21,26	4,17,19	3,11,15,16,22
3	0	828	27	827	269	18,20	4,8,21,26	13,17,19	3,11,15,16,22
3	0	828	27	827	269	18,20	4,11,21,26	4,13,17	3,11,15,16,22
3	0	828	27	827	269	18,20	4,11,21,26	6,13,17	3,11,15,16,22
3	0	828	27	827	269	18,20	8,11,21,26	4,6,13	3,11,15,16,22
3	0	828	27	827	269	18,20	8,11,21,26	4,6,19	3,11,15,16,22
3	0	828	27	827	271	18,19	3,7,10,23	5,7,15	5,10,15,17,21
3	0	828	27	827	271	18,19	3,7,10,23	5,14,15	5,10,15,17,21
3	0	828	27	827	271	18,19	3,7,10,25	5,14,20	5,10,15,17,21
3	0	828	27	827	271	18,19	3,7,23,25	14,15,20	5,10,15,17,21
3	0	828	27	827	271	18,19	3,10,23,25	5,7,14	5,10,15,17,21
3	0	828	27	827	271	18,19	7,10,23,25	7,15,20	5,10,15,17,21
3	1	828	27	827	172	19,20	3,7,9,21	4,6,14	8,9,13,14,25
3	1	828	27	827	172	19,20	3,7,9,21	4,14,18	8,9,13,14,25
3	1	828	27	827	172	19,20	3,7,9,26	4,6,15	8,9,13,14,25
3	1	828	27	827	172	19,20	3,7,9,26	4,14,15	8,9,13,14,25
3	1	828	27	827	172	19,20	3,7,21,26	4,6,18	8,9,13,14,25
3	1	828	27	827	172	19,20	3,7,21,26	6,14,18	8,9,13,14,25
3	1	828	27	827	172	19,20	3,9,21,26	4,14,15	8,9,13,14,25
3	1	828	27	827	172	19,20	3,9,21,26	6,14,15	8,9,13,14,25
3	1	828	27	827	172	19,20	7,9,21,26	4,6,18	8,9,13,14,25
3	1	828	27	827	172	19,20	7,9,21,26	4,14,18	8,9,13,14,25
3	1	828	27	827	172	19,20	7,9,21,26	4,15,18	8,9,13,14,25
3	1	828	27	827	172	19,20	7,9,21,26	6,15,18	8,9,13,14,25
3	1	828	27	827	269	1,10	4,11,15,16	6,19,21	3,8,11,22,26
3	1	828	27	827	269	1,10	4,11,15,16	6,21,23	3,8,11,22,26
3	1	828	27	827	269	1,10	4,11,15,21	17,19,21	3,8,11,22,26
3	1	828	27	827	269	1,10	4,11,15,21	19,21,23	3,8,11,22,26
3	1	828	27	827	269	1,10	4,11,16,21	6,17,23	3,8,11,22,26
3	1	828	27	827	269	1,10	4,11,16,21	17,21,23	3,8,11,22,26
3	1	828	27	827	269	1,10	4,15,16,21	17,19,21	3,8,11,22,26
3	1	828	27	827	269	1,10	4,15,16,21	17,19,23	3,8,11,22,26
3	1	828	27	827	269	1,10	11,15,16,21	6,19,23	3,8,11,22,26
3	1	828	27	827	269	1,10	11,15,16,21	6,21,23	3,8,11,22,26
3	1	828	27	827	271	2,11	3,10,15,17	20,21,22	5,7,10,21,25
3	1	828	27	827	271	2,11	3,10,15,23	7,15,21	5,7,10,21,25
3	1	828	27	827	271	2,11	3,10,15,23	7,21,22	5,7,10,21,25
3	1	828	27	827	271	2,11	3,10,17,23	15,21,22	5,7,10,21,25
3	1	828	27	827	271	2,11	3,15,17,23	7,20,22	5,7,10,21,25
3	1	828	27	827	271	2,11	10,15,17,23	7,15,20	5,7,10,21,25
Cap configurations: 328

3-flat point count: 8,2,8;1,3,3;7,4,5
Excluded point counts: 1,1,1
Cap configurations: 0

3-flat point count: 8,2,8;3,2,2;7,4,5
Excluded point counts: 1,1,1
Cap configurations: 0

3-flat point count: 8,2,8;2,3,2;7,4,5
Excluded point counts: 1,1,1
Cap configurations: 0

3-flat point count: 8,2,8;3,3,1;7,4,5
Excluded point counts: 1,1,1
Cap configurations: 0

3-flat point count: 8,2,8;3,6,7;6,1,0
Excluded point counts: 1,1,1
Cap configurations: 0

3-flat point count: 8,2,8;3,6,7;6,0,1
Excluded point counts: 1,1,1
Cap configurations: 0

8,2,8;2,0,5;7,3,6: has a {19,5,17} 4-flat direction; already covered by {19,5,17} cases.

8,2,8;3,6,7;5,1,1: has a {19,6,16} 4-flat direction; already covered by {19,6,16} cases.

3-flat point count: 8,2,8;3,6,7;5,0,2
Excluded point counts: 1,1,1
Cap configurations: 0

8,2,8;2,1,4;7,3,6: has a {18,6,17} 4-flat direction; already covered by {18,6,17} cases.

3-flat point count: 8,2,8;1,2,4;7,3,6
Excluded point counts: 1,1,1
Cap configurations: 0

3-flat point count: 8,2,8;3,4,0;6,7,3
Excluded point counts: 1,1,1
Cap configurations: 0

8,2,8;3,1,3;7,3,6: has a {18,6,17} 4-flat direction; already covered by {18,6,17} cases.

3-flat point count: 8,2,8;2,2,3;7,3,6
Excluded point counts: 6,17,18
Cap configurations: 0

3-flat point count: 8,2,8;3,3,1;6,7,3
Excluded point counts: 1,1,1
Cap configurations: 0

3-flat point count: 8,2,8;3,2,2;7,3,6
Excluded point counts: 1,1,1
Cap configurations: 0

3-flat point count: 8,2,8;2,3,2;7,3,6
Excluded point counts: 1,1,1
Cap configurations: 0

3-flat point count: 8,2,8;3,3,1;7,3,6
Excluded point counts: 1,1,1
Cap configurations: 0

8,2,8;6,1,0;6,4,6: impossible (in 866, 8 is cu)

8,2,8;6,0,1;6,4,6: impossible (in 866, 8 is cu)

8,2,8;5,2,0;6,4,6: impossible (in 856, 8 is cu)

8,2,8;5,1,1;6,4,6: impossible (in 856, 8 is cu)

8,2,8;5,0,2;6,4,6: impossible (in 856, 8 is cu)

3-flat point count: 8,2,8;4,3,0;6,4,6
Excluded point counts: 1,1,1
Cap configurations: 0

3-flat point count: 8,2,8;4,2,1;6,4,6
Excluded point counts: 1,1,1
Cap configurations: 0

3-flat point count: 8,2,8;4,1,2;6,4,6
Excluded point counts: 6,17,18
Cap configurations: 0

3-flat point count: 8,2,8;4,0,3;6,4,6
Excluded point counts: 1,1,1
Cap configurations: 0

3-flat point count: 8,2,8;4,0,3;6,6,4
Excluded point counts: 1,1,1
Cap configurations: 0

3-flat point count: 8,2,8;3,3,1;6,4,6
Excluded point counts: 1,1,1
Cap configurations: 0

3-flat point count: 8,2,8;3,2,2;6,4,6
Excluded point counts: 6,17,18
Cap configurations: 0

3-flat point count: 8,2,8;3,1,3;6,4,6
Excluded point counts: 1,1,1
Cap configurations: 0

3-flat point count: 8,2,8;3,0,4;6,4,6
Excluded point counts: 1,1,1
Cap configurations: 0

8,2,8;5,0,2;6,6,4: impossible (in 856, 8 is cu)

3-flat point count: 8,2,8;4,1,2;6,6,4
Excluded point counts: 1,1,1
Cap configurations: 0

3-flat point count: 8,2,8;3,2,2;6,6,4
Excluded point counts: 1,1,1
Cap configurations: 0

3-flat point count: 8,2,8;2,2,3;6,4,6
Excluded point counts: 6,17,18
Cap configurations: 0

3-flat point count: 8,2,8;2,1,4;6,4,6
Excluded point counts: 6,17,18
Cap configurations: 0

3-flat point count: 8,2,8;4,6,6;5,2,0
Excluded point counts: 1,1,1
Cap configurations: 0

8,2,8;6,0,1;6,6,4: impossible (in 866, 8 is cu)

8,2,8;5,1,1;6,6,4: impossible (in 856, 8 is cu)

3-flat point count: 8,2,8;4,2,1;6,6,4
Excluded point counts: 1,1,1
Cap configurations: 0

3-flat point count: 8,2,8;3,3,1;6,6,4
Excluded point counts: 1,1,1
Cap configurations: 0

3-flat point count: 8,2,8;2,4,1;6,6,4
Excluded point counts: 1,1,1
Cap configurations: 0

3-flat point count: 8,2,8;4,6,6;5,1,1
Excluded point counts: 1,1,1
Cap configurations: 0

3-flat point count: 8,2,8;4,6,6;6,1,0
Excluded point counts: 1,1,1
Cap configurations: 0

8,2,8;6,1,0;6,6,4: impossible (in 866, 8 is cu)

8,2,8;5,2,0;6,6,4: impossible (in 856, 8 is cu)

3-flat point count: 8,2,8;4,3,0;6,6,4
Excluded point counts: 1,1,1
Cap configurations: 0

3-flat point count: 8,2,8;3,4,0;6,6,4
Excluded point counts: 1,1,1
Cap configurations: 0

3-flat point count: 8,2,8;4,6,6;5,0,2
Excluded point counts: 1,1,1
Cap configurations: 0

3-flat point count: 8,2,8;4,6,6;6,0,1
Excluded point counts: 1,1,1
Cap configurations: 0

8,2,8;5,5,6;6,1,0: impossible (in 856, 8 is cu)

8,2,8;5,5,6;6,0,1: impossible (in 856, 8 is cu)

3-flat point count: 8,2,8;5,2,0;5,5,6
Excluded point counts: 5,18,18;6,17,18
0	0	828	12	855	8	3,6	0,7,8,14,22		1,2,7,8,9,12
0	0	828	12	855	8	3,6	0,7,8,14,22		1,2,7,8,9,18
0	0	828	12	855	8	3,6	0,7,8,14,22		1,2,7,8,18,21
0	0	828	12	855	8	3,6	0,7,8,14,22		1,2,9,12,18,21
0	0	828	12	855	8	3,6	0,7,8,14,22		1,8,9,12,18,21
0	0	828	12	855	8	3,6	0,7,8,14,22		2,7,9,12,18,21
0	0	828	12	855	8	3,6	0,7,8,14,22		7,8,9,12,18,21
0	1	828	12	855	8	3,6	0,7,8,14,22		1,2,7,8,9,12
0	1	828	12	855	8	3,6	0,7,8,14,22		1,2,7,8,9,18
0	1	828	12	855	8	3,6	0,7,8,14,22		1,2,7,8,18,21
0	1	828	12	855	8	3,6	0,7,8,14,22		1,2,9,12,18,21
0	1	828	12	855	8	3,6	0,7,8,14,22		1,8,9,12,18,21
0	1	828	12	855	8	3,6	0,7,8,14,22		2,7,9,12,18,21
0	1	828	12	855	8	3,6	0,7,8,14,22		7,8,9,12,18,21
2	0	828	12	855	8	3,6	0,7,8,14,22		1,2,7,8,9,12
2	0	828	12	855	8	3,6	0,7,8,14,22		1,2,7,8,9,18
2	0	828	12	855	8	3,6	0,7,8,14,22		1,2,7,8,18,21
2	0	828	12	855	8	3,6	0,7,8,14,22		1,2,9,12,18,21
2	0	828	12	855	8	3,6	0,7,8,14,22		1,8,9,12,18,21
2	0	828	12	855	8	3,6	0,7,8,14,22		2,7,9,12,18,21
2	0	828	12	855	8	3,6	0,7,8,14,22		7,8,9,12,18,21
2	1	828	12	855	8	3,6	0,7,8,14,22		1,2,7,8,9,12
2	1	828	12	855	8	3,6	0,7,8,14,22		1,2,7,8,9,18
2	1	828	12	855	8	3,6	0,7,8,14,22		1,2,7,8,18,21
2	1	828	12	855	8	3,6	0,7,8,14,22		1,2,9,12,18,21
2	1	828	12	855	8	3,6	0,7,8,14,22		1,8,9,12,18,21
2	1	828	12	855	8	3,6	0,7,8,14,22		2,7,9,12,18,21
2	1	828	12	855	8	3,6	0,7,8,14,22		7,8,9,12,18,21
0	1	828	27	855	8	11,19	0,4,5,16,26		4,5,12,16,17,21
0	1	828	27	855	8	11,19	0,4,5,16,26		4,5,12,16,17,25
0	1	828	27	855	8	11,19	0,4,5,16,26		4,5,12,16,17,26
0	1	828	27	855	8	11,19	0,4,5,16,26		4,5,12,16,21,26
0	1	828	27	855	8	11,19	0,4,5,16,26		4,5,12,17,21,25
0	1	828	27	855	8	11,19	0,4,5,16,26		4,5,12,21,25,26
0	1	828	27	855	8	11,19	0,4,5,16,26		4,5,16,21,25,26
0	1	828	27	855	8	11,19	0,4,5,16,26		4,5,17,21,25,26
0	1	828	27	855	8	11,19	0,4,5,16,26		4,12,16,17,21,25
0	1	828	27	855	8	11,19	0,4,5,16,26		4,12,16,21,25,26
0	1	828	27	855	8	11,19	0,4,5,16,26		5,12,16,17,21,26
0	1	828	27	855	8	11,19	0,4,5,16,26		5,12,17,21,25,26
0	1	828	27	855	8	11,19	0,4,5,16,26		12,16,17,21,25,26
1	1	828	27	855	8	11,19	0,4,5,16,26		4,5,12,16,17,21
1	1	828	27	855	8	11,19	0,4,5,16,26		4,5,12,16,17,25
1	1	828	27	855	8	11,19	0,4,5,16,26		4,5,12,16,17,26
1	1	828	27	855	8	11,19	0,4,5,16,26		4,5,12,16,21,26
1	1	828	27	855	8	11,19	0,4,5,16,26		4,5,12,17,21,25
1	1	828	27	855	8	11,19	0,4,5,16,26		4,5,12,21,25,26
1	1	828	27	855	8	11,19	0,4,5,16,26		4,5,16,21,25,26
1	1	828	27	855	8	11,19	0,4,5,16,26		4,5,17,21,25,26
1	1	828	27	855	8	11,19	0,4,5,16,26		4,12,16,17,21,25
1	1	828	27	855	8	11,19	0,4,5,16,26		4,12,16,21,25,26
1	1	828	27	855	8	11,19	0,4,5,16,26		5,12,16,17,21,26
1	1	828	27	855	8	11,19	0,4,5,16,26		5,12,17,21,25,26
1	1	828	27	855	8	11,19	0,4,5,16,26		12,16,17,21,25,26
2	1	828	27	855	8	11,19	0,4,5,16,26		4,5,12,16,17,21
2	1	828	27	855	8	11,19	0,4,5,16,26		4,5,12,16,17,25
2	1	828	27	855	8	11,19	0,4,5,16,26		4,5,12,16,17,26
2	1	828	27	855	8	11,19	0,4,5,16,26		4,5,12,16,21,26
2	1	828	27	855	8	11,19	0,4,5,16,26		4,5,12,17,21,25
2	1	828	27	855	8	11,19	0,4,5,16,26		4,5,12,21,25,26
2	1	828	27	855	8	11,19	0,4,5,16,26		4,5,16,21,25,26
2	1	828	27	855	8	11,19	0,4,5,16,26		4,5,17,21,25,26
2	1	828	27	855	8	11,19	0,4,5,16,26		4,12,16,17,21,25
2	1	828	27	855	8	11,19	0,4,5,16,26		4,12,16,21,25,26
2	1	828	27	855	8	11,19	0,4,5,16,26		5,12,16,17,21,26
2	1	828	27	855	8	11,19	0,4,5,16,26		5,12,17,21,25,26
2	1	828	27	855	8	11,19	0,4,5,16,26		12,16,17,21,25,26
3	1	828	27	855	8	11,19	0,4,5,16,26		4,5,12,16,17,21
3	1	828	27	855	8	11,19	0,4,5,16,26		4,5,12,16,17,25
3	1	828	27	855	8	11,19	0,4,5,16,26		4,5,12,16,17,26
3	1	828	27	855	8	11,19	0,4,5,16,26		4,5,12,16,21,26
3	1	828	27	855	8	11,19	0,4,5,16,26		4,5,12,17,21,25
3	1	828	27	855	8	11,19	0,4,5,16,26		4,5,12,21,25,26
3	1	828	27	855	8	11,19	0,4,5,16,26		4,5,16,21,25,26
3	1	828	27	855	8	11,19	0,4,5,16,26		4,5,17,21,25,26
3	1	828	27	855	8	11,19	0,4,5,16,26		4,12,16,17,21,25
3	1	828	27	855	8	11,19	0,4,5,16,26		4,12,16,21,25,26
3	1	828	27	855	8	11,19	0,4,5,16,26		5,12,16,17,21,26
3	1	828	27	855	8	11,19	0,4,5,16,26		5,12,17,21,25,26
3	1	828	27	855	8	11,19	0,4,5,16,26		12,16,17,21,25,26
Cap configurations: 80

3-flat point count: 8,2,8;5,1,1;5,5,6
Excluded point counts: 5,18,18;6,17,18
0	0	828	12	855	8	3	0,7,8,14,22	1	1,2,7,9,12,21
0	0	828	12	855	8	3	0,7,8,14,22	1	1,2,8,9,18,21
0	0	828	12	855	8	3	0,7,8,14,22	1	2,7,9,12,18,21
0	0	828	12	855	8	3	0,7,8,14,22	2	1,2,7,9,12,18
0	0	828	12	855	8	3	0,7,8,14,22	2	1,2,8,12,18,21
0	0	828	12	855	8	3	0,7,8,14,22	2	1,8,9,12,18,21
0	0	828	12	855	8	6	0,7,8,14,22	1	1,2,7,8,9,12
0	0	828	12	855	8	6	0,7,8,14,22	1	1,2,7,8,18,21
0	0	828	12	855	8	6	0,7,8,14,22	1	1,2,7,9,12,21
0	0	828	12	855	8	6	0,7,8,14,22	1	1,2,8,9,12,18
0	0	828	12	855	8	6	0,7,8,14,22	1	1,2,9,12,18,21
0	0	828	12	855	8	6	0,7,8,14,22	1	1,7,9,12,18,21
0	0	828	12	855	8	6	0,7,8,14,22	2	1,2,7,8,9,12
0	0	828	12	855	8	6	0,7,8,14,22	2	1,2,7,8,18,21
0	0	828	12	855	8	6	0,7,8,14,22	2	1,2,7,9,18,21
0	0	828	12	855	8	6	0,7,8,14,22	2	1,2,8,12,18,21
0	0	828	12	855	8	6	0,7,8,14,22	2	1,2,9,12,18,21
0	0	828	12	855	8	6	0,7,8,14,22	2	2,8,9,12,18,21
0	1	828	12	855	8	3	0,7,8,14,22	1	1,2,7,9,12,21
0	1	828	12	855	8	3	0,7,8,14,22	1	1,2,8,9,18,21
0	1	828	12	855	8	3	0,7,8,14,22	1	2,7,9,12,18,21
0	1	828	12	855	8	3	0,7,8,14,22	2	1,2,7,9,12,18
0	1	828	12	855	8	3	0,7,8,14,22	2	1,2,8,12,18,21
0	1	828	12	855	8	3	0,7,8,14,22	2	1,8,9,12,18,21
0	1	828	12	855	8	6	0,7,8,14,22	1	1,2,7,8,9,12
0	1	828	12	855	8	6	0,7,8,14,22	1	1,2,7,8,18,21
0	1	828	12	855	8	6	0,7,8,14,22	1	1,2,7,9,12,21
0	1	828	12	855	8	6	0,7,8,14,22	1	1,2,8,9,12,18
0	1	828	12	855	8	6	0,7,8,14,22	1	1,2,9,12,18,21
0	1	828	12	855	8	6	0,7,8,14,22	1	1,7,9,12,18,21
0	1	828	12	855	8	6	0,7,8,14,22	2	1,2,7,8,9,12
0	1	828	12	855	8	6	0,7,8,14,22	2	1,2,7,8,18,21
0	1	828	12	855	8	6	0,7,8,14,22	2	1,2,7,9,18,21
0	1	828	12	855	8	6	0,7,8,14,22	2	1,2,8,12,18,21
0	1	828	12	855	8	6	0,7,8,14,22	2	1,2,9,12,18,21
0	1	828	12	855	8	6	0,7,8,14,22	2	2,8,9,12,18,21
2	0	828	12	855	8	3	0,7,8,14,22	1	1,2,7,9,12,21
2	0	828	12	855	8	3	0,7,8,14,22	1	1,2,8,9,18,21
2	0	828	12	855	8	3	0,7,8,14,22	1	2,7,9,12,18,21
2	0	828	12	855	8	3	0,7,8,14,22	2	1,2,7,9,12,18
2	0	828	12	855	8	3	0,7,8,14,22	2	1,2,8,12,18,21
2	0	828	12	855	8	3	0,7,8,14,22	2	1,8,9,12,18,21
2	0	828	12	855	8	6	0,7,8,14,22	1	1,2,7,8,9,12
2	0	828	12	855	8	6	0,7,8,14,22	1	1,2,7,8,18,21
2	0	828	12	855	8	6	0,7,8,14,22	1	1,2,7,9,12,21
2	0	828	12	855	8	6	0,7,8,14,22	1	1,2,8,9,12,18
2	0	828	12	855	8	6	0,7,8,14,22	1	1,2,9,12,18,21
2	0	828	12	855	8	6	0,7,8,14,22	1	1,7,9,12,18,21
2	0	828	12	855	8	6	0,7,8,14,22	2	1,2,7,8,9,12
2	0	828	12	855	8	6	0,7,8,14,22	2	1,2,7,8,18,21
2	0	828	12	855	8	6	0,7,8,14,22	2	1,2,7,9,18,21
2	0	828	12	855	8	6	0,7,8,14,22	2	1,2,8,12,18,21
2	0	828	12	855	8	6	0,7,8,14,22	2	1,2,9,12,18,21
2	0	828	12	855	8	6	0,7,8,14,22	2	2,8,9,12,18,21
2	1	828	12	855	8	3	0,7,8,14,22	1	1,2,7,9,12,21
2	1	828	12	855	8	3	0,7,8,14,22	1	1,2,8,9,18,21
2	1	828	12	855	8	3	0,7,8,14,22	1	2,7,9,12,18,21
2	1	828	12	855	8	3	0,7,8,14,22	2	1,2,7,9,12,18
2	1	828	12	855	8	3	0,7,8,14,22	2	1,2,8,12,18,21
2	1	828	12	855	8	3	0,7,8,14,22	2	1,8,9,12,18,21
2	1	828	12	855	8	6	0,7,8,14,22	1	1,2,7,8,9,12
2	1	828	12	855	8	6	0,7,8,14,22	1	1,2,7,8,18,21
2	1	828	12	855	8	6	0,7,8,14,22	1	1,2,7,9,12,21
2	1	828	12	855	8	6	0,7,8,14,22	1	1,2,8,9,12,18
2	1	828	12	855	8	6	0,7,8,14,22	1	1,2,9,12,18,21
2	1	828	12	855	8	6	0,7,8,14,22	1	1,7,9,12,18,21
2	1	828	12	855	8	6	0,7,8,14,22	2	1,2,7,8,9,12
2	1	828	12	855	8	6	0,7,8,14,22	2	1,2,7,8,18,21
2	1	828	12	855	8	6	0,7,8,14,22	2	1,2,7,9,18,21
2	1	828	12	855	8	6	0,7,8,14,22	2	1,2,8,12,18,21
2	1	828	12	855	8	6	0,7,8,14,22	2	1,2,9,12,18,21
2	1	828	12	855	8	6	0,7,8,14,22	2	2,8,9,12,18,21
0	1	828	27	855	8	11	0,4,5,16,26	1	4,5,12,16,17,25
0	1	828	27	855	8	11	0,4,5,16,26	1	4,5,12,17,25,26
0	1	828	27	855	8	11	0,4,5,16,26	1	4,12,16,17,25,26
0	1	828	27	855	8	11	0,4,5,16,26	1	4,16,17,21,25,26
0	1	828	27	855	8	11	0,4,5,16,26	1	5,12,17,21,25,26
0	1	828	27	855	8	11	0,4,5,16,26	1	12,16,17,21,25,26
0	1	828	27	855	8	11	0,4,5,16,26	2	4,5,12,16,17,21
0	1	828	27	855	8	11	0,4,5,16,26	2	4,5,12,16,17,25
0	1	828	27	855	8	11	0,4,5,16,26	2	4,5,12,16,21,26
0	1	828	27	855	8	11	0,4,5,16,26	2	4,5,12,16,25,26
0	1	828	27	855	8	11	0,4,5,16,26	2	4,5,12,17,21,26
0	1	828	27	855	8	11	0,4,5,16,26	2	4,5,16,17,21,25
0	1	828	27	855	8	19	0,4,5,16,26	1	4,5,12,16,21,25
0	1	828	27	855	8	19	0,4,5,16,26	1	4,5,12,16,21,26
0	1	828	27	855	8	19	0,4,5,16,26	1	4,5,12,17,25,26
0	1	828	27	855	8	19	0,4,5,16,26	1	4,5,12,21,25,26
0	1	828	27	855	8	19	0,4,5,16,26	1	4,5,16,17,21,26
0	1	828	27	855	8	19	0,4,5,16,26	1	4,5,17,21,25,26
0	1	828	27	855	8	19	0,4,5,16,26	2	4,5,16,17,21,25
0	1	828	27	855	8	19	0,4,5,16,26	2	4,5,17,21,25,26
0	1	828	27	855	8	19	0,4,5,16,26	2	4,12,16,17,21,25
0	1	828	27	855	8	19	0,4,5,16,26	2	5,12,16,17,25,26
0	1	828	27	855	8	19	0,4,5,16,26	2	5,16,17,21,25,26
0	1	828	27	855	8	19	0,4,5,16,26	2	12,16,17,21,25,26
1	1	828	27	855	8	11	0,4,5,16,26	1	4,5,12,16,17,25
1	1	828	27	855	8	11	0,4,5,16,26	1	4,5,12,17,25,26
1	1	828	27	855	8	11	0,4,5,16,26	1	4,12,16,17,25,26
1	1	828	27	855	8	11	0,4,5,16,26	1	4,16,17,21,25,26
1	1	828	27	855	8	11	0,4,5,16,26	1	5,12,17,21,25,26
1	1	828	27	855	8	11	0,4,5,16,26	1	12,16,17,21,25,26
1	1	828	27	855	8	11	0,4,5,16,26	2	4,5,12,16,17,21
1	1	828	27	855	8	11	0,4,5,16,26	2	4,5,12,16,17,25
1	1	828	27	855	8	11	0,4,5,16,26	2	4,5,12,16,21,26
1	1	828	27	855	8	11	0,4,5,16,26	2	4,5,12,16,25,26
1	1	828	27	855	8	11	0,4,5,16,26	2	4,5,12,17,21,26
1	1	828	27	855	8	11	0,4,5,16,26	2	4,5,16,17,21,25
1	1	828	27	855	8	19	0,4,5,16,26	1	4,5,12,16,21,25
1	1	828	27	855	8	19	0,4,5,16,26	1	4,5,12,16,21,26
1	1	828	27	855	8	19	0,4,5,16,26	1	4,5,12,17,25,26
1	1	828	27	855	8	19	0,4,5,16,26	1	4,5,12,21,25,26
1	1	828	27	855	8	19	0,4,5,16,26	1	4,5,16,17,21,26
1	1	828	27	855	8	19	0,4,5,16,26	1	4,5,17,21,25,26
1	1	828	27	855	8	19	0,4,5,16,26	2	4,5,16,17,21,25
1	1	828	27	855	8	19	0,4,5,16,26	2	4,5,17,21,25,26
1	1	828	27	855	8	19	0,4,5,16,26	2	4,12,16,17,21,25
1	1	828	27	855	8	19	0,4,5,16,26	2	5,12,16,17,25,26
1	1	828	27	855	8	19	0,4,5,16,26	2	5,16,17,21,25,26
1	1	828	27	855	8	19	0,4,5,16,26	2	12,16,17,21,25,26
2	1	828	27	855	8	11	0,4,5,16,26	1	4,5,12,16,17,25
2	1	828	27	855	8	11	0,4,5,16,26	1	4,5,12,17,25,26
2	1	828	27	855	8	11	0,4,5,16,26	1	4,12,16,17,25,26
2	1	828	27	855	8	11	0,4,5,16,26	1	4,16,17,21,25,26
2	1	828	27	855	8	11	0,4,5,16,26	1	5,12,17,21,25,26
2	1	828	27	855	8	11	0,4,5,16,26	1	12,16,17,21,25,26
2	1	828	27	855	8	11	0,4,5,16,26	2	4,5,12,16,17,21
2	1	828	27	855	8	11	0,4,5,16,26	2	4,5,12,16,17,25
2	1	828	27	855	8	11	0,4,5,16,26	2	4,5,12,16,21,26
2	1	828	27	855	8	11	0,4,5,16,26	2	4,5,12,16,25,26
2	1	828	27	855	8	11	0,4,5,16,26	2	4,5,12,17,21,26
2	1	828	27	855	8	11	0,4,5,16,26	2	4,5,16,17,21,25
2	1	828	27	855	8	19	0,4,5,16,26	1	4,5,12,16,21,25
2	1	828	27	855	8	19	0,4,5,16,26	1	4,5,12,16,21,26
2	1	828	27	855	8	19	0,4,5,16,26	1	4,5,12,17,25,26
2	1	828	27	855	8	19	0,4,5,16,26	1	4,5,12,21,25,26
2	1	828	27	855	8	19	0,4,5,16,26	1	4,5,16,17,21,26
2	1	828	27	855	8	19	0,4,5,16,26	1	4,5,17,21,25,26
2	1	828	27	855	8	19	0,4,5,16,26	2	4,5,16,17,21,25
2	1	828	27	855	8	19	0,4,5,16,26	2	4,5,17,21,25,26
2	1	828	27	855	8	19	0,4,5,16,26	2	4,12,16,17,21,25
2	1	828	27	855	8	19	0,4,5,16,26	2	5,12,16,17,25,26
2	1	828	27	855	8	19	0,4,5,16,26	2	5,16,17,21,25,26
2	1	828	27	855	8	19	0,4,5,16,26	2	12,16,17,21,25,26
3	1	828	27	855	8	11	0,4,5,16,26	1	4,5,12,16,17,25
3	1	828	27	855	8	11	0,4,5,16,26	1	4,5,12,17,25,26
3	1	828	27	855	8	11	0,4,5,16,26	1	4,12,16,17,25,26
3	1	828	27	855	8	11	0,4,5,16,26	1	4,16,17,21,25,26
3	1	828	27	855	8	11	0,4,5,16,26	1	5,12,17,21,25,26
3	1	828	27	855	8	11	0,4,5,16,26	1	12,16,17,21,25,26
3	1	828	27	855	8	11	0,4,5,16,26	2	4,5,12,16,17,21
3	1	828	27	855	8	11	0,4,5,16,26	2	4,5,12,16,17,25
3	1	828	27	855	8	11	0,4,5,16,26	2	4,5,12,16,21,26
3	1	828	27	855	8	11	0,4,5,16,26	2	4,5,12,16,25,26
3	1	828	27	855	8	11	0,4,5,16,26	2	4,5,12,17,21,26
3	1	828	27	855	8	11	0,4,5,16,26	2	4,5,16,17,21,25
3	1	828	27	855	8	19	0,4,5,16,26	1	4,5,12,16,21,25
3	1	828	27	855	8	19	0,4,5,16,26	1	4,5,12,16,21,26
3	1	828	27	855	8	19	0,4,5,16,26	1	4,5,12,17,25,26
3	1	828	27	855	8	19	0,4,5,16,26	1	4,5,12,21,25,26
3	1	828	27	855	8	19	0,4,5,16,26	1	4,5,16,17,21,26
3	1	828	27	855	8	19	0,4,5,16,26	1	4,5,17,21,25,26
3	1	828	27	855	8	19	0,4,5,16,26	2	4,5,16,17,21,25
3	1	828	27	855	8	19	0,4,5,16,26	2	4,5,17,21,25,26
3	1	828	27	855	8	19	0,4,5,16,26	2	4,12,16,17,21,25
3	1	828	27	855	8	19	0,4,5,16,26	2	5,12,16,17,25,26
3	1	828	27	855	8	19	0,4,5,16,26	2	5,16,17,21,25,26
3	1	828	27	855	8	19	0,4,5,16,26	2	12,16,17,21,25,26
Cap configurations: 168

3-flat point count: 8,2,8;5,0,2;5,5,6
Excluded point counts: 5,18,18;6,17,18
0	0	828	12	855	8		0,7,8,14,22	1,2	1,2,7,8,9,12
0	0	828	12	855	8		0,7,8,14,22	1,2	1,2,7,8,12,21
0	0	828	12	855	8		0,7,8,14,22	1,2	1,2,7,8,18,21
0	0	828	12	855	8		0,7,8,14,22	1,2	1,2,7,9,12,21
0	0	828	12	855	8		0,7,8,14,22	1,2	1,2,8,12,18,21
0	0	828	12	855	8		0,7,8,14,22	1,2	1,7,8,9,18,21
0	0	828	12	855	8		0,7,8,14,22	1,2	1,7,9,12,18,21
0	0	828	12	855	8		0,7,8,14,22	1,2	2,7,8,9,12,18
0	0	828	12	855	8		0,7,8,14,22	1,2	2,8,9,12,18,21
0	0	828	12	855	8		0,7,8,14,22	1,2	7,8,9,12,18,21
0	1	828	12	855	8		0,7,8,14,22	1,2	1,2,7,8,9,12
0	1	828	12	855	8		0,7,8,14,22	1,2	1,2,7,8,12,21
0	1	828	12	855	8		0,7,8,14,22	1,2	1,2,7,8,18,21
0	1	828	12	855	8		0,7,8,14,22	1,2	1,2,7,9,12,21
0	1	828	12	855	8		0,7,8,14,22	1,2	1,2,8,12,18,21
0	1	828	12	855	8		0,7,8,14,22	1,2	1,7,8,9,18,21
0	1	828	12	855	8		0,7,8,14,22	1,2	1,7,9,12,18,21
0	1	828	12	855	8		0,7,8,14,22	1,2	2,7,8,9,12,18
0	1	828	12	855	8		0,7,8,14,22	1,2	2,8,9,12,18,21
0	1	828	12	855	8		0,7,8,14,22	1,2	7,8,9,12,18,21
2	0	828	12	855	8		0,7,8,14,22	1,2	1,2,7,8,9,12
2	0	828	12	855	8		0,7,8,14,22	1,2	1,2,7,8,12,21
2	0	828	12	855	8		0,7,8,14,22	1,2	1,2,7,8,18,21
2	0	828	12	855	8		0,7,8,14,22	1,2	1,2,7,9,12,21
2	0	828	12	855	8		0,7,8,14,22	1,2	1,2,8,12,18,21
2	0	828	12	855	8		0,7,8,14,22	1,2	1,7,8,9,18,21
2	0	828	12	855	8		0,7,8,14,22	1,2	1,7,9,12,18,21
2	0	828	12	855	8		0,7,8,14,22	1,2	2,7,8,9,12,18
2	0	828	12	855	8		0,7,8,14,22	1,2	2,8,9,12,18,21
2	0	828	12	855	8		0,7,8,14,22	1,2	7,8,9,12,18,21
2	1	828	12	855	8		0,7,8,14,22	1,2	1,2,7,8,9,12
2	1	828	12	855	8		0,7,8,14,22	1,2	1,2,7,8,12,21
2	1	828	12	855	8		0,7,8,14,22	1,2	1,2,7,8,18,21
2	1	828	12	855	8		0,7,8,14,22	1,2	1,2,7,9,12,21
2	1	828	12	855	8		0,7,8,14,22	1,2	1,2,8,12,18,21
2	1	828	12	855	8		0,7,8,14,22	1,2	1,7,8,9,18,21
2	1	828	12	855	8		0,7,8,14,22	1,2	1,7,9,12,18,21
2	1	828	12	855	8		0,7,8,14,22	1,2	2,7,8,9,12,18
2	1	828	12	855	8		0,7,8,14,22	1,2	2,8,9,12,18,21
2	1	828	12	855	8		0,7,8,14,22	1,2	7,8,9,12,18,21
0	1	828	27	855	8		0,4,5,16,26	1,2	4,5,12,16,21,26
0	1	828	27	855	8		0,4,5,16,26	1,2	4,5,12,16,25,26
0	1	828	27	855	8		0,4,5,16,26	1,2	4,5,12,17,25,26
0	1	828	27	855	8		0,4,5,16,26	1,2	4,5,16,17,21,25
0	1	828	27	855	8		0,4,5,16,26	1,2	4,5,16,17,21,26
0	1	828	27	855	8		0,4,5,16,26	1,2	4,5,16,17,25,26
0	1	828	27	855	8		0,4,5,16,26	1,2	4,12,16,17,21,26
0	1	828	27	855	8		0,4,5,16,26	1,2	4,12,16,17,25,26
0	1	828	27	855	8		0,4,5,16,26	1,2	4,12,17,21,25,26
0	1	828	27	855	8		0,4,5,16,26	1,2	5,12,16,17,21,25
0	1	828	27	855	8		0,4,5,16,26	1,2	5,12,16,21,25,26
0	1	828	27	855	8		0,4,5,16,26	1,2	5,16,17,21,25,26
0	1	828	27	855	8		0,4,5,16,26	1,2	12,16,17,21,25,26
1	1	828	27	855	8		0,4,5,16,26	1,2	4,5,12,16,21,26
1	1	828	27	855	8		0,4,5,16,26	1,2	4,5,12,16,25,26
1	1	828	27	855	8		0,4,5,16,26	1,2	4,5,12,17,25,26
1	1	828	27	855	8		0,4,5,16,26	1,2	4,5,16,17,21,25
1	1	828	27	855	8		0,4,5,16,26	1,2	4,5,16,17,21,26
1	1	828	27	855	8		0,4,5,16,26	1,2	4,5,16,17,25,26
1	1	828	27	855	8		0,4,5,16,26	1,2	4,12,16,17,21,26
1	1	828	27	855	8		0,4,5,16,26	1,2	4,12,16,17,25,26
1	1	828	27	855	8		0,4,5,16,26	1,2	4,12,17,21,25,26
1	1	828	27	855	8		0,4,5,16,26	1,2	5,12,16,17,21,25
1	1	828	27	855	8		0,4,5,16,26	1,2	5,12,16,21,25,26
1	1	828	27	855	8		0,4,5,16,26	1,2	5,16,17,21,25,26
1	1	828	27	855	8		0,4,5,16,26	1,2	12,16,17,21,25,26
2	1	828	27	855	8		0,4,5,16,26	1,2	4,5,12,16,21,26
2	1	828	27	855	8		0,4,5,16,26	1,2	4,5,12,16,25,26
2	1	828	27	855	8		0,4,5,16,26	1,2	4,5,12,17,25,26
2	1	828	27	855	8		0,4,5,16,26	1,2	4,5,16,17,21,25
2	1	828	27	855	8		0,4,5,16,26	1,2	4,5,16,17,21,26
2	1	828	27	855	8		0,4,5,16,26	1,2	4,5,16,17,25,26
2	1	828	27	855	8		0,4,5,16,26	1,2	4,12,16,17,21,26
2	1	828	27	855	8		0,4,5,16,26	1,2	4,12,16,17,25,26
2	1	828	27	855	8		0,4,5,16,26	1,2	4,12,17,21,25,26
2	1	828	27	855	8		0,4,5,16,26	1,2	5,12,16,17,21,25
2	1	828	27	855	8		0,4,5,16,26	1,2	5,12,16,21,25,26
2	1	828	27	855	8		0,4,5,16,26	1,2	5,16,17,21,25,26
2	1	828	27	855	8		0,4,5,16,26	1,2	12,16,17,21,25,26
3	1	828	27	855	8		0,4,5,16,26	1,2	4,5,12,16,21,26
3	1	828	27	855	8		0,4,5,16,26	1,2	4,5,12,16,25,26
3	1	828	27	855	8		0,4,5,16,26	1,2	4,5,12,17,25,26
3	1	828	27	855	8		0,4,5,16,26	1,2	4,5,16,17,21,25
3	1	828	27	855	8		0,4,5,16,26	1,2	4,5,16,17,21,26
3	1	828	27	855	8		0,4,5,16,26	1,2	4,5,16,17,25,26
3	1	828	27	855	8		0,4,5,16,26	1,2	4,12,16,17,21,26
3	1	828	27	855	8		0,4,5,16,26	1,2	4,12,16,17,25,26
3	1	828	27	855	8		0,4,5,16,26	1,2	4,12,17,21,25,26
3	1	828	27	855	8		0,4,5,16,26	1,2	5,12,16,17,21,25
3	1	828	27	855	8		0,4,5,16,26	1,2	5,12,16,21,25,26
3	1	828	27	855	8		0,4,5,16,26	1,2	5,16,17,21,25,26
3	1	828	27	855	8		0,4,5,16,26	1,2	12,16,17,21,25,26
Cap configurations: 92

3-flat point count: 8,2,8;4,3,0;5,5,6
Excluded point counts: 1,1,1
Cap configurations: 0

3-flat point count: 8,2,8;4,2,1;5,5,6
Excluded point counts: 5,18,18;6,17,18
0	0	828	12	845	169	3,6	0,7,8,14,22	1	1,2,7,12,18,21
0	0	828	12	845	169	3,6	0,7,8,14,22	1	2,7,8,12,18,21
0	0	828	12	845	169	3,6	0,7,8,14,22	2	1,2,7,8,9,12
0	0	828	12	845	169	3,6	0,7,8,14,22	2	1,2,7,8,9,18
0	0	828	12	845	169	3,6	0,7,8,14,22	2	1,2,7,9,12,18
0	0	828	12	845	169	3,6	0,7,8,14,22	2	1,2,7,9,18,21
0	0	828	12	845	169	3,6	0,7,8,14,22	2	1,2,8,9,12,21
0	0	828	12	845	169	3,6	0,7,8,14,22	2	1,2,8,12,18,21
0	0	828	12	845	169	3,6	0,7,8,14,22	2	1,7,8,12,18,21
0	0	828	12	845	169	3,6	0,7,8,14,22	2	1,8,9,12,18,21
0	0	828	12	845	169	3,6	0,7,8,14,22	2	2,8,9,12,18,21
0	0	828	12	845	170	3,6	0,7,8,14,22	1	1,2,7,8,9,12
0	0	828	12	845	170	3,6	0,7,8,14,22	1	1,2,7,9,12,21
0	0	828	12	845	170	3,6	0,7,8,14,22	2	1,2,7,9,18,21
0	0	828	12	845	170	3,6	0,7,8,14,22	2	1,7,8,9,12,21
0	0	828	12	845	170	3,6	0,7,8,14,22	2	1,7,8,9,18,21
0	0	828	12	845	170	3,6	0,7,8,14,22	2	1,7,8,12,18,21
0	0	828	12	845	170	3,6	0,7,8,14,22	2	7,8,9,12,18,21
0	0	828	12	845	171	3,6	0,7,8,14,22	1	1,2,7,8,9,18
0	0	828	12	845	171	3,6	0,7,8,14,22	1	1,2,7,8,18,21
0	0	828	12	845	171	3,6	0,7,8,14,22	1	1,2,7,9,12,21
0	0	828	12	845	171	3,6	0,7,8,14,22	1	1,2,7,12,18,21
0	0	828	12	845	171	3,6	0,7,8,14,22	1	1,2,8,9,12,18
0	0	828	12	845	171	3,6	0,7,8,14,22	1	1,2,8,9,18,21
0	0	828	12	845	171	3,6	0,7,8,14,22	1	1,7,9,12,18,21
0	0	828	12	845	171	3,6	0,7,8,14,22	1	2,7,8,9,12,21
0	0	828	12	845	171	3,6	0,7,8,14,22	1	2,7,9,12,18,21
0	0	828	12	845	171	3,6	0,7,8,14,22	2	1,2,8,9,12,21
0	0	828	12	845	171	3,6	0,7,8,14,22	2	1,7,8,9,12,21
0	0	828	12	845	172	3,6	0,7,8,14,22	1	1,2,8,9,12,18
0	0	828	12	845	172	3,6	0,7,8,14,22	1	2,7,8,9,12,18
0	0	828	12	845	172	3,6	0,7,8,14,22	1	2,7,8,9,12,21
0	0	828	12	845	172	3,6	0,7,8,14,22	1	2,7,8,12,18,21
0	0	828	12	845	172	3,6	0,7,8,14,22	1	7,8,9,12,18,21
0	0	828	12	845	172	3,6	0,7,8,14,22	2	1,2,7,8,18,21
0	0	828	12	845	172	3,6	0,7,8,14,22	2	1,2,8,12,18,21
0	0	828	12	845	173	3,6	0,7,8,14,22	1	1,2,7,12,18,21
0	0	828	12	845	173	3,6	0,7,8,14,22	1	1,2,8,9,12,18
0	0	828	12	845	173	3,6	0,7,8,14,22	1	1,2,8,9,18,21
0	0	828	12	845	173	3,6	0,7,8,14,22	1	1,7,9,12,18,21
0	0	828	12	845	173	3,6	0,7,8,14,22	1	2,7,8,9,12,18
0	0	828	12	845	173	3,6	0,7,8,14,22	1	2,7,8,9,18,21
0	0	828	12	845	173	3,6	0,7,8,14,22	1	2,7,8,12,18,21
0	0	828	12	845	173	3,6	0,7,8,14,22	1	7,8,9,12,18,21
0	0	828	12	845	173	3,6	0,7,8,14,22	2	1,2,7,9,12,18
0	0	828	12	845	173	3,6	0,7,8,14,22	2	1,2,7,9,18,21
0	0	828	12	845	173	3,6	0,7,8,14,22	2	1,2,8,9,12,21
0	0	828	12	845	173	3,6	0,7,8,14,22	2	1,7,8,9,12,18
0	0	828	12	845	173	3,6	0,7,8,14,22	2	1,7,8,9,12,21
0	0	828	12	845	173	3,6	0,7,8,14,22	2	1,7,8,9,18,21
0	0	828	12	845	173	3,6	0,7,8,14,22	2	2,8,9,12,18,21
0	0	828	12	845	173	3,6	0,7,8,14,22	2	7,8,9,12,18,21
0	1	828	12	845	169	3,6	0,7,8,14,22	1	1,2,7,12,18,21
0	1	828	12	845	169	3,6	0,7,8,14,22	1	2,7,8,12,18,21
0	1	828	12	845	169	3,6	0,7,8,14,22	2	1,2,7,8,9,12
0	1	828	12	845	169	3,6	0,7,8,14,22	2	1,2,7,8,9,18
0	1	828	12	845	169	3,6	0,7,8,14,22	2	1,2,7,9,12,18
0	1	828	12	845	169	3,6	0,7,8,14,22	2	1,2,7,9,18,21
0	1	828	12	845	169	3,6	0,7,8,14,22	2	1,2,8,9,12,21
0	1	828	12	845	169	3,6	0,7,8,14,22	2	1,2,8,12,18,21
0	1	828	12	845	169	3,6	0,7,8,14,22	2	1,7,8,12,18,21
0	1	828	12	845	169	3,6	0,7,8,14,22	2	1,8,9,12,18,21
0	1	828	12	845	169	3,6	0,7,8,14,22	2	2,8,9,12,18,21
0	1	828	12	845	170	3,6	0,7,8,14,22	1	1,2,7,8,9,12
0	1	828	12	845	170	3,6	0,7,8,14,22	1	1,2,7,9,12,21
0	1	828	12	845	170	3,6	0,7,8,14,22	2	1,2,7,9,18,21
0	1	828	12	845	170	3,6	0,7,8,14,22	2	1,7,8,9,12,21
0	1	828	12	845	170	3,6	0,7,8,14,22	2	1,7,8,9,18,21
0	1	828	12	845	170	3,6	0,7,8,14,22	2	1,7,8,12,18,21
0	1	828	12	845	170	3,6	0,7,8,14,22	2	7,8,9,12,18,21
0	1	828	12	845	171	3,6	0,7,8,14,22	1	1,2,7,8,9,18
0	1	828	12	845	171	3,6	0,7,8,14,22	1	1,2,7,8,18,21
0	1	828	12	845	171	3,6	0,7,8,14,22	1	1,2,7,9,12,21
0	1	828	12	845	171	3,6	0,7,8,14,22	1	1,2,7,12,18,21
0	1	828	12	845	171	3,6	0,7,8,14,22	1	1,2,8,9,12,18
0	1	828	12	845	171	3,6	0,7,8,14,22	1	1,2,8,9,18,21
0	1	828	12	845	171	3,6	0,7,8,14,22	1	1,7,9,12,18,21
0	1	828	12	845	171	3,6	0,7,8,14,22	1	2,7,8,9,12,21
0	1	828	12	845	171	3,6	0,7,8,14,22	1	2,7,9,12,18,21
0	1	828	12	845	171	3,6	0,7,8,14,22	2	1,2,8,9,12,21
0	1	828	12	845	171	3,6	0,7,8,14,22	2	1,7,8,9,12,21
0	1	828	12	845	172	3,6	0,7,8,14,22	1	1,2,8,9,12,18
0	1	828	12	845	172	3,6	0,7,8,14,22	1	2,7,8,9,12,18
0	1	828	12	845	172	3,6	0,7,8,14,22	1	2,7,8,9,12,21
0	1	828	12	845	172	3,6	0,7,8,14,22	1	2,7,8,12,18,21
0	1	828	12	845	172	3,6	0,7,8,14,22	1	7,8,9,12,18,21
0	1	828	12	845	172	3,6	0,7,8,14,22	2	1,2,7,8,18,21
0	1	828	12	845	172	3,6	0,7,8,14,22	2	1,2,8,12,18,21
0	1	828	12	845	173	3,6	0,7,8,14,22	1	1,2,7,12,18,21
0	1	828	12	845	173	3,6	0,7,8,14,22	1	1,2,8,9,12,18
0	1	828	12	845	173	3,6	0,7,8,14,22	1	1,2,8,9,18,21
0	1	828	12	845	173	3,6	0,7,8,14,22	1	1,7,9,12,18,21
0	1	828	12	845	173	3,6	0,7,8,14,22	1	2,7,8,9,12,18
0	1	828	12	845	173	3,6	0,7,8,14,22	1	2,7,8,9,18,21
0	1	828	12	845	173	3,6	0,7,8,14,22	1	2,7,8,12,18,21
0	1	828	12	845	173	3,6	0,7,8,14,22	1	7,8,9,12,18,21
0	1	828	12	845	173	3,6	0,7,8,14,22	2	1,2,7,9,12,18
0	1	828	12	845	173	3,6	0,7,8,14,22	2	1,2,7,9,18,21
0	1	828	12	845	173	3,6	0,7,8,14,22	2	1,2,8,9,12,21
0	1	828	12	845	173	3,6	0,7,8,14,22	2	1,7,8,9,12,18
0	1	828	12	845	173	3,6	0,7,8,14,22	2	1,7,8,9,12,21
0	1	828	12	845	173	3,6	0,7,8,14,22	2	1,7,8,9,18,21
0	1	828	12	845	173	3,6	0,7,8,14,22	2	2,8,9,12,18,21
0	1	828	12	845	173	3,6	0,7,8,14,22	2	7,8,9,12,18,21
2	0	828	12	845	169	3,6	0,7,8,14,22	1	1,2,7,12,18,21
2	0	828	12	845	169	3,6	0,7,8,14,22	1	2,7,8,12,18,21
2	0	828	12	845	169	3,6	0,7,8,14,22	2	1,2,7,8,9,12
2	0	828	12	845	169	3,6	0,7,8,14,22	2	1,2,7,8,9,18
2	0	828	12	845	169	3,6	0,7,8,14,22	2	1,2,7,9,12,18
2	0	828	12	845	169	3,6	0,7,8,14,22	2	1,2,7,9,18,21
2	0	828	12	845	169	3,6	0,7,8,14,22	2	1,2,8,9,12,21
2	0	828	12	845	169	3,6	0,7,8,14,22	2	1,2,8,12,18,21
2	0	828	12	845	169	3,6	0,7,8,14,22	2	1,7,8,12,18,21
2	0	828	12	845	169	3,6	0,7,8,14,22	2	1,8,9,12,18,21
2	0	828	12	845	169	3,6	0,7,8,14,22	2	2,8,9,12,18,21
2	0	828	12	845	170	3,6	0,7,8,14,22	1	1,2,7,8,9,12
2	0	828	12	845	170	3,6	0,7,8,14,22	1	1,2,7,9,12,21
2	0	828	12	845	170	3,6	0,7,8,14,22	2	1,2,7,9,18,21
2	0	828	12	845	170	3,6	0,7,8,14,22	2	1,7,8,9,12,21
2	0	828	12	845	170	3,6	0,7,8,14,22	2	1,7,8,9,18,21
2	0	828	12	845	170	3,6	0,7,8,14,22	2	1,7,8,12,18,21
2	0	828	12	845	170	3,6	0,7,8,14,22	2	7,8,9,12,18,21
2	0	828	12	845	171	3,6	0,7,8,14,22	1	1,2,7,8,9,18
2	0	828	12	845	171	3,6	0,7,8,14,22	1	1,2,7,8,18,21
2	0	828	12	845	171	3,6	0,7,8,14,22	1	1,2,7,9,12,21
2	0	828	12	845	171	3,6	0,7,8,14,22	1	1,2,7,12,18,21
2	0	828	12	845	171	3,6	0,7,8,14,22	1	1,2,8,9,12,18
2	0	828	12	845	171	3,6	0,7,8,14,22	1	1,2,8,9,18,21
2	0	828	12	845	171	3,6	0,7,8,14,22	1	1,7,9,12,18,21
2	0	828	12	845	171	3,6	0,7,8,14,22	1	2,7,8,9,12,21
2	0	828	12	845	171	3,6	0,7,8,14,22	1	2,7,9,12,18,21
2	0	828	12	845	171	3,6	0,7,8,14,22	2	1,2,8,9,12,21
2	0	828	12	845	171	3,6	0,7,8,14,22	2	1,7,8,9,12,21
2	0	828	12	845	172	3,6	0,7,8,14,22	1	1,2,8,9,12,18
2	0	828	12	845	172	3,6	0,7,8,14,22	1	2,7,8,9,12,18
2	0	828	12	845	172	3,6	0,7,8,14,22	1	2,7,8,9,12,21
2	0	828	12	845	172	3,6	0,7,8,14,22	1	2,7,8,12,18,21
2	0	828	12	845	172	3,6	0,7,8,14,22	1	7,8,9,12,18,21
2	0	828	12	845	172	3,6	0,7,8,14,22	2	1,2,7,8,18,21
2	0	828	12	845	172	3,6	0,7,8,14,22	2	1,2,8,12,18,21
2	0	828	12	845	173	3,6	0,7,8,14,22	1	1,2,7,12,18,21
2	0	828	12	845	173	3,6	0,7,8,14,22	1	1,2,8,9,12,18
2	0	828	12	845	173	3,6	0,7,8,14,22	1	1,2,8,9,18,21
2	0	828	12	845	173	3,6	0,7,8,14,22	1	1,7,9,12,18,21
2	0	828	12	845	173	3,6	0,7,8,14,22	1	2,7,8,9,12,18
2	0	828	12	845	173	3,6	0,7,8,14,22	1	2,7,8,9,18,21
2	0	828	12	845	173	3,6	0,7,8,14,22	1	2,7,8,12,18,21
2	0	828	12	845	173	3,6	0,7,8,14,22	1	7,8,9,12,18,21
2	0	828	12	845	173	3,6	0,7,8,14,22	2	1,2,7,9,12,18
2	0	828	12	845	173	3,6	0,7,8,14,22	2	1,2,7,9,18,21
2	0	828	12	845	173	3,6	0,7,8,14,22	2	1,2,8,9,12,21
2	0	828	12	845	173	3,6	0,7,8,14,22	2	1,7,8,9,12,18
2	0	828	12	845	173	3,6	0,7,8,14,22	2	1,7,8,9,12,21
2	0	828	12	845	173	3,6	0,7,8,14,22	2	1,7,8,9,18,21
2	0	828	12	845	173	3,6	0,7,8,14,22	2	2,8,9,12,18,21
2	0	828	12	845	173	3,6	0,7,8,14,22	2	7,8,9,12,18,21
2	1	828	12	845	169	3,6	0,7,8,14,22	1	1,2,7,12,18,21
2	1	828	12	845	169	3,6	0,7,8,14,22	1	2,7,8,12,18,21
2	1	828	12	845	169	3,6	0,7,8,14,22	2	1,2,7,8,9,12
2	1	828	12	845	169	3,6	0,7,8,14,22	2	1,2,7,8,9,18
2	1	828	12	845	169	3,6	0,7,8,14,22	2	1,2,7,9,12,18
2	1	828	12	845	169	3,6	0,7,8,14,22	2	1,2,7,9,18,21
2	1	828	12	845	169	3,6	0,7,8,14,22	2	1,2,8,9,12,21
2	1	828	12	845	169	3,6	0,7,8,14,22	2	1,2,8,12,18,21
2	1	828	12	845	169	3,6	0,7,8,14,22	2	1,7,8,12,18,21
2	1	828	12	845	169	3,6	0,7,8,14,22	2	1,8,9,12,18,21
2	1	828	12	845	169	3,6	0,7,8,14,22	2	2,8,9,12,18,21
2	1	828	12	845	170	3,6	0,7,8,14,22	1	1,2,7,8,9,12
2	1	828	12	845	170	3,6	0,7,8,14,22	1	1,2,7,9,12,21
2	1	828	12	845	170	3,6	0,7,8,14,22	2	1,2,7,9,18,21
2	1	828	12	845	170	3,6	0,7,8,14,22	2	1,7,8,9,12,21
2	1	828	12	845	170	3,6	0,7,8,14,22	2	1,7,8,9,18,21
2	1	828	12	845	170	3,6	0,7,8,14,22	2	1,7,8,12,18,21
2	1	828	12	845	170	3,6	0,7,8,14,22	2	7,8,9,12,18,21
2	1	828	12	845	171	3,6	0,7,8,14,22	1	1,2,7,8,9,18
2	1	828	12	845	171	3,6	0,7,8,14,22	1	1,2,7,8,18,21
2	1	828	12	845	171	3,6	0,7,8,14,22	1	1,2,7,9,12,21
2	1	828	12	845	171	3,6	0,7,8,14,22	1	1,2,7,12,18,21
2	1	828	12	845	171	3,6	0,7,8,14,22	1	1,2,8,9,12,18
2	1	828	12	845	171	3,6	0,7,8,14,22	1	1,2,8,9,18,21
2	1	828	12	845	171	3,6	0,7,8,14,22	1	1,7,9,12,18,21
2	1	828	12	845	171	3,6	0,7,8,14,22	1	2,7,8,9,12,21
2	1	828	12	845	171	3,6	0,7,8,14,22	1	2,7,9,12,18,21
2	1	828	12	845	171	3,6	0,7,8,14,22	2	1,2,8,9,12,21
2	1	828	12	845	171	3,6	0,7,8,14,22	2	1,7,8,9,12,21
2	1	828	12	845	172	3,6	0,7,8,14,22	1	1,2,8,9,12,18
2	1	828	12	845	172	3,6	0,7,8,14,22	1	2,7,8,9,12,18
2	1	828	12	845	172	3,6	0,7,8,14,22	1	2,7,8,9,12,21
2	1	828	12	845	172	3,6	0,7,8,14,22	1	2,7,8,12,18,21
2	1	828	12	845	172	3,6	0,7,8,14,22	1	7,8,9,12,18,21
2	1	828	12	845	172	3,6	0,7,8,14,22	2	1,2,7,8,18,21
2	1	828	12	845	172	3,6	0,7,8,14,22	2	1,2,8,12,18,21
2	1	828	12	845	173	3,6	0,7,8,14,22	1	1,2,7,12,18,21
2	1	828	12	845	173	3,6	0,7,8,14,22	1	1,2,8,9,12,18
2	1	828	12	845	173	3,6	0,7,8,14,22	1	1,2,8,9,18,21
2	1	828	12	845	173	3,6	0,7,8,14,22	1	1,7,9,12,18,21
2	1	828	12	845	173	3,6	0,7,8,14,22	1	2,7,8,9,12,18
2	1	828	12	845	173	3,6	0,7,8,14,22	1	2,7,8,9,18,21
2	1	828	12	845	173	3,6	0,7,8,14,22	1	2,7,8,12,18,21
2	1	828	12	845	173	3,6	0,7,8,14,22	1	7,8,9,12,18,21
2	1	828	12	845	173	3,6	0,7,8,14,22	2	1,2,7,9,12,18
2	1	828	12	845	173	3,6	0,7,8,14,22	2	1,2,7,9,18,21
2	1	828	12	845	173	3,6	0,7,8,14,22	2	1,2,8,9,12,21
2	1	828	12	845	173	3,6	0,7,8,14,22	2	1,7,8,9,12,18
2	1	828	12	845	173	3,6	0,7,8,14,22	2	1,7,8,9,12,21
2	1	828	12	845	173	3,6	0,7,8,14,22	2	1,7,8,9,18,21
2	1	828	12	845	173	3,6	0,7,8,14,22	2	2,8,9,12,18,21
2	1	828	12	845	173	3,6	0,7,8,14,22	2	7,8,9,12,18,21
0	1	828	27	845	169	11,19	0,4,5,16,26	1	4,5,12,16,17,21
0	1	828	27	845	169	11,19	0,4,5,16,26	1	4,5,16,17,21,26
0	1	828	27	845	169	11,19	0,4,5,16,26	1	4,5,17,21,25,26
0	1	828	27	845	169	11,19	0,4,5,16,26	1	4,16,17,21,25,26
0	1	828	27	845	169	11,19	0,4,5,16,26	2	4,5,12,16,17,21
0	1	828	27	845	169	11,19	0,4,5,16,26	2	4,5,12,16,17,26
0	1	828	27	845	169	11,19	0,4,5,16,26	2	4,5,16,17,21,25
0	1	828	27	845	169	11,19	0,4,5,16,26	2	4,5,16,21,25,26
0	1	828	27	845	169	11,19	0,4,5,16,26	2	4,12,16,21,25,26
0	1	828	27	845	169	11,19	0,4,5,16,26	2	5,12,16,17,21,26
0	1	828	27	845	169	11,19	0,4,5,16,26	2	5,16,17,21,25,26
0	1	828	27	845	170	11,19	0,4,5,16,26	1	4,5,12,16,17,25
0	1	828	27	845	170	11,19	0,4,5,16,26	1	4,5,12,16,17,26
0	1	828	27	845	170	11,19	0,4,5,16,26	1	4,5,16,21,25,26
0	1	828	27	845	170	11,19	0,4,5,16,26	1	4,12,16,17,25,26
0	1	828	27	845	170	11,19	0,4,5,16,26	1	4,16,17,21,25,26
0	1	828	27	845	170	11,19	0,4,5,16,26	1	5,12,16,17,21,26
0	1	828	27	845	170	11,19	0,4,5,16,26	2	4,5,12,17,21,25
0	1	828	27	845	170	11,19	0,4,5,16,26	2	4,5,12,17,21,26
0	1	828	27	845	170	11,19	0,4,5,16,26	2	4,5,12,21,25,26
0	1	828	27	845	170	11,19	0,4,5,16,26	2	5,12,16,17,21,26
0	1	828	27	845	170	11,19	0,4,5,16,26	2	5,12,17,21,25,26
0	1	828	27	845	171	11,19	0,4,5,16,26	1	4,5,12,16,17,26
0	1	828	27	845	171	11,19	0,4,5,16,26	1	4,5,12,17,25,26
0	1	828	27	845	171	11,19	0,4,5,16,26	1	4,5,12,21,25,26
0	1	828	27	845	171	11,19	0,4,5,16,26	1	4,5,16,21,25,26
0	1	828	27	845	171	11,19	0,4,5,16,26	1	4,12,16,17,25,26
0	1	828	27	845	171	11,19	0,4,5,16,26	1	4,12,16,21,25,26
0	1	828	27	845	171	11,19	0,4,5,16,26	1	5,12,16,17,21,26
0	1	828	27	845	171	11,19	0,4,5,16,26	2	4,5,12,16,17,25
0	1	828	27	845	171	11,19	0,4,5,16,26	2	4,5,12,16,25,26
0	1	828	27	845	171	11,19	0,4,5,16,26	2	4,5,12,21,25,26
0	1	828	27	845	171	11,19	0,4,5,16,26	2	5,12,16,17,25,26
0	1	828	27	845	172	11,19	0,4,5,16,26	1	4,5,12,16,17,21
0	1	828	27	845	172	11,19	0,4,5,16,26	1	4,5,12,16,21,25
0	1	828	27	845	172	11,19	0,4,5,16,26	1	4,5,12,17,21,25
0	1	828	27	845	172	11,19	0,4,5,16,26	1	4,12,16,17,21,25
0	1	828	27	845	172	11,19	0,4,5,16,26	1	4,12,16,21,25,26
0	1	828	27	845	172	11,19	0,4,5,16,26	2	4,5,12,16,17,26
0	1	828	27	845	172	11,19	0,4,5,16,26	2	4,5,16,21,25,26
0	1	828	27	845	172	11,19	0,4,5,16,26	2	4,5,17,21,25,26
0	1	828	27	845	172	11,19	0,4,5,16,26	2	4,12,16,21,25,26
0	1	828	27	845	172	11,19	0,4,5,16,26	2	5,12,16,17,25,26
0	1	828	27	845	172	11,19	0,4,5,16,26	2	5,16,17,21,25,26
0	1	828	27	845	173	11,19	0,4,5,16,26	1	4,5,12,16,21,26
0	1	828	27	845	173	11,19	0,4,5,16,26	1	4,12,16,21,25,26
0	1	828	27	845	173	11,19	0,4,5,16,26	2	4,5,12,16,21,26
0	1	828	27	845	173	11,19	0,4,5,16,26	2	5,12,16,17,21,26
1	1	828	27	845	169	11,19	0,4,5,16,26	1	4,5,12,16,17,21
1	1	828	27	845	169	11,19	0,4,5,16,26	1	4,5,16,17,21,26
1	1	828	27	845	169	11,19	0,4,5,16,26	1	4,5,17,21,25,26
1	1	828	27	845	169	11,19	0,4,5,16,26	1	4,16,17,21,25,26
1	1	828	27	845	169	11,19	0,4,5,16,26	2	4,5,12,16,17,21
1	1	828	27	845	169	11,19	0,4,5,16,26	2	4,5,12,16,17,26
1	1	828	27	845	169	11,19	0,4,5,16,26	2	4,5,16,17,21,25
1	1	828	27	845	169	11,19	0,4,5,16,26	2	4,5,16,21,25,26
1	1	828	27	845	169	11,19	0,4,5,16,26	2	4,12,16,21,25,26
1	1	828	27	845	169	11,19	0,4,5,16,26	2	5,12,16,17,21,26
1	1	828	27	845	169	11,19	0,4,5,16,26	2	5,16,17,21,25,26
1	1	828	27	845	170	11,19	0,4,5,16,26	1	4,5,12,16,17,25
1	1	828	27	845	170	11,19	0,4,5,16,26	1	4,5,12,16,17,26
1	1	828	27	845	170	11,19	0,4,5,16,26	1	4,5,16,21,25,26
1	1	828	27	845	170	11,19	0,4,5,16,26	1	4,12,16,17,25,26
1	1	828	27	845	170	11,19	0,4,5,16,26	1	4,16,17,21,25,26
1	1	828	27	845	170	11,19	0,4,5,16,26	1	5,12,16,17,21,26
1	1	828	27	845	170	11,19	0,4,5,16,26	2	4,5,12,17,21,25
1	1	828	27	845	170	11,19	0,4,5,16,26	2	4,5,12,17,21,26
1	1	828	27	845	170	11,19	0,4,5,16,26	2	4,5,12,21,25,26
1	1	828	27	845	170	11,19	0,4,5,16,26	2	5,12,16,17,21,26
1	1	828	27	845	170	11,19	0,4,5,16,26	2	5,12,17,21,25,26
1	1	828	27	845	171	11,19	0,4,5,16,26	1	4,5,12,16,17,26
1	1	828	27	845	171	11,19	0,4,5,16,26	1	4,5,12,17,25,26
1	1	828	27	845	171	11,19	0,4,5,16,26	1	4,5,12,21,25,26
1	1	828	27	845	171	11,19	0,4,5,16,26	1	4,5,16,21,25,26
1	1	828	27	845	171	11,19	0,4,5,16,26	1	4,12,16,17,25,26
1	1	828	27	845	171	11,19	0,4,5,16,26	1	4,12,16,21,25,26
1	1	828	27	845	171	11,19	0,4,5,16,26	1	5,12,16,17,21,26
1	1	828	27	845	171	11,19	0,4,5,16,26	2	4,5,12,16,17,25
1	1	828	27	845	171	11,19	0,4,5,16,26	2	4,5,12,16,25,26
1	1	828	27	845	171	11,19	0,4,5,16,26	2	4,5,12,21,25,26
1	1	828	27	845	171	11,19	0,4,5,16,26	2	5,12,16,17,25,26
1	1	828	27	845	172	11,19	0,4,5,16,26	1	4,5,12,16,17,21
1	1	828	27	845	172	11,19	0,4,5,16,26	1	4,5,12,16,21,25
1	1	828	27	845	172	11,19	0,4,5,16,26	1	4,5,12,17,21,25
1	1	828	27	845	172	11,19	0,4,5,16,26	1	4,12,16,17,21,25
1	1	828	27	845	172	11,19	0,4,5,16,26	1	4,12,16,21,25,26
1	1	828	27	845	172	11,19	0,4,5,16,26	2	4,5,12,16,17,26
1	1	828	27	845	172	11,19	0,4,5,16,26	2	4,5,16,21,25,26
1	1	828	27	845	172	11,19	0,4,5,16,26	2	4,5,17,21,25,26
1	1	828	27	845	172	11,19	0,4,5,16,26	2	4,12,16,21,25,26
1	1	828	27	845	172	11,19	0,4,5,16,26	2	5,12,16,17,25,26
1	1	828	27	845	172	11,19	0,4,5,16,26	2	5,16,17,21,25,26
1	1	828	27	845	173	11,19	0,4,5,16,26	1	4,5,12,16,21,26
1	1	828	27	845	173	11,19	0,4,5,16,26	1	4,12,16,21,25,26
1	1	828	27	845	173	11,19	0,4,5,16,26	2	4,5,12,16,21,26
1	1	828	27	845	173	11,19	0,4,5,16,26	2	5,12,16,17,21,26
2	1	828	27	845	169	11,19	0,4,5,16,26	1	4,5,12,16,17,21
2	1	828	27	845	169	11,19	0,4,5,16,26	1	4,5,16,17,21,26
2	1	828	27	845	169	11,19	0,4,5,16,26	1	4,5,17,21,25,26
2	1	828	27	845	169	11,19	0,4,5,16,26	1	4,16,17,21,25,26
2	1	828	27	845	169	11,19	0,4,5,16,26	2	4,5,12,16,17,21
2	1	828	27	845	169	11,19	0,4,5,16,26	2	4,5,12,16,17,26
2	1	828	27	845	169	11,19	0,4,5,16,26	2	4,5,16,17,21,25
2	1	828	27	845	169	11,19	0,4,5,16,26	2	4,5,16,21,25,26
2	1	828	27	845	169	11,19	0,4,5,16,26	2	4,12,16,21,25,26
2	1	828	27	845	169	11,19	0,4,5,16,26	2	5,12,16,17,21,26
2	1	828	27	845	169	11,19	0,4,5,16,26	2	5,16,17,21,25,26
2	1	828	27	845	170	11,19	0,4,5,16,26	1	4,5,12,16,17,25
2	1	828	27	845	170	11,19	0,4,5,16,26	1	4,5,12,16,17,26
2	1	828	27	845	170	11,19	0,4,5,16,26	1	4,5,16,21,25,26
2	1	828	27	845	170	11,19	0,4,5,16,26	1	4,12,16,17,25,26
2	1	828	27	845	170	11,19	0,4,5,16,26	1	4,16,17,21,25,26
2	1	828	27	845	170	11,19	0,4,5,16,26	1	5,12,16,17,21,26
2	1	828	27	845	170	11,19	0,4,5,16,26	2	4,5,12,17,21,25
2	1	828	27	845	170	11,19	0,4,5,16,26	2	4,5,12,17,21,26
2	1	828	27	845	170	11,19	0,4,5,16,26	2	4,5,12,21,25,26
2	1	828	27	845	170	11,19	0,4,5,16,26	2	5,12,16,17,21,26
2	1	828	27	845	170	11,19	0,4,5,16,26	2	5,12,17,21,25,26
2	1	828	27	845	171	11,19	0,4,5,16,26	1	4,5,12,16,17,26
2	1	828	27	845	171	11,19	0,4,5,16,26	1	4,5,12,17,25,26
2	1	828	27	845	171	11,19	0,4,5,16,26	1	4,5,12,21,25,26
2	1	828	27	845	171	11,19	0,4,5,16,26	1	4,5,16,21,25,26
2	1	828	27	845	171	11,19	0,4,5,16,26	1	4,12,16,17,25,26
2	1	828	27	845	171	11,19	0,4,5,16,26	1	4,12,16,21,25,26
2	1	828	27	845	171	11,19	0,4,5,16,26	1	5,12,16,17,21,26
2	1	828	27	845	171	11,19	0,4,5,16,26	2	4,5,12,16,17,25
2	1	828	27	845	171	11,19	0,4,5,16,26	2	4,5,12,16,25,26
2	1	828	27	845	171	11,19	0,4,5,16,26	2	4,5,12,21,25,26
2	1	828	27	845	171	11,19	0,4,5,16,26	2	5,12,16,17,25,26
2	1	828	27	845	172	11,19	0,4,5,16,26	1	4,5,12,16,17,21
2	1	828	27	845	172	11,19	0,4,5,16,26	1	4,5,12,16,21,25
2	1	828	27	845	172	11,19	0,4,5,16,26	1	4,5,12,17,21,25
2	1	828	27	845	172	11,19	0,4,5,16,26	1	4,12,16,17,21,25
2	1	828	27	845	172	11,19	0,4,5,16,26	1	4,12,16,21,25,26
2	1	828	27	845	172	11,19	0,4,5,16,26	2	4,5,12,16,17,26
2	1	828	27	845	172	11,19	0,4,5,16,26	2	4,5,16,21,25,26
2	1	828	27	845	172	11,19	0,4,5,16,26	2	4,5,17,21,25,26
2	1	828	27	845	172	11,19	0,4,5,16,26	2	4,12,16,21,25,26
2	1	828	27	845	172	11,19	0,4,5,16,26	2	5,12,16,17,25,26
2	1	828	27	845	172	11,19	0,4,5,16,26	2	5,16,17,21,25,26
2	1	828	27	845	173	11,19	0,4,5,16,26	1	4,5,12,16,21,26
2	1	828	27	845	173	11,19	0,4,5,16,26	1	4,12,16,21,25,26
2	1	828	27	845	173	11,19	0,4,5,16,26	2	4,5,12,16,21,26
2	1	828	27	845	173	11,19	0,4,5,16,26	2	5,12,16,17,21,26
3	1	828	27	845	169	11,19	0,4,5,16,26	1	4,5,12,16,17,21
3	1	828	27	845	169	11,19	0,4,5,16,26	1	4,5,16,17,21,26
3	1	828	27	845	169	11,19	0,4,5,16,26	1	4,5,17,21,25,26
3	1	828	27	845	169	11,19	0,4,5,16,26	1	4,16,17,21,25,26
3	1	828	27	845	169	11,19	0,4,5,16,26	2	4,5,12,16,17,21
3	1	828	27	845	169	11,19	0,4,5,16,26	2	4,5,12,16,17,26
3	1	828	27	845	169	11,19	0,4,5,16,26	2	4,5,16,17,21,25
3	1	828	27	845	169	11,19	0,4,5,16,26	2	4,5,16,21,25,26
3	1	828	27	845	169	11,19	0,4,5,16,26	2	4,12,16,21,25,26
3	1	828	27	845	169	11,19	0,4,5,16,26	2	5,12,16,17,21,26
3	1	828	27	845	169	11,19	0,4,5,16,26	2	5,16,17,21,25,26
3	1	828	27	845	170	11,19	0,4,5,16,26	1	4,5,12,16,17,25
3	1	828	27	845	170	11,19	0,4,5,16,26	1	4,5,12,16,17,26
3	1	828	27	845	170	11,19	0,4,5,16,26	1	4,5,16,21,25,26
3	1	828	27	845	170	11,19	0,4,5,16,26	1	4,12,16,17,25,26
3	1	828	27	845	170	11,19	0,4,5,16,26	1	4,16,17,21,25,26
3	1	828	27	845	170	11,19	0,4,5,16,26	1	5,12,16,17,21,26
3	1	828	27	845	170	11,19	0,4,5,16,26	2	4,5,12,17,21,25
3	1	828	27	845	170	11,19	0,4,5,16,26	2	4,5,12,17,21,26
3	1	828	27	845	170	11,19	0,4,5,16,26	2	4,5,12,21,25,26
3	1	828	27	845	170	11,19	0,4,5,16,26	2	5,12,16,17,21,26
3	1	828	27	845	170	11,19	0,4,5,16,26	2	5,12,17,21,25,26
3	1	828	27	845	171	11,19	0,4,5,16,26	1	4,5,12,16,17,26
3	1	828	27	845	171	11,19	0,4,5,16,26	1	4,5,12,17,25,26
3	1	828	27	845	171	11,19	0,4,5,16,26	1	4,5,12,21,25,26
3	1	828	27	845	171	11,19	0,4,5,16,26	1	4,5,16,21,25,26
3	1	828	27	845	171	11,19	0,4,5,16,26	1	4,12,16,17,25,26
3	1	828	27	845	171	11,19	0,4,5,16,26	1	4,12,16,21,25,26
3	1	828	27	845	171	11,19	0,4,5,16,26	1	5,12,16,17,21,26
3	1	828	27	845	171	11,19	0,4,5,16,26	2	4,5,12,16,17,25
3	1	828	27	845	171	11,19	0,4,5,16,26	2	4,5,12,16,25,26
3	1	828	27	845	171	11,19	0,4,5,16,26	2	4,5,12,21,25,26
3	1	828	27	845	171	11,19	0,4,5,16,26	2	5,12,16,17,25,26
3	1	828	27	845	172	11,19	0,4,5,16,26	1	4,5,12,16,17,21
3	1	828	27	845	172	11,19	0,4,5,16,26	1	4,5,12,16,21,25
3	1	828	27	845	172	11,19	0,4,5,16,26	1	4,5,12,17,21,25
3	1	828	27	845	172	11,19	0,4,5,16,26	1	4,12,16,17,21,25
3	1	828	27	845	172	11,19	0,4,5,16,26	1	4,12,16,21,25,26
3	1	828	27	845	172	11,19	0,4,5,16,26	2	4,5,12,16,17,26
3	1	828	27	845	172	11,19	0,4,5,16,26	2	4,5,16,21,25,26
3	1	828	27	845	172	11,19	0,4,5,16,26	2	4,5,17,21,25,26
3	1	828	27	845	172	11,19	0,4,5,16,26	2	4,12,16,21,25,26
3	1	828	27	845	172	11,19	0,4,5,16,26	2	5,12,16,17,25,26
3	1	828	27	845	172	11,19	0,4,5,16,26	2	5,16,17,21,25,26
3	1	828	27	845	173	11,19	0,4,5,16,26	1	4,5,12,16,21,26
3	1	828	27	845	173	11,19	0,4,5,16,26	1	4,12,16,21,25,26
3	1	828	27	845	173	11,19	0,4,5,16,26	2	4,5,12,16,21,26
3	1	828	27	845	173	11,19	0,4,5,16,26	2	5,12,16,17,21,26
Cap configurations: 400

3-flat point count: 8,2,8;4,1,2;5,5,6
Excluded point counts: 5,18,18;6,17,18
0	0	828	12	845	169	3	0,7,8,14,22	1,2	1,2,7,8,12,21
0	0	828	12	845	169	3	0,7,8,14,22	1,2	1,2,7,12,18,21
0	0	828	12	845	169	3	0,7,8,14,22	1,2	1,7,9,12,18,21
0	0	828	12	845	169	3	0,7,8,14,22	1,2	2,7,8,12,18,21
0	0	828	12	845	169	6	0,7,8,14,22	1,2	1,2,7,8,9,12
0	0	828	12	845	169	6	0,7,8,14,22	1,2	1,2,7,9,18,21
0	0	828	12	845	169	6	0,7,8,14,22	1,2	1,7,9,12,18,21
0	0	828	12	845	169	6	0,7,8,14,22	1,2	2,7,8,9,18,21
0	0	828	12	845	169	6	0,7,8,14,22	1,2	2,8,9,12,18,21
0	0	828	12	845	170	3	0,7,8,14,22	1,2	1,2,7,9,12,18
0	0	828	12	845	170	3	0,7,8,14,22	1,2	1,2,8,9,18,21
0	0	828	12	845	170	3	0,7,8,14,22	1,2	1,2,8,12,18,21
0	0	828	12	845	170	3	0,7,8,14,22	1,2	1,7,8,9,18,21
0	0	828	12	845	170	3	0,7,8,14,22	1,2	1,8,9,12,18,21
0	0	828	12	845	170	3	0,7,8,14,22	1,2	2,7,8,9,12,18
0	0	828	12	845	170	3	0,7,8,14,22	1,2	7,8,9,12,18,21
0	0	828	12	845	170	6	0,7,8,14,22	1,2	1,2,7,8,9,12
0	0	828	12	845	170	6	0,7,8,14,22	1,2	1,2,7,8,9,21
0	0	828	12	845	170	6	0,7,8,14,22	1,2	1,7,8,9,12,18
0	0	828	12	845	170	6	0,7,8,14,22	1,2	1,7,8,9,18,21
0	0	828	12	845	171	3	0,7,8,14,22	1,2	1,2,7,8,12,21
0	0	828	12	845	171	3	0,7,8,14,22	1,2	1,2,8,9,12,21
0	0	828	12	845	171	3	0,7,8,14,22	1,2	1,7,8,9,12,21
0	0	828	12	845	171	3	0,7,8,14,22	1,2	2,8,9,12,18,21
0	0	828	12	845	171	6	0,7,8,14,22	1,2	1,2,7,8,18,21
0	0	828	12	845	171	6	0,7,8,14,22	1,2	1,2,8,9,12,18
0	0	828	12	845	171	6	0,7,8,14,22	1,2	1,7,8,9,12,18
0	0	828	12	845	171	6	0,7,8,14,22	1,2	1,7,9,12,18,21
0	0	828	12	845	171	6	0,7,8,14,22	1,2	2,8,9,12,18,21
0	0	828	12	845	172	3	0,7,8,14,22	1,2	1,2,7,9,12,18
0	0	828	12	845	172	3	0,7,8,14,22	1,2	1,2,7,9,12,21
0	0	828	12	845	172	3	0,7,8,14,22	1,2	1,2,8,9,18,21
0	0	828	12	845	172	3	0,7,8,14,22	1,2	1,7,8,9,18,21
0	0	828	12	845	172	3	0,7,8,14,22	1,2	2,7,8,9,12,18
0	0	828	12	845	172	3	0,7,8,14,22	1,2	2,7,9,12,18,21
0	0	828	12	845	172	3	0,7,8,14,22	1,2	7,8,9,12,18,21
0	0	828	12	845	172	6	0,7,8,14,22	1,2	1,2,7,8,12,18
0	0	828	12	845	172	6	0,7,8,14,22	1,2	1,2,7,8,18,21
0	0	828	12	845	172	6	0,7,8,14,22	1,2	2,7,8,9,12,18
0	0	828	12	845	172	6	0,7,8,14,22	1,2	2,7,8,9,18,21
0	0	828	12	845	173	3	0,7,8,14,22	1,2	1,2,7,8,12,21
0	0	828	12	845	173	3	0,7,8,14,22	1,2	1,7,8,9,12,21
0	0	828	12	845	173	3	0,7,8,14,22	1,2	1,7,8,9,18,21
0	0	828	12	845	173	3	0,7,8,14,22	1,2	2,7,8,9,12,18
0	0	828	12	845	173	3	0,7,8,14,22	1,2	2,7,8,12,18,21
0	0	828	12	845	173	3	0,7,8,14,22	1,2	7,8,9,12,18,21
0	0	828	12	845	173	6	0,7,8,14,22	1,2	1,2,7,8,12,21
0	0	828	12	845	173	6	0,7,8,14,22	1,2	1,7,9,12,18,21
0	0	828	12	845	173	6	0,7,8,14,22	1,2	2,8,9,12,18,21
0	0	828	12	845	173	6	0,7,8,14,22	1,2	7,8,9,12,18,21
0	1	828	12	845	169	3	0,7,8,14,22	1,2	1,2,7,8,12,21
0	1	828	12	845	169	3	0,7,8,14,22	1,2	1,2,7,12,18,21
0	1	828	12	845	169	3	0,7,8,14,22	1,2	1,7,9,12,18,21
0	1	828	12	845	169	3	0,7,8,14,22	1,2	2,7,8,12,18,21
0	1	828	12	845	169	6	0,7,8,14,22	1,2	1,2,7,8,9,12
0	1	828	12	845	169	6	0,7,8,14,22	1,2	1,2,7,9,18,21
0	1	828	12	845	169	6	0,7,8,14,22	1,2	1,7,9,12,18,21
0	1	828	12	845	169	6	0,7,8,14,22	1,2	2,7,8,9,18,21
0	1	828	12	845	169	6	0,7,8,14,22	1,2	2,8,9,12,18,21
0	1	828	12	845	170	3	0,7,8,14,22	1,2	1,2,7,9,12,18
0	1	828	12	845	170	3	0,7,8,14,22	1,2	1,2,8,9,18,21
0	1	828	12	845	170	3	0,7,8,14,22	1,2	1,2,8,12,18,21
0	1	828	12	845	170	3	0,7,8,14,22	1,2	1,7,8,9,18,21
0	1	828	12	845	170	3	0,7,8,14,22	1,2	1,8,9,12,18,21
0	1	828	12	845	170	3	0,7,8,14,22	1,2	2,7,8,9,12,18
0	1	828	12	845	170	3	0,7,8,14,22	1,2	7,8,9,12,18,21
0	1	828	12	845	170	6	0,7,8,14,22	1,2	1,2,7,8,9,12
0	1	828	12	845	170	6	0,7,8,14,22	1,2	1,2,7,8,9,21
0	1	828	12	845	170	6	0,7,8,14,22	1,2	1,7,8,9,12,18
0	1	828	12	845	170	6	0,7,8,14,22	1,2	1,7,8,9,18,21
0	1	828	12	845	171	3	0,7,8,14,22	1,2	1,2,7,8,12,21
0	1	828	12	845	171	3	0,7,8,14,22	1,2	1,2,8,9,12,21
0	1	828	12	845	171	3	0,7,8,14,22	1,2	1,7,8,9,12,21
0	1	828	12	845	171	3	0,7,8,14,22	1,2	2,8,9,12,18,21
0	1	828	12	845	171	6	0,7,8,14,22	1,2	1,2,7,8,18,21
0	1	828	12	845	171	6	0,7,8,14,22	1,2	1,2,8,9,12,18
0	1	828	12	845	171	6	0,7,8,14,22	1,2	1,7,8,9,12,18
0	1	828	12	845	171	6	0,7,8,14,22	1,2	1,7,9,12,18,21
0	1	828	12	845	171	6	0,7,8,14,22	1,2	2,8,9,12,18,21
0	1	828	12	845	172	3	0,7,8,14,22	1,2	1,2,7,9,12,18
0	1	828	12	845	172	3	0,7,8,14,22	1,2	1,2,7,9,12,21
0	1	828	12	845	172	3	0,7,8,14,22	1,2	1,2,8,9,18,21
0	1	828	12	845	172	3	0,7,8,14,22	1,2	1,7,8,9,18,21
0	1	828	12	845	172	3	0,7,8,14,22	1,2	2,7,8,9,12,18
0	1	828	12	845	172	3	0,7,8,14,22	1,2	2,7,9,12,18,21
0	1	828	12	845	172	3	0,7,8,14,22	1,2	7,8,9,12,18,21
0	1	828	12	845	172	6	0,7,8,14,22	1,2	1,2,7,8,12,18
0	1	828	12	845	172	6	0,7,8,14,22	1,2	1,2,7,8,18,21
0	1	828	12	845	172	6	0,7,8,14,22	1,2	2,7,8,9,12,18
0	1	828	12	845	172	6	0,7,8,14,22	1,2	2,7,8,9,18,21
0	1	828	12	845	173	3	0,7,8,14,22	1,2	1,2,7,8,12,21
0	1	828	12	845	173	3	0,7,8,14,22	1,2	1,7,8,9,12,21
0	1	828	12	845	173	3	0,7,8,14,22	1,2	1,7,8,9,18,21
0	1	828	12	845	173	3	0,7,8,14,22	1,2	2,7,8,9,12,18
0	1	828	12	845	173	3	0,7,8,14,22	1,2	2,7,8,12,18,21
0	1	828	12	845	173	3	0,7,8,14,22	1,2	7,8,9,12,18,21
0	1	828	12	845	173	6	0,7,8,14,22	1,2	1,2,7,8,12,21
0	1	828	12	845	173	6	0,7,8,14,22	1,2	1,7,9,12,18,21
0	1	828	12	845	173	6	0,7,8,14,22	1,2	2,8,9,12,18,21
0	1	828	12	845	173	6	0,7,8,14,22	1,2	7,8,9,12,18,21
2	0	828	12	845	169	3	0,7,8,14,22	1,2	1,2,7,8,12,21
2	0	828	12	845	169	3	0,7,8,14,22	1,2	1,2,7,12,18,21
2	0	828	12	845	169	3	0,7,8,14,22	1,2	1,7,9,12,18,21
2	0	828	12	845	169	3	0,7,8,14,22	1,2	2,7,8,12,18,21
2	0	828	12	845	169	6	0,7,8,14,22	1,2	1,2,7,8,9,12
2	0	828	12	845	169	6	0,7,8,14,22	1,2	1,2,7,9,18,21
2	0	828	12	845	169	6	0,7,8,14,22	1,2	1,7,9,12,18,21
2	0	828	12	845	169	6	0,7,8,14,22	1,2	2,7,8,9,18,21
2	0	828	12	845	169	6	0,7,8,14,22	1,2	2,8,9,12,18,21
2	0	828	12	845	170	3	0,7,8,14,22	1,2	1,2,7,9,12,18
2	0	828	12	845	170	3	0,7,8,14,22	1,2	1,2,8,9,18,21
2	0	828	12	845	170	3	0,7,8,14,22	1,2	1,2,8,12,18,21
2	0	828	12	845	170	3	0,7,8,14,22	1,2	1,7,8,9,18,21
2	0	828	12	845	170	3	0,7,8,14,22	1,2	1,8,9,12,18,21
2	0	828	12	845	170	3	0,7,8,14,22	1,2	2,7,8,9,12,18
2	0	828	12	845	170	3	0,7,8,14,22	1,2	7,8,9,12,18,21
2	0	828	12	845	170	6	0,7,8,14,22	1,2	1,2,7,8,9,12
2	0	828	12	845	170	6	0,7,8,14,22	1,2	1,2,7,8,9,21
2	0	828	12	845	170	6	0,7,8,14,22	1,2	1,7,8,9,12,18
2	0	828	12	845	170	6	0,7,8,14,22	1,2	1,7,8,9,18,21
2	0	828	12	845	171	3	0,7,8,14,22	1,2	1,2,7,8,12,21
2	0	828	12	845	171	3	0,7,8,14,22	1,2	1,2,8,9,12,21
2	0	828	12	845	171	3	0,7,8,14,22	1,2	1,7,8,9,12,21
2	0	828	12	845	171	3	0,7,8,14,22	1,2	2,8,9,12,18,21
2	0	828	12	845	171	6	0,7,8,14,22	1,2	1,2,7,8,18,21
2	0	828	12	845	171	6	0,7,8,14,22	1,2	1,2,8,9,12,18
2	0	828	12	845	171	6	0,7,8,14,22	1,2	1,7,8,9,12,18
2	0	828	12	845	171	6	0,7,8,14,22	1,2	1,7,9,12,18,21
2	0	828	12	845	171	6	0,7,8,14,22	1,2	2,8,9,12,18,21
2	0	828	12	845	172	3	0,7,8,14,22	1,2	1,2,7,9,12,18
2	0	828	12	845	172	3	0,7,8,14,22	1,2	1,2,7,9,12,21
2	0	828	12	845	172	3	0,7,8,14,22	1,2	1,2,8,9,18,21
2	0	828	12	845	172	3	0,7,8,14,22	1,2	1,7,8,9,18,21
2	0	828	12	845	172	3	0,7,8,14,22	1,2	2,7,8,9,12,18
2	0	828	12	845	172	3	0,7,8,14,22	1,2	2,7,9,12,18,21
2	0	828	12	845	172	3	0,7,8,14,22	1,2	7,8,9,12,18,21
2	0	828	12	845	172	6	0,7,8,14,22	1,2	1,2,7,8,12,18
2	0	828	12	845	172	6	0,7,8,14,22	1,2	1,2,7,8,18,21
2	0	828	12	845	172	6	0,7,8,14,22	1,2	2,7,8,9,12,18
2	0	828	12	845	172	6	0,7,8,14,22	1,2	2,7,8,9,18,21
2	0	828	12	845	173	3	0,7,8,14,22	1,2	1,2,7,8,12,21
2	0	828	12	845	173	3	0,7,8,14,22	1,2	1,7,8,9,12,21
2	0	828	12	845	173	3	0,7,8,14,22	1,2	1,7,8,9,18,21
2	0	828	12	845	173	3	0,7,8,14,22	1,2	2,7,8,9,12,18
2	0	828	12	845	173	3	0,7,8,14,22	1,2	2,7,8,12,18,21
2	0	828	12	845	173	3	0,7,8,14,22	1,2	7,8,9,12,18,21
2	0	828	12	845	173	6	0,7,8,14,22	1,2	1,2,7,8,12,21
2	0	828	12	845	173	6	0,7,8,14,22	1,2	1,7,9,12,18,21
2	0	828	12	845	173	6	0,7,8,14,22	1,2	2,8,9,12,18,21
2	0	828	12	845	173	6	0,7,8,14,22	1,2	7,8,9,12,18,21
2	1	828	12	845	169	3	0,7,8,14,22	1,2	1,2,7,8,12,21
2	1	828	12	845	169	3	0,7,8,14,22	1,2	1,2,7,12,18,21
2	1	828	12	845	169	3	0,7,8,14,22	1,2	1,7,9,12,18,21
2	1	828	12	845	169	3	0,7,8,14,22	1,2	2,7,8,12,18,21
2	1	828	12	845	169	6	0,7,8,14,22	1,2	1,2,7,8,9,12
2	1	828	12	845	169	6	0,7,8,14,22	1,2	1,2,7,9,18,21
2	1	828	12	845	169	6	0,7,8,14,22	1,2	1,7,9,12,18,21
2	1	828	12	845	169	6	0,7,8,14,22	1,2	2,7,8,9,18,21
2	1	828	12	845	169	6	0,7,8,14,22	1,2	2,8,9,12,18,21
2	1	828	12	845	170	3	0,7,8,14,22	1,2	1,2,7,9,12,18
2	1	828	12	845	170	3	0,7,8,14,22	1,2	1,2,8,9,18,21
2	1	828	12	845	170	3	0,7,8,14,22	1,2	1,2,8,12,18,21
2	1	828	12	845	170	3	0,7,8,14,22	1,2	1,7,8,9,18,21
2	1	828	12	845	170	3	0,7,8,14,22	1,2	1,8,9,12,18,21
2	1	828	12	845	170	3	0,7,8,14,22	1,2	2,7,8,9,12,18
2	1	828	12	845	170	3	0,7,8,14,22	1,2	7,8,9,12,18,21
2	1	828	12	845	170	6	0,7,8,14,22	1,2	1,2,7,8,9,12
2	1	828	12	845	170	6	0,7,8,14,22	1,2	1,2,7,8,9,21
2	1	828	12	845	170	6	0,7,8,14,22	1,2	1,7,8,9,12,18
2	1	828	12	845	170	6	0,7,8,14,22	1,2	1,7,8,9,18,21
2	1	828	12	845	171	3	0,7,8,14,22	1,2	1,2,7,8,12,21
2	1	828	12	845	171	3	0,7,8,14,22	1,2	1,2,8,9,12,21
2	1	828	12	845	171	3	0,7,8,14,22	1,2	1,7,8,9,12,21
2	1	828	12	845	171	3	0,7,8,14,22	1,2	2,8,9,12,18,21
2	1	828	12	845	171	6	0,7,8,14,22	1,2	1,2,7,8,18,21
2	1	828	12	845	171	6	0,7,8,14,22	1,2	1,2,8,9,12,18
2	1	828	12	845	171	6	0,7,8,14,22	1,2	1,7,8,9,12,18
2	1	828	12	845	171	6	0,7,8,14,22	1,2	1,7,9,12,18,21
2	1	828	12	845	171	6	0,7,8,14,22	1,2	2,8,9,12,18,21
2	1	828	12	845	172	3	0,7,8,14,22	1,2	1,2,7,9,12,18
2	1	828	12	845	172	3	0,7,8,14,22	1,2	1,2,7,9,12,21
2	1	828	12	845	172	3	0,7,8,14,22	1,2	1,2,8,9,18,21
2	1	828	12	845	172	3	0,7,8,14,22	1,2	1,7,8,9,18,21
2	1	828	12	845	172	3	0,7,8,14,22	1,2	2,7,8,9,12,18
2	1	828	12	845	172	3	0,7,8,14,22	1,2	2,7,9,12,18,21
2	1	828	12	845	172	3	0,7,8,14,22	1,2	7,8,9,12,18,21
2	1	828	12	845	172	6	0,7,8,14,22	1,2	1,2,7,8,12,18
2	1	828	12	845	172	6	0,7,8,14,22	1,2	1,2,7,8,18,21
2	1	828	12	845	172	6	0,7,8,14,22	1,2	2,7,8,9,12,18
2	1	828	12	845	172	6	0,7,8,14,22	1,2	2,7,8,9,18,21
2	1	828	12	845	173	3	0,7,8,14,22	1,2	1,2,7,8,12,21
2	1	828	12	845	173	3	0,7,8,14,22	1,2	1,7,8,9,12,21
2	1	828	12	845	173	3	0,7,8,14,22	1,2	1,7,8,9,18,21
2	1	828	12	845	173	3	0,7,8,14,22	1,2	2,7,8,9,12,18
2	1	828	12	845	173	3	0,7,8,14,22	1,2	2,7,8,12,18,21
2	1	828	12	845	173	3	0,7,8,14,22	1,2	7,8,9,12,18,21
2	1	828	12	845	173	6	0,7,8,14,22	1,2	1,2,7,8,12,21
2	1	828	12	845	173	6	0,7,8,14,22	1,2	1,7,9,12,18,21
2	1	828	12	845	173	6	0,7,8,14,22	1,2	2,8,9,12,18,21
2	1	828	12	845	173	6	0,7,8,14,22	1,2	7,8,9,12,18,21
0	1	828	27	845	169	11	0,4,5,16,26	1,2	4,5,16,17,21,26
0	1	828	27	845	169	11	0,4,5,16,26	1,2	4,5,16,17,25,26
0	1	828	27	845	169	11	0,4,5,16,26	1,2	4,12,16,17,21,26
0	1	828	27	845	169	11	0,4,5,16,26	1,2	4,16,17,21,25,26
0	1	828	27	845	169	11	0,4,5,16,26	1,2	5,16,17,21,25,26
0	1	828	27	845	169	19	0,4,5,16,26	1,2	4,5,12,16,21,25
0	1	828	27	845	169	19	0,4,5,16,26	1,2	4,5,12,17,25,26
0	1	828	27	845	169	19	0,4,5,16,26	1,2	4,5,12,21,25,26
0	1	828	27	845	169	19	0,4,5,16,26	1,2	4,12,16,17,21,26
0	1	828	27	845	169	19	0,4,5,16,26	1,2	4,12,17,21,25,26
0	1	828	27	845	169	19	0,4,5,16,26	1,2	5,12,16,17,21,25
0	1	828	27	845	170	11	0,4,5,16,26	1,2	4,5,12,17,21,26
0	1	828	27	845	170	11	0,4,5,16,26	1,2	4,5,12,17,25,26
0	1	828	27	845	170	11	0,4,5,16,26	1,2	5,12,17,21,25,26
0	1	828	27	845	170	11	0,4,5,16,26	1,2	5,16,17,21,25,26
0	1	828	27	845	170	19	0,4,5,16,26	1,2	4,5,12,21,25,26
0	1	828	27	845	170	19	0,4,5,16,26	1,2	4,5,17,21,25,26
0	1	828	27	845	170	19	0,4,5,16,26	1,2	4,12,16,17,21,26
0	1	828	27	845	170	19	0,4,5,16,26	1,2	4,12,17,21,25,26
0	1	828	27	845	170	19	0,4,5,16,26	1,2	5,12,16,17,21,25
0	1	828	27	845	170	19	0,4,5,16,26	1,2	5,12,16,21,25,26
0	1	828	27	845	170	19	0,4,5,16,26	1,2	5,16,17,21,25,26
0	1	828	27	845	171	11	0,4,5,16,26	1,2	4,5,12,16,17,21
0	1	828	27	845	171	11	0,4,5,16,26	1,2	4,5,12,17,21,26
0	1	828	27	845	171	11	0,4,5,16,26	1,2	4,5,16,17,21,25
0	1	828	27	845	171	11	0,4,5,16,26	1,2	4,12,17,21,25,26
0	1	828	27	845	171	11	0,4,5,16,26	1,2	5,12,16,17,21,25
0	1	828	27	845	171	11	0,4,5,16,26	1,2	5,12,16,21,25,26
0	1	828	27	845	171	19	0,4,5,16,26	1,2	4,5,12,16,25,26
0	1	828	27	845	171	19	0,4,5,16,26	1,2	4,5,16,17,25,26
0	1	828	27	845	171	19	0,4,5,16,26	1,2	4,12,16,17,25,26
0	1	828	27	845	171	19	0,4,5,16,26	1,2	5,12,16,17,25,26
0	1	828	27	845	171	19	0,4,5,16,26	1,2	5,12,16,21,25,26
0	1	828	27	845	172	11	0,4,5,16,26	1,2	4,5,12,16,17,21
0	1	828	27	845	172	11	0,4,5,16,26	1,2	4,5,12,16,17,25
0	1	828	27	845	172	11	0,4,5,16,26	1,2	4,12,16,17,21,26
0	1	828	27	845	172	11	0,4,5,16,26	1,2	4,12,16,17,25,26
0	1	828	27	845	172	11	0,4,5,16,26	1,2	4,12,17,21,25,26
0	1	828	27	845	172	11	0,4,5,16,26	1,2	5,12,16,17,21,25
0	1	828	27	845	172	11	0,4,5,16,26	1,2	5,12,16,21,25,26
0	1	828	27	845	172	19	0,4,5,16,26	1,2	4,5,12,16,21,25
0	1	828	27	845	172	19	0,4,5,16,26	1,2	4,5,16,17,21,25
0	1	828	27	845	172	19	0,4,5,16,26	1,2	4,12,16,17,21,25
0	1	828	27	845	172	19	0,4,5,16,26	1,2	4,12,16,17,25,26
0	1	828	27	845	173	11	0,4,5,16,26	1,2	4,12,16,17,21,26
0	1	828	27	845	173	11	0,4,5,16,26	1,2	12,16,17,21,25,26
0	1	828	27	845	173	19	0,4,5,16,26	1,2	5,12,16,21,25,26
0	1	828	27	845	173	19	0,4,5,16,26	1,2	12,16,17,21,25,26
1	1	828	27	845	169	11	0,4,5,16,26	1,2	4,5,16,17,21,26
1	1	828	27	845	169	11	0,4,5,16,26	1,2	4,5,16,17,25,26
1	1	828	27	845	169	11	0,4,5,16,26	1,2	4,12,16,17,21,26
1	1	828	27	845	169	11	0,4,5,16,26	1,2	4,16,17,21,25,26
1	1	828	27	845	169	11	0,4,5,16,26	1,2	5,16,17,21,25,26
1	1	828	27	845	169	19	0,4,5,16,26	1,2	4,5,12,16,21,25
1	1	828	27	845	169	19	0,4,5,16,26	1,2	4,5,12,17,25,26
1	1	828	27	845	169	19	0,4,5,16,26	1,2	4,5,12,21,25,26
1	1	828	27	845	169	19	0,4,5,16,26	1,2	4,12,16,17,21,26
1	1	828	27	845	169	19	0,4,5,16,26	1,2	4,12,17,21,25,26
1	1	828	27	845	169	19	0,4,5,16,26	1,2	5,12,16,17,21,25
1	1	828	27	845	170	11	0,4,5,16,26	1,2	4,5,12,17,21,26
1	1	828	27	845	170	11	0,4,5,16,26	1,2	4,5,12,17,25,26
1	1	828	27	845	170	11	0,4,5,16,26	1,2	5,12,17,21,25,26
1	1	828	27	845	170	11	0,4,5,16,26	1,2	5,16,17,21,25,26
1	1	828	27	845	170	19	0,4,5,16,26	1,2	4,5,12,21,25,26
1	1	828	27	845	170	19	0,4,5,16,26	1,2	4,5,17,21,25,26
1	1	828	27	845	170	19	0,4,5,16,26	1,2	4,12,16,17,21,26
1	1	828	27	845	170	19	0,4,5,16,26	1,2	4,12,17,21,25,26
1	1	828	27	845	170	19	0,4,5,16,26	1,2	5,12,16,17,21,25
1	1	828	27	845	170	19	0,4,5,16,26	1,2	5,12,16,21,25,26
1	1	828	27	845	170	19	0,4,5,16,26	1,2	5,16,17,21,25,26
1	1	828	27	845	171	11	0,4,5,16,26	1,2	4,5,12,16,17,21
1	1	828	27	845	171	11	0,4,5,16,26	1,2	4,5,12,17,21,26
1	1	828	27	845	171	11	0,4,5,16,26	1,2	4,5,16,17,21,25
1	1	828	27	845	171	11	0,4,5,16,26	1,2	4,12,17,21,25,26
1	1	828	27	845	171	11	0,4,5,16,26	1,2	5,12,16,17,21,25
1	1	828	27	845	171	11	0,4,5,16,26	1,2	5,12,16,21,25,26
1	1	828	27	845	171	19	0,4,5,16,26	1,2	4,5,12,16,25,26
1	1	828	27	845	171	19	0,4,5,16,26	1,2	4,5,16,17,25,26
1	1	828	27	845	171	19	0,4,5,16,26	1,2	4,12,16,17,25,26
1	1	828	27	845	171	19	0,4,5,16,26	1,2	5,12,16,17,25,26
1	1	828	27	845	171	19	0,4,5,16,26	1,2	5,12,16,21,25,26
1	1	828	27	845	172	11	0,4,5,16,26	1,2	4,5,12,16,17,21
1	1	828	27	845	172	11	0,4,5,16,26	1,2	4,5,12,16,17,25
1	1	828	27	845	172	11	0,4,5,16,26	1,2	4,12,16,17,21,26
1	1	828	27	845	172	11	0,4,5,16,26	1,2	4,12,16,17,25,26
1	1	828	27	845	172	11	0,4,5,16,26	1,2	4,12,17,21,25,26
1	1	828	27	845	172	11	0,4,5,16,26	1,2	5,12,16,17,21,25
1	1	828	27	845	172	11	0,4,5,16,26	1,2	5,12,16,21,25,26
1	1	828	27	845	172	19	0,4,5,16,26	1,2	4,5,12,16,21,25
1	1	828	27	845	172	19	0,4,5,16,26	1,2	4,5,16,17,21,25
1	1	828	27	845	172	19	0,4,5,16,26	1,2	4,12,16,17,21,25
1	1	828	27	845	172	19	0,4,5,16,26	1,2	4,12,16,17,25,26
1	1	828	27	845	173	11	0,4,5,16,26	1,2	4,12,16,17,21,26
1	1	828	27	845	173	11	0,4,5,16,26	1,2	12,16,17,21,25,26
1	1	828	27	845	173	19	0,4,5,16,26	1,2	5,12,16,21,25,26
1	1	828	27	845	173	19	0,4,5,16,26	1,2	12,16,17,21,25,26
2	1	828	27	845	169	11	0,4,5,16,26	1,2	4,5,16,17,21,26
2	1	828	27	845	169	11	0,4,5,16,26	1,2	4,5,16,17,25,26
2	1	828	27	845	169	11	0,4,5,16,26	1,2	4,12,16,17,21,26
2	1	828	27	845	169	11	0,4,5,16,26	1,2	4,16,17,21,25,26
2	1	828	27	845	169	11	0,4,5,16,26	1,2	5,16,17,21,25,26
2	1	828	27	845	169	19	0,4,5,16,26	1,2	4,5,12,16,21,25
2	1	828	27	845	169	19	0,4,5,16,26	1,2	4,5,12,17,25,26
2	1	828	27	845	169	19	0,4,5,16,26	1,2	4,5,12,21,25,26
2	1	828	27	845	169	19	0,4,5,16,26	1,2	4,12,16,17,21,26
2	1	828	27	845	169	19	0,4,5,16,26	1,2	4,12,17,21,25,26
2	1	828	27	845	169	19	0,4,5,16,26	1,2	5,12,16,17,21,25
2	1	828	27	845	170	11	0,4,5,16,26	1,2	4,5,12,17,21,26
2	1	828	27	845	170	11	0,4,5,16,26	1,2	4,5,12,17,25,26
2	1	828	27	845	170	11	0,4,5,16,26	1,2	5,12,17,21,25,26
2	1	828	27	845	170	11	0,4,5,16,26	1,2	5,16,17,21,25,26
2	1	828	27	845	170	19	0,4,5,16,26	1,2	4,5,12,21,25,26
2	1	828	27	845	170	19	0,4,5,16,26	1,2	4,5,17,21,25,26
2	1	828	27	845	170	19	0,4,5,16,26	1,2	4,12,16,17,21,26
2	1	828	27	845	170	19	0,4,5,16,26	1,2	4,12,17,21,25,26
2	1	828	27	845	170	19	0,4,5,16,26	1,2	5,12,16,17,21,25
2	1	828	27	845	170	19	0,4,5,16,26	1,2	5,12,16,21,25,26
2	1	828	27	845	170	19	0,4,5,16,26	1,2	5,16,17,21,25,26
2	1	828	27	845	171	11	0,4,5,16,26	1,2	4,5,12,16,17,21
2	1	828	27	845	171	11	0,4,5,16,26	1,2	4,5,12,17,21,26
2	1	828	27	845	171	11	0,4,5,16,26	1,2	4,5,16,17,21,25
2	1	828	27	845	171	11	0,4,5,16,26	1,2	4,12,17,21,25,26
2	1	828	27	845	171	11	0,4,5,16,26	1,2	5,12,16,17,21,25
2	1	828	27	845	171	11	0,4,5,16,26	1,2	5,12,16,21,25,26
2	1	828	27	845	171	19	0,4,5,16,26	1,2	4,5,12,16,25,26
2	1	828	27	845	171	19	0,4,5,16,26	1,2	4,5,16,17,25,26
2	1	828	27	845	171	19	0,4,5,16,26	1,2	4,12,16,17,25,26
2	1	828	27	845	171	19	0,4,5,16,26	1,2	5,12,16,17,25,26
2	1	828	27	845	171	19	0,4,5,16,26	1,2	5,12,16,21,25,26
2	1	828	27	845	172	11	0,4,5,16,26	1,2	4,5,12,16,17,21
2	1	828	27	845	172	11	0,4,5,16,26	1,2	4,5,12,16,17,25
2	1	828	27	845	172	11	0,4,5,16,26	1,2	4,12,16,17,21,26
2	1	828	27	845	172	11	0,4,5,16,26	1,2	4,12,16,17,25,26
2	1	828	27	845	172	11	0,4,5,16,26	1,2	4,12,17,21,25,26
2	1	828	27	845	172	11	0,4,5,16,26	1,2	5,12,16,17,21,25
2	1	828	27	845	172	11	0,4,5,16,26	1,2	5,12,16,21,25,26
2	1	828	27	845	172	19	0,4,5,16,26	1,2	4,5,12,16,21,25
2	1	828	27	845	172	19	0,4,5,16,26	1,2	4,5,16,17,21,25
2	1	828	27	845	172	19	0,4,5,16,26	1,2	4,12,16,17,21,25
2	1	828	27	845	172	19	0,4,5,16,26	1,2	4,12,16,17,25,26
2	1	828	27	845	173	11	0,4,5,16,26	1,2	4,12,16,17,21,26
2	1	828	27	845	173	11	0,4,5,16,26	1,2	12,16,17,21,25,26
2	1	828	27	845	173	19	0,4,5,16,26	1,2	5,12,16,21,25,26
2	1	828	27	845	173	19	0,4,5,16,26	1,2	12,16,17,21,25,26
3	1	828	27	845	169	11	0,4,5,16,26	1,2	4,5,16,17,21,26
3	1	828	27	845	169	11	0,4,5,16,26	1,2	4,5,16,17,25,26
3	1	828	27	845	169	11	0,4,5,16,26	1,2	4,12,16,17,21,26
3	1	828	27	845	169	11	0,4,5,16,26	1,2	4,16,17,21,25,26
3	1	828	27	845	169	11	0,4,5,16,26	1,2	5,16,17,21,25,26
3	1	828	27	845	169	19	0,4,5,16,26	1,2	4,5,12,16,21,25
3	1	828	27	845	169	19	0,4,5,16,26	1,2	4,5,12,17,25,26
3	1	828	27	845	169	19	0,4,5,16,26	1,2	4,5,12,21,25,26
3	1	828	27	845	169	19	0,4,5,16,26	1,2	4,12,16,17,21,26
3	1	828	27	845	169	19	0,4,5,16,26	1,2	4,12,17,21,25,26
3	1	828	27	845	169	19	0,4,5,16,26	1,2	5,12,16,17,21,25
3	1	828	27	845	170	11	0,4,5,16,26	1,2	4,5,12,17,21,26
3	1	828	27	845	170	11	0,4,5,16,26	1,2	4,5,12,17,25,26
3	1	828	27	845	170	11	0,4,5,16,26	1,2	5,12,17,21,25,26
3	1	828	27	845	170	11	0,4,5,16,26	1,2	5,16,17,21,25,26
3	1	828	27	845	170	19	0,4,5,16,26	1,2	4,5,12,21,25,26
3	1	828	27	845	170	19	0,4,5,16,26	1,2	4,5,17,21,25,26
3	1	828	27	845	170	19	0,4,5,16,26	1,2	4,12,16,17,21,26
3	1	828	27	845	170	19	0,4,5,16,26	1,2	4,12,17,21,25,26
3	1	828	27	845	170	19	0,4,5,16,26	1,2	5,12,16,17,21,25
3	1	828	27	845	170	19	0,4,5,16,26	1,2	5,12,16,21,25,26
3	1	828	27	845	170	19	0,4,5,16,26	1,2	5,16,17,21,25,26
3	1	828	27	845	171	11	0,4,5,16,26	1,2	4,5,12,16,17,21
3	1	828	27	845	171	11	0,4,5,16,26	1,2	4,5,12,17,21,26
3	1	828	27	845	171	11	0,4,5,16,26	1,2	4,5,16,17,21,25
3	1	828	27	845	171	11	0,4,5,16,26	1,2	4,12,17,21,25,26
3	1	828	27	845	171	11	0,4,5,16,26	1,2	5,12,16,17,21,25
3	1	828	27	845	171	11	0,4,5,16,26	1,2	5,12,16,21,25,26
3	1	828	27	845	171	19	0,4,5,16,26	1,2	4,5,12,16,25,26
3	1	828	27	845	171	19	0,4,5,16,26	1,2	4,5,16,17,25,26
3	1	828	27	845	171	19	0,4,5,16,26	1,2	4,12,16,17,25,26
3	1	828	27	845	171	19	0,4,5,16,26	1,2	5,12,16,17,25,26
3	1	828	27	845	171	19	0,4,5,16,26	1,2	5,12,16,21,25,26
3	1	828	27	845	172	11	0,4,5,16,26	1,2	4,5,12,16,17,21
3	1	828	27	845	172	11	0,4,5,16,26	1,2	4,5,12,16,17,25
3	1	828	27	845	172	11	0,4,5,16,26	1,2	4,12,16,17,21,26
3	1	828	27	845	172	11	0,4,5,16,26	1,2	4,12,16,17,25,26
3	1	828	27	845	172	11	0,4,5,16,26	1,2	4,12,17,21,25,26
3	1	828	27	845	172	11	0,4,5,16,26	1,2	5,12,16,17,21,25
3	1	828	27	845	172	11	0,4,5,16,26	1,2	5,12,16,21,25,26
3	1	828	27	845	172	19	0,4,5,16,26	1,2	4,5,12,16,21,25
3	1	828	27	845	172	19	0,4,5,16,26	1,2	4,5,16,17,21,25
3	1	828	27	845	172	19	0,4,5,16,26	1,2	4,12,16,17,21,25
3	1	828	27	845	172	19	0,4,5,16,26	1,2	4,12,16,17,25,26
3	1	828	27	845	173	11	0,4,5,16,26	1,2	4,12,16,17,21,26
3	1	828	27	845	173	11	0,4,5,16,26	1,2	12,16,17,21,25,26
3	1	828	27	845	173	19	0,4,5,16,26	1,2	5,12,16,21,25,26
3	1	828	27	845	173	19	0,4,5,16,26	1,2	12,16,17,21,25,26
Cap configurations: 392

3-flat point count: 8,2,8;4,0,3;5,5,6
Excluded point counts: 1,1,1
Cap configurations: 0

3-flat point count: 8,2,8;4,0,3;6,5,5
Excluded point counts: 1,1,1
Cap configurations: 0

3-flat point count: 8,2,8;3,1,3;6,5,5
Excluded point counts: 1,1,1
Cap configurations: 0

3-flat point count: 8,2,8;3,2,2;5,5,6
Excluded point counts: 5,18,18;6,17,18
0	0	828	12	835	776	3,6	0,7,8,14,22	1,2	1,2,7,8,9,12
0	0	828	12	835	776	3,6	0,7,8,14,22	1,2	1,2,7,9,12,18
0	0	828	12	835	776	3,6	0,7,8,14,22	1,2	1,2,8,9,12,21
0	0	828	12	835	776	3,6	0,7,8,14,22	1,2	1,8,9,12,18,21
0	0	828	12	835	777	3,6	0,7,8,14,22	1,2	1,2,7,8,9,18
0	0	828	12	835	777	3,6	0,7,8,14,22	1,2	1,2,7,8,12,21
0	0	828	12	835	778	3,6	0,7,8,14,22	1,2	1,2,7,8,9,21
0	0	828	12	835	778	3,6	0,7,8,14,22	1,2	1,2,7,8,12,21
0	0	828	12	835	778	3,6	0,7,8,14,22	1,2	1,2,7,9,12,18
0	0	828	12	835	778	3,6	0,7,8,14,22	1,2	1,2,7,9,12,21
0	0	828	12	835	778	3,6	0,7,8,14,22	1,2	1,2,8,9,12,21
0	0	828	12	835	778	3,6	0,7,8,14,22	1,2	1,2,8,9,18,21
0	0	828	12	835	778	3,6	0,7,8,14,22	1,2	1,7,8,9,12,18
0	0	828	12	835	778	3,6	0,7,8,14,22	1,2	1,7,8,9,12,21
0	0	828	12	835	778	3,6	0,7,8,14,22	1,2	2,7,8,9,12,21
0	0	828	12	835	779	3,6	0,7,8,14,22	1,2	1,2,7,8,12,18
0	0	828	12	835	779	3,6	0,7,8,14,22	1,2	1,2,7,8,12,21
0	0	828	12	835	779	3,6	0,7,8,14,22	1,2	1,2,7,9,12,18
0	0	828	12	835	779	3,6	0,7,8,14,22	1,2	1,2,7,12,18,21
0	0	828	12	835	779	3,6	0,7,8,14,22	1,2	1,2,8,9,18,21
0	0	828	12	835	779	3,6	0,7,8,14,22	1,2	1,2,8,12,18,21
0	0	828	12	835	779	3,6	0,7,8,14,22	1,2	1,7,8,12,18,21
0	0	828	12	835	779	3,6	0,7,8,14,22	1,2	2,7,8,9,18,21
0	0	828	12	835	779	3,6	0,7,8,14,22	1,2	2,7,8,12,18,21
0	0	828	12	835	780	3,6	0,7,8,14,22	1,2	1,2,7,8,12,21
0	0	828	12	835	780	3,6	0,7,8,14,22	1,2	1,2,7,9,12,21
0	0	828	12	835	780	3,6	0,7,8,14,22	1,2	1,2,8,12,18,21
0	0	828	12	835	780	3,6	0,7,8,14,22	1,2	1,2,9,12,18,21
0	0	828	12	835	780	3,6	0,7,8,14,22	1,2	1,7,8,12,18,21
0	0	828	12	835	780	3,6	0,7,8,14,22	1,2	2,7,8,9,12,21
0	0	828	12	835	780	3,6	0,7,8,14,22	1,2	7,8,9,12,18,21
0	0	828	12	835	781	3,6	0,7,8,14,22	1,2	1,2,7,8,18,21
0	0	828	12	835	781	3,6	0,7,8,14,22	1,2	1,2,7,12,18,21
0	0	828	12	835	781	3,6	0,7,8,14,22	1,2	1,2,8,9,18,21
0	0	828	12	835	781	3,6	0,7,8,14,22	1,2	2,7,9,12,18,21
0	0	828	12	835	782	3,6	0,7,8,14,22	1,2	1,2,7,8,12,18
0	0	828	12	835	782	3,6	0,7,8,14,22	1,2	1,2,8,9,18,21
0	0	828	12	835	783	3,6	0,7,8,14,22	1,2	1,2,7,8,9,21
0	0	828	12	835	783	3,6	0,7,8,14,22	1,2	1,2,7,8,12,18
0	0	828	12	835	783	3,6	0,7,8,14,22	1,2	1,2,7,8,12,21
0	0	828	12	835	783	3,6	0,7,8,14,22	1,2	1,2,7,9,12,18
0	0	828	12	835	783	3,6	0,7,8,14,22	1,2	1,2,7,9,18,21
0	0	828	12	835	783	3,6	0,7,8,14,22	1,2	1,2,8,9,12,21
0	0	828	12	835	783	3,6	0,7,8,14,22	1,2	1,2,8,9,18,21
0	0	828	12	835	783	3,6	0,7,8,14,22	1,2	2,7,8,9,12,18
0	0	828	12	835	783	3,6	0,7,8,14,22	1,2	2,7,8,9,18,21
0	0	828	12	835	784	3,6	0,7,8,14,22	1,2	1,2,7,8,9,21
0	0	828	12	835	784	3,6	0,7,8,14,22	1,2	1,2,7,9,12,18
0	0	828	12	835	785	3,6	0,7,8,14,22	1,2	1,2,7,8,9,21
0	0	828	12	835	785	3,6	0,7,8,14,22	1,2	1,2,7,8,12,18
0	0	828	12	835	785	3,6	0,7,8,14,22	1,2	1,2,7,8,12,21
0	0	828	12	835	785	3,6	0,7,8,14,22	1,2	1,2,7,9,12,18
0	0	828	12	835	785	3,6	0,7,8,14,22	1,2	1,2,7,12,18,21
0	0	828	12	835	785	3,6	0,7,8,14,22	1,2	1,2,8,9,12,18
0	0	828	12	835	785	3,6	0,7,8,14,22	1,2	1,2,8,9,18,21
0	0	828	12	835	785	3,6	0,7,8,14,22	1,2	1,7,8,9,12,18
0	0	828	12	835	785	3,6	0,7,8,14,22	1,2	1,7,8,9,18,21
0	1	828	12	835	776	3,6	0,7,8,14,22	1,2	1,2,7,8,9,12
0	1	828	12	835	776	3,6	0,7,8,14,22	1,2	1,2,7,9,12,18
0	1	828	12	835	776	3,6	0,7,8,14,22	1,2	1,2,8,9,12,21
0	1	828	12	835	776	3,6	0,7,8,14,22	1,2	1,8,9,12,18,21
0	1	828	12	835	777	3,6	0,7,8,14,22	1,2	1,2,7,8,9,18
0	1	828	12	835	777	3,6	0,7,8,14,22	1,2	1,2,7,8,12,21
0	1	828	12	835	778	3,6	0,7,8,14,22	1,2	1,2,7,8,9,21
0	1	828	12	835	778	3,6	0,7,8,14,22	1,2	1,2,7,8,12,21
0	1	828	12	835	778	3,6	0,7,8,14,22	1,2	1,2,7,9,12,18
0	1	828	12	835	778	3,6	0,7,8,14,22	1,2	1,2,7,9,12,21
0	1	828	12	835	778	3,6	0,7,8,14,22	1,2	1,2,8,9,12,21
0	1	828	12	835	778	3,6	0,7,8,14,22	1,2	1,2,8,9,18,21
0	1	828	12	835	778	3,6	0,7,8,14,22	1,2	1,7,8,9,12,18
0	1	828	12	835	778	3,6	0,7,8,14,22	1,2	1,7,8,9,12,21
0	1	828	12	835	778	3,6	0,7,8,14,22	1,2	2,7,8,9,12,21
0	1	828	12	835	779	3,6	0,7,8,14,22	1,2	1,2,7,8,12,18
0	1	828	12	835	779	3,6	0,7,8,14,22	1,2	1,2,7,8,12,21
0	1	828	12	835	779	3,6	0,7,8,14,22	1,2	1,2,7,9,12,18
0	1	828	12	835	779	3,6	0,7,8,14,22	1,2	1,2,7,12,18,21
0	1	828	12	835	779	3,6	0,7,8,14,22	1,2	1,2,8,9,18,21
0	1	828	12	835	779	3,6	0,7,8,14,22	1,2	1,2,8,12,18,21
0	1	828	12	835	779	3,6	0,7,8,14,22	1,2	1,7,8,12,18,21
0	1	828	12	835	779	3,6	0,7,8,14,22	1,2	2,7,8,9,18,21
0	1	828	12	835	779	3,6	0,7,8,14,22	1,2	2,7,8,12,18,21
0	1	828	12	835	780	3,6	0,7,8,14,22	1,2	1,2,7,8,12,21
0	1	828	12	835	780	3,6	0,7,8,14,22	1,2	1,2,7,9,12,21
0	1	828	12	835	780	3,6	0,7,8,14,22	1,2	1,2,8,12,18,21
0	1	828	12	835	780	3,6	0,7,8,14,22	1,2	1,2,9,12,18,21
0	1	828	12	835	780	3,6	0,7,8,14,22	1,2	1,7,8,12,18,21
0	1	828	12	835	780	3,6	0,7,8,14,22	1,2	2,7,8,9,12,21
0	1	828	12	835	780	3,6	0,7,8,14,22	1,2	7,8,9,12,18,21
0	1	828	12	835	781	3,6	0,7,8,14,22	1,2	1,2,7,8,18,21
0	1	828	12	835	781	3,6	0,7,8,14,22	1,2	1,2,7,12,18,21
0	1	828	12	835	781	3,6	0,7,8,14,22	1,2	1,2,8,9,18,21
0	1	828	12	835	781	3,6	0,7,8,14,22	1,2	2,7,9,12,18,21
0	1	828	12	835	782	3,6	0,7,8,14,22	1,2	1,2,7,8,12,18
0	1	828	12	835	782	3,6	0,7,8,14,22	1,2	1,2,8,9,18,21
0	1	828	12	835	783	3,6	0,7,8,14,22	1,2	1,2,7,8,9,21
0	1	828	12	835	783	3,6	0,7,8,14,22	1,2	1,2,7,8,12,18
0	1	828	12	835	783	3,6	0,7,8,14,22	1,2	1,2,7,8,12,21
0	1	828	12	835	783	3,6	0,7,8,14,22	1,2	1,2,7,9,12,18
0	1	828	12	835	783	3,6	0,7,8,14,22	1,2	1,2,7,9,18,21
0	1	828	12	835	783	3,6	0,7,8,14,22	1,2	1,2,8,9,12,21
0	1	828	12	835	783	3,6	0,7,8,14,22	1,2	1,2,8,9,18,21
0	1	828	12	835	783	3,6	0,7,8,14,22	1,2	2,7,8,9,12,18
0	1	828	12	835	783	3,6	0,7,8,14,22	1,2	2,7,8,9,18,21
0	1	828	12	835	784	3,6	0,7,8,14,22	1,2	1,2,7,8,9,21
0	1	828	12	835	784	3,6	0,7,8,14,22	1,2	1,2,7,9,12,18
0	1	828	12	835	785	3,6	0,7,8,14,22	1,2	1,2,7,8,9,21
0	1	828	12	835	785	3,6	0,7,8,14,22	1,2	1,2,7,8,12,18
0	1	828	12	835	785	3,6	0,7,8,14,22	1,2	1,2,7,8,12,21
0	1	828	12	835	785	3,6	0,7,8,14,22	1,2	1,2,7,9,12,18
0	1	828	12	835	785	3,6	0,7,8,14,22	1,2	1,2,7,12,18,21
0	1	828	12	835	785	3,6	0,7,8,14,22	1,2	1,2,8,9,12,18
0	1	828	12	835	785	3,6	0,7,8,14,22	1,2	1,2,8,9,18,21
0	1	828	12	835	785	3,6	0,7,8,14,22	1,2	1,7,8,9,12,18
0	1	828	12	835	785	3,6	0,7,8,14,22	1,2	1,7,8,9,18,21
2	0	828	12	835	776	3,6	0,7,8,14,22	1,2	1,2,7,8,9,12
2	0	828	12	835	776	3,6	0,7,8,14,22	1,2	1,2,7,9,12,18
2	0	828	12	835	776	3,6	0,7,8,14,22	1,2	1,2,8,9,12,21
2	0	828	12	835	776	3,6	0,7,8,14,22	1,2	1,8,9,12,18,21
2	0	828	12	835	777	3,6	0,7,8,14,22	1,2	1,2,7,8,9,18
2	0	828	12	835	777	3,6	0,7,8,14,22	1,2	1,2,7,8,12,21
2	0	828	12	835	778	3,6	0,7,8,14,22	1,2	1,2,7,8,9,21
2	0	828	12	835	778	3,6	0,7,8,14,22	1,2	1,2,7,8,12,21
2	0	828	12	835	778	3,6	0,7,8,14,22	1,2	1,2,7,9,12,18
2	0	828	12	835	778	3,6	0,7,8,14,22	1,2	1,2,7,9,12,21
2	0	828	12	835	778	3,6	0,7,8,14,22	1,2	1,2,8,9,12,21
2	0	828	12	835	778	3,6	0,7,8,14,22	1,2	1,2,8,9,18,21
2	0	828	12	835	778	3,6	0,7,8,14,22	1,2	1,7,8,9,12,18
2	0	828	12	835	778	3,6	0,7,8,14,22	1,2	1,7,8,9,12,21
2	0	828	12	835	778	3,6	0,7,8,14,22	1,2	2,7,8,9,12,21
2	0	828	12	835	779	3,6	0,7,8,14,22	1,2	1,2,7,8,12,18
2	0	828	12	835	779	3,6	0,7,8,14,22	1,2	1,2,7,8,12,21
2	0	828	12	835	779	3,6	0,7,8,14,22	1,2	1,2,7,9,12,18
2	0	828	12	835	779	3,6	0,7,8,14,22	1,2	1,2,7,12,18,21
2	0	828	12	835	779	3,6	0,7,8,14,22	1,2	1,2,8,9,18,21
2	0	828	12	835	779	3,6	0,7,8,14,22	1,2	1,2,8,12,18,21
2	0	828	12	835	779	3,6	0,7,8,14,22	1,2	1,7,8,12,18,21
2	0	828	12	835	779	3,6	0,7,8,14,22	1,2	2,7,8,9,18,21
2	0	828	12	835	779	3,6	0,7,8,14,22	1,2	2,7,8,12,18,21
2	0	828	12	835	780	3,6	0,7,8,14,22	1,2	1,2,7,8,12,21
2	0	828	12	835	780	3,6	0,7,8,14,22	1,2	1,2,7,9,12,21
2	0	828	12	835	780	3,6	0,7,8,14,22	1,2	1,2,8,12,18,21
2	0	828	12	835	780	3,6	0,7,8,14,22	1,2	1,2,9,12,18,21
2	0	828	12	835	780	3,6	0,7,8,14,22	1,2	1,7,8,12,18,21
2	0	828	12	835	780	3,6	0,7,8,14,22	1,2	2,7,8,9,12,21
2	0	828	12	835	780	3,6	0,7,8,14,22	1,2	7,8,9,12,18,21
2	0	828	12	835	781	3,6	0,7,8,14,22	1,2	1,2,7,8,18,21
2	0	828	12	835	781	3,6	0,7,8,14,22	1,2	1,2,7,12,18,21
2	0	828	12	835	781	3,6	0,7,8,14,22	1,2	1,2,8,9,18,21
2	0	828	12	835	781	3,6	0,7,8,14,22	1,2	2,7,9,12,18,21
2	0	828	12	835	782	3,6	0,7,8,14,22	1,2	1,2,7,8,12,18
2	0	828	12	835	782	3,6	0,7,8,14,22	1,2	1,2,8,9,18,21
2	0	828	12	835	783	3,6	0,7,8,14,22	1,2	1,2,7,8,9,21
2	0	828	12	835	783	3,6	0,7,8,14,22	1,2	1,2,7,8,12,18
2	0	828	12	835	783	3,6	0,7,8,14,22	1,2	1,2,7,8,12,21
2	0	828	12	835	783	3,6	0,7,8,14,22	1,2	1,2,7,9,12,18
2	0	828	12	835	783	3,6	0,7,8,14,22	1,2	1,2,7,9,18,21
2	0	828	12	835	783	3,6	0,7,8,14,22	1,2	1,2,8,9,12,21
2	0	828	12	835	783	3,6	0,7,8,14,22	1,2	1,2,8,9,18,21
2	0	828	12	835	783	3,6	0,7,8,14,22	1,2	2,7,8,9,12,18
2	0	828	12	835	783	3,6	0,7,8,14,22	1,2	2,7,8,9,18,21
2	0	828	12	835	784	3,6	0,7,8,14,22	1,2	1,2,7,8,9,21
2	0	828	12	835	784	3,6	0,7,8,14,22	1,2	1,2,7,9,12,18
2	0	828	12	835	785	3,6	0,7,8,14,22	1,2	1,2,7,8,9,21
2	0	828	12	835	785	3,6	0,7,8,14,22	1,2	1,2,7,8,12,18
2	0	828	12	835	785	3,6	0,7,8,14,22	1,2	1,2,7,8,12,21
2	0	828	12	835	785	3,6	0,7,8,14,22	1,2	1,2,7,9,12,18
2	0	828	12	835	785	3,6	0,7,8,14,22	1,2	1,2,7,12,18,21
2	0	828	12	835	785	3,6	0,7,8,14,22	1,2	1,2,8,9,12,18
2	0	828	12	835	785	3,6	0,7,8,14,22	1,2	1,2,8,9,18,21
2	0	828	12	835	785	3,6	0,7,8,14,22	1,2	1,7,8,9,12,18
2	0	828	12	835	785	3,6	0,7,8,14,22	1,2	1,7,8,9,18,21
2	1	828	12	835	776	3,6	0,7,8,14,22	1,2	1,2,7,8,9,12
2	1	828	12	835	776	3,6	0,7,8,14,22	1,2	1,2,7,9,12,18
2	1	828	12	835	776	3,6	0,7,8,14,22	1,2	1,2,8,9,12,21
2	1	828	12	835	776	3,6	0,7,8,14,22	1,2	1,8,9,12,18,21
2	1	828	12	835	777	3,6	0,7,8,14,22	1,2	1,2,7,8,9,18
2	1	828	12	835	777	3,6	0,7,8,14,22	1,2	1,2,7,8,12,21
2	1	828	12	835	778	3,6	0,7,8,14,22	1,2	1,2,7,8,9,21
2	1	828	12	835	778	3,6	0,7,8,14,22	1,2	1,2,7,8,12,21
2	1	828	12	835	778	3,6	0,7,8,14,22	1,2	1,2,7,9,12,18
2	1	828	12	835	778	3,6	0,7,8,14,22	1,2	1,2,7,9,12,21
2	1	828	12	835	778	3,6	0,7,8,14,22	1,2	1,2,8,9,12,21
2	1	828	12	835	778	3,6	0,7,8,14,22	1,2	1,2,8,9,18,21
2	1	828	12	835	778	3,6	0,7,8,14,22	1,2	1,7,8,9,12,18
2	1	828	12	835	778	3,6	0,7,8,14,22	1,2	1,7,8,9,12,21
2	1	828	12	835	778	3,6	0,7,8,14,22	1,2	2,7,8,9,12,21
2	1	828	12	835	779	3,6	0,7,8,14,22	1,2	1,2,7,8,12,18
2	1	828	12	835	779	3,6	0,7,8,14,22	1,2	1,2,7,8,12,21
2	1	828	12	835	779	3,6	0,7,8,14,22	1,2	1,2,7,9,12,18
2	1	828	12	835	779	3,6	0,7,8,14,22	1,2	1,2,7,12,18,21
2	1	828	12	835	779	3,6	0,7,8,14,22	1,2	1,2,8,9,18,21
2	1	828	12	835	779	3,6	0,7,8,14,22	1,2	1,2,8,12,18,21
2	1	828	12	835	779	3,6	0,7,8,14,22	1,2	1,7,8,12,18,21
2	1	828	12	835	779	3,6	0,7,8,14,22	1,2	2,7,8,9,18,21
2	1	828	12	835	779	3,6	0,7,8,14,22	1,2	2,7,8,12,18,21
2	1	828	12	835	780	3,6	0,7,8,14,22	1,2	1,2,7,8,12,21
2	1	828	12	835	780	3,6	0,7,8,14,22	1,2	1,2,7,9,12,21
2	1	828	12	835	780	3,6	0,7,8,14,22	1,2	1,2,8,12,18,21
2	1	828	12	835	780	3,6	0,7,8,14,22	1,2	1,2,9,12,18,21
2	1	828	12	835	780	3,6	0,7,8,14,22	1,2	1,7,8,12,18,21
2	1	828	12	835	780	3,6	0,7,8,14,22	1,2	2,7,8,9,12,21
2	1	828	12	835	780	3,6	0,7,8,14,22	1,2	7,8,9,12,18,21
2	1	828	12	835	781	3,6	0,7,8,14,22	1,2	1,2,7,8,18,21
2	1	828	12	835	781	3,6	0,7,8,14,22	1,2	1,2,7,12,18,21
2	1	828	12	835	781	3,6	0,7,8,14,22	1,2	1,2,8,9,18,21
2	1	828	12	835	781	3,6	0,7,8,14,22	1,2	2,7,9,12,18,21
2	1	828	12	835	782	3,6	0,7,8,14,22	1,2	1,2,7,8,12,18
2	1	828	12	835	782	3,6	0,7,8,14,22	1,2	1,2,8,9,18,21
2	1	828	12	835	783	3,6	0,7,8,14,22	1,2	1,2,7,8,9,21
2	1	828	12	835	783	3,6	0,7,8,14,22	1,2	1,2,7,8,12,18
2	1	828	12	835	783	3,6	0,7,8,14,22	1,2	1,2,7,8,12,21
2	1	828	12	835	783	3,6	0,7,8,14,22	1,2	1,2,7,9,12,18
2	1	828	12	835	783	3,6	0,7,8,14,22	1,2	1,2,7,9,18,21
2	1	828	12	835	783	3,6	0,7,8,14,22	1,2	1,2,8,9,12,21
2	1	828	12	835	783	3,6	0,7,8,14,22	1,2	1,2,8,9,18,21
2	1	828	12	835	783	3,6	0,7,8,14,22	1,2	2,7,8,9,12,18
2	1	828	12	835	783	3,6	0,7,8,14,22	1,2	2,7,8,9,18,21
2	1	828	12	835	784	3,6	0,7,8,14,22	1,2	1,2,7,8,9,21
2	1	828	12	835	784	3,6	0,7,8,14,22	1,2	1,2,7,9,12,18
2	1	828	12	835	785	3,6	0,7,8,14,22	1,2	1,2,7,8,9,21
2	1	828	12	835	785	3,6	0,7,8,14,22	1,2	1,2,7,8,12,18
2	1	828	12	835	785	3,6	0,7,8,14,22	1,2	1,2,7,8,12,21
2	1	828	12	835	785	3,6	0,7,8,14,22	1,2	1,2,7,9,12,18
2	1	828	12	835	785	3,6	0,7,8,14,22	1,2	1,2,7,12,18,21
2	1	828	12	835	785	3,6	0,7,8,14,22	1,2	1,2,8,9,12,18
2	1	828	12	835	785	3,6	0,7,8,14,22	1,2	1,2,8,9,18,21
2	1	828	12	835	785	3,6	0,7,8,14,22	1,2	1,7,8,9,12,18
2	1	828	12	835	785	3,6	0,7,8,14,22	1,2	1,7,8,9,18,21
0	1	828	27	835	776	11,19	0,4,5,16,26	1,2	4,5,12,16,17,26
0	1	828	27	835	776	11,19	0,4,5,16,26	1,2	4,5,12,17,21,26
0	1	828	27	835	776	11,19	0,4,5,16,26	1,2	4,5,12,17,25,26
0	1	828	27	835	776	11,19	0,4,5,16,26	1,2	4,5,12,21,25,26
0	1	828	27	835	776	11,19	0,4,5,16,26	1,2	4,5,16,21,25,26
0	1	828	27	835	776	11,19	0,4,5,16,26	1,2	4,5,17,21,25,26
0	1	828	27	835	777	11,19	0,4,5,16,26	1,2	4,5,12,16,17,21
0	1	828	27	835	777	11,19	0,4,5,16,26	1,2	4,5,12,16,17,26
0	1	828	27	835	777	11,19	0,4,5,16,26	1,2	4,5,12,16,21,25
0	1	828	27	835	777	11,19	0,4,5,16,26	1,2	4,5,12,17,21,26
0	1	828	27	835	777	11,19	0,4,5,16,26	1,2	4,5,12,17,25,26
0	1	828	27	835	777	11,19	0,4,5,16,26	1,2	4,5,12,21,25,26
0	1	828	27	835	777	11,19	0,4,5,16,26	1,2	4,5,16,17,21,25
0	1	828	27	835	777	11,19	0,4,5,16,26	1,2	4,5,16,17,25,26
0	1	828	27	835	777	11,19	0,4,5,16,26	1,2	4,5,16,21,25,26
0	1	828	27	835	777	11,19	0,4,5,16,26	1,2	4,12,16,21,25,26
0	1	828	27	835	777	11,19	0,4,5,16,26	1,2	4,12,17,21,25,26
0	1	828	27	835	777	11,19	0,4,5,16,26	1,2	5,12,16,17,21,25
0	1	828	27	835	777	11,19	0,4,5,16,26	1,2	5,12,16,17,21,26
0	1	828	27	835	778	11,19	0,4,5,16,26	1,2	4,5,12,16,17,25
0	1	828	27	835	778	11,19	0,4,5,16,26	1,2	4,5,12,17,25,26
0	1	828	27	835	778	11,19	0,4,5,16,26	1,2	4,12,16,17,25,26
0	1	828	27	835	778	11,19	0,4,5,16,26	1,2	4,12,17,21,25,26
0	1	828	27	835	778	11,19	0,4,5,16,26	1,2	5,12,16,17,21,25
0	1	828	27	835	778	11,19	0,4,5,16,26	1,2	5,12,16,17,25,26
0	1	828	27	835	779	11,19	0,4,5,16,26	1,2	4,5,16,17,21,25
0	1	828	27	835	779	11,19	0,4,5,16,26	1,2	4,5,17,21,25,26
0	1	828	27	835	779	11,19	0,4,5,16,26	1,2	4,12,17,21,25,26
0	1	828	27	835	779	11,19	0,4,5,16,26	1,2	4,16,17,21,25,26
0	1	828	27	835	779	11,19	0,4,5,16,26	1,2	5,12,16,17,21,25
0	1	828	27	835	779	11,19	0,4,5,16,26	1,2	5,16,17,21,25,26
0	1	828	27	835	780	11,19	0,4,5,16,26	1,2	4,5,12,16,17,25
0	1	828	27	835	780	11,19	0,4,5,16,26	1,2	4,5,12,16,17,26
0	1	828	27	835	780	11,19	0,4,5,16,26	1,2	4,5,12,17,21,25
0	1	828	27	835	780	11,19	0,4,5,16,26	1,2	4,5,16,21,25,26
0	1	828	27	835	780	11,19	0,4,5,16,26	1,2	4,5,17,21,25,26
0	1	828	27	835	780	11,19	0,4,5,16,26	1,2	4,12,16,17,21,26
0	1	828	27	835	780	11,19	0,4,5,16,26	1,2	4,12,16,17,25,26
0	1	828	27	835	780	11,19	0,4,5,16,26	1,2	4,12,17,21,25,26
0	1	828	27	835	780	11,19	0,4,5,16,26	1,2	4,16,17,21,25,26
0	1	828	27	835	780	11,19	0,4,5,16,26	1,2	5,12,16,17,21,25
0	1	828	27	835	780	11,19	0,4,5,16,26	1,2	5,12,16,17,25,26
0	1	828	27	835	780	11,19	0,4,5,16,26	1,2	5,12,16,21,25,26
0	1	828	27	835	780	11,19	0,4,5,16,26	1,2	5,16,17,21,25,26
0	1	828	27	835	781	11,19	0,4,5,16,26	1,2	4,5,12,16,17,21
0	1	828	27	835	781	11,19	0,4,5,16,26	1,2	4,5,12,16,17,25
0	1	828	27	835	781	11,19	0,4,5,16,26	1,2	4,5,12,16,17,26
0	1	828	27	835	781	11,19	0,4,5,16,26	1,2	4,5,12,16,21,25
0	1	828	27	835	781	11,19	0,4,5,16,26	1,2	4,5,16,17,21,25
0	1	828	27	835	781	11,19	0,4,5,16,26	1,2	4,5,16,21,25,26
0	1	828	27	835	782	11,19	0,4,5,16,26	1,2	4,5,12,16,21,25
0	1	828	27	835	782	11,19	0,4,5,16,26	1,2	4,5,16,17,25,26
0	1	828	27	835	782	11,19	0,4,5,16,26	1,2	4,12,16,21,25,26
0	1	828	27	835	782	11,19	0,4,5,16,26	1,2	4,16,17,21,25,26
0	1	828	27	835	782	11,19	0,4,5,16,26	1,2	5,12,17,21,25,26
0	1	828	27	835	783	11,19	0,4,5,16,26	1,2	4,5,12,16,25,26
0	1	828	27	835	783	11,19	0,4,5,16,26	1,2	4,5,12,17,21,25
0	1	828	27	835	783	11,19	0,4,5,16,26	1,2	4,5,12,17,21,26
0	1	828	27	835	783	11,19	0,4,5,16,26	1,2	4,12,16,17,21,26
0	1	828	27	835	783	11,19	0,4,5,16,26	1,2	4,16,17,21,25,26
0	1	828	27	835	784	11,19	0,4,5,16,26	1,2	4,5,12,17,21,26
0	1	828	27	835	784	11,19	0,4,5,16,26	1,2	4,5,16,17,25,26
0	1	828	27	835	784	11,19	0,4,5,16,26	1,2	4,12,16,17,21,25
0	1	828	27	835	784	11,19	0,4,5,16,26	1,2	5,12,16,17,21,26
0	1	828	27	835	784	11,19	0,4,5,16,26	1,2	5,12,16,17,25,26
0	1	828	27	835	785	11,19	0,4,5,16,26	1,2	4,5,12,16,21,25
0	1	828	27	835	785	11,19	0,4,5,16,26	1,2	4,5,12,17,21,25
0	1	828	27	835	785	11,19	0,4,5,16,26	1,2	4,5,16,17,21,26
0	1	828	27	835	785	11,19	0,4,5,16,26	1,2	5,12,16,17,25,26
0	1	828	27	835	785	11,19	0,4,5,16,26	1,2	5,12,16,21,25,26
1	1	828	27	835	776	11,19	0,4,5,16,26	1,2	4,5,12,16,17,26
1	1	828	27	835	776	11,19	0,4,5,16,26	1,2	4,5,12,17,21,26
1	1	828	27	835	776	11,19	0,4,5,16,26	1,2	4,5,12,17,25,26
1	1	828	27	835	776	11,19	0,4,5,16,26	1,2	4,5,12,21,25,26
1	1	828	27	835	776	11,19	0,4,5,16,26	1,2	4,5,16,21,25,26
1	1	828	27	835	776	11,19	0,4,5,16,26	1,2	4,5,17,21,25,26
1	1	828	27	835	777	11,19	0,4,5,16,26	1,2	4,5,12,16,17,21
1	1	828	27	835	777	11,19	0,4,5,16,26	1,2	4,5,12,16,17,26
1	1	828	27	835	777	11,19	0,4,5,16,26	1,2	4,5,12,16,21,25
1	1	828	27	835	777	11,19	0,4,5,16,26	1,2	4,5,12,17,21,26
1	1	828	27	835	777	11,19	0,4,5,16,26	1,2	4,5,12,17,25,26
1	1	828	27	835	777	11,19	0,4,5,16,26	1,2	4,5,12,21,25,26
1	1	828	27	835	777	11,19	0,4,5,16,26	1,2	4,5,16,17,21,25
1	1	828	27	835	777	11,19	0,4,5,16,26	1,2	4,5,16,17,25,26
1	1	828	27	835	777	11,19	0,4,5,16,26	1,2	4,5,16,21,25,26
1	1	828	27	835	777	11,19	0,4,5,16,26	1,2	4,12,16,21,25,26
1	1	828	27	835	777	11,19	0,4,5,16,26	1,2	4,12,17,21,25,26
1	1	828	27	835	777	11,19	0,4,5,16,26	1,2	5,12,16,17,21,25
1	1	828	27	835	777	11,19	0,4,5,16,26	1,2	5,12,16,17,21,26
1	1	828	27	835	778	11,19	0,4,5,16,26	1,2	4,5,12,16,17,25
1	1	828	27	835	778	11,19	0,4,5,16,26	1,2	4,5,12,17,25,26
1	1	828	27	835	778	11,19	0,4,5,16,26	1,2	4,12,16,17,25,26
1	1	828	27	835	778	11,19	0,4,5,16,26	1,2	4,12,17,21,25,26
1	1	828	27	835	778	11,19	0,4,5,16,26	1,2	5,12,16,17,21,25
1	1	828	27	835	778	11,19	0,4,5,16,26	1,2	5,12,16,17,25,26
1	1	828	27	835	779	11,19	0,4,5,16,26	1,2	4,5,16,17,21,25
1	1	828	27	835	779	11,19	0,4,5,16,26	1,2	4,5,17,21,25,26
1	1	828	27	835	779	11,19	0,4,5,16,26	1,2	4,12,17,21,25,26
1	1	828	27	835	779	11,19	0,4,5,16,26	1,2	4,16,17,21,25,26
1	1	828	27	835	779	11,19	0,4,5,16,26	1,2	5,12,16,17,21,25
1	1	828	27	835	779	11,19	0,4,5,16,26	1,2	5,16,17,21,25,26
1	1	828	27	835	780	11,19	0,4,5,16,26	1,2	4,5,12,16,17,25
1	1	828	27	835	780	11,19	0,4,5,16,26	1,2	4,5,12,16,17,26
1	1	828	27	835	780	11,19	0,4,5,16,26	1,2	4,5,12,17,21,25
1	1	828	27	835	780	11,19	0,4,5,16,26	1,2	4,5,16,21,25,26
1	1	828	27	835	780	11,19	0,4,5,16,26	1,2	4,5,17,21,25,26
1	1	828	27	835	780	11,19	0,4,5,16,26	1,2	4,12,16,17,21,26
1	1	828	27	835	780	11,19	0,4,5,16,26	1,2	4,12,16,17,25,26
1	1	828	27	835	780	11,19	0,4,5,16,26	1,2	4,12,17,21,25,26
1	1	828	27	835	780	11,19	0,4,5,16,26	1,2	4,16,17,21,25,26
1	1	828	27	835	780	11,19	0,4,5,16,26	1,2	5,12,16,17,21,25
1	1	828	27	835	780	11,19	0,4,5,16,26	1,2	5,12,16,17,25,26
1	1	828	27	835	780	11,19	0,4,5,16,26	1,2	5,12,16,21,25,26
1	1	828	27	835	780	11,19	0,4,5,16,26	1,2	5,16,17,21,25,26
1	1	828	27	835	781	11,19	0,4,5,16,26	1,2	4,5,12,16,17,21
1	1	828	27	835	781	11,19	0,4,5,16,26	1,2	4,5,12,16,17,25
1	1	828	27	835	781	11,19	0,4,5,16,26	1,2	4,5,12,16,17,26
1	1	828	27	835	781	11,19	0,4,5,16,26	1,2	4,5,12,16,21,25
1	1	828	27	835	781	11,19	0,4,5,16,26	1,2	4,5,16,17,21,25
1	1	828	27	835	781	11,19	0,4,5,16,26	1,2	4,5,16,21,25,26
1	1	828	27	835	782	11,19	0,4,5,16,26	1,2	4,5,12,16,21,25
1	1	828	27	835	782	11,19	0,4,5,16,26	1,2	4,5,16,17,25,26
1	1	828	27	835	782	11,19	0,4,5,16,26	1,2	4,12,16,21,25,26
1	1	828	27	835	782	11,19	0,4,5,16,26	1,2	4,16,17,21,25,26
1	1	828	27	835	782	11,19	0,4,5,16,26	1,2	5,12,17,21,25,26
1	1	828	27	835	783	11,19	0,4,5,16,26	1,2	4,5,12,16,25,26
1	1	828	27	835	783	11,19	0,4,5,16,26	1,2	4,5,12,17,21,25
1	1	828	27	835	783	11,19	0,4,5,16,26	1,2	4,5,12,17,21,26
1	1	828	27	835	783	11,19	0,4,5,16,26	1,2	4,12,16,17,21,26
1	1	828	27	835	783	11,19	0,4,5,16,26	1,2	4,16,17,21,25,26
1	1	828	27	835	784	11,19	0,4,5,16,26	1,2	4,5,12,17,21,26
1	1	828	27	835	784	11,19	0,4,5,16,26	1,2	4,5,16,17,25,26
1	1	828	27	835	784	11,19	0,4,5,16,26	1,2	4,12,16,17,21,25
1	1	828	27	835	784	11,19	0,4,5,16,26	1,2	5,12,16,17,21,26
1	1	828	27	835	784	11,19	0,4,5,16,26	1,2	5,12,16,17,25,26
1	1	828	27	835	785	11,19	0,4,5,16,26	1,2	4,5,12,16,21,25
1	1	828	27	835	785	11,19	0,4,5,16,26	1,2	4,5,12,17,21,25
1	1	828	27	835	785	11,19	0,4,5,16,26	1,2	4,5,16,17,21,26
1	1	828	27	835	785	11,19	0,4,5,16,26	1,2	5,12,16,17,25,26
1	1	828	27	835	785	11,19	0,4,5,16,26	1,2	5,12,16,21,25,26
2	1	828	27	835	776	11,19	0,4,5,16,26	1,2	4,5,12,16,17,26
2	1	828	27	835	776	11,19	0,4,5,16,26	1,2	4,5,12,17,21,26
2	1	828	27	835	776	11,19	0,4,5,16,26	1,2	4,5,12,17,25,26
2	1	828	27	835	776	11,19	0,4,5,16,26	1,2	4,5,12,21,25,26
2	1	828	27	835	776	11,19	0,4,5,16,26	1,2	4,5,16,21,25,26
2	1	828	27	835	776	11,19	0,4,5,16,26	1,2	4,5,17,21,25,26
2	1	828	27	835	777	11,19	0,4,5,16,26	1,2	4,5,12,16,17,21
2	1	828	27	835	777	11,19	0,4,5,16,26	1,2	4,5,12,16,17,26
2	1	828	27	835	777	11,19	0,4,5,16,26	1,2	4,5,12,16,21,25
2	1	828	27	835	777	11,19	0,4,5,16,26	1,2	4,5,12,17,21,26
2	1	828	27	835	777	11,19	0,4,5,16,26	1,2	4,5,12,17,25,26
2	1	828	27	835	777	11,19	0,4,5,16,26	1,2	4,5,12,21,25,26
2	1	828	27	835	777	11,19	0,4,5,16,26	1,2	4,5,16,17,21,25
2	1	828	27	835	777	11,19	0,4,5,16,26	1,2	4,5,16,17,25,26
2	1	828	27	835	777	11,19	0,4,5,16,26	1,2	4,5,16,21,25,26
2	1	828	27	835	777	11,19	0,4,5,16,26	1,2	4,12,16,21,25,26
2	1	828	27	835	777	11,19	0,4,5,16,26	1,2	4,12,17,21,25,26
2	1	828	27	835	777	11,19	0,4,5,16,26	1,2	5,12,16,17,21,25
2	1	828	27	835	777	11,19	0,4,5,16,26	1,2	5,12,16,17,21,26
2	1	828	27	835	778	11,19	0,4,5,16,26	1,2	4,5,12,16,17,25
2	1	828	27	835	778	11,19	0,4,5,16,26	1,2	4,5,12,17,25,26
2	1	828	27	835	778	11,19	0,4,5,16,26	1,2	4,12,16,17,25,26
2	1	828	27	835	778	11,19	0,4,5,16,26	1,2	4,12,17,21,25,26
2	1	828	27	835	778	11,19	0,4,5,16,26	1,2	5,12,16,17,21,25
2	1	828	27	835	778	11,19	0,4,5,16,26	1,2	5,12,16,17,25,26
2	1	828	27	835	779	11,19	0,4,5,16,26	1,2	4,5,16,17,21,25
2	1	828	27	835	779	11,19	0,4,5,16,26	1,2	4,5,17,21,25,26
2	1	828	27	835	779	11,19	0,4,5,16,26	1,2	4,12,17,21,25,26
2	1	828	27	835	779	11,19	0,4,5,16,26	1,2	4,16,17,21,25,26
2	1	828	27	835	779	11,19	0,4,5,16,26	1,2	5,12,16,17,21,25
2	1	828	27	835	779	11,19	0,4,5,16,26	1,2	5,16,17,21,25,26
2	1	828	27	835	780	11,19	0,4,5,16,26	1,2	4,5,12,16,17,25
2	1	828	27	835	780	11,19	0,4,5,16,26	1,2	4,5,12,16,17,26
2	1	828	27	835	780	11,19	0,4,5,16,26	1,2	4,5,12,17,21,25
2	1	828	27	835	780	11,19	0,4,5,16,26	1,2	4,5,16,21,25,26
2	1	828	27	835	780	11,19	0,4,5,16,26	1,2	4,5,17,21,25,26
2	1	828	27	835	780	11,19	0,4,5,16,26	1,2	4,12,16,17,21,26
2	1	828	27	835	780	11,19	0,4,5,16,26	1,2	4,12,16,17,25,26
2	1	828	27	835	780	11,19	0,4,5,16,26	1,2	4,12,17,21,25,26
2	1	828	27	835	780	11,19	0,4,5,16,26	1,2	4,16,17,21,25,26
2	1	828	27	835	780	11,19	0,4,5,16,26	1,2	5,12,16,17,21,25
2	1	828	27	835	780	11,19	0,4,5,16,26	1,2	5,12,16,17,25,26
2	1	828	27	835	780	11,19	0,4,5,16,26	1,2	5,12,16,21,25,26
2	1	828	27	835	780	11,19	0,4,5,16,26	1,2	5,16,17,21,25,26
2	1	828	27	835	781	11,19	0,4,5,16,26	1,2	4,5,12,16,17,21
2	1	828	27	835	781	11,19	0,4,5,16,26	1,2	4,5,12,16,17,25
2	1	828	27	835	781	11,19	0,4,5,16,26	1,2	4,5,12,16,17,26
2	1	828	27	835	781	11,19	0,4,5,16,26	1,2	4,5,12,16,21,25
2	1	828	27	835	781	11,19	0,4,5,16,26	1,2	4,5,16,17,21,25
2	1	828	27	835	781	11,19	0,4,5,16,26	1,2	4,5,16,21,25,26
2	1	828	27	835	782	11,19	0,4,5,16,26	1,2	4,5,12,16,21,25
2	1	828	27	835	782	11,19	0,4,5,16,26	1,2	4,5,16,17,25,26
2	1	828	27	835	782	11,19	0,4,5,16,26	1,2	4,12,16,21,25,26
2	1	828	27	835	782	11,19	0,4,5,16,26	1,2	4,16,17,21,25,26
2	1	828	27	835	782	11,19	0,4,5,16,26	1,2	5,12,17,21,25,26
2	1	828	27	835	783	11,19	0,4,5,16,26	1,2	4,5,12,16,25,26
2	1	828	27	835	783	11,19	0,4,5,16,26	1,2	4,5,12,17,21,25
2	1	828	27	835	783	11,19	0,4,5,16,26	1,2	4,5,12,17,21,26
2	1	828	27	835	783	11,19	0,4,5,16,26	1,2	4,12,16,17,21,26
2	1	828	27	835	783	11,19	0,4,5,16,26	1,2	4,16,17,21,25,26
2	1	828	27	835	784	11,19	0,4,5,16,26	1,2	4,5,12,17,21,26
2	1	828	27	835	784	11,19	0,4,5,16,26	1,2	4,5,16,17,25,26
2	1	828	27	835	784	11,19	0,4,5,16,26	1,2	4,12,16,17,21,25
2	1	828	27	835	784	11,19	0,4,5,16,26	1,2	5,12,16,17,21,26
2	1	828	27	835	784	11,19	0,4,5,16,26	1,2	5,12,16,17,25,26
2	1	828	27	835	785	11,19	0,4,5,16,26	1,2	4,5,12,16,21,25
2	1	828	27	835	785	11,19	0,4,5,16,26	1,2	4,5,12,17,21,25
2	1	828	27	835	785	11,19	0,4,5,16,26	1,2	4,5,16,17,21,26
2	1	828	27	835	785	11,19	0,4,5,16,26	1,2	5,12,16,17,25,26
2	1	828	27	835	785	11,19	0,4,5,16,26	1,2	5,12,16,21,25,26
3	1	828	27	835	776	11,19	0,4,5,16,26	1,2	4,5,12,16,17,26
3	1	828	27	835	776	11,19	0,4,5,16,26	1,2	4,5,12,17,21,26
3	1	828	27	835	776	11,19	0,4,5,16,26	1,2	4,5,12,17,25,26
3	1	828	27	835	776	11,19	0,4,5,16,26	1,2	4,5,12,21,25,26
3	1	828	27	835	776	11,19	0,4,5,16,26	1,2	4,5,16,21,25,26
3	1	828	27	835	776	11,19	0,4,5,16,26	1,2	4,5,17,21,25,26
3	1	828	27	835	777	11,19	0,4,5,16,26	1,2	4,5,12,16,17,21
3	1	828	27	835	777	11,19	0,4,5,16,26	1,2	4,5,12,16,17,26
3	1	828	27	835	777	11,19	0,4,5,16,26	1,2	4,5,12,16,21,25
3	1	828	27	835	777	11,19	0,4,5,16,26	1,2	4,5,12,17,21,26
3	1	828	27	835	777	11,19	0,4,5,16,26	1,2	4,5,12,17,25,26
3	1	828	27	835	777	11,19	0,4,5,16,26	1,2	4,5,12,21,25,26
3	1	828	27	835	777	11,19	0,4,5,16,26	1,2	4,5,16,17,21,25
3	1	828	27	835	777	11,19	0,4,5,16,26	1,2	4,5,16,17,25,26
3	1	828	27	835	777	11,19	0,4,5,16,26	1,2	4,5,16,21,25,26
3	1	828	27	835	777	11,19	0,4,5,16,26	1,2	4,12,16,21,25,26
3	1	828	27	835	777	11,19	0,4,5,16,26	1,2	4,12,17,21,25,26
3	1	828	27	835	777	11,19	0,4,5,16,26	1,2	5,12,16,17,21,25
3	1	828	27	835	777	11,19	0,4,5,16,26	1,2	5,12,16,17,21,26
3	1	828	27	835	778	11,19	0,4,5,16,26	1,2	4,5,12,16,17,25
3	1	828	27	835	778	11,19	0,4,5,16,26	1,2	4,5,12,17,25,26
3	1	828	27	835	778	11,19	0,4,5,16,26	1,2	4,12,16,17,25,26
3	1	828	27	835	778	11,19	0,4,5,16,26	1,2	4,12,17,21,25,26
3	1	828	27	835	778	11,19	0,4,5,16,26	1,2	5,12,16,17,21,25
3	1	828	27	835	778	11,19	0,4,5,16,26	1,2	5,12,16,17,25,26
3	1	828	27	835	779	11,19	0,4,5,16,26	1,2	4,5,16,17,21,25
3	1	828	27	835	779	11,19	0,4,5,16,26	1,2	4,5,17,21,25,26
3	1	828	27	835	779	11,19	0,4,5,16,26	1,2	4,12,17,21,25,26
3	1	828	27	835	779	11,19	0,4,5,16,26	1,2	4,16,17,21,25,26
3	1	828	27	835	779	11,19	0,4,5,16,26	1,2	5,12,16,17,21,25
3	1	828	27	835	779	11,19	0,4,5,16,26	1,2	5,16,17,21,25,26
3	1	828	27	835	780	11,19	0,4,5,16,26	1,2	4,5,12,16,17,25
3	1	828	27	835	780	11,19	0,4,5,16,26	1,2	4,5,12,16,17,26
3	1	828	27	835	780	11,19	0,4,5,16,26	1,2	4,5,12,17,21,25
3	1	828	27	835	780	11,19	0,4,5,16,26	1,2	4,5,16,21,25,26
3	1	828	27	835	780	11,19	0,4,5,16,26	1,2	4,5,17,21,25,26
3	1	828	27	835	780	11,19	0,4,5,16,26	1,2	4,12,16,17,21,26
3	1	828	27	835	780	11,19	0,4,5,16,26	1,2	4,12,16,17,25,26
3	1	828	27	835	780	11,19	0,4,5,16,26	1,2	4,12,17,21,25,26
3	1	828	27	835	780	11,19	0,4,5,16,26	1,2	4,16,17,21,25,26
3	1	828	27	835	780	11,19	0,4,5,16,26	1,2	5,12,16,17,21,25
3	1	828	27	835	780	11,19	0,4,5,16,26	1,2	5,12,16,17,25,26
3	1	828	27	835	780	11,19	0,4,5,16,26	1,2	5,12,16,21,25,26
3	1	828	27	835	780	11,19	0,4,5,16,26	1,2	5,16,17,21,25,26
3	1	828	27	835	781	11,19	0,4,5,16,26	1,2	4,5,12,16,17,21
3	1	828	27	835	781	11,19	0,4,5,16,26	1,2	4,5,12,16,17,25
3	1	828	27	835	781	11,19	0,4,5,16,26	1,2	4,5,12,16,17,26
3	1	828	27	835	781	11,19	0,4,5,16,26	1,2	4,5,12,16,21,25
3	1	828	27	835	781	11,19	0,4,5,16,26	1,2	4,5,16,17,21,25
3	1	828	27	835	781	11,19	0,4,5,16,26	1,2	4,5,16,21,25,26
3	1	828	27	835	782	11,19	0,4,5,16,26	1,2	4,5,12,16,21,25
3	1	828	27	835	782	11,19	0,4,5,16,26	1,2	4,5,16,17,25,26
3	1	828	27	835	782	11,19	0,4,5,16,26	1,2	4,12,16,21,25,26
3	1	828	27	835	782	11,19	0,4,5,16,26	1,2	4,16,17,21,25,26
3	1	828	27	835	782	11,19	0,4,5,16,26	1,2	5,12,17,21,25,26
3	1	828	27	835	783	11,19	0,4,5,16,26	1,2	4,5,12,16,25,26
3	1	828	27	835	783	11,19	0,4,5,16,26	1,2	4,5,12,17,21,25
3	1	828	27	835	783	11,19	0,4,5,16,26	1,2	4,5,12,17,21,26
3	1	828	27	835	783	11,19	0,4,5,16,26	1,2	4,12,16,17,21,26
3	1	828	27	835	783	11,19	0,4,5,16,26	1,2	4,16,17,21,25,26
3	1	828	27	835	784	11,19	0,4,5,16,26	1,2	4,5,12,17,21,26
3	1	828	27	835	784	11,19	0,4,5,16,26	1,2	4,5,16,17,25,26
3	1	828	27	835	784	11,19	0,4,5,16,26	1,2	4,12,16,17,21,25
3	1	828	27	835	784	11,19	0,4,5,16,26	1,2	5,12,16,17,21,26
3	1	828	27	835	784	11,19	0,4,5,16,26	1,2	5,12,16,17,25,26
3	1	828	27	835	785	11,19	0,4,5,16,26	1,2	4,5,12,16,21,25
3	1	828	27	835	785	11,19	0,4,5,16,26	1,2	4,5,12,17,21,25
3	1	828	27	835	785	11,19	0,4,5,16,26	1,2	4,5,16,17,21,26
3	1	828	27	835	785	11,19	0,4,5,16,26	1,2	5,12,16,17,25,26
3	1	828	27	835	785	11,19	0,4,5,16,26	1,2	5,12,16,21,25,26
Cap configurations: 508

3-flat point count: 8,2,8;3,1,3;5,5,6
Excluded point counts: 6,17,18
Cap configurations: 0

3-flat point count: 8,2,8;4,3,0;5,6,5
Excluded point counts: 1,1,1
Cap configurations: 0

8,2,8;5,0,2;6,5,5: impossible (in 856, 8 is cu)

3-flat point count: 8,2,8;4,1,2;6,5,5
Excluded point counts: 6,17,18
Cap configurations: 0

3-flat point count: 8,2,8;3,2,2;6,5,5
Excluded point counts: 6,17,18
Cap configurations: 0

3-flat point count: 8,2,8;2,3,2;6,5,5
Excluded point counts: 6,17,18
Cap configurations: 0

3-flat point count: 8,2,8;4,2,1;5,6,5
Excluded point counts: 6,17,18
Cap configurations: 0

3-flat point count: 8,2,8;5,2,0;5,6,5
Excluded point counts: 1,1,1
Cap configurations: 0

8,2,8;6,0,1;6,5,5: impossible (in 866, 8 is cu)

8,2,8;5,1,1;6,5,5: impossible (in 856, 8 is cu)

3-flat point count: 8,2,8;4,2,1;6,5,5
Excluded point counts: 1,1,1
Cap configurations: 0

3-flat point count: 8,2,8;3,3,1;6,5,5
Excluded point counts: 1,1,1
Cap configurations: 0

3-flat point count: 8,2,8;4,1,2;5,6,5
Excluded point counts: 1,1,1
Cap configurations: 0

3-flat point count: 8,2,8;5,1,1;5,6,5
Excluded point counts: 1,1,1
Cap configurations: 0

8,2,8;5,6,5;6,1,0: impossible (in 856, 8 is cu)

8,2,8;6,1,0;6,5,5: impossible (in 866, 8 is cu)

8,2,8;5,2,0;6,5,5: impossible (in 856, 8 is cu)

3-flat point count: 8,2,8;4,3,0;6,5,5
Excluded point counts: 1,1,1
Cap configurations: 0

3-flat point count: 8,2,8;3,4,0;6,5,5
Excluded point counts: 1,1,1
Cap configurations: 0

3-flat point count: 8,2,8;5,0,2;5,6,5
Excluded point counts: 1,1,1
Cap configurations: 0

8,2,8;5,6,5;6,0,1: impossible (in 856, 8 is cu)

(end)

SetDim5Cap43_8cu_ExclPtCounts:

8,2,8;6,1,0;6,1,9: has a {20,4,17} 4-flat direction; already covered by {20,4,17} cases.

8,2,8;5,2,0;6,1,9: has a {19,5,17} 4-flat direction; already covered by {19,5,17} cases.

8,2,8;5,2,0;6,2,8: has a {19,6,16} 4-flat direction; already covered by {19,6,16} cases.

(end)

SetDim5Cap43_8sa_ExclPtCounts:

8,1,9;2,0,5;9,4,3: has a {19,5,17} 4-flat direction; already covered by {19,5,17} cases.

8,2,8;2,0,5;9,4,3: has a {19,6,16} 4-flat direction; already covered by {19,6,16} cases.

8,2,8;2,0,5;9,5,2: has an {18,6,17} 4-flat direction; already covered by {18,6,17} cases.

(end)
