0	0
1	1
2	0
3	1
4	0
5	1
6	0
7	1
8	0
9	0
10	0
11	0
12	0
13	0
14	0
15	0
16	2
17	2
18	2
19	2
20	2
21	2
22	2
23	2
24	2
25	2
26	2
27	2
28	2
29	2
30	2
31	2
32	2
33	2
34	2
35	2
36	2
37	2
38	2
39	2
40	3
41	3
42	3
43	3
44	0
45	0
46	0
47	0
48	0
49	0
50	0
51	0
52	0
53	0
54	0
55	0
56	0
57	0
58	0
59	0
60	4
61	4
62	5
63	5
64	6
65	7
66	7
67	8
68	8
69	6
70	4
71	4
72	5
73	5
74	6
75	7
76	7
77	8
78	8
79	6
80	4
81	4
82	5
83	5
84	6
85	7
86	7
87	8
88	8
89	6
90	4
91	4
92	5
93	5
94	6
95	7
96	7
97	8
98	8
99	6
100	8
101	8
102	9
103	4
104	10
105	8
106	8
107	4
108	9
109	10
110	8
111	8
112	9
113	4
114	10
115	8
116	8
117	4
118	9
119	10
120	8
121	8
122	9
123	4
124	10
125	8
126	8
127	4
128	9
129	10
130	8
131	8
132	9
133	4
134	10
135	8
136	8
137	4
138	9
139	10
140	0
141	7
142	11
143	12
144	13
145	13
146	13
147	12
148	13
149	7
150	0
151	11
152	7
153	14
154	14
155	7
156	7
157	7
158	0
159	7
160	11
161	12
162	13
163	13
164	13
165	12
166	13
167	7
168	0
169	11
170	7
171	14
172	14
173	7
174	7
175	7
176	0
177	7
178	11
179	12
180	13
181	13
182	13
183	12
184	13
185	7
186	0
187	11
188	7
189	14
190	14
191	7
192	7
193	7
194	0
195	7
196	11
197	12
198	13
199	13
200	13
201	12
202	13
203	7
204	0
205	11
206	7
207	14
208	14
209	7
210	7
211	7
212	7
213	4
214	4
215	7
216	15
217	4
218	4
219	15
220	16
221	16
222	7
223	4
224	4
225	7
226	15
227	4
228	4
229	15
230	16
231	16
232	7
233	4
234	4
235	7
236	15
237	4
238	4
239	15
240	16
241	16
242	7
243	4
244	4
245	7
246	15
247	4
248	4
249	15
250	16
251	16
252	17
253	0
254	17
255	0
256	17
257	0
258	17
259	0
260	17
261	0
262	17
263	0
264	17
265	0
266	17
267	0
268	6
269	9
270	8
271	4
272	18
273	4
274	9
275	5
276	7
277	5
278	9
279	6
280	4
281	8
282	18
283	9
284	4
285	7
286	5
287	5
288	8
289	8
290	7
291	7
292	5
293	6
294	9
295	8
296	4
297	18
298	4
299	9
300	5
301	7
302	5
303	9
304	6
305	4
306	8
307	18
308	9
309	4
310	7
311	5
312	5
313	8
314	8
315	7
316	7
317	5
318	9
319	5
320	4
321	7
322	5
323	4
324	7
325	9
326	5
327	5
328	6
329	4
330	9
331	8
332	18
333	9
334	8
335	6
336	4
337	18
338	8
339	7
340	8
341	7
342	5
343	9
344	5
345	4
346	7
347	5
348	4
349	7
350	9
351	5
352	5
353	6
354	4
355	9
356	8
357	18
358	9
359	8
360	6
361	4
362	18
363	8
364	7
365	8
366	7
367	5
368	6
369	9
370	8
371	4
372	18
373	4
374	9
375	5
376	7
377	5
378	9
379	6
380	4
381	8
382	18
383	9
384	4
385	7
386	5
387	5
388	8
389	8
390	7
391	7
392	5
393	6
394	9
395	8
396	4
397	18
398	4
399	9
400	5
401	7
402	5
403	9
404	6
405	4
406	8
407	18
408	9
409	4
410	7
411	5
412	5
413	8
414	8
415	7
416	7
417	5
418	9
419	5
420	4
421	7
422	5
423	4
424	7
425	9
426	5
427	5
428	6
429	4
430	9
431	8
432	18
433	9
434	8
435	6
436	4
437	18
438	8
439	7
440	8
441	7
442	5
443	9
444	5
445	4
446	7
447	5
448	4
449	7
450	9
451	5
452	5
453	6
454	4
455	9
456	8
457	18
458	9
459	8
460	6
461	4
462	18
463	8
464	7
465	8
466	7
467	5
468	16
469	4
470	19
471	7
472	5
473	8
474	7
475	5
476	16
477	5
478	4
479	16
480	7
481	19
482	5
483	7
484	8
485	16
486	5
487	5
488	9
489	9
490	9
491	9
492	18
493	7
494	16
495	19
496	4
497	5
498	19
499	4
500	7
501	16
502	5
503	5
504	7
505	16
506	8
507	5
508	16
509	8
510	5
511	7
512	5
513	9
514	9
515	9
516	9
517	18
518	16
519	4
520	19
521	7
522	5
523	8
524	7
525	5
526	16
527	5
528	4
529	16
530	7
531	19
532	5
533	7
534	8
535	16
536	5
537	5
538	9
539	9
540	9
541	9
542	18
543	7
544	16
545	19
546	4
547	5
548	19
549	4
550	7
551	16
552	5
553	5
554	7
555	16
556	8
557	5
558	16
559	8
560	5
561	7
562	5
563	9
564	9
565	9
566	9
567	18
568	16
569	4
570	19
571	7
572	5
573	8
574	7
575	5
576	16
577	5
578	4
579	16
580	7
581	19
582	5
583	7
584	8
585	16
586	5
587	5
588	9
589	9
590	9
591	9
592	18
593	7
594	16
595	19
596	4
597	5
598	19
599	4
600	7
601	16
602	5
603	5
604	7
605	16
606	8
607	5
608	16
609	8
610	5
611	7
612	5
613	9
614	9
615	9
616	9
617	18
618	16
619	4
620	19
621	7
622	5
623	8
624	7
625	5
626	16
627	5
628	4
629	16
630	7
631	19
632	5
633	7
634	8
635	16
636	5
637	5
638	9
639	9
640	9
641	9
642	18
643	7
644	16
645	19
646	4
647	5
648	19
649	4
650	7
651	16
652	5
653	5
654	7
655	16
656	8
657	5
658	16
659	8
660	5
661	7
662	5
663	9
664	9
665	9
666	9
667	18
668	0
669	17
670	17
671	0
672	0
673	17
674	17
675	0
676	20
677	20
678	20
679	20
680	17
681	17
682	17
683	17
684	17
685	17
686	17
687	17
688	10
689	16
690	7
691	8
692	8
693	5
694	16
695	8
696	4
697	3
698	2
699	7
700	5
701	7
702	14
703	5
704	6
705	5
706	4
707	8
708	4
709	4
710	7
711	4
712	16
713	5
714	5
715	6
716	14
717	8
718	8
719	8
720	4
721	4
722	7
723	19
724	5
725	2
726	13
727	8
728	4
729	9
730	5
731	6
732	8
733	7
734	16
735	10
736	8
737	16
738	5
739	8
740	7
741	3
742	4
743	2
744	5
745	14
746	7
747	5
748	8
749	4
750	5
751	6
752	4
753	4
754	5
755	16
756	4
757	7
758	8
759	14
760	6
761	5
762	8
763	8
764	19
765	7
766	4
767	4
768	9
769	4
770	8
771	2
772	5
773	13
774	6
775	5
776	8
777	21
778	21
779	8
780	16
781	10
782	10
783	16
784	7
785	7
786	8
787	4
788	4
789	8
790	21
791	9
792	9
793	21
794	4
795	4
796	10
797	16
798	7
799	8
800	8
801	5
802	16
803	8
804	4
805	3
806	2
807	7
808	5
809	7
810	14
811	5
812	6
813	5
814	4
815	8
816	4
817	4
818	7
819	4
820	16
821	5
822	5
823	6
824	14
825	8
826	8
827	8
828	4
829	4
830	7
831	19
832	5
833	2
834	13
835	8
836	4
837	9
838	5
839	6
840	8
841	7
842	16
843	10
844	8
845	16
846	5
847	8
848	7
849	3
850	4
851	2
852	5
853	14
854	7
855	5
856	8
857	4
858	5
859	6
860	4
861	4
862	5
863	16
864	4
865	7
866	8
867	14
868	6
869	5
870	8
871	8
872	19
873	7
874	4
875	4
876	9
877	4
878	8
879	2
880	5
881	13
882	6
883	5
884	8
885	21
886	21
887	8
888	16
889	10
890	10
891	16
892	7
893	7
894	8
895	4
896	4
897	8
898	21
899	9
900	9
901	21
902	4
903	4
904	10
905	16
906	7
907	8
908	8
909	5
910	16
911	8
912	4
913	3
914	2
915	7
916	5
917	7
918	14
919	5
920	6
921	5
922	4
923	8
924	4
925	4
926	7
927	4
928	16
929	5
930	5
931	6
932	14
933	8
934	8
935	8
936	4
937	4
938	7
939	19
940	5
941	2
942	13
943	8
944	4
945	9
946	5
947	6
948	8
949	7
950	16
951	10
952	8
953	16
954	5
955	8
956	7
957	3
958	4
959	2
960	5
961	14
962	7
963	5
964	8
965	4
966	5
967	6
968	4
969	4
970	5
971	16
972	4
973	7
974	8
975	14
976	6
977	5
978	8
979	8
980	19
981	7
982	4
983	4
984	9
985	4
986	8
987	2
988	5
989	13
990	6
991	5
992	8
993	21
994	21
995	8
996	16
997	10
998	10
999	16
1000	7
1001	7
1002	8
1003	4
1004	4
1005	8
1006	21
1007	9
1008	9
1009	21
1010	4
1011	4
1012	10
1013	16
1014	7
1015	8
1016	8
1017	5
1018	16
1019	8
1020	4
1021	3
1022	2
1023	7
1024	5
1025	7
1026	14
1027	5
1028	6
1029	5
1030	4
1031	8
1032	4
1033	4
1034	7
1035	4
1036	16
1037	5
1038	5
1039	6
1040	14
1041	8
1042	8
1043	8
1044	4
1045	4
1046	7
1047	19
1048	5
1049	2
1050	13
1051	8
1052	4
1053	9
1054	5
1055	6
1056	8
1057	7
1058	16
1059	10
1060	8
1061	16
1062	5
1063	8
1064	7
1065	3
1066	4
1067	2
1068	5
1069	14
1070	7
1071	5
1072	8
1073	4
1074	5
1075	6
1076	4
1077	4
1078	5
1079	16
1080	4
1081	7
1082	8
1083	14
1084	6
1085	5
1086	8
1087	8
1088	19
1089	7
1090	4
1091	4
1092	9
1093	4
1094	8
1095	2
1096	5
1097	13
1098	6
1099	5
1100	8
1101	21
1102	21
1103	8
1104	16
1105	10
1106	10
1107	16
1108	7
1109	7
1110	8
1111	4
1112	4
1113	8
1114	21
1115	9
1116	9
1117	21
1118	4
1119	4
1120	0
1121	0
1122	1
1123	22
1124	0
1125	0
1126	1
1127	22
1128	9
1129	9
1130	19
1131	4
1132	23
1133	16
1134	5
1135	4
1136	19
1137	5
1138	5
1139	6
1140	8
1141	4
1142	15
1143	6
1144	10
1145	6
1146	24
1147	5
1148	5
1149	7
1150	4
1151	19
1152	9
1153	4
1154	8
1155	4
1156	4
1157	16
1158	5
1159	4
1160	21
1161	8
1162	21
1163	4
1164	5
1165	6
1166	6
1167	9
1168	4
1169	8
1170	6
1171	5
1172	6
1173	10
1174	6
1175	15
1176	5
1177	24
1178	4
1179	19
1180	9
1181	9
1182	4
1183	5
1184	16
1185	23
1186	5
1187	19
1188	8
1189	21
1190	4
1191	5
1192	6
1193	5
1194	4
1195	21
1196	9
1197	6
1198	19
1199	4
1200	7
1201	5
1202	4
1203	8
1204	4
1205	9
1206	16
1207	4
1208	4
1209	7
1210	5
1211	5
1212	8
1213	19
1214	19
1215	4
1216	4
1217	14
1218	5
1219	5
1220	7
1221	4
1222	4
1223	19
1224	19
1225	8
1226	14
1227	4
1228	9
1229	9
1230	19
1231	4
1232	23
1233	16
1234	5
1235	4
1236	19
1237	5
1238	5
1239	6
1240	8
1241	4
1242	15
1243	6
1244	10
1245	6
1246	24
1247	5
1248	5
1249	7
1250	4
1251	19
1252	9
1253	4
1254	8
1255	4
1256	4
1257	16
1258	5
1259	4
1260	21
1261	8
1262	21
1263	4
1264	5
1265	6
1266	6
1267	9
1268	4
1269	8
1270	6
1271	5
1272	6
1273	10
1274	6
1275	15
1276	5
1277	24
1278	4
1279	19
1280	9
1281	9
1282	4
1283	5
1284	16
1285	23
1286	5
1287	19
1288	8
1289	21
1290	4
1291	5
1292	6
1293	5
1294	4
1295	21
1296	9
1297	6
1298	19
1299	4
1300	7
1301	5
1302	4
1303	8
1304	4
1305	9
1306	16
1307	4
1308	4
1309	7
1310	5
1311	5
1312	8
1313	19
1314	19
1315	4
1316	4
1317	14
1318	5
1319	5
1320	7
1321	4
1322	4
1323	19
1324	19
1325	8
1326	14
1327	4
1328	9
1329	9
1330	19
1331	4
1332	23
1333	16
1334	5
1335	4
1336	19
1337	5
1338	5
1339	6
1340	8
1341	4
1342	15
1343	6
1344	10
1345	6
1346	24
1347	5
1348	5
1349	7
1350	4
1351	19
1352	9
1353	4
1354	8
1355	4
1356	4
1357	16
1358	5
1359	4
1360	21
1361	8
1362	21
1363	4
1364	5
1365	6
1366	6
1367	9
1368	4
1369	8
1370	6
1371	5
1372	6
1373	10
1374	6
1375	15
1376	5
1377	24
1378	4
1379	19
1380	9
1381	9
1382	4
1383	5
1384	16
1385	23
1386	5
1387	19
1388	8
1389	21
1390	4
1391	5
1392	6
1393	5
1394	4
1395	21
1396	9
1397	6
1398	19
1399	4
1400	7
1401	5
1402	4
1403	8
1404	4
1405	9
1406	16
1407	4
1408	4
1409	7
1410	5
1411	5
1412	8
1413	19
1414	19
1415	4
1416	4
1417	14
1418	5
1419	5
1420	7
1421	4
1422	4
1423	19
1424	19
1425	8
1426	14
1427	4
1428	9
1429	9
1430	19
1431	4
1432	23
1433	16
1434	5
1435	4
1436	19
1437	5
1438	5
1439	6
1440	8
1441	4
1442	15
1443	6
1444	10
1445	6
1446	24
1447	5
1448	5
1449	7
1450	4
1451	19
1452	9
1453	4
1454	8
1455	4
1456	4
1457	16
1458	5
1459	4
1460	21
1461	8
1462	21
1463	4
1464	5
1465	6
1466	6
1467	9
1468	4
1469	8
1470	6
1471	5
1472	6
1473	10
1474	6
1475	15
1476	5
1477	24
1478	4
1479	19
1480	9
1481	9
1482	4
1483	5
1484	16
1485	23
1486	5
1487	19
1488	8
1489	21
1490	4
1491	5
1492	6
1493	5
1494	4
1495	21
1496	9
1497	6
1498	19
1499	4
1500	7
1501	5
1502	4
1503	8
1504	4
1505	9
1506	16
1507	4
1508	4
1509	7
1510	5
1511	5
1512	8
1513	19
1514	19
1515	4
1516	4
1517	14
1518	5
1519	5
1520	7
1521	4
1522	4
1523	19
1524	19
1525	8
1526	14
1527	4
1528	0
1529	0
1530	0
1531	0
1532	0
1533	1
1534	16
1535	16
1536	16
1537	4
1538	4
1539	4
1540	16
1541	4
1542	4
1543	16
1544	16
1545	16
1546	4
1547	16
1548	4
1549	16
1550	4
1551	4
1552	4
1553	16
1554	4
1555	4
1556	16
1557	16
1558	25
1559	16
1560	16
1561	16
1562	4
1563	4
1564	4
1565	16
1566	4
1567	4
1568	16
1569	16
1570	16
1571	4
1572	16
1573	4
1574	16
1575	4
1576	4
1577	4
1578	16
1579	4
1580	4
1581	16
1582	16
1583	25
1584	16
1585	16
1586	16
1587	4
1588	4
1589	4
1590	16
1591	4
1592	4
1593	16
1594	16
1595	16
1596	4
1597	16
1598	4
1599	16
1600	4
1601	4
1602	4
1603	16
1604	4
1605	4
1606	16
1607	16
1608	25
1609	16
1610	16
1611	16
1612	4
1613	4
1614	4
1615	16
1616	4
1617	4
1618	16
1619	16
1620	16
1621	4
1622	16
1623	4
1624	16
1625	4
1626	4
1627	4
1628	16
1629	4
1630	4
1631	16
1632	16
1633	25
1634	3
1635	2
1636	14
1637	4
1638	23
1639	16
1640	16
1641	4
1642	7
1643	7
1644	16
1645	23
1646	4
1647	14
1648	16
1649	23
1650	16
1651	7
1652	4
1653	16
1654	7
1655	23
1656	18
1657	18
1658	4
1659	4
1660	7
1661	3
1662	2
1663	14
1664	4
1665	23
1666	16
1667	16
1668	4
1669	7
1670	7
1671	16
1672	23
1673	4
1674	14
1675	16
1676	23
1677	16
1678	7
1679	4
1680	16
1681	7
1682	23
1683	18
1684	18
1685	4
1686	4
1687	7
1688	3
1689	2
1690	14
1691	4
1692	23
1693	16
1694	16
1695	4
1696	7
1697	7
1698	16
1699	23
1700	4
1701	14
1702	16
1703	23
1704	16
1705	7
1706	4
1707	16
1708	7
1709	23
1710	18
1711	18
1712	4
1713	4
1714	7
1715	3
1716	2
1717	14
1718	4
1719	23
1720	16
1721	16
1722	4
1723	7
1724	7
1725	16
1726	23
1727	4
1728	14
1729	16
1730	23
1731	16
1732	7
1733	4
1734	16
1735	7
1736	23
1737	18
1738	18
1739	4
1740	4
1741	7
1742	26
1743	7
1744	6
1745	15
1746	21
1747	14
1748	4
1749	8
1750	7
1751	18
1752	4
1753	9
1754	16
1755	16
1756	4
1757	5
1758	19
1759	5
1760	23
1761	7
1762	4
1763	19
1764	14
1765	23
1766	5
1767	4
1768	5
1769	19
1770	9
1771	4
1772	5
1773	19
1774	23
1775	7
1776	4
1777	15
1778	8
1779	16
1780	4
1781	8
1782	9
1783	8
1784	4
1785	7
1786	7
1787	8
1788	4
1789	4
1790	8
1791	9
1792	5
1793	4
1794	9
1795	19
1796	4
1797	4
1798	14
1799	7
1800	8
1801	18
1802	19
1803	5
1804	23
1805	5
1806	7
1807	9
1808	4
1809	16
1810	16
1811	4
1812	19
1813	4
1814	23
1815	14
1816	5
1817	7
1818	26
1819	15
1820	6
1821	21
1822	8
1823	9
1824	7
1825	4
1826	7
1827	4
1828	8
1829	8
1830	4
1831	9
1832	19
1833	5
1834	7
1835	23
1836	4
1837	8
1838	15
1839	4
1840	16
1841	8
1842	26
1843	7
1844	6
1845	15
1846	21
1847	14
1848	4
1849	8
1850	7
1851	18
1852	4
1853	9
1854	16
1855	16
1856	4
1857	5
1858	19
1859	5
1860	23
1861	7
1862	4
1863	19
1864	14
1865	23
1866	5
1867	4
1868	5
1869	19
1870	9
1871	4
1872	5
1873	19
1874	23
1875	7
1876	4
1877	15
1878	8
1879	16
1880	4
1881	8
1882	9
1883	8
1884	4
1885	7
1886	7
1887	8
1888	4
1889	4
1890	8
1891	9
1892	5
1893	4
1894	9
1895	19
1896	4
1897	4
1898	14
1899	7
1900	8
1901	18
1902	19
1903	5
1904	23
1905	5
1906	7
1907	9
1908	4
1909	16
1910	16
1911	4
1912	19
1913	4
1914	23
1915	14
1916	5
1917	7
1918	26
1919	15
1920	6
1921	21
1922	8
1923	9
1924	7
1925	4
1926	7
1927	4
1928	8
1929	8
1930	4
1931	9
1932	19
1933	5
1934	7
1935	23
1936	4
1937	8
1938	15
1939	4
1940	16
1941	8
1942	19
1943	14
1944	4
1945	23
1946	5
1947	9
1948	16
1949	4
1950	16
1951	4
1952	5
1953	19
1954	4
1955	9
1956	4
1957	7
1958	6
1959	26
1960	15
1961	21
1962	19
1963	5
1964	5
1965	23
1966	7
1967	4
1968	8
1969	14
1970	7
1971	18
1972	8
1973	16
1974	15
1975	4
1976	8
1977	4
1978	4
1979	8
1980	8
1981	9
1982	8
1983	4
1984	9
1985	7
1986	7
1987	19
1988	23
1989	5
1990	7
1991	4
1992	4
1993	23
1994	19
1995	14
1996	5
1997	5
1998	23
1999	19
2000	5
2001	7
2002	26
2003	15
2004	7
2005	6
2006	21
2007	4
2008	9
2009	5
2010	19
2011	4
2012	4
2013	16
2014	9
2015	16
2016	4
2017	14
2018	7
2019	4
2020	8
2021	18
2022	8
2023	8
2024	4
2025	4
2026	9
2027	15
2028	4
2029	8
2030	16
2031	8
2032	5
2033	7
2034	19
2035	23
2036	4
2037	9
2038	7
2039	8
2040	4
2041	7
2042	19
2043	14
2044	4
2045	23
2046	5
2047	9
2048	16
2049	4
2050	16
2051	4
2052	5
2053	19
2054	4
2055	9
2056	4
2057	7
2058	6
2059	26
2060	15
2061	21
2062	19
2063	5
2064	5
2065	23
2066	7
2067	4
2068	8
2069	14
2070	7
2071	18
2072	8
2073	16
2074	15
2075	4
2076	8
2077	4
2078	4
2079	8
2080	8
2081	9
2082	8
2083	4
2084	9
2085	7
2086	7
2087	19
2088	23
2089	5
2090	7
2091	4
2092	4
2093	23
2094	19
2095	14
2096	5
2097	5
2098	23
2099	19
2100	5
2101	7
2102	26
2103	15
2104	7
2105	6
2106	21
2107	4
2108	9
2109	5
2110	19
2111	4
2112	4
2113	16
2114	9
2115	16
2116	4
2117	14
2118	7
2119	4
2120	8
2121	18
2122	8
2123	8
2124	4
2125	4
2126	9
2127	15
2128	4
2129	8
2130	16
2131	8
2132	5
2133	7
2134	19
2135	23
2136	4
2137	9
2138	7
2139	8
2140	4
2141	7
2142	26
2143	7
2144	6
2145	15
2146	21
2147	14
2148	4
2149	8
2150	7
2151	18
2152	4
2153	9
2154	16
2155	16
2156	4
2157	5
2158	19
2159	5
2160	23
2161	7
2162	4
2163	19
2164	14
2165	23
2166	5
2167	4
2168	5
2169	19
2170	9
2171	4
2172	5
2173	19
2174	23
2175	7
2176	4
2177	15
2178	8
2179	16
2180	4
2181	8
2182	9
2183	8
2184	4
2185	7
2186	7
2187	8
2188	4
2189	4
2190	8
2191	9
2192	5
2193	4
2194	9
2195	19
2196	4
2197	4
2198	14
2199	7
2200	8
2201	18
2202	19
2203	5
2204	23
2205	5
2206	7
2207	9
2208	4
2209	16
2210	16
2211	4
2212	19
2213	4
2214	23
2215	14
2216	5
2217	7
2218	26
2219	15
2220	6
2221	21
2222	8
2223	9
2224	7
2225	4
2226	7
2227	4
2228	8
2229	8
2230	4
2231	9
2232	19
2233	5
2234	7
2235	23
2236	4
2237	8
2238	15
2239	4
2240	16
2241	8
2242	26
2243	7
2244	6
2245	15
2246	21
2247	14
2248	4
2249	8
2250	7
2251	18
2252	4
2253	9
2254	16
2255	16
2256	4
2257	5
2258	19
2259	5
2260	23
2261	7
2262	4
2263	19
2264	14
2265	23
2266	5
2267	4
2268	5
2269	19
2270	9
2271	4
2272	5
2273	19
2274	23
2275	7
2276	4
2277	15
2278	8
2279	16
2280	4
2281	8
2282	9
2283	8
2284	4
2285	7
2286	7
2287	8
2288	4
2289	4
2290	8
2291	9
2292	5
2293	4
2294	9
2295	19
2296	4
2297	4
2298	14
2299	7
2300	8
2301	18
2302	19
2303	5
2304	23
2305	5
2306	7
2307	9
2308	4
2309	16
2310	16
2311	4
2312	19
2313	4
2314	23
2315	14
2316	5
2317	7
2318	26
2319	15
2320	6
2321	21
2322	8
2323	9
2324	7
2325	4
2326	7
2327	4
2328	8
2329	8
2330	4
2331	9
2332	19
2333	5
2334	7
2335	23
2336	4
2337	8
2338	15
2339	4
2340	16
2341	8
2342	19
2343	14
2344	4
2345	23
2346	5
2347	9
2348	16
2349	4
2350	16
2351	4
2352	5
2353	19
2354	4
2355	9
2356	4
2357	7
2358	6
2359	26
2360	15
2361	21
2362	19
2363	5
2364	5
2365	23
2366	7
2367	4
2368	8
2369	14
2370	7
2371	18
2372	8
2373	16
2374	15
2375	4
2376	8
2377	4
2378	4
2379	8
2380	8
2381	9
2382	8
2383	4
2384	9
2385	7
2386	7
2387	19
2388	23
2389	5
2390	7
2391	4
2392	4
2393	23
2394	19
2395	14
2396	5
2397	5
2398	23
2399	19
2400	5
2401	7
2402	26
2403	15
2404	7
2405	6
2406	21
2407	4
2408	9
2409	5
2410	19
2411	4
2412	4
2413	16
2414	9
2415	16
2416	4
2417	14
2418	7
2419	4
2420	8
2421	18
2422	8
2423	8
2424	4
2425	4
2426	9
2427	15
2428	4
2429	8
2430	16
2431	8
2432	5
2433	7
2434	19
2435	23
2436	4
2437	9
2438	7
2439	8
2440	4
2441	7
2442	19
2443	14
2444	4
2445	23
2446	5
2447	9
2448	16
2449	4
2450	16
2451	4
2452	5
2453	19
2454	4
2455	9
2456	4
2457	7
2458	6
2459	26
2460	15
2461	21
2462	19
2463	5
2464	5
2465	23
2466	7
2467	4
2468	8
2469	14
2470	7
2471	18
2472	8
2473	16
2474	15
2475	4
2476	8
2477	4
2478	4
2479	8
2480	8
2481	9
2482	8
2483	4
2484	9
2485	7
2486	7
2487	19
2488	23
2489	5
2490	7
2491	4
2492	4
2493	23
2494	19
2495	14
2496	5
2497	5
2498	23
2499	19
2500	5
2501	7
2502	26
2503	15
2504	7
2505	6
2506	21
2507	4
2508	9
2509	5
2510	19
2511	4
2512	4
2513	16
2514	9
2515	16
2516	4
2517	14
2518	7
2519	4
2520	8
2521	18
2522	8
2523	8
2524	4
2525	4
2526	9
2527	15
2528	4
2529	8
2530	16
2531	8
2532	5
2533	7
2534	19
2535	23
2536	4
2537	9
2538	7
2539	8
2540	4
2541	7
2542	23
2543	7
2544	19
2545	14
2546	19
2547	15
2548	6
2549	8
2550	7
2551	4
2552	15
2553	16
2554	4
2555	5
2556	8
2557	4
2558	4
2559	4
2560	18
2561	9
2562	6
2563	16
2564	4
2565	10
2566	4
2567	4
2568	16
2569	7
2570	5
2571	19
2572	16
2573	19
2574	7
2575	4
2576	7
2577	9
2578	4
2579	8
2580	24
2581	7
2582	4
2583	24
2584	8
2585	4
2586	4
2587	19
2588	19
2589	16
2590	5
2591	4
2592	16
2593	4
2594	5
2595	7
2596	19
2597	6
2598	15
2599	7
2600	8
2601	4
2602	4
2603	4
2604	18
2605	4
2606	9
2607	16
2608	15
2609	5
2610	4
2611	8
2612	16
2613	6
2614	10
2615	4
2616	4
2617	7
2618	23
2619	14
2620	19
2621	19
2622	24
2623	4
2624	4
2625	8
2626	4
2627	19
2628	19
2629	5
2630	16
2631	4
2632	19
2633	16
2634	4
2635	7
2636	7
2637	4
2638	9
2639	24
2640	8
2641	7
2642	8
2643	6
2644	7
2645	15
2646	4
2647	4
2648	16
2649	5
2650	15
2651	8
2652	19
2653	7
2654	14
2655	23
2656	19
2657	7
2658	16
2659	5
2660	4
2661	19
2662	4
2663	4
2664	18
2665	4
2666	9
2667	4
2668	16
2669	10
2670	6
2671	4
2672	8
2673	24
2674	4
2675	4
2676	4
2677	7
2678	19
2679	4
2680	16
2681	7
2682	8
2683	4
2684	24
2685	9
2686	7
2687	16
2688	19
2689	5
2690	19
2691	4
2692	7
2693	15
2694	8
2695	6
2696	4
2697	18
2698	4
2699	4
2700	4
2701	9
2702	5
2703	4
2704	7
2705	16
2706	19
2707	14
2708	23
2709	19
2710	7
2711	19
2712	5
2713	15
2714	4
2715	16
2716	8
2717	10
2718	6
2719	4
2720	16
2721	4
2722	4
2723	16
2724	7
2725	19
2726	7
2727	4
2728	4
2729	8
2730	24
2731	4
2732	5
2733	19
2734	16
2735	19
2736	4
2737	24
2738	9
2739	8
2740	4
2741	7
2742	23
2743	7
2744	19
2745	14
2746	19
2747	15
2748	6
2749	8
2750	7
2751	4
2752	15
2753	16
2754	4
2755	5
2756	8
2757	4
2758	4
2759	4
2760	18
2761	9
2762	6
2763	16
2764	4
2765	10
2766	4
2767	4
2768	16
2769	7
2770	5
2771	19
2772	16
2773	19
2774	7
2775	4
2776	7
2777	9
2778	4
2779	8
2780	24
2781	7
2782	4
2783	24
2784	8
2785	4
2786	4
2787	19
2788	19
2789	16
2790	5
2791	4
2792	16
2793	4
2794	5
2795	7
2796	19
2797	6
2798	15
2799	7
2800	8
2801	4
2802	4
2803	4
2804	18
2805	4
2806	9
2807	16
2808	15
2809	5
2810	4
2811	8
2812	16
2813	6
2814	10
2815	4
2816	4
2817	7
2818	23
2819	14
2820	19
2821	19
2822	24
2823	4
2824	4
2825	8
2826	4
2827	19
2828	19
2829	5
2830	16
2831	4
2832	19
2833	16
2834	4
2835	7
2836	7
2837	4
2838	9
2839	24
2840	8
2841	7
2842	8
2843	6
2844	7
2845	15
2846	4
2847	4
2848	16
2849	5
2850	15
2851	8
2852	19
2853	7
2854	14
2855	23
2856	19
2857	7
2858	16
2859	5
2860	4
2861	19
2862	4
2863	4
2864	18
2865	4
2866	9
2867	4
2868	16
2869	10
2870	6
2871	4
2872	8
2873	24
2874	4
2875	4
2876	4
2877	7
2878	19
2879	4
2880	16
2881	7
2882	8
2883	4
2884	24
2885	9
2886	7
2887	16
2888	19
2889	5
2890	19
2891	4
2892	7
2893	15
2894	8
2895	6
2896	4
2897	18
2898	4
2899	4
2900	4
2901	9
2902	5
2903	4
2904	7
2905	16
2906	19
2907	14
2908	23
2909	19
2910	7
2911	19
2912	5
2913	15
2914	4
2915	16
2916	8
2917	10
2918	6
2919	4
2920	16
2921	4
2922	4
2923	16
2924	7
2925	19
2926	7
2927	4
2928	4
2929	8
2930	24
2931	4
2932	5
2933	19
2934	16
2935	19
2936	4
2937	24
2938	9
2939	8
2940	4
2941	7
2942	23
2943	7
2944	19
2945	14
2946	19
2947	15
2948	6
2949	8
2950	7
2951	4
2952	15
2953	16
2954	4
2955	5
2956	8
2957	4
2958	4
2959	4
2960	18
2961	9
2962	6
2963	16
2964	4
2965	10
2966	4
2967	4
2968	16
2969	7
2970	5
2971	19
2972	16
2973	19
2974	7
2975	4
2976	7
2977	9
2978	4
2979	8
2980	24
2981	7
2982	4
2983	24
2984	8
2985	4
2986	4
2987	19
2988	19
2989	16
2990	5
2991	4
2992	16
2993	4
2994	5
2995	7
2996	19
2997	6
2998	15
2999	7
3000	8
3001	4
3002	4
3003	4
3004	18
3005	4
3006	9
3007	16
3008	15
3009	5
3010	4
3011	8
3012	16
3013	6
3014	10
3015	4
3016	4
3017	7
3018	23
3019	14
3020	19
3021	19
3022	24
3023	4
3024	4
3025	8
3026	4
3027	19
3028	19
3029	5
3030	16
3031	4
3032	19
3033	16
3034	4
3035	7
3036	7
3037	4
3038	9
3039	24
3040	8
3041	7
3042	8
3043	6
3044	7
3045	15
3046	4
3047	4
3048	16
3049	5
3050	15
3051	8
3052	19
3053	7
3054	14
3055	23
3056	19
3057	7
3058	16
3059	5
3060	4
3061	19
3062	4
3063	4
3064	18
3065	4
3066	9
3067	4
3068	16
3069	10
3070	6
3071	4
3072	8
3073	24
3074	4
3075	4
3076	4
3077	7
3078	19
3079	4
3080	16
3081	7
3082	8
3083	4
3084	24
3085	9
3086	7
3087	16
3088	19
3089	5
3090	19
3091	4
3092	7
3093	15
3094	8
3095	6
3096	4
3097	18
3098	4
3099	4
3100	4
3101	9
3102	5
3103	4
3104	7
3105	16
3106	19
3107	14
3108	23
3109	19
3110	7
3111	19
3112	5
3113	15
3114	4
3115	16
3116	8
3117	10
3118	6
3119	4
3120	16
3121	4
3122	4
3123	16
3124	7
3125	19
3126	7
3127	4
3128	4
3129	8
3130	24
3131	4
3132	5
3133	19
3134	16
3135	19
3136	4
3137	24
3138	9
3139	8
3140	4
3141	7
3142	23
3143	7
3144	19
3145	14
3146	19
3147	15
3148	6
3149	8
3150	7
3151	4
3152	15
3153	16
3154	4
3155	5
3156	8
3157	4
3158	4
3159	4
3160	18
3161	9
3162	6
3163	16
3164	4
3165	10
3166	4
3167	4
3168	16
3169	7
3170	5
3171	19
3172	16
3173	19
3174	7
3175	4
3176	7
3177	9
3178	4
3179	8
3180	24
3181	7
3182	4
3183	24
3184	8
3185	4
3186	4
3187	19
3188	19
3189	16
3190	5
3191	4
3192	16
3193	4
3194	5
3195	7
3196	19
3197	6
3198	15
3199	7
3200	8
3201	4
3202	4
3203	4
3204	18
3205	4
3206	9
3207	16
3208	15
3209	5
3210	4
3211	8
3212	16
3213	6
3214	10
3215	4
3216	4
3217	7
3218	23
3219	14
3220	19
3221	19
3222	24
3223	4
3224	4
3225	8
3226	4
3227	19
3228	19
3229	5
3230	16
3231	4
3232	19
3233	16
3234	4
3235	7
3236	7
3237	4
3238	9
3239	24
3240	8
3241	7
3242	8
3243	6
3244	7
3245	15
3246	4
3247	4
3248	16
3249	5
3250	15
3251	8
3252	19
3253	7
3254	14
3255	23
3256	19
3257	7
3258	16
3259	5
3260	4
3261	19
3262	4
3263	4
3264	18
3265	4
3266	9
3267	4
3268	16
3269	10
3270	6
3271	4
3272	8
3273	24
3274	4
3275	4
3276	4
3277	7
3278	19
3279	4
3280	16
3281	7
3282	8
3283	4
3284	24
3285	9
3286	7
3287	16
3288	19
3289	5
3290	19
3291	4
3292	7
3293	15
3294	8
3295	6
3296	4
3297	18
3298	4
3299	4
3300	4
3301	9
3302	5
3303	4
3304	7
3305	16
3306	19
3307	14
3308	23
3309	19
3310	7
3311	19
3312	5
3313	15
3314	4
3315	16
3316	8
3317	10
3318	6
3319	4
3320	16
3321	4
3322	4
3323	16
3324	7
3325	19
3326	7
3327	4
3328	4
3329	8
3330	24
3331	4
3332	5
3333	19
3334	16
3335	19
3336	4
3337	24
3338	9
3339	8
3340	4
3341	7
3342	24
3343	14
3344	8
3345	9
3346	8
3347	16
3348	16
3349	9
3350	9
3351	5
3352	9
3353	24
3354	4
3355	6
3356	9
3357	24
3358	9
3359	6
3360	4
3361	9
3362	5
3363	5
3364	7
3365	7
3366	6
3367	14
3368	24
3369	9
3370	8
3371	8
3372	6
3373	9
3374	16
3375	6
3376	7
3377	7
3378	5
3379	5
3380	5
3381	4
3382	9
3383	6
3384	6
3385	16
3386	7
3387	5
3388	7
3389	5
3390	5
3391	4
3392	1
3393	0
3394	0
3395	1
3396	0
3397	5
3398	16
3399	5
3400	9
3401	5
3402	16
3403	16
3404	5
3405	5
3406	6
3407	6
3408	8
3409	7
3410	10
3411	6
3412	8
3413	6
3414	10
3415	7
3416	6
3417	19
3418	19
3419	7
3420	7
3421	27
3422	16
3423	5
3424	9
3425	5
3426	5
3427	8
3428	5
3429	16
3430	8
3431	7
3432	7
3433	9
3434	19
3435	9
3436	16
3437	5
3438	8
3439	8
3440	16
3441	7
3442	9
3443	7
3444	9
3445	19
3446	16
3447	0
3448	1
3449	1
3450	24
3451	14
3452	8
3453	9
3454	8
3455	16
3456	16
3457	9
3458	9
3459	5
3460	9
3461	24
3462	4
3463	6
3464	9
3465	24
3466	9
3467	6
3468	4
3469	9
3470	5
3471	5
3472	7
3473	7
3474	6
3475	14
3476	24
3477	9
3478	8
3479	8
3480	6
3481	9
3482	16
3483	6
3484	7
3485	7
3486	5
3487	5
3488	5
3489	4
3490	9
3491	6
3492	6
3493	16
3494	7
3495	5
3496	7
3497	5
3498	5
3499	4
3500	1
3501	0
3502	0
3503	1
3504	0
3505	5
3506	16
3507	5
3508	9
3509	5
3510	16
3511	16
3512	5
3513	5
3514	6
3515	6
3516	8
3517	7
3518	10
3519	6
3520	8
3521	6
3522	10
3523	7
3524	6
3525	19
3526	19
3527	7
3528	7
3529	27
3530	16
3531	5
3532	9
3533	5
3534	5
3535	8
3536	5
3537	16
3538	8
3539	7
3540	7
3541	9
3542	19
3543	9
3544	16
3545	5
3546	8
3547	8
3548	16
3549	7
3550	9
3551	7
3552	9
3553	19
3554	16
3555	0
3556	1
3557	1
3558	0
3559	0
3560	19
3561	7
3562	19
3563	7
3564	27
3565	8
3566	7
3567	6
3568	10
3569	6
3570	5
3571	9
3572	16
3573	5
3574	5
3575	16
3576	5
3577	5
3578	9
3579	5
3580	6
3581	10
3582	8
3583	7
3584	6
3585	16
3586	5
3587	16
3588	5
3589	6
3590	9
3591	19
3592	7
3593	9
3594	16
3595	7
3596	9
3597	9
3598	19
3599	16
3600	8
3601	8
3602	5
3603	16
3604	7
3605	5
3606	16
3607	8
3608	8
3609	7
3610	0
3611	0
3612	1
3613	1
3614	1
3615	1
3616	5
3617	7
3618	5
3619	7
3620	6
3621	24
3622	4
3623	9
3624	6
3625	9
3626	24
3627	9
3628	14
3629	8
3630	8
3631	14
3632	8
3633	24
3634	9
3635	8
3636	9
3637	6
3638	24
3639	4
3640	9
3641	16
3642	9
3643	16
3644	9
3645	5
3646	5
3647	5
3648	7
3649	5
3650	4
3651	7
3652	5
3653	5
3654	5
3655	4
3656	6
3657	6
3658	9
3659	16
3660	7
3661	9
3662	16
3663	6
3664	6
3665	7
3666	0
3667	0
3668	19
3669	7
3670	19
3671	7
3672	27
3673	8
3674	7
3675	6
3676	10
3677	6
3678	5
3679	9
3680	16
3681	5
3682	5
3683	16
3684	5
3685	5
3686	9
3687	5
3688	6
3689	10
3690	8
3691	7
3692	6
3693	16
3694	5
3695	16
3696	5
3697	6
3698	9
3699	19
3700	7
3701	9
3702	16
3703	7
3704	9
3705	9
3706	19
3707	16
3708	8
3709	8
3710	5
3711	16
3712	7
3713	5
3714	16
3715	8
3716	8
3717	7
3718	0
3719	0
3720	1
3721	1
3722	1
3723	1
3724	5
3725	7
3726	5
3727	7
3728	6
3729	24
3730	4
3731	9
3732	6
3733	9
3734	24
3735	9
3736	14
3737	8
3738	8
3739	14
3740	8
3741	24
3742	9
3743	8
3744	9
3745	6
3746	24
3747	4
3748	9
3749	16
3750	9
3751	16
3752	9
3753	5
3754	5
3755	5
3756	7
3757	5
3758	4
3759	7
3760	5
3761	5
3762	5
3763	4
3764	6
3765	6
3766	9
3767	16
3768	7
3769	9
3770	16
3771	6
3772	6
3773	7
3774	24
3775	14
3776	8
3777	9
3778	8
3779	16
3780	16
3781	9
3782	9
3783	5
3784	9
3785	24
3786	4
3787	6
3788	9
3789	24
3790	9
3791	6
3792	4
3793	9
3794	5
3795	5
3796	7
3797	7
3798	6
3799	14
3800	24
3801	9
3802	8
3803	8
3804	6
3805	9
3806	16
3807	6
3808	7
3809	7
3810	5
3811	5
3812	5
3813	4
3814	9
3815	6
3816	6
3817	16
3818	7
3819	5
3820	7
3821	5
3822	5
3823	4
3824	1
3825	0
3826	0
3827	1
3828	0
3829	5
3830	16
3831	5
3832	9
3833	5
3834	16
3835	16
3836	5
3837	5
3838	6
3839	6
3840	8
3841	7
3842	10
3843	6
3844	8
3845	6
3846	10
3847	7
3848	6
3849	19
3850	19
3851	7
3852	7
3853	27
3854	16
3855	5
3856	9
3857	5
3858	5
3859	8
3860	5
3861	16
3862	8
3863	7
3864	7
3865	9
3866	19
3867	9
3868	16
3869	5
3870	8
3871	8
3872	16
3873	7
3874	9
3875	7
3876	9
3877	19
3878	16
3879	0
3880	1
3881	1
3882	24
3883	14
3884	8
3885	9
3886	8
3887	16
3888	16
3889	9
3890	9
3891	5
3892	9
3893	24
3894	4
3895	6
3896	9
3897	24
3898	9
3899	6
3900	4
3901	9
3902	5
3903	5
3904	7
3905	7
3906	6
3907	14
3908	24
3909	9
3910	8
3911	8
3912	6
3913	9
3914	16
3915	6
3916	7
3917	7
3918	5
3919	5
3920	5
3921	4
3922	9
3923	6
3924	6
3925	16
3926	7
3927	5
3928	7
3929	5
3930	5
3931	4
3932	1
3933	0
3934	0
3935	1
3936	0
3937	5
3938	16
3939	5
3940	9
3941	5
3942	16
3943	16
3944	5
3945	5
3946	6
3947	6
3948	8
3949	7
3950	10
3951	6
3952	8
3953	6
3954	10
3955	7
3956	6
3957	19
3958	19
3959	7
3960	7
3961	27
3962	16
3963	5
3964	9
3965	5
3966	5
3967	8
3968	5
3969	16
3970	8
3971	7
3972	7
3973	9
3974	19
3975	9
3976	16
3977	5
3978	8
3979	8
3980	16
3981	7
3982	9
3983	7
3984	9
3985	19
3986	16
3987	0
3988	1
3989	1
3990	0
3991	0
3992	19
3993	7
3994	19
3995	7
3996	27
3997	8
3998	7
3999	6
4000	10
4001	6
4002	5
4003	9
4004	16
4005	5
4006	5
4007	16
4008	5
4009	5
4010	9
4011	5
4012	6
4013	10
4014	8
4015	7
4016	6
4017	16
4018	5
4019	16
4020	5
4021	6
4022	9
4023	19
4024	7
4025	9
4026	16
4027	7
4028	9
4029	9
4030	19
4031	16
4032	8
4033	8
4034	5
4035	16
4036	7
4037	5
4038	16
4039	8
4040	8
4041	7
4042	0
4043	0
4044	1
4045	1
4046	1
4047	1
4048	5
4049	7
4050	5
4051	7
4052	6
4053	24
4054	4
4055	9
4056	6
4057	9
4058	24
4059	9
4060	14
4061	8
4062	8
4063	14
4064	8
4065	24
4066	9
4067	8
4068	9
4069	6
4070	24
4071	4
4072	9
4073	16
4074	9
4075	16
4076	9
4077	5
4078	5
4079	5
4080	7
4081	5
4082	4
4083	7
4084	5
4085	5
4086	5
4087	4
4088	6
4089	6
4090	9
4091	16
4092	7
4093	9
4094	16
4095	6
4096	6
4097	7
4098	0
4099	0
4100	19
4101	7
4102	19
4103	7
4104	27
4105	8
4106	7
4107	6
4108	10
4109	6
4110	5
4111	9
4112	16
4113	5
4114	5
4115	16
4116	5
4117	5
4118	9
4119	5
4120	6
4121	10
4122	8
4123	7
4124	6
4125	16
4126	5
4127	16
4128	5
4129	6
4130	9
4131	19
4132	7
4133	9
4134	16
4135	7
4136	9
4137	9
4138	19
4139	16
4140	8
4141	8
4142	5
4143	16
4144	7
4145	5
4146	16
4147	8
4148	8
4149	7
4150	0
4151	0
4152	1
4153	1
4154	1
4155	1
4156	5
4157	7
4158	5
4159	7
4160	6
4161	24
4162	4
4163	9
4164	6
4165	9
4166	24
4167	9
4168	14
4169	8
4170	8
4171	14
4172	8
4173	24
4174	9
4175	8
4176	9
4177	6
4178	24
4179	4
4180	9
4181	16
4182	9
4183	16
4184	9
4185	5
4186	5
4187	5
4188	7
4189	5
4190	4
4191	7
4192	5
4193	5
4194	5
4195	4
4196	6
4197	6
4198	9
4199	16
4200	7
4201	9
4202	16
4203	6
4204	6
4205	7
4206	0
4207	1
4208	2
4209	3
4210	7
4211	9
4212	9
4213	7
4214	4
4215	9
4216	9
4217	8
4218	5
4219	15
4220	7
4221	19
4222	7
4223	16
4224	8
4225	9
4226	16
4227	8
4228	14
4229	16
4230	5
4231	24
4232	9
4233	16
4234	16
4235	8
4236	16
4237	9
4238	24
4239	6
4240	14
4241	5
4242	7
4243	9
4244	7
4245	4
4246	5
4247	19
4248	16
4249	9
4250	4
4251	10
4252	8
4253	16
4254	9
4255	7
4256	10
4257	6
4258	5
4259	5
4260	3
4261	2
4262	16
4263	8
4264	24
4265	9
4266	6
4267	9
4268	9
4269	5
4270	8
4271	15
4272	16
4273	9
4274	14
4275	8
4276	16
4277	19
4278	7
4279	16
4280	7
4281	8
4282	24
4283	5
4284	16
4285	9
4286	16
4287	9
4288	7
4289	7
4290	9
4291	4
4292	10
4293	4
4294	16
4295	8
4296	9
4297	10
4298	7
4299	5
4300	6
4301	5
4302	5
4303	14
4304	9
4305	7
4306	7
4307	5
4308	4
4309	16
4310	19
4311	9
4312	2
4313	8
4314	9
4315	5
4316	9
4317	15
4318	7
4319	19
4320	16
4321	7
4322	8
4323	9
4324	9
4325	7
4326	7
4327	4
4328	9
4329	16
4330	24
4331	8
4332	6
4333	8
4334	16
4335	14
4336	9
4337	16
4338	9
4339	24
4340	16
4341	5
4342	16
4343	8
4344	10
4345	16
4346	4
4347	9
4348	7
4349	5
4350	9
4351	14
4352	7
4353	19
4354	5
4355	16
4356	4
4357	9
4358	6
4359	10
4360	5
4361	7
4362	5
4363	3
4364	5
4365	9
4366	8
4367	9
4368	15
4369	14
4370	9
4371	8
4372	16
4373	16
4374	24
4375	8
4376	9
4377	16
4378	6
4379	7
4380	7
4381	9
4382	9
4383	4
4384	16
4385	7
4386	7
4387	19
4388	8
4389	16
4390	5
4391	9
4392	24
4393	16
4394	9
4395	14
4396	7
4397	5
4398	7
4399	16
4400	4
4401	8
4402	10
4403	9
4404	5
4405	7
4406	6
4407	10
4408	5
4409	16
4410	4
4411	19
4412	5
4413	9
4414	2
4415	3
4416	2
4417	3
4418	7
4419	9
4420	9
4421	7
4422	4
4423	9
4424	9
4425	8
4426	5
4427	15
4428	7
4429	19
4430	7
4431	16
4432	8
4433	9
4434	16
4435	8
4436	14
4437	16
4438	5
4439	24
4440	9
4441	16
4442	16
4443	8
4444	16
4445	9
4446	24
4447	6
4448	14
4449	5
4450	7
4451	9
4452	7
4453	4
4454	5
4455	19
4456	16
4457	9
4458	4
4459	10
4460	8
4461	16
4462	9
4463	7
4464	10
4465	6
4466	5
4467	5
4468	3
4469	2
4470	16
4471	8
4472	24
4473	9
4474	6
4475	9
4476	9
4477	5
4478	8
4479	15
4480	16
4481	9
4482	14
4483	8
4484	16
4485	19
4486	7
4487	16
4488	7
4489	8
4490	24
4491	5
4492	16
4493	9
4494	16
4495	9
4496	7
4497	7
4498	9
4499	4
4500	10
4501	4
4502	16
4503	8
4504	9
4505	10
4506	7
4507	5
4508	6
4509	5
4510	5
4511	14
4512	9
4513	7
4514	7
4515	5
4516	4
4517	16
4518	19
4519	9
4520	2
4521	8
4522	9
4523	5
4524	9
4525	15
4526	7
4527	19
4528	16
4529	7
4530	8
4531	9
4532	9
4533	7
4534	7
4535	4
4536	9
4537	16
4538	24
4539	8
4540	6
4541	8
4542	16
4543	14
4544	9
4545	16
4546	9
4547	24
4548	16
4549	5
4550	16
4551	8
4552	10
4553	16
4554	4
4555	9
4556	7
4557	5
4558	9
4559	14
4560	7
4561	19
4562	5
4563	16
4564	4
4565	9
4566	6
4567	10
4568	5
4569	7
4570	5
4571	3
4572	5
4573	9
4574	8
4575	9
4576	15
4577	14
4578	9
4579	8
4580	16
4581	16
4582	24
4583	8
4584	9
4585	16
4586	6
4587	7
4588	7
4589	9
4590	9
4591	4
4592	16
4593	7
4594	7
4595	19
4596	8
4597	16
4598	5
4599	9
4600	24
4601	16
4602	9
4603	14
4604	7
4605	5
4606	7
4607	16
4608	4
4609	8
4610	10
4611	9
4612	5
4613	7
4614	6
4615	10
4616	5
4617	16
4618	4
4619	19
4620	5
4621	9
4622	2
4623	3
4624	2
4625	3
4626	7
4627	9
4628	9
4629	7
4630	4
4631	9
4632	9
4633	8
4634	5
4635	15
4636	7
4637	19
4638	7
4639	16
4640	8
4641	9
4642	16
4643	8
4644	14
4645	16
4646	5
4647	24
4648	9
4649	16
4650	16
4651	8
4652	16
4653	9
4654	24
4655	6
4656	14
4657	5
4658	7
4659	9
4660	7
4661	4
4662	5
4663	19
4664	16
4665	9
4666	4
4667	10
4668	8
4669	16
4670	9
4671	7
4672	10
4673	6
4674	5
4675	5
4676	3
4677	2
4678	16
4679	8
4680	24
4681	9
4682	6
4683	9
4684	9
4685	5
4686	8
4687	15
4688	16
4689	9
4690	14
4691	8
4692	16
4693	19
4694	7
4695	16
4696	7
4697	8
4698	24
4699	5
4700	16
4701	9
4702	16
4703	9
4704	7
4705	7
4706	9
4707	4
4708	10
4709	4
4710	16
4711	8
4712	9
4713	10
4714	7
4715	5
4716	6
4717	5
4718	5
4719	14
4720	9
4721	7
4722	7
4723	5
4724	4
4725	16
4726	19
4727	9
4728	2
4729	8
4730	9
4731	5
4732	9
4733	15
4734	7
4735	19
4736	16
4737	7
4738	8
4739	9
4740	9
4741	7
4742	7
4743	4
4744	9
4745	16
4746	24
4747	8
4748	6
4749	8
4750	16
4751	14
4752	9
4753	16
4754	9
4755	24
4756	16
4757	5
4758	16
4759	8
4760	10
4761	16
4762	4
4763	9
4764	7
4765	5
4766	9
4767	14
4768	7
4769	19
4770	5
4771	16
4772	4
4773	9
4774	6
4775	10
4776	5
4777	7
4778	5
4779	3
4780	5
4781	9
4782	8
4783	9
4784	15
4785	14
4786	9
4787	8
4788	16
4789	16
4790	24
4791	8
4792	9
4793	16
4794	6
4795	7
4796	7
4797	9
4798	9
4799	4
4800	16
4801	7
4802	7
4803	19
4804	8
4805	16
4806	5
4807	9
4808	24
4809	16
4810	9
4811	14
4812	7
4813	5
4814	7
4815	16
4816	4
4817	8
4818	10
4819	9
4820	5
4821	7
4822	6
4823	10
4824	5
4825	16
4826	4
4827	19
4828	5
4829	9
4830	2
4831	3
4832	2
4833	3
4834	7
4835	9
4836	9
4837	7
4838	4
4839	9
4840	9
4841	8
4842	5
4843	15
4844	7
4845	19
4846	7
4847	16
4848	8
4849	9
4850	16
4851	8
4852	14
4853	16
4854	5
4855	24
4856	9
4857	16
4858	16
4859	8
4860	16
4861	9
4862	24
4863	6
4864	14
4865	5
4866	7
4867	9
4868	7
4869	4
4870	5
4871	19
4872	16
4873	9
4874	4
4875	10
4876	8
4877	16
4878	9
4879	7
4880	10
4881	6
4882	5
4883	5
4884	3
4885	2
4886	16
4887	8
4888	24
4889	9
4890	6
4891	9
4892	9
4893	5
4894	8
4895	15
4896	16
4897	9
4898	14
4899	8
4900	16
4901	19
4902	7
4903	16
4904	7
4905	8
4906	24
4907	5
4908	16
4909	9
4910	16
4911	9
4912	7
4913	7
4914	9
4915	4
4916	10
4917	4
4918	16
4919	8
4920	9
4921	10
4922	7
4923	5
4924	6
4925	5
4926	5
4927	14
4928	9
4929	7
4930	7
4931	5
4932	4
4933	16
4934	19
4935	9
4936	2
4937	8
4938	9
4939	5
4940	9
4941	15
4942	7
4943	19
4944	16
4945	7
4946	8
4947	9
4948	9
4949	7
4950	7
4951	4
4952	9
4953	16
4954	24
4955	8
4956	6
4957	8
4958	16
4959	14
4960	9
4961	16
4962	9
4963	24
4964	16
4965	5
4966	16
4967	8
4968	10
4969	16
4970	4
4971	9
4972	7
4973	5
4974	9
4975	14
4976	7
4977	19
4978	5
4979	16
4980	4
4981	9
4982	6
4983	10
4984	5
4985	7
4986	5
4987	3
4988	5
4989	9
4990	8
4991	9
4992	15
4993	14
4994	9
4995	8
4996	16
4997	16
4998	24
4999	8
5000	9
5001	16
5002	6
5003	7
5004	7
5005	9
5006	9
5007	4
5008	16
5009	7
5010	7
5011	19
5012	8
5013	16
5014	5
5015	9
5016	24
5017	16
5018	9
5019	14
5020	7
5021	5
5022	7
5023	16
5024	4
5025	8
5026	10
5027	9
5028	5
5029	7
5030	6
5031	10
5032	5
5033	16
5034	4
5035	19
5036	5
5037	9
5038	2
5039	3
5040	17
5041	17
5042	16
5043	23
5044	7
5045	5
5046	5
5047	5
5048	7
5049	16
5050	23
5051	5
5052	23
5053	16
5054	5
5055	7
5056	5
5057	7
5058	5
5059	23
5060	16
5061	5
5062	16
5063	7
5064	4
5065	19
5066	8
5067	4
5068	4
5069	4
5070	4
5071	6
5072	4
5073	19
5074	7
5075	16
5076	8
5077	19
5078	4
5079	16
5080	7
5081	8
5082	4
5083	4
5084	4
5085	4
5086	6
5087	7
5088	16
5089	19
5090	4
5091	8
5092	16
5093	23
5094	7
5095	5
5096	5
5097	5
5098	7
5099	16
5100	23
5101	5
5102	23
5103	16
5104	5
5105	7
5106	5
5107	7
5108	5
5109	23
5110	16
5111	5
5112	16
5113	7
5114	4
5115	19
5116	8
5117	4
5118	4
5119	4
5120	4
5121	6
5122	4
5123	19
5124	7
5125	16
5126	8
5127	19
5128	4
5129	16
5130	7
5131	8
5132	4
5133	4
5134	4
5135	4
5136	6
5137	7
5138	16
5139	19
5140	4
5141	8
5142	5
5143	23
5144	7
5145	16
5146	5
5147	7
5148	16
5149	5
5150	23
5151	5
5152	23
5153	7
5154	16
5155	5
5156	5
5157	16
5158	5
5159	23
5160	7
5161	5
5162	4
5163	4
5164	4
5165	4
5166	6
5167	19
5168	7
5169	4
5170	16
5171	8
5172	16
5173	19
5174	7
5175	4
5176	8
5177	7
5178	4
5179	16
5180	19
5181	8
5182	4
5183	16
5184	19
5185	7
5186	8
5187	4
5188	4
5189	4
5190	4
5191	6
5192	5
5193	23
5194	7
5195	16
5196	5
5197	7
5198	16
5199	5
5200	23
5201	5
5202	23
5203	7
5204	16
5205	5
5206	5
5207	16
5208	5
5209	23
5210	7
5211	5
5212	4
5213	4
5214	4
5215	4
5216	6
5217	19
5218	7
5219	4
5220	16
5221	8
5222	16
5223	19
5224	7
5225	4
5226	8
5227	7
5228	4
5229	16
5230	19
5231	8
5232	4
5233	16
5234	19
5235	7
5236	8
5237	4
5238	4
5239	4
5240	4
5241	6
5242	16
5243	23
5244	7
5245	5
5246	5
5247	5
5248	7
5249	16
5250	23
5251	5
5252	23
5253	16
5254	5
5255	7
5256	5
5257	7
5258	5
5259	23
5260	16
5261	5
5262	16
5263	7
5264	4
5265	19
5266	8
5267	4
5268	4
5269	4
5270	4
5271	6
5272	4
5273	19
5274	7
5275	16
5276	8
5277	19
5278	4
5279	16
5280	7
5281	8
5282	4
5283	4
5284	4
5285	4
5286	6
5287	7
5288	16
5289	19
5290	4
5291	8
5292	16
5293	23
5294	7
5295	5
5296	5
5297	5
5298	7
5299	16
5300	23
5301	5
5302	23
5303	16
5304	5
5305	7
5306	5
5307	7
5308	5
5309	23
5310	16
5311	5
5312	16
5313	7
5314	4
5315	19
5316	8
5317	4
5318	4
5319	4
5320	4
5321	6
5322	4
5323	19
5324	7
5325	16
5326	8
5327	19
5328	4
5329	16
5330	7
5331	8
5332	4
5333	4
5334	4
5335	4
5336	6
5337	7
5338	16
5339	19
5340	4
5341	8
5342	5
5343	23
5344	7
5345	16
5346	5
5347	7
5348	16
5349	5
5350	23
5351	5
5352	23
5353	7
5354	16
5355	5
5356	5
5357	16
5358	5
5359	23
5360	7
5361	5
5362	4
5363	4
5364	4
5365	4
5366	6
5367	19
5368	7
5369	4
5370	16
5371	8
5372	16
5373	19
5374	7
5375	4
5376	8
5377	7
5378	4
5379	16
5380	19
5381	8
5382	4
5383	16
5384	19
5385	7
5386	8
5387	4
5388	4
5389	4
5390	4
5391	6
5392	5
5393	23
5394	7
5395	16
5396	5
5397	7
5398	16
5399	5
5400	23
5401	5
5402	23
5403	7
5404	16
5405	5
5406	5
5407	16
5408	5
5409	23
5410	7
5411	5
5412	4
5413	4
5414	4
5415	4
5416	6
5417	19
5418	7
5419	4
5420	16
5421	8
5422	16
5423	19
5424	7
5425	4
5426	8
5427	7
5428	4
5429	16
5430	19
5431	8
5432	4
5433	16
5434	19
5435	7
5436	8
5437	4
5438	4
5439	4
5440	4
5441	6
5442	23
5443	8
5444	4
5445	9
5446	4
5447	16
5448	16
5449	19
5450	4
5451	7
5452	8
5453	23
5454	9
5455	4
5456	4
5457	16
5458	16
5459	4
5460	19
5461	7
5462	16
5463	8
5464	4
5465	5
5466	8
5467	6
5468	6
5469	4
5470	4
5471	21
5472	4
5473	5
5474	7
5475	16
5476	8
5477	5
5478	4
5479	16
5480	7
5481	8
5482	5
5483	5
5484	5
5485	5
5486	4
5487	8
5488	16
5489	5
5490	4
5491	8
5492	4
5493	8
5494	9
5495	23
5496	4
5497	9
5498	23
5499	4
5500	8
5501	4
5502	4
5503	16
5504	19
5505	16
5506	7
5507	19
5508	16
5509	4
5510	16
5511	7
5512	4
5513	6
5514	4
5515	6
5516	21
5517	7
5518	5
5519	16
5520	4
5521	8
5522	4
5523	8
5524	5
5525	16
5526	8
5527	5
5528	16
5529	4
5530	8
5531	8
5532	16
5533	4
5534	7
5535	5
5536	8
5537	5
5538	5
5539	5
5540	5
5541	4
5542	23
5543	8
5544	4
5545	9
5546	4
5547	16
5548	16
5549	19
5550	4
5551	7
5552	8
5553	23
5554	9
5555	4
5556	4
5557	16
5558	16
5559	4
5560	19
5561	7
5562	16
5563	8
5564	4
5565	5
5566	8
5567	6
5568	6
5569	4
5570	4
5571	21
5572	4
5573	5
5574	7
5575	16
5576	8
5577	5
5578	4
5579	16
5580	7
5581	8
5582	5
5583	5
5584	5
5585	5
5586	4
5587	8
5588	16
5589	5
5590	4
5591	8
5592	4
5593	8
5594	9
5595	23
5596	4
5597	9
5598	23
5599	4
5600	8
5601	4
5602	4
5603	16
5604	19
5605	16
5606	7
5607	19
5608	16
5609	4
5610	16
5611	7
5612	4
5613	6
5614	4
5615	6
5616	21
5617	7
5618	5
5619	16
5620	4
5621	8
5622	4
5623	8
5624	5
5625	16
5626	8
5627	5
5628	16
5629	4
5630	8
5631	8
5632	16
5633	4
5634	7
5635	5
5636	8
5637	5
5638	5
5639	5
5640	5
5641	4
5642	23
5643	8
5644	4
5645	9
5646	4
5647	16
5648	16
5649	19
5650	4
5651	7
5652	8
5653	23
5654	9
5655	4
5656	4
5657	16
5658	16
5659	4
5660	19
5661	7
5662	16
5663	8
5664	4
5665	5
5666	8
5667	6
5668	6
5669	4
5670	4
5671	21
5672	4
5673	5
5674	7
5675	16
5676	8
5677	5
5678	4
5679	16
5680	7
5681	8
5682	5
5683	5
5684	5
5685	5
5686	4
5687	8
5688	16
5689	5
5690	4
5691	8
5692	4
5693	8
5694	9
5695	23
5696	4
5697	9
5698	23
5699	4
5700	8
5701	4
5702	4
5703	16
5704	19
5705	16
5706	7
5707	19
5708	16
5709	4
5710	16
5711	7
5712	4
5713	6
5714	4
5715	6
5716	21
5717	7
5718	5
5719	16
5720	4
5721	8
5722	4
5723	8
5724	5
5725	16
5726	8
5727	5
5728	16
5729	4
5730	8
5731	8
5732	16
5733	4
5734	7
5735	5
5736	8
5737	5
5738	5
5739	5
5740	5
5741	4
5742	23
5743	8
5744	4
5745	9
5746	4
5747	16
5748	16
5749	19
5750	4
5751	7
5752	8
5753	23
5754	9
5755	4
5756	4
5757	16
5758	16
5759	4
5760	19
5761	7
5762	16
5763	8
5764	4
5765	5
5766	8
5767	6
5768	6
5769	4
5770	4
5771	21
5772	4
5773	5
5774	7
5775	16
5776	8
5777	5
5778	4
5779	16
5780	7
5781	8
5782	5
5783	5
5784	5
5785	5
5786	4
5787	8
5788	16
5789	5
5790	4
5791	8
5792	4
5793	8
5794	9
5795	23
5796	4
5797	9
5798	23
5799	4
5800	8
5801	4
5802	4
5803	16
5804	19
5805	16
5806	7
5807	19
5808	16
5809	4
5810	16
5811	7
5812	4
5813	6
5814	4
5815	6
5816	21
5817	7
5818	5
5819	16
5820	4
5821	8
5822	4
5823	8
5824	5
5825	16
5826	8
5827	5
5828	16
5829	4
5830	8
5831	8
5832	16
5833	4
5834	7
5835	5
5836	8
5837	5
5838	5
5839	5
5840	5
5841	4
5842	4
5843	15
5844	16
5845	4
5846	4
5847	15
5848	16
5849	4
5850	4
5851	21
5852	4
5853	15
5854	16
5855	4
5856	4
5857	15
5858	16
5859	4
5860	4
5861	21
5862	4
5863	15
5864	16
5865	4
5866	4
5867	15
5868	16
5869	4
5870	4
5871	21
5872	4
5873	15
5874	16
5875	4
5876	4
5877	15
5878	16
5879	4
5880	4
5881	21
5882	4
5883	7
5884	15
5885	4
5886	7
5887	4
5888	4
5889	15
5890	16
5891	16
5892	4
5893	7
5894	15
5895	4
5896	7
5897	4
5898	4
5899	15
5900	16
5901	16
5902	4
5903	7
5904	15
5905	4
5906	7
5907	4
5908	4
5909	15
5910	16
5911	16
5912	4
5913	7
5914	15
5915	4
5916	7
5917	4
5918	4
5919	15
5920	16
5921	16
5922	22
5923	0
5924	9
5925	4
5926	2
5927	2
5928	8
5929	5
5930	2
5931	4
5932	9
5933	2
5934	5
5935	8
5936	1
5937	5
5938	5
5939	1
5940	0
5941	0
5942	9
5943	4
5944	2
5945	2
5946	8
5947	5
5948	2
5949	4
5950	9
5951	2
5952	5
5953	8
5954	1
5955	5
5956	5
5957	1
5958	0
5959	0
5960	9
5961	4
5962	2
5963	2
5964	8
5965	5
5966	2
5967	4
5968	9
5969	2
5970	5
5971	8
5972	1
5973	5
5974	5
5975	1
5976	0
5977	0
5978	9
5979	4
5980	2
5981	2
5982	8
5983	5
5984	2
5985	4
5986	9
5987	2
5988	5
5989	8
5990	1
5991	5
5992	5
5993	1
5994	0
5995	0
5996	8
5997	8
5998	9
5999	4
6000	8
6001	8
6002	4
6003	9
6004	10
6005	10
6006	8
6007	8
6008	9
6009	4
6010	8
6011	8
6012	4
6013	9
6014	10
6015	10
6016	8
6017	8
6018	9
6019	4
6020	8
6021	8
6022	4
6023	9
6024	10
6025	10
6026	8
6027	8
6028	9
6029	4
6030	8
6031	8
6032	4
6033	9
6034	10
6035	10
6036	4
6037	23
6038	14
6039	16
6040	16
6041	4
6042	16
6043	7
6044	7
6045	23
6046	14
6047	16
6048	4
6049	23
6050	16
6051	7
6052	7
6053	4
6054	16
6055	23
6056	18
6057	3
6058	4
6059	2
6060	18
6061	4
6062	3
6063	2
6064	7
6065	4
6066	23
6067	14
6068	16
6069	16
6070	4
6071	16
6072	7
6073	7
6074	23
6075	14
6076	16
6077	4
6078	23
6079	16
6080	7
6081	7
6082	4
6083	16
6084	23
6085	18
6086	3
6087	4
6088	2
6089	18
6090	4
6091	3
6092	2
6093	7
6094	16
6095	23
6096	4
6097	14
6098	16
6099	23
6100	16
6101	14
6102	4
6103	16
6104	7
6105	16
6106	4
6107	7
6108	23
6109	16
6110	7
6111	7
6112	4
6113	23
6114	2
6115	3
6116	4
6117	3
6118	2
6119	4
6120	18
6121	18
6122	7
6123	16
6124	23
6125	4
6126	14
6127	16
6128	23
6129	16
6130	14
6131	4
6132	16
6133	7
6134	16
6135	4
6136	7
6137	23
6138	16
6139	7
6140	7
6141	4
6142	23
6143	2
6144	3
6145	4
6146	3
6147	2
6148	4
6149	18
6150	18
6151	7
6152	4
6153	23
6154	14
6155	16
6156	16
6157	4
6158	16
6159	7
6160	7
6161	23
6162	14
6163	16
6164	4
6165	23
6166	16
6167	7
6168	7
6169	4
6170	16
6171	23
6172	18
6173	3
6174	4
6175	2
6176	18
6177	4
6178	3
6179	2
6180	7
6181	4
6182	23
6183	14
6184	16
6185	16
6186	4
6187	16
6188	7
6189	7
6190	23
6191	14
6192	16
6193	4
6194	23
6195	16
6196	7
6197	7
6198	4
6199	16
6200	23
6201	18
6202	3
6203	4
6204	2
6205	18
6206	4
6207	3
6208	2
6209	7
6210	16
6211	23
6212	4
6213	14
6214	16
6215	23
6216	16
6217	14
6218	4
6219	16
6220	7
6221	16
6222	4
6223	7
6224	23
6225	16
6226	7
6227	7
6228	4
6229	23
6230	2
6231	3
6232	4
6233	3
6234	2
6235	4
6236	18
6237	18
6238	7
6239	16
6240	23
6241	4
6242	14
6243	16
6244	23
6245	16
6246	14
6247	4
6248	16
6249	7
6250	16
6251	4
6252	7
6253	23
6254	16
6255	7
6256	7
6257	4
6258	23
6259	2
6260	3
6261	4
6262	3
6263	2
6264	4
6265	18
6266	18
6267	7
6268	4
6269	4
6270	14
6271	7
6272	18
6273	23
6274	16
6275	16
6276	7
6277	3
6278	4
6279	2
6280	14
6281	7
6282	4
6283	4
6284	18
6285	16
6286	7
6287	23
6288	16
6289	4
6290	3
6291	2
6292	16
6293	23
6294	16
6295	23
6296	7
6297	16
6298	23
6299	16
6300	7
6301	2
6302	3
6303	4
6304	23
6305	16
6306	7
6307	16
6308	3
6309	2
6310	4
6311	14
6312	4
6313	4
6314	7
6315	18
6316	4
6317	14
6318	7
6319	4
6320	18
6321	16
6322	16
6323	23
6324	23
6325	7
6326	4
6327	4
6328	14
6329	7
6330	18
6331	23
6332	16
6333	16
6334	7
6335	3
6336	4
6337	2
6338	14
6339	7
6340	4
6341	4
6342	18
6343	16
6344	7
6345	23
6346	16
6347	4
6348	3
6349	2
6350	16
6351	23
6352	16
6353	23
6354	7
6355	16
6356	23
6357	16
6358	7
6359	2
6360	3
6361	4
6362	23
6363	16
6364	7
6365	16
6366	3
6367	2
6368	4
6369	14
6370	4
6371	4
6372	7
6373	18
6374	4
6375	14
6376	7
6377	4
6378	18
6379	16
6380	16
6381	23
6382	23
6383	7
6384	4
6385	4
6386	14
6387	7
6388	18
6389	23
6390	16
6391	16
6392	7
6393	3
6394	4
6395	2
6396	14
6397	7
6398	4
6399	4
6400	18
6401	16
6402	7
6403	23
6404	16
6405	4
6406	3
6407	2
6408	16
6409	23
6410	16
6411	23
6412	7
6413	16
6414	23
6415	16
6416	7
6417	2
6418	3
6419	4
6420	23
6421	16
6422	7
6423	16
6424	3
6425	2
6426	4
6427	14
6428	4
6429	4
6430	7
6431	18
6432	4
6433	14
6434	7
6435	4
6436	18
6437	16
6438	16
6439	23
6440	23
6441	7
6442	4
6443	4
6444	14
6445	7
6446	18
6447	23
6448	16
6449	16
6450	7
6451	3
6452	4
6453	2
6454	14
6455	7
6456	4
6457	4
6458	18
6459	16
6460	7
6461	23
6462	16
6463	4
6464	3
6465	2
6466	16
6467	23
6468	16
6469	23
6470	7
6471	16
6472	23
6473	16
6474	7
6475	2
6476	3
6477	4
6478	23
6479	16
6480	7
6481	16
6482	3
6483	2
6484	4
6485	14
6486	4
6487	4
6488	7
6489	18
6490	4
6491	14
6492	7
6493	4
6494	18
6495	16
6496	16
6497	23
6498	23
6499	7
6500	2
6501	2
6502	19
6503	7
6504	9
6505	4
6506	9
6507	7
6508	14
6509	16
6510	4
6511	23
6512	5
6513	16
6514	8
6515	19
6516	6
6517	5
6518	19
6519	19
6520	9
6521	23
6522	5
6523	8
6524	4
6525	8
6526	5
6527	8
6528	19
6529	5
6530	16
6531	6
6532	19
6533	9
6534	5
6535	19
6536	23
6537	9
6538	4
6539	19
6540	7
6541	9
6542	16
6543	4
6544	7
6545	14
6546	23
6547	4
6548	8
6549	5
6550	8
6551	5
6552	14
6553	16
6554	5
6555	6
6556	16
6557	8
6558	14
6559	5
6560	9
6561	8
6562	5
6563	5
6564	7
6565	8
6566	16
6567	5
6568	8
6569	8
6570	4
6571	7
6572	6
6573	7
6574	4
6575	4
6576	6
6577	7
6578	8
6579	5
6580	5
6581	16
6582	8
6583	4
6584	5
6585	8
6586	7
6587	5
6588	6
6589	14
6590	16
6591	16
6592	5
6593	9
6594	8
6595	14
6596	8
6597	4
6598	4
6599	6
6600	7
6601	6
6602	2
6603	2
6604	19
6605	7
6606	9
6607	4
6608	9
6609	7
6610	14
6611	16
6612	4
6613	23
6614	5
6615	16
6616	8
6617	19
6618	6
6619	5
6620	19
6621	19
6622	9
6623	23
6624	5
6625	8
6626	4
6627	8
6628	5
6629	8
6630	19
6631	5
6632	16
6633	6
6634	19
6635	9
6636	5
6637	19
6638	23
6639	9
6640	4
6641	19
6642	7
6643	9
6644	16
6645	4
6646	7
6647	14
6648	23
6649	4
6650	8
6651	5
6652	8
6653	5
6654	14
6655	16
6656	5
6657	6
6658	16
6659	8
6660	14
6661	5
6662	9
6663	8
6664	5
6665	5
6666	7
6667	8
6668	16
6669	5
6670	8
6671	8
6672	4
6673	7
6674	6
6675	7
6676	4
6677	4
6678	6
6679	7
6680	8
6681	5
6682	5
6683	16
6684	8
6685	4
6686	5
6687	8
6688	7
6689	5
6690	6
6691	14
6692	16
6693	16
6694	5
6695	9
6696	8
6697	14
6698	8
6699	4
6700	4
6701	6
6702	7
6703	6
6704	28
6705	13
6706	5
6707	8
6708	7
6709	5
6710	16
6711	16
6712	6
6713	5
6714	14
6715	16
6716	8
6717	4
6718	8
6719	5
6720	7
6721	14
6722	9
6723	5
6724	8
6725	8
6726	7
6727	4
6728	4
6729	6
6730	6
6731	6
6732	16
6733	14
6734	5
6735	16
6736	8
6737	5
6738	5
6739	7
6740	16
6741	9
6742	14
6743	8
6744	5
6745	8
6746	4
6747	8
6748	5
6749	8
6750	7
6751	4
6752	7
6753	6
6754	4
6755	6
6756	16
6757	19
6758	8
6759	5
6760	6
6761	7
6762	4
6763	9
6764	19
6765	9
6766	19
6767	9
6768	19
6769	5
6770	23
6771	14
6772	4
6773	16
6774	7
6775	23
6776	8
6777	8
6778	4
6779	5
6780	5
6781	4
6782	7
6783	19
6784	9
6785	9
6786	19
6787	16
6788	5
6789	8
6790	6
6791	4
6792	14
6793	7
6794	16
6795	23
6796	9
6797	19
6798	5
6799	19
6800	23
6801	8
6802	8
6803	5
6804	4
6805	5
6806	28
6807	13
6808	5
6809	8
6810	7
6811	5
6812	16
6813	16
6814	6
6815	5
6816	14
6817	16
6818	8
6819	4
6820	8
6821	5
6822	7
6823	14
6824	9
6825	5
6826	8
6827	8
6828	7
6829	4
6830	4
6831	6
6832	6
6833	6
6834	16
6835	14
6836	5
6837	16
6838	8
6839	5
6840	5
6841	7
6842	16
6843	9
6844	14
6845	8
6846	5
6847	8
6848	4
6849	8
6850	5
6851	8
6852	7
6853	4
6854	7
6855	6
6856	4
6857	6
6858	16
6859	19
6860	8
6861	5
6862	6
6863	7
6864	4
6865	9
6866	19
6867	9
6868	19
6869	9
6870	19
6871	5
6872	23
6873	14
6874	4
6875	16
6876	7
6877	23
6878	8
6879	8
6880	4
6881	5
6882	5
6883	4
6884	7
6885	19
6886	9
6887	9
6888	19
6889	16
6890	5
6891	8
6892	6
6893	4
6894	14
6895	7
6896	16
6897	23
6898	9
6899	19
6900	5
6901	19
6902	23
6903	8
6904	8
6905	5
6906	4
6907	5
6908	2
6909	2
6910	19
6911	7
6912	9
6913	4
6914	9
6915	7
6916	14
6917	16
6918	4
6919	23
6920	5
6921	16
6922	8
6923	19
6924	6
6925	5
6926	19
6927	19
6928	9
6929	23
6930	5
6931	8
6932	4
6933	8
6934	5
6935	8
6936	19
6937	5
6938	16
6939	6
6940	19
6941	9
6942	5
6943	19
6944	23
6945	9
6946	4
6947	19
6948	7
6949	9
6950	16
6951	4
6952	7
6953	14
6954	23
6955	4
6956	8
6957	5
6958	8
6959	5
6960	14
6961	16
6962	5
6963	6
6964	16
6965	8
6966	14
6967	5
6968	9
6969	8
6970	5
6971	5
6972	7
6973	8
6974	16
6975	5
6976	8
6977	8
6978	4
6979	7
6980	6
6981	7
6982	4
6983	4
6984	6
6985	7
6986	8
6987	5
6988	5
6989	16
6990	8
6991	4
6992	5
6993	8
6994	7
6995	5
6996	6
6997	14
6998	16
6999	16
7000	5
7001	9
7002	8
7003	14
7004	8
7005	4
7006	4
7007	6
7008	7
7009	6
7010	2
7011	2
7012	19
7013	7
7014	9
7015	4
7016	9
7017	7
7018	14
7019	16
7020	4
7021	23
7022	5
7023	16
7024	8
7025	19
7026	6
7027	5
7028	19
7029	19
7030	9
7031	23
7032	5
7033	8
7034	4
7035	8
7036	5
7037	8
7038	19
7039	5
7040	16
7041	6
7042	19
7043	9
7044	5
7045	19
7046	23
7047	9
7048	4
7049	19
7050	7
7051	9
7052	16
7053	4
7054	7
7055	14
7056	23
7057	4
7058	8
7059	5
7060	8
7061	5
7062	14
7063	16
7064	5
7065	6
7066	16
7067	8
7068	14
7069	5
7070	9
7071	8
7072	5
7073	5
7074	7
7075	8
7076	16
7077	5
7078	8
7079	8
7080	4
7081	7
7082	6
7083	7
7084	4
7085	4
7086	6
7087	7
7088	8
7089	5
7090	5
7091	16
7092	8
7093	4
7094	5
7095	8
7096	7
7097	5
7098	6
7099	14
7100	16
7101	16
7102	5
7103	9
7104	8
7105	14
7106	8
7107	4
7108	4
7109	6
7110	7
7111	6
7112	28
7113	13
7114	5
7115	8
7116	7
7117	5
7118	16
7119	16
7120	6
7121	5
7122	14
7123	16
7124	8
7125	4
7126	8
7127	5
7128	7
7129	14
7130	9
7131	5
7132	8
7133	8
7134	7
7135	4
7136	4
7137	6
7138	6
7139	6
7140	16
7141	14
7142	5
7143	16
7144	8
7145	5
7146	5
7147	7
7148	16
7149	9
7150	14
7151	8
7152	5
7153	8
7154	4
7155	8
7156	5
7157	8
7158	7
7159	4
7160	7
7161	6
7162	4
7163	6
7164	16
7165	19
7166	8
7167	5
7168	6
7169	7
7170	4
7171	9
7172	19
7173	9
7174	19
7175	9
7176	19
7177	5
7178	23
7179	14
7180	4
7181	16
7182	7
7183	23
7184	8
7185	8
7186	4
7187	5
7188	5
7189	4
7190	7
7191	19
7192	9
7193	9
7194	19
7195	16
7196	5
7197	8
7198	6
7199	4
7200	14
7201	7
7202	16
7203	23
7204	9
7205	19
7206	5
7207	19
7208	23
7209	8
7210	8
7211	5
7212	4
7213	5
7214	28
7215	13
7216	5
7217	8
7218	7
7219	5
7220	16
7221	16
7222	6
7223	5
7224	14
7225	16
7226	8
7227	4
7228	8
7229	5
7230	7
7231	14
7232	9
7233	5
7234	8
7235	8
7236	7
7237	4
7238	4
7239	6
7240	6
7241	6
7242	16
7243	14
7244	5
7245	16
7246	8
7247	5
7248	5
7249	7
7250	16
7251	9
7252	14
7253	8
7254	5
7255	8
7256	4
7257	8
7258	5
7259	8
7260	7
7261	4
7262	7
7263	6
7264	4
7265	6
7266	16
7267	19
7268	8
7269	5
7270	6
7271	7
7272	4
7273	9
7274	19
7275	9
7276	19
7277	9
7278	19
7279	5
7280	23
7281	14
7282	4
7283	16
7284	7
7285	23
7286	8
7287	8
7288	4
7289	5
7290	5
7291	4
7292	7
7293	19
7294	9
7295	9
7296	19
7297	16
7298	5
7299	8
7300	6
7301	4
7302	14
7303	7
7304	16
7305	23
7306	9
7307	19
7308	5
7309	19
7310	23
7311	8
7312	8
7313	5
7314	4
7315	5
7316	22
7317	1
7318	0
7319	0
7320	19
7321	4
7322	6
7323	4
7324	5
7325	23
7326	6
7327	6
7328	9
7329	8
7330	9
7331	8
7332	4
7333	5
7334	4
7335	5
7336	4
7337	6
7338	8
7339	19
7340	19
7341	9
7342	5
7343	4
7344	4
7345	8
7346	7
7347	9
7348	21
7349	7
7350	15
7351	4
7352	4
7353	21
7354	4
7355	5
7356	19
7357	4
7358	5
7359	5
7360	10
7361	4
7362	16
7363	5
7364	19
7365	24
7366	16
7367	5
7368	6
7369	14
7370	4
7371	5
7372	5
7373	19
7374	5
7375	16
7376	5
7377	10
7378	4
7379	19
7380	9
7381	21
7382	8
7383	7
7384	7
7385	4
7386	21
7387	15
7388	4
7389	4
7390	5
7391	6
7392	24
7393	16
7394	14
7395	4
7396	5
7397	9
7398	8
7399	4
7400	6
7401	8
7402	5
7403	4
7404	19
7405	6
7406	4
7407	19
7408	4
7409	5
7410	6
7411	9
7412	23
7413	6
7414	8
7415	5
7416	4
7417	19
7418	9
7419	4
7420	6
7421	23
7422	6
7423	9
7424	8
7425	6
7426	5
7427	4
7428	8
7429	19
7430	6
7431	19
7432	4
7433	4
7434	5
7435	4
7436	9
7437	8
7438	5
7439	4
7440	5
7441	19
7442	9
7443	4
7444	4
7445	4
7446	15
7447	4
7448	21
7449	4
7450	16
7451	10
7452	4
7453	5
7454	19
7455	9
7456	8
7457	7
7458	21
7459	7
7460	4
7461	5
7462	19
7463	5
7464	5
7465	5
7466	24
7467	16
7468	6
7469	14
7470	10
7471	16
7472	5
7473	4
7474	19
7475	15
7476	4
7477	21
7478	4
7479	4
7480	5
7481	4
7482	5
7483	19
7484	5
7485	8
7486	9
7487	21
7488	7
7489	7
7490	24
7491	5
7492	6
7493	16
7494	14
7495	5
7496	6
7497	8
7498	4
7499	19
7500	23
7501	6
7502	9
7503	6
7504	8
7505	9
7506	4
7507	5
7508	8
7509	4
7510	19
7511	6
7512	4
7513	4
7514	5
7515	19
7516	5
7517	4
7518	9
7519	4
7520	19
7521	4
7522	6
7523	4
7524	5
7525	23
7526	6
7527	6
7528	9
7529	8
7530	9
7531	8
7532	4
7533	5
7534	4
7535	5
7536	4
7537	6
7538	8
7539	19
7540	19
7541	9
7542	5
7543	4
7544	4
7545	8
7546	7
7547	9
7548	21
7549	7
7550	15
7551	4
7552	4
7553	21
7554	4
7555	5
7556	19
7557	4
7558	5
7559	5
7560	10
7561	4
7562	16
7563	5
7564	19
7565	24
7566	16
7567	5
7568	6
7569	14
7570	4
7571	5
7572	5
7573	19
7574	5
7575	16
7576	5
7577	10
7578	4
7579	19
7580	9
7581	21
7582	8
7583	7
7584	7
7585	4
7586	21
7587	15
7588	4
7589	4
7590	5
7591	6
7592	24
7593	16
7594	14
7595	4
7596	5
7597	9
7598	8
7599	4
7600	6
7601	8
7602	5
7603	4
7604	19
7605	6
7606	4
7607	19
7608	4
7609	5
7610	6
7611	9
7612	23
7613	6
7614	8
7615	5
7616	4
7617	19
7618	9
7619	4
7620	6
7621	23
7622	6
7623	9
7624	8
7625	6
7626	5
7627	4
7628	8
7629	19
7630	6
7631	19
7632	4
7633	4
7634	5
7635	4
7636	9
7637	8
7638	5
7639	4
7640	5
7641	19
7642	9
7643	4
7644	4
7645	4
7646	15
7647	4
7648	21
7649	4
7650	16
7651	10
7652	4
7653	5
7654	19
7655	9
7656	8
7657	7
7658	21
7659	7
7660	4
7661	5
7662	19
7663	5
7664	5
7665	5
7666	24
7667	16
7668	6
7669	14
7670	10
7671	16
7672	5
7673	4
7674	19
7675	15
7676	4
7677	21
7678	4
7679	4
7680	5
7681	4
7682	5
7683	19
7684	5
7685	8
7686	9
7687	21
7688	7
7689	7
7690	24
7691	5
7692	6
7693	16
7694	14
7695	5
7696	6
7697	8
7698	4
7699	19
7700	23
7701	6
7702	9
7703	6
7704	8
7705	9
7706	4
7707	5
7708	8
7709	4
7710	19
7711	6
7712	4
7713	4
7714	5
7715	19
7716	5
7717	4
7718	9
7719	4
7720	19
7721	4
7722	6
7723	4
7724	5
7725	23
7726	6
7727	6
7728	9
7729	8
7730	9
7731	8
7732	4
7733	5
7734	4
7735	5
7736	4
7737	6
7738	8
7739	19
7740	19
7741	9
7742	5
7743	4
7744	4
7745	8
7746	7
7747	9
7748	21
7749	7
7750	15
7751	4
7752	4
7753	21
7754	4
7755	5
7756	19
7757	4
7758	5
7759	5
7760	10
7761	4
7762	16
7763	5
7764	19
7765	24
7766	16
7767	5
7768	6
7769	14
7770	4
7771	5
7772	5
7773	19
7774	5
7775	16
7776	5
7777	10
7778	4
7779	19
7780	9
7781	21
7782	8
7783	7
7784	7
7785	4
7786	21
7787	15
7788	4
7789	4
7790	5
7791	6
7792	24
7793	16
7794	14
7795	4
7796	5
7797	9
7798	8
7799	4
7800	6
7801	8
7802	5
7803	4
7804	19
7805	6
7806	4
7807	19
7808	4
7809	5
7810	6
7811	9
7812	23
7813	6
7814	8
7815	5
7816	4
7817	19
7818	9
7819	4
7820	6
7821	23
7822	6
7823	9
7824	8
7825	6
7826	5
7827	4
7828	8
7829	19
7830	6
7831	19
7832	4
7833	4
7834	5
7835	4
7836	9
7837	8
7838	5
7839	4
7840	5
7841	19
7842	9
7843	4
7844	4
7845	4
7846	15
7847	4
7848	21
7849	4
7850	16
7851	10
7852	4
7853	5
7854	19
7855	9
7856	8
7857	7
7858	21
7859	7
7860	4
7861	5
7862	19
7863	5
7864	5
7865	5
7866	24
7867	16
7868	6
7869	14
7870	10
7871	16
7872	5
7873	4
7874	19
7875	15
7876	4
7877	21
7878	4
7879	4
7880	5
7881	4
7882	5
7883	19
7884	5
7885	8
7886	9
7887	21
7888	7
7889	7
7890	24
7891	5
7892	6
7893	16
7894	14
7895	5
7896	6
7897	8
7898	4
7899	19
7900	23
7901	6
7902	9
7903	6
7904	8
7905	9
7906	4
7907	5
7908	8
7909	4
7910	19
7911	6
7912	4
7913	4
7914	5
7915	19
7916	5
7917	4
7918	9
7919	4
7920	19
7921	4
7922	6
7923	4
7924	5
7925	23
7926	6
7927	6
7928	9
7929	8
7930	9
7931	8
7932	4
7933	5
7934	4
7935	5
7936	4
7937	6
7938	8
7939	19
7940	19
7941	9
7942	5
7943	4
7944	4
7945	8
7946	7
7947	9
7948	21
7949	7
7950	15
7951	4
7952	4
7953	21
7954	4
7955	5
7956	19
7957	4
7958	5
7959	5
7960	10
7961	4
7962	16
7963	5
7964	19
7965	24
7966	16
7967	5
7968	6
7969	14
7970	4
7971	5
7972	5
7973	19
7974	5
7975	16
7976	5
7977	10
7978	4
7979	19
7980	9
7981	21
7982	8
7983	7
7984	7
7985	4
7986	21
7987	15
7988	4
7989	4
7990	5
7991	6
7992	24
7993	16
7994	14
7995	4
7996	5
7997	9
7998	8
7999	4
8000	6
8001	8
8002	5
8003	4
8004	19
8005	6
8006	4
8007	19
8008	4
8009	5
8010	6
8011	9
8012	23
8013	6
8014	8
8015	5
8016	4
8017	19
8018	9
8019	4
8020	6
8021	23
8022	6
8023	9
8024	8
8025	6
8026	5
8027	4
8028	8
8029	19
8030	6
8031	19
8032	4
8033	4
8034	5
8035	4
8036	9
8037	8
8038	5
8039	4
8040	5
8041	19
8042	9
8043	4
8044	4
8045	4
8046	15
8047	4
8048	21
8049	4
8050	16
8051	10
8052	4
8053	5
8054	19
8055	9
8056	8
8057	7
8058	21
8059	7
8060	4
8061	5
8062	19
8063	5
8064	5
8065	5
8066	24
8067	16
8068	6
8069	14
8070	10
8071	16
8072	5
8073	4
8074	19
8075	15
8076	4
8077	21
8078	4
8079	4
8080	5
8081	4
8082	5
8083	19
8084	5
8085	8
8086	9
8087	21
8088	7
8089	7
8090	24
8091	5
8092	6
8093	16
8094	14
8095	5
8096	6
8097	8
8098	4
8099	19
8100	23
8101	6
8102	9
8103	6
8104	8
8105	9
8106	4
8107	5
8108	8
8109	4
8110	19
8111	6
8112	4
8113	4
8114	5
8115	19
8116	5
8117	4
8118	9
8119	4
8120	0
8121	0
8122	0
8123	0
8124	17
8125	0
8126	17
8127	0
8128	17
8129	0
8130	17
8131	0
8132	17
8133	0
8134	17
8135	0
8136	17
8137	0
8138	17
8139	0
8140	6
8141	9
8142	8
8143	4
8144	18
8145	4
8146	9
8147	5
8148	7
8149	5
8150	9
8151	6
8152	4
8153	8
8154	18
8155	9
8156	4
8157	7
8158	5
8159	5
8160	8
8161	8
8162	7
8163	7
8164	5
8165	6
8166	9
8167	8
8168	4
8169	18
8170	4
8171	9
8172	5
8173	7
8174	5
8175	9
8176	6
8177	4
8178	8
8179	18
8180	9
8181	4
8182	7
8183	5
8184	5
8185	8
8186	8
8187	7
8188	7
8189	5
8190	9
8191	5
8192	4
8193	7
8194	5
8195	4
8196	7
8197	9
8198	5
8199	5
8200	6
8201	4
8202	9
8203	8
8204	18
8205	9
8206	8
8207	6
8208	4
8209	18
8210	8
8211	7
8212	8
8213	7
8214	5
8215	9
8216	5
8217	4
8218	7
8219	5
8220	4
8221	7
8222	9
8223	5
8224	5
8225	6
8226	4
8227	9
8228	8
8229	18
8230	9
8231	8
8232	6
8233	4
8234	18
8235	8
8236	7
8237	8
8238	7
8239	5
8240	6
8241	9
8242	8
8243	4
8244	18
8245	4
8246	9
8247	5
8248	7
8249	5
8250	9
8251	6
8252	4
8253	8
8254	18
8255	9
8256	4
8257	7
8258	5
8259	5
8260	8
8261	8
8262	7
8263	7
8264	5
8265	6
8266	9
8267	8
8268	4
8269	18
8270	4
8271	9
8272	5
8273	7
8274	5
8275	9
8276	6
8277	4
8278	8
8279	18
8280	9
8281	4
8282	7
8283	5
8284	5
8285	8
8286	8
8287	7
8288	7
8289	5
8290	9
8291	5
8292	4
8293	7
8294	5
8295	4
8296	7
8297	9
8298	5
8299	5
8300	6
8301	4
8302	9
8303	8
8304	18
8305	9
8306	8
8307	6
8308	4
8309	18
8310	8
8311	7
8312	8
8313	7
8314	5
8315	9
8316	5
8317	4
8318	7
8319	5
8320	4
8321	7
8322	9
8323	5
8324	5
8325	6
8326	4
8327	9
8328	8
8329	18
8330	9
8331	8
8332	6
8333	4
8334	18
8335	8
8336	7
8337	8
8338	7
8339	5
8340	16
8341	4
8342	19
8343	7
8344	5
8345	8
8346	7
8347	5
8348	16
8349	5
8350	4
8351	16
8352	7
8353	19
8354	5
8355	7
8356	8
8357	16
8358	5
8359	5
8360	9
8361	9
8362	9
8363	9
8364	18
8365	7
8366	16
8367	19
8368	4
8369	5
8370	19
8371	4
8372	7
8373	16
8374	5
8375	5
8376	7
8377	16
8378	8
8379	5
8380	16
8381	8
8382	5
8383	7
8384	5
8385	9
8386	9
8387	9
8388	9
8389	18
8390	16
8391	4
8392	19
8393	7
8394	5
8395	8
8396	7
8397	5
8398	16
8399	5
8400	4
8401	16
8402	7
8403	19
8404	5
8405	7
8406	8
8407	16
8408	5
8409	5
8410	9
8411	9
8412	9
8413	9
8414	18
8415	7
8416	16
8417	19
8418	4
8419	5
8420	19
8421	4
8422	7
8423	16
8424	5
8425	5
8426	7
8427	16
8428	8
8429	5
8430	16
8431	8
8432	5
8433	7
8434	5
8435	9
8436	9
8437	9
8438	9
8439	18
8440	16
8441	4
8442	19
8443	7
8444	5
8445	8
8446	7
8447	5
8448	16
8449	5
8450	4
8451	16
8452	7
8453	19
8454	5
8455	7
8456	8
8457	16
8458	5
8459	5
8460	9
8461	9
8462	9
8463	9
8464	18
8465	7
8466	16
8467	19
8468	4
8469	5
8470	19
8471	4
8472	7
8473	16
8474	5
8475	5
8476	7
8477	16
8478	8
8479	5
8480	16
8481	8
8482	5
8483	7
8484	5
8485	9
8486	9
8487	9
8488	9
8489	18
8490	16
8491	4
8492	19
8493	7
8494	5
8495	8
8496	7
8497	5
8498	16
8499	5
8500	4
8501	16
8502	7
8503	19
8504	5
8505	7
8506	8
8507	16
8508	5
8509	5
8510	9
8511	9
8512	9
8513	9
8514	18
8515	7
8516	16
8517	19
8518	4
8519	5
8520	19
8521	4
8522	7
8523	16
8524	5
8525	5
8526	7
8527	16
8528	8
8529	5
8530	16
8531	8
8532	5
8533	7
8534	5
8535	9
8536	9
8537	9
8538	9
8539	18
8540	0
8541	17
8542	17
8543	0
8544	0
8545	17
8546	17
8547	0
8548	0
8549	0
8550	0
8551	0
8552	0
8553	0
8554	0
8555	0
8556	20
8557	20
8558	7
8559	9
8560	4
8561	19
8562	7
8563	4
8564	7
8565	14
8566	8
8567	9
8568	5
8569	8
8570	5
8571	7
8572	10
8573	7
8574	28
8575	5
8576	2
8577	6
8578	9
8579	8
8580	26
8581	6
8582	5
8583	5
8584	5
8585	9
8586	10
8587	24
8588	16
8589	24
8590	4
8591	8
8592	4
8593	9
8594	6
8595	8
8596	7
8597	7
8598	16
8599	4
8600	6
8601	18
8602	7
8603	5
8604	7
8605	7
8606	5
8607	8
8608	4
8609	9
8610	9
8611	6
8612	5
8613	5
8614	5
8615	26
8616	16
8617	24
8618	10
8619	24
8620	8
8621	8
8622	9
8623	4
8624	6
8625	4
8626	16
8627	4
8628	7
8629	7
8630	4
8631	9
8632	19
8633	4
8634	7
8635	7
8636	8
8637	9
8638	7
8639	14
8640	7
8641	8
8642	7
8643	5
8644	10
8645	5
8646	9
8647	8
8648	5
8649	28
8650	2
8651	6
8652	7
8653	18
8654	5
8655	7
8656	7
8657	6
8658	4
8659	9
8660	5
8661	8
8662	7
8663	9
8664	4
8665	19
8666	7
8667	4
8668	7
8669	14
8670	8
8671	9
8672	5
8673	8
8674	5
8675	7
8676	10
8677	7
8678	28
8679	5
8680	2
8681	6
8682	9
8683	8
8684	26
8685	6
8686	5
8687	5
8688	5
8689	9
8690	10
8691	24
8692	16
8693	24
8694	4
8695	8
8696	4
8697	9
8698	6
8699	8
8700	7
8701	7
8702	16
8703	4
8704	6
8705	18
8706	7
8707	5
8708	7
8709	7
8710	5
8711	8
8712	4
8713	9
8714	9
8715	6
8716	5
8717	5
8718	5
8719	26
8720	16
8721	24
8722	10
8723	24
8724	8
8725	8
8726	9
8727	4
8728	6
8729	4
8730	16
8731	4
8732	7
8733	7
8734	4
8735	9
8736	19
8737	4
8738	7
8739	7
8740	8
8741	9
8742	7
8743	14
8744	7
8745	8
8746	7
8747	5
8748	10
8749	5
8750	9
8751	8
8752	5
8753	28
8754	2
8755	6
8756	7
8757	18
8758	5
8759	7
8760	7
8761	6
8762	4
8763	9
8764	5
8765	8
8766	5
8767	5
8768	9
8769	26
8770	5
8771	6
8772	24
8773	24
8774	16
8775	10
8776	7
8777	4
8778	4
8779	7
8780	19
8781	9
8782	14
8783	9
8784	8
8785	7
8786	6
8787	4
8788	8
8789	4
8790	9
8791	8
8792	7
8793	4
8794	16
8795	7
8796	10
8797	5
8798	7
8799	5
8800	7
8801	8
8802	6
8803	8
8804	9
8805	5
8806	28
8807	2
8808	7
8809	7
8810	7
8811	6
8812	5
8813	18
8814	8
8815	9
8816	4
8817	5
8818	7
8819	19
8820	7
8821	4
8822	4
8823	9
8824	9
8825	14
8826	7
8827	8
8828	5
8829	5
8830	26
8831	9
8832	5
8833	6
8834	24
8835	24
8836	10
8837	16
8838	10
8839	7
8840	5
8841	7
8842	5
8843	8
8844	8
8845	6
8846	28
8847	5
8848	2
8849	9
8850	6
8851	9
8852	4
8853	8
8854	4
8855	8
8856	4
8857	7
8858	7
8859	16
8860	7
8861	5
8862	6
8863	7
8864	7
8865	18
8866	9
8867	8
8868	5
8869	4
8870	5
8871	5
8872	9
8873	26
8874	5
8875	6
8876	24
8877	24
8878	16
8879	10
8880	7
8881	4
8882	4
8883	7
8884	19
8885	9
8886	14
8887	9
8888	8
8889	7
8890	6
8891	4
8892	8
8893	4
8894	9
8895	8
8896	7
8897	4
8898	16
8899	7
8900	10
8901	5
8902	7
8903	5
8904	7
8905	8
8906	6
8907	8
8908	9
8909	5
8910	28
8911	2
8912	7
8913	7
8914	7
8915	6
8916	5
8917	18
8918	8
8919	9
8920	4
8921	5
8922	7
8923	19
8924	7
8925	4
8926	4
8927	9
8928	9
8929	14
8930	7
8931	8
8932	5
8933	5
8934	26
8935	9
8936	5
8937	6
8938	24
8939	24
8940	10
8941	16
8942	10
8943	7
8944	5
8945	7
8946	5
8947	8
8948	8
8949	6
8950	28
8951	5
8952	2
8953	9
8954	6
8955	9
8956	4
8957	8
8958	4
8959	8
8960	4
8961	7
8962	7
8963	16
8964	7
8965	5
8966	6
8967	7
8968	7
8969	18
8970	9
8971	8
8972	5
8973	4
8974	7
8975	9
8976	4
8977	19
8978	7
8979	4
8980	7
8981	14
8982	8
8983	9
8984	5
8985	8
8986	5
8987	7
8988	10
8989	7
8990	28
8991	5
8992	2
8993	6
8994	9
8995	8
8996	26
8997	6
8998	5
8999	5
9000	5
9001	9
9002	10
9003	24
9004	16
9005	24
9006	4
9007	8
9008	4
9009	9
9010	6
9011	8
9012	7
9013	7
9014	16
9015	4
9016	6
9017	18
9018	7
9019	5
9020	7
9021	7
9022	5
9023	8
9024	4
9025	9
9026	9
9027	6
9028	5
9029	5
9030	5
9031	26
9032	16
9033	24
9034	10
9035	24
9036	8
9037	8
9038	9
9039	4
9040	6
9041	4
9042	16
9043	4
9044	7
9045	7
9046	4
9047	9
9048	19
9049	4
9050	7
9051	7
9052	8
9053	9
9054	7
9055	14
9056	7
9057	8
9058	7
9059	5
9060	10
9061	5
9062	9
9063	8
9064	5
9065	28
9066	2
9067	6
9068	7
9069	18
9070	5
9071	7
9072	7
9073	6
9074	4
9075	9
9076	5
9077	8
9078	7
9079	9
9080	4
9081	19
9082	7
9083	4
9084	7
9085	14
9086	8
9087	9
9088	5
9089	8
9090	5
9091	7
9092	10
9093	7
9094	28
9095	5
9096	2
9097	6
9098	9
9099	8
9100	26
9101	6
9102	5
9103	5
9104	5
9105	9
9106	10
9107	24
9108	16
9109	24
9110	4
9111	8
9112	4
9113	9
9114	6
9115	8
9116	7
9117	7
9118	16
9119	4
9120	6
9121	18
9122	7
9123	5
9124	7
9125	7
9126	5
9127	8
9128	4
9129	9
9130	9
9131	6
9132	5
9133	5
9134	5
9135	26
9136	16
9137	24
9138	10
9139	24
9140	8
9141	8
9142	9
9143	4
9144	6
9145	4
9146	16
9147	4
9148	7
9149	7
9150	4
9151	9
9152	19
9153	4
9154	7
9155	7
9156	8
9157	9
9158	7
9159	14
9160	7
9161	8
9162	7
9163	5
9164	10
9165	5
9166	9
9167	8
9168	5
9169	28
9170	2
9171	6
9172	7
9173	18
9174	5
9175	7
9176	7
9177	6
9178	4
9179	9
9180	5
9181	8
9182	5
9183	5
9184	9
9185	26
9186	5
9187	6
9188	24
9189	24
9190	16
9191	10
9192	7
9193	4
9194	4
9195	7
9196	19
9197	9
9198	14
9199	9
9200	8
9201	7
9202	6
9203	4
9204	8
9205	4
9206	9
9207	8
9208	7
9209	4
9210	16
9211	7
9212	10
9213	5
9214	7
9215	5
9216	7
9217	8
9218	6
9219	8
9220	9
9221	5
9222	28
9223	2
9224	7
9225	7
9226	7
9227	6
9228	5
9229	18
9230	8
9231	9
9232	4
9233	5
9234	7
9235	19
9236	7
9237	4
9238	4
9239	9
9240	9
9241	14
9242	7
9243	8
9244	5
9245	5
9246	26
9247	9
9248	5
9249	6
9250	24
9251	24
9252	10
9253	16
9254	10
9255	7
9256	5
9257	7
9258	5
9259	8
9260	8
9261	6
9262	28
9263	5
9264	2
9265	9
9266	6
9267	9
9268	4
9269	8
9270	4
9271	8
9272	4
9273	7
9274	7
9275	16
9276	7
9277	5
9278	6
9279	7
9280	7
9281	18
9282	9
9283	8
9284	5
9285	4
9286	5
9287	5
9288	9
9289	26
9290	5
9291	6
9292	24
9293	24
9294	16
9295	10
9296	7
9297	4
9298	4
9299	7
9300	19
9301	9
9302	14
9303	9
9304	8
9305	7
9306	6
9307	4
9308	8
9309	4
9310	9
9311	8
9312	7
9313	4
9314	16
9315	7
9316	10
9317	5
9318	7
9319	5
9320	7
9321	8
9322	6
9323	8
9324	9
9325	5
9326	28
9327	2
9328	7
9329	7
9330	7
9331	6
9332	5
9333	18
9334	8
9335	9
9336	4
9337	5
9338	7
9339	19
9340	7
9341	4
9342	4
9343	9
9344	9
9345	14
9346	7
9347	8
9348	5
9349	5
9350	26
9351	9
9352	5
9353	6
9354	24
9355	24
9356	10
9357	16
9358	10
9359	7
9360	5
9361	7
9362	5
9363	8
9364	8
9365	6
9366	28
9367	5
9368	2
9369	9
9370	6
9371	9
9372	4
9373	8
9374	4
9375	8
9376	4
9377	7
9378	7
9379	16
9380	7
9381	5
9382	6
9383	7
9384	7
9385	18
9386	9
9387	8
9388	5
9389	4
9390	1
9391	0
9392	1
9393	0
9394	1
9395	0
9396	1
9397	0
9398	19
9399	24
9400	16
9401	9
9402	3
9403	2
9404	9
9405	16
9406	5
9407	10
9408	10
9409	5
9410	16
9411	16
9412	24
9413	7
9414	5
9415	14
9416	16
9417	16
9418	5
9419	9
9420	7
9421	5
9422	8
9423	7
9424	9
9425	9
9426	4
9427	4
9428	7
9429	14
9430	7
9431	9
9432	9
9433	9
9434	8
9435	8
9436	19
9437	8
9438	6
9439	7
9440	8
9441	16
9442	6
9443	4
9444	15
9445	16
9446	9
9447	9
9448	5
9449	7
9450	9
9451	5
9452	7
9453	8
9454	9
9455	7
9456	7
9457	14
9458	4
9459	4
9460	8
9461	9
9462	9
9463	9
9464	8
9465	7
9466	6
9467	7
9468	19
9469	8
9470	16
9471	24
9472	3
9473	9
9474	2
9475	16
9476	9
9477	19
9478	10
9479	5
9480	5
9481	10
9482	14
9483	16
9484	7
9485	24
9486	5
9487	16
9488	5
9489	9
9490	16
9491	16
9492	16
9493	16
9494	4
9495	6
9496	15
9497	8
9498	5
9499	7
9500	9
9501	9
9502	16
9503	24
9504	16
9505	14
9506	7
9507	5
9508	5
9509	16
9510	16
9511	9
9512	9
9513	9
9514	7
9515	8
9516	9
9517	8
9518	6
9519	19
9520	8
9521	7
9522	24
9523	16
9524	19
9525	16
9526	2
9527	3
9528	9
9529	9
9530	10
9531	5
9532	10
9533	5
9534	5
9535	8
9536	7
9537	9
9538	7
9539	9
9540	7
9541	4
9542	4
9543	14
9544	16
9545	6
9546	8
9547	16
9548	4
9549	15
9550	5
9551	9
9552	9
9553	7
9554	9
9555	9
9556	8
9557	7
9558	9
9559	8
9560	19
9561	6
9562	7
9563	8
9564	16
9565	7
9566	14
9567	16
9568	24
9569	5
9570	16
9571	5
9572	9
9573	16
9574	5
9575	7
9576	9
9577	7
9578	8
9579	9
9580	4
9581	7
9582	14
9583	4
9584	24
9585	2
9586	3
9587	9
9588	16
9589	19
9590	16
9591	9
9592	5
9593	10
9594	5
9595	10
9596	16
9597	4
9598	16
9599	8
9600	6
9601	15
9602	9
9603	5
9604	7
9605	9
9606	19
9607	24
9608	16
9609	9
9610	3
9611	2
9612	9
9613	16
9614	5
9615	10
9616	10
9617	5
9618	16
9619	16
9620	24
9621	7
9622	5
9623	14
9624	16
9625	16
9626	5
9627	9
9628	7
9629	5
9630	8
9631	7
9632	9
9633	9
9634	4
9635	4
9636	7
9637	14
9638	7
9639	9
9640	9
9641	9
9642	8
9643	8
9644	19
9645	8
9646	6
9647	7
9648	8
9649	16
9650	6
9651	4
9652	15
9653	16
9654	9
9655	9
9656	5
9657	7
9658	9
9659	5
9660	7
9661	8
9662	9
9663	7
9664	7
9665	14
9666	4
9667	4
9668	8
9669	9
9670	9
9671	9
9672	8
9673	7
9674	6
9675	7
9676	19
9677	8
9678	16
9679	24
9680	3
9681	9
9682	2
9683	16
9684	9
9685	19
9686	10
9687	5
9688	5
9689	10
9690	14
9691	16
9692	7
9693	24
9694	5
9695	16
9696	5
9697	9
9698	16
9699	16
9700	16
9701	16
9702	4
9703	6
9704	15
9705	8
9706	5
9707	7
9708	9
9709	9
9710	16
9711	24
9712	16
9713	14
9714	7
9715	5
9716	5
9717	16
9718	16
9719	9
9720	9
9721	9
9722	7
9723	8
9724	9
9725	8
9726	6
9727	19
9728	8
9729	7
9730	24
9731	16
9732	19
9733	16
9734	2
9735	3
9736	9
9737	9
9738	10
9739	5
9740	10
9741	5
9742	5
9743	8
9744	7
9745	9
9746	7
9747	9
9748	7
9749	4
9750	4
9751	14
9752	16
9753	6
9754	8
9755	16
9756	4
9757	15
9758	5
9759	9
9760	9
9761	7
9762	9
9763	9
9764	8
9765	7
9766	9
9767	8
9768	19
9769	6
9770	7
9771	8
9772	16
9773	7
9774	14
9775	16
9776	24
9777	5
9778	16
9779	5
9780	9
9781	16
9782	5
9783	7
9784	9
9785	7
9786	8
9787	9
9788	4
9789	7
9790	14
9791	4
9792	24
9793	2
9794	3
9795	9
9796	16
9797	19
9798	16
9799	9
9800	5
9801	10
9802	5
9803	10
9804	16
9805	4
9806	16
9807	8
9808	6
9809	15
9810	9
9811	5
9812	7
9813	9
9814	19
9815	24
9816	16
9817	9
9818	3
9819	2
9820	9
9821	16
9822	5
9823	10
9824	10
9825	5
9826	16
9827	16
9828	24
9829	7
9830	5
9831	14
9832	16
9833	16
9834	5
9835	9
9836	7
9837	5
9838	8
9839	7
9840	9
9841	9
9842	4
9843	4
9844	7
9845	14
9846	7
9847	9
9848	9
9849	9
9850	8
9851	8
9852	19
9853	8
9854	6
9855	7
9856	8
9857	16
9858	6
9859	4
9860	15
9861	16
9862	9
9863	9
9864	5
9865	7
9866	9
9867	5
9868	7
9869	8
9870	9
9871	7
9872	7
9873	14
9874	4
9875	4
9876	8
9877	9
9878	9
9879	9
9880	8
9881	7
9882	6
9883	7
9884	19
9885	8
9886	16
9887	24
9888	3
9889	9
9890	2
9891	16
9892	9
9893	19
9894	10
9895	5
9896	5
9897	10
9898	14
9899	16
9900	7
9901	24
9902	5
9903	16
9904	5
9905	9
9906	16
9907	16
9908	16
9909	16
9910	4
9911	6
9912	15
9913	8
9914	5
9915	7
9916	9
9917	9
9918	16
9919	24
9920	16
9921	14
9922	7
9923	5
9924	5
9925	16
9926	16
9927	9
9928	9
9929	9
9930	7
9931	8
9932	9
9933	8
9934	6
9935	19
9936	8
9937	7
9938	24
9939	16
9940	19
9941	16
9942	2
9943	3
9944	9
9945	9
9946	10
9947	5
9948	10
9949	5
9950	5
9951	8
9952	7
9953	9
9954	7
9955	9
9956	7
9957	4
9958	4
9959	14
9960	16
9961	6
9962	8
9963	16
9964	4
9965	15
9966	5
9967	9
9968	9
9969	7
9970	9
9971	9
9972	8
9973	7
9974	9
9975	8
9976	19
9977	6
9978	7
9979	8
9980	16
9981	7
9982	14
9983	16
9984	24
9985	5
9986	16
9987	5
9988	9
9989	16
9990	5
9991	7
9992	9
9993	7
9994	8
9995	9
9996	4
9997	7
9998	14
9999	4
10000	24
10001	2
10002	3
10003	9
10004	16
10005	19
10006	16
10007	9
10008	5
10009	10
10010	5
10011	10
10012	16
10013	4
10014	16
10015	8
10016	6
10017	15
10018	9
10019	5
10020	7
10021	9
10022	19
10023	24
10024	16
10025	9
10026	3
10027	2
10028	9
10029	16
10030	5
10031	10
10032	10
10033	5
10034	16
10035	16
10036	24
10037	7
10038	5
10039	14
10040	16
10041	16
10042	5
10043	9
10044	7
10045	5
10046	8
10047	7
10048	9
10049	9
10050	4
10051	4
10052	7
10053	14
10054	7
10055	9
10056	9
10057	9
10058	8
10059	8
10060	19
10061	8
10062	6
10063	7
10064	8
10065	16
10066	6
10067	4
10068	15
10069	16
10070	9
10071	9
10072	5
10073	7
10074	9
10075	5
10076	7
10077	8
10078	9
10079	7
10080	7
10081	14
10082	4
10083	4
10084	8
10085	9
10086	9
10087	9
10088	8
10089	7
10090	6
10091	7
10092	19
10093	8
10094	16
10095	24
10096	3
10097	9
10098	2
10099	16
10100	9
10101	19
10102	10
10103	5
10104	5
10105	10
10106	14
10107	16
10108	7
10109	24
10110	5
10111	16
10112	5
10113	9
10114	16
10115	16
10116	16
10117	16
10118	4
10119	6
10120	15
10121	8
10122	5
10123	7
10124	9
10125	9
10126	16
10127	24
10128	16
10129	14
10130	7
10131	5
10132	5
10133	16
10134	16
10135	9
10136	9
10137	9
10138	7
10139	8
10140	9
10141	8
10142	6
10143	19
10144	8
10145	7
10146	24
10147	16
10148	19
10149	16
10150	2
10151	3
10152	9
10153	9
10154	10
10155	5
10156	10
10157	5
10158	5
10159	8
10160	7
10161	9
10162	7
10163	9
10164	7
10165	4
10166	4
10167	14
10168	16
10169	6
10170	8
10171	16
10172	4
10173	15
10174	5
10175	9
10176	9
10177	7
10178	9
10179	9
10180	8
10181	7
10182	9
10183	8
10184	19
10185	6
10186	7
10187	8
10188	16
10189	7
10190	14
10191	16
10192	24
10193	5
10194	16
10195	5
10196	9
10197	16
10198	5
10199	7
10200	9
10201	7
10202	8
10203	9
10204	4
10205	7
10206	14
10207	4
10208	24
10209	2
10210	3
10211	9
10212	16
10213	19
10214	16
10215	9
10216	5
10217	10
10218	5
10219	10
10220	16
10221	4
10222	16
10223	8
10224	6
10225	15
10226	9
10227	5
10228	7
10229	9
10230	17
10231	17
10232	17
10233	17
10234	8
10235	8
10236	8
10237	4
10238	4
10239	15
10240	21
10241	5
10242	8
10243	7
10244	8
10245	5
10246	6
10247	4
10248	5
10249	16
10250	14
10251	7
10252	16
10253	4
10254	15
10255	8
10256	4
10257	8
10258	4
10259	8
10260	8
10261	7
10262	21
10263	5
10264	16
10265	5
10266	4
10267	6
10268	5
10269	8
10270	16
10271	4
10272	14
10273	7
10274	8
10275	7
10276	9
10277	9
10278	4
10279	8
10280	5
10281	6
10282	5
10283	6
10284	7
10285	7
10286	19
10287	4
10288	19
10289	4
10290	12
10291	16
10292	7
10293	4
10294	7
10295	6
10296	16
10297	21
10298	16
10299	16
10300	5
10301	4
10302	5
10303	19
10304	4
10305	7
10306	4
10307	19
10308	19
10309	7
10310	7
10311	4
10312	12
10313	16
10314	16
10315	6
10316	21
10317	16
10318	16
10319	7
10320	5
10321	19
10322	5
10323	4
10324	7
10325	4
10326	4
10327	4
10328	25
10329	7
10330	5
10331	16
10332	5
10333	16
10334	8
10335	8
10336	8
10337	4
10338	4
10339	15
10340	21
10341	5
10342	8
10343	7
10344	8
10345	5
10346	6
10347	4
10348	5
10349	16
10350	14
10351	7
10352	16
10353	4
10354	15
10355	8
10356	4
10357	8
10358	4
10359	8
10360	8
10361	7
10362	21
10363	5
10364	16
10365	5
10366	4
10367	6
10368	5
10369	8
10370	16
10371	4
10372	14
10373	7
10374	8
10375	7
10376	9
10377	9
10378	4
10379	8
10380	5
10381	6
10382	5
10383	6
10384	7
10385	7
10386	19
10387	4
10388	19
10389	4
10390	12
10391	16
10392	7
10393	4
10394	7
10395	6
10396	16
10397	21
10398	16
10399	16
10400	5
10401	4
10402	5
10403	19
10404	4
10405	7
10406	4
10407	19
10408	19
10409	7
10410	7
10411	4
10412	12
10413	16
10414	16
10415	6
10416	21
10417	16
10418	16
10419	7
10420	5
10421	19
10422	5
10423	4
10424	7
10425	4
10426	4
10427	4
10428	25
10429	7
10430	5
10431	16
10432	5
10433	16
10434	19
10435	4
10436	7
10437	4
10438	19
10439	7
10440	4
10441	16
10442	12
10443	7
10444	19
10445	19
10446	4
10447	7
10448	4
10449	7
10450	16
10451	4
10452	7
10453	12
10454	16
10455	21
10456	7
10457	16
10458	16
10459	6
10460	19
10461	4
10462	5
10463	5
10464	16
10465	16
10466	16
10467	7
10468	21
10469	6
10470	4
10471	19
10472	5
10473	5
10474	25
10475	4
10476	7
10477	7
10478	4
10479	4
10480	16
10481	16
10482	5
10483	5
10484	4
10485	4
10486	8
10487	15
10488	8
10489	8
10490	7
10491	5
10492	21
10493	8
10494	4
10495	8
10496	15
10497	8
10498	4
10499	8
10500	5
10501	7
10502	8
10503	21
10504	5
10505	4
10506	8
10507	16
10508	6
10509	5
10510	4
10511	7
10512	14
10513	16
10514	5
10515	6
10516	16
10517	8
10518	4
10519	5
10520	7
10521	4
10522	16
10523	14
10524	4
10525	9
10526	8
10527	8
10528	9
10529	7
10530	6
10531	6
10532	5
10533	5
10534	19
10535	4
10536	7
10537	4
10538	19
10539	7
10540	4
10541	16
10542	12
10543	7
10544	19
10545	19
10546	4
10547	7
10548	4
10549	7
10550	16
10551	4
10552	7
10553	12
10554	16
10555	21
10556	7
10557	16
10558	16
10559	6
10560	19
10561	4
10562	5
10563	5
10564	16
10565	16
10566	16
10567	7
10568	21
10569	6
10570	4
10571	19
10572	5
10573	5
10574	25
10575	4
10576	7
10577	7
10578	4
10579	4
10580	16
10581	16
10582	5
10583	5
10584	4
10585	4
10586	8
10587	15
10588	8
10589	8
10590	7
10591	5
10592	21
10593	8
10594	4
10595	8
10596	15
10597	8
10598	4
10599	8
10600	5
10601	7
10602	8
10603	21
10604	5
10605	4
10606	8
10607	16
10608	6
10609	5
10610	4
10611	7
10612	14
10613	16
10614	5
10615	6
10616	16
10617	8
10618	4
10619	5
10620	7
10621	4
10622	16
10623	14
10624	4
10625	9
10626	8
10627	8
10628	9
10629	7
10630	6
10631	6
10632	5
10633	5
10634	8
10635	8
10636	8
10637	4
10638	4
10639	15
10640	21
10641	5
10642	8
10643	7
10644	8
10645	5
10646	6
10647	4
10648	5
10649	16
10650	14
10651	7
10652	16
10653	4
10654	15
10655	8
10656	4
10657	8
10658	4
10659	8
10660	8
10661	7
10662	21
10663	5
10664	16
10665	5
10666	4
10667	6
10668	5
10669	8
10670	16
10671	4
10672	14
10673	7
10674	8
10675	7
10676	9
10677	9
10678	4
10679	8
10680	5
10681	6
10682	5
10683	6
10684	7
10685	7
10686	19
10687	4
10688	19
10689	4
10690	12
10691	16
10692	7
10693	4
10694	7
10695	6
10696	16
10697	21
10698	16
10699	16
10700	5
10701	4
10702	5
10703	19
10704	4
10705	7
10706	4
10707	19
10708	19
10709	7
10710	7
10711	4
10712	12
10713	16
10714	16
10715	6
10716	21
10717	16
10718	16
10719	7
10720	5
10721	19
10722	5
10723	4
10724	7
10725	4
10726	4
10727	4
10728	25
10729	7
10730	5
10731	16
10732	5
10733	16
10734	8
10735	8
10736	8
10737	4
10738	4
10739	15
10740	21
10741	5
10742	8
10743	7
10744	8
10745	5
10746	6
10747	4
10748	5
10749	16
10750	14
10751	7
10752	16
10753	4
10754	15
10755	8
10756	4
10757	8
10758	4
10759	8
10760	8
10761	7
10762	21
10763	5
10764	16
10765	5
10766	4
10767	6
10768	5
10769	8
10770	16
10771	4
10772	14
10773	7
10774	8
10775	7
10776	9
10777	9
10778	4
10779	8
10780	5
10781	6
10782	5
10783	6
10784	7
10785	7
10786	19
10787	4
10788	19
10789	4
10790	12
10791	16
10792	7
10793	4
10794	7
10795	6
10796	16
10797	21
10798	16
10799	16
10800	5
10801	4
10802	5
10803	19
10804	4
10805	7
10806	4
10807	19
10808	19
10809	7
10810	7
10811	4
10812	12
10813	16
10814	16
10815	6
10816	21
10817	16
10818	16
10819	7
10820	5
10821	19
10822	5
10823	4
10824	7
10825	4
10826	4
10827	4
10828	25
10829	7
10830	5
10831	16
10832	5
10833	16
10834	19
10835	4
10836	7
10837	4
10838	19
10839	7
10840	4
10841	16
10842	12
10843	7
10844	19
10845	19
10846	4
10847	7
10848	4
10849	7
10850	16
10851	4
10852	7
10853	12
10854	16
10855	21
10856	7
10857	16
10858	16
10859	6
10860	19
10861	4
10862	5
10863	5
10864	16
10865	16
10866	16
10867	7
10868	21
10869	6
10870	4
10871	19
10872	5
10873	5
10874	25
10875	4
10876	7
10877	7
10878	4
10879	4
10880	16
10881	16
10882	5
10883	5
10884	4
10885	4
10886	8
10887	15
10888	8
10889	8
10890	7
10891	5
10892	21
10893	8
10894	4
10895	8
10896	15
10897	8
10898	4
10899	8
10900	5
10901	7
10902	8
10903	21
10904	5
10905	4
10906	8
10907	16
10908	6
10909	5
10910	4
10911	7
10912	14
10913	16
10914	5
10915	6
10916	16
10917	8
10918	4
10919	5
10920	7
10921	4
10922	16
10923	14
10924	4
10925	9
10926	8
10927	8
10928	9
10929	7
10930	6
10931	6
10932	5
10933	5
10934	19
10935	4
10936	7
10937	4
10938	19
10939	7
10940	4
10941	16
10942	12
10943	7
10944	19
10945	19
10946	4
10947	7
10948	4
10949	7
10950	16
10951	4
10952	7
10953	12
10954	16
10955	21
10956	7
10957	16
10958	16
10959	6
10960	19
10961	4
10962	5
10963	5
10964	16
10965	16
10966	16
10967	7
10968	21
10969	6
10970	4
10971	19
10972	5
10973	5
10974	25
10975	4
10976	7
10977	7
10978	4
10979	4
10980	16
10981	16
10982	5
10983	5
10984	4
10985	4
10986	8
10987	15
10988	8
10989	8
10990	7
10991	5
10992	21
10993	8
10994	4
10995	8
10996	15
10997	8
10998	4
10999	8
11000	5
11001	7
11002	8
11003	21
11004	5
11005	4
11006	8
11007	16
11008	6
11009	5
11010	4
11011	7
11012	14
11013	16
11014	5
11015	6
11016	16
11017	8
11018	4
11019	5
11020	7
11021	4
11022	16
11023	14
11024	4
11025	9
11026	8
11027	8
11028	9
11029	7
11030	6
11031	6
11032	5
11033	5
11034	4
11035	6
11036	23
11037	4
11038	15
11039	15
11040	19
11041	16
11042	9
11043	4
11044	4
11045	4
11046	19
11047	7
11048	8
11049	4
11050	16
11051	7
11052	8
11053	8
11054	4
11055	16
11056	7
11057	16
11058	6
11059	16
11060	19
11061	19
11062	4
11063	24
11064	18
11065	10
11066	14
11067	5
11068	7
11069	5
11070	5
11071	4
11072	24
11073	4
11074	9
11075	4
11076	19
11077	19
11078	4
11079	8
11080	4
11081	7
11082	7
11083	4
11084	16
11085	16
11086	16
11087	7
11088	6
11089	4
11090	4
11091	24
11092	19
11093	19
11094	5
11095	10
11096	5
11097	14
11098	7
11099	18
11100	24
11101	4
11102	5
11103	4
11104	15
11105	6
11106	4
11107	23
11108	15
11109	4
11110	9
11111	4
11112	19
11113	16
11114	4
11115	4
11116	7
11117	19
11118	8
11119	4
11120	8
11121	8
11122	16
11123	7
11124	8
11125	4
11126	19
11127	19
11128	4
11129	9
11130	7
11131	4
11132	4
11133	7
11134	4
11135	19
11136	4
11137	4
11138	7
11139	8
11140	8
11141	16
11142	7
11143	8
11144	10
11145	14
11146	18
11147	5
11148	5
11149	7
11150	24
11151	5
11152	4
11153	4
11154	6
11155	23
11156	4
11157	15
11158	4
11159	15
11160	9
11161	19
11162	16
11163	4
11164	16
11165	7
11166	4
11167	16
11168	16
11169	6
11170	4
11171	19
11172	19
11173	24
11174	4
11175	19
11176	9
11177	8
11178	19
11179	4
11180	7
11181	4
11182	7
11183	4
11184	10
11185	5
11186	5
11187	18
11188	14
11189	7
11190	5
11191	24
11192	4
11193	4
11194	4
11195	7
11196	4
11197	4
11198	19
11199	8
11200	16
11201	8
11202	8
11203	7
11204	16
11205	16
11206	16
11207	4
11208	7
11209	6
11210	19
11211	4
11212	24
11213	19
11214	6
11215	4
11216	15
11217	4
11218	23
11219	15
11220	19
11221	9
11222	4
11223	16
11224	4
11225	19
11226	8
11227	9
11228	19
11229	4
11230	4
11231	7
11232	4
11233	7
11234	4
11235	6
11236	23
11237	4
11238	15
11239	15
11240	19
11241	16
11242	9
11243	4
11244	4
11245	4
11246	19
11247	7
11248	8
11249	4
11250	16
11251	7
11252	8
11253	8
11254	4
11255	16
11256	7
11257	16
11258	6
11259	16
11260	19
11261	19
11262	4
11263	24
11264	18
11265	10
11266	14
11267	5
11268	7
11269	5
11270	5
11271	4
11272	24
11273	4
11274	9
11275	4
11276	19
11277	19
11278	4
11279	8
11280	4
11281	7
11282	7
11283	4
11284	16
11285	16
11286	16
11287	7
11288	6
11289	4
11290	4
11291	24
11292	19
11293	19
11294	5
11295	10
11296	5
11297	14
11298	7
11299	18
11300	24
11301	4
11302	5
11303	4
11304	15
11305	6
11306	4
11307	23
11308	15
11309	4
11310	9
11311	4
11312	19
11313	16
11314	4
11315	4
11316	7
11317	19
11318	8
11319	4
11320	8
11321	8
11322	16
11323	7
11324	8
11325	4
11326	19
11327	19
11328	4
11329	9
11330	7
11331	4
11332	4
11333	7
11334	4
11335	19
11336	4
11337	4
11338	7
11339	8
11340	8
11341	16
11342	7
11343	8
11344	10
11345	14
11346	18
11347	5
11348	5
11349	7
11350	24
11351	5
11352	4
11353	4
11354	6
11355	23
11356	4
11357	15
11358	4
11359	15
11360	9
11361	19
11362	16
11363	4
11364	16
11365	7
11366	4
11367	16
11368	16
11369	6
11370	4
11371	19
11372	19
11373	24
11374	4
11375	19
11376	9
11377	8
11378	19
11379	4
11380	7
11381	4
11382	7
11383	4
11384	10
11385	5
11386	5
11387	18
11388	14
11389	7
11390	5
11391	24
11392	4
11393	4
11394	4
11395	7
11396	4
11397	4
11398	19
11399	8
11400	16
11401	8
11402	8
11403	7
11404	16
11405	16
11406	16
11407	4
11408	7
11409	6
11410	19
11411	4
11412	24
11413	19
11414	6
11415	4
11416	15
11417	4
11418	23
11419	15
11420	19
11421	9
11422	4
11423	16
11424	4
11425	19
11426	8
11427	9
11428	19
11429	4
11430	4
11431	7
11432	4
11433	7
11434	4
11435	6
11436	23
11437	4
11438	15
11439	15
11440	19
11441	16
11442	9
11443	4
11444	4
11445	4
11446	19
11447	7
11448	8
11449	4
11450	16
11451	7
11452	8
11453	8
11454	4
11455	16
11456	7
11457	16
11458	6
11459	16
11460	19
11461	19
11462	4
11463	24
11464	18
11465	10
11466	14
11467	5
11468	7
11469	5
11470	5
11471	4
11472	24
11473	4
11474	9
11475	4
11476	19
11477	19
11478	4
11479	8
11480	4
11481	7
11482	7
11483	4
11484	16
11485	16
11486	16
11487	7
11488	6
11489	4
11490	4
11491	24
11492	19
11493	19
11494	5
11495	10
11496	5
11497	14
11498	7
11499	18
11500	24
11501	4
11502	5
11503	4
11504	15
11505	6
11506	4
11507	23
11508	15
11509	4
11510	9
11511	4
11512	19
11513	16
11514	4
11515	4
11516	7
11517	19
11518	8
11519	4
11520	8
11521	8
11522	16
11523	7
11524	8
11525	4
11526	19
11527	19
11528	4
11529	9
11530	7
11531	4
11532	4
11533	7
11534	4
11535	19
11536	4
11537	4
11538	7
11539	8
11540	8
11541	16
11542	7
11543	8
11544	10
11545	14
11546	18
11547	5
11548	5
11549	7
11550	24
11551	5
11552	4
11553	4
11554	6
11555	23
11556	4
11557	15
11558	4
11559	15
11560	9
11561	19
11562	16
11563	4
11564	16
11565	7
11566	4
11567	16
11568	16
11569	6
11570	4
11571	19
11572	19
11573	24
11574	4
11575	19
11576	9
11577	8
11578	19
11579	4
11580	7
11581	4
11582	7
11583	4
11584	10
11585	5
11586	5
11587	18
11588	14
11589	7
11590	5
11591	24
11592	4
11593	4
11594	4
11595	7
11596	4
11597	4
11598	19
11599	8
11600	16
11601	8
11602	8
11603	7
11604	16
11605	16
11606	16
11607	4
11608	7
11609	6
11610	19
11611	4
11612	24
11613	19
11614	6
11615	4
11616	15
11617	4
11618	23
11619	15
11620	19
11621	9
11622	4
11623	16
11624	4
11625	19
11626	8
11627	9
11628	19
11629	4
11630	4
11631	7
11632	4
11633	7
11634	4
11635	6
11636	23
11637	4
11638	15
11639	15
11640	19
11641	16
11642	9
11643	4
11644	4
11645	4
11646	19
11647	7
11648	8
11649	4
11650	16
11651	7
11652	8
11653	8
11654	4
11655	16
11656	7
11657	16
11658	6
11659	16
11660	19
11661	19
11662	4
11663	24
11664	18
11665	10
11666	14
11667	5
11668	7
11669	5
11670	5
11671	4
11672	24
11673	4
11674	9
11675	4
11676	19
11677	19
11678	4
11679	8
11680	4
11681	7
11682	7
11683	4
11684	16
11685	16
11686	16
11687	7
11688	6
11689	4
11690	4
11691	24
11692	19
11693	19
11694	5
11695	10
11696	5
11697	14
11698	7
11699	18
11700	24
11701	4
11702	5
11703	4
11704	15
11705	6
11706	4
11707	23
11708	15
11709	4
11710	9
11711	4
11712	19
11713	16
11714	4
11715	4
11716	7
11717	19
11718	8
11719	4
11720	8
11721	8
11722	16
11723	7
11724	8
11725	4
11726	19
11727	19
11728	4
11729	9
11730	7
11731	4
11732	4
11733	7
11734	4
11735	19
11736	4
11737	4
11738	7
11739	8
11740	8
11741	16
11742	7
11743	8
11744	10
11745	14
11746	18
11747	5
11748	5
11749	7
11750	24
11751	5
11752	4
11753	4
11754	6
11755	23
11756	4
11757	15
11758	4
11759	15
11760	9
11761	19
11762	16
11763	4
11764	16
11765	7
11766	4
11767	16
11768	16
11769	6
11770	4
11771	19
11772	19
11773	24
11774	4
11775	19
11776	9
11777	8
11778	19
11779	4
11780	7
11781	4
11782	7
11783	4
11784	10
11785	5
11786	5
11787	18
11788	14
11789	7
11790	5
11791	24
11792	4
11793	4
11794	4
11795	7
11796	4
11797	4
11798	19
11799	8
11800	16
11801	8
11802	8
11803	7
11804	16
11805	16
11806	16
11807	4
11808	7
11809	6
11810	19
11811	4
11812	24
11813	19
11814	6
11815	4
11816	15
11817	4
11818	23
11819	15
11820	19
11821	9
11822	4
11823	16
11824	4
11825	19
11826	8
11827	9
11828	19
11829	4
11830	4
11831	7
11832	4
11833	7
11834	9
11835	19
11836	4
11837	4
11838	16
11839	4
11840	5
11841	4
11842	5
11843	7
11844	8
11845	16
11846	23
11847	16
11848	5
11849	6
11850	8
11851	16
11852	5
11853	4
11854	4
11855	4
11856	9
11857	19
11858	7
11859	4
11860	4
11861	5
11862	5
11863	16
11864	23
11865	16
11866	8
11867	16
11868	4
11869	6
11870	16
11871	8
11872	5
11873	5
11874	4
11875	7
11876	4
11877	7
11878	8
11879	21
11880	8
11881	8
11882	4
11883	8
11884	9
11885	19
11886	4
11887	4
11888	16
11889	4
11890	5
11891	4
11892	5
11893	7
11894	8
11895	16
11896	23
11897	16
11898	5
11899	6
11900	8
11901	16
11902	5
11903	4
11904	4
11905	4
11906	9
11907	19
11908	7
11909	4
11910	4
11911	5
11912	5
11913	16
11914	23
11915	16
11916	8
11917	16
11918	4
11919	6
11920	16
11921	8
11922	5
11923	5
11924	4
11925	7
11926	4
11927	7
11928	8
11929	21
11930	8
11931	8
11932	4
11933	8
11934	19
11935	4
11936	4
11937	9
11938	5
11939	4
11940	16
11941	7
11942	5
11943	4
11944	4
11945	19
11946	9
11947	4
11948	5
11949	5
11950	7
11951	16
11952	4
11953	4
11954	16
11955	16
11956	23
11957	8
11958	5
11959	16
11960	5
11961	4
11962	8
11963	6
11964	16
11965	16
11966	8
11967	23
11968	5
11969	8
11970	4
11971	5
11972	16
11973	6
11974	7
11975	7
11976	4
11977	4
11978	4
11979	8
11980	8
11981	8
11982	8
11983	21
11984	19
11985	4
11986	4
11987	9
11988	5
11989	4
11990	16
11991	7
11992	5
11993	4
11994	4
11995	19
11996	9
11997	4
11998	5
11999	5
12000	7
12001	16
12002	4
12003	4
12004	16
12005	16
12006	23
12007	8
12008	5
12009	16
12010	5
12011	4
12012	8
12013	6
12014	16
12015	16
12016	8
12017	23
12018	5
12019	8
12020	4
12021	5
12022	16
12023	6
12024	7
12025	7
12026	4
12027	4
12028	4
12029	8
12030	8
12031	8
12032	8
12033	21
12034	9
12035	19
12036	4
12037	4
12038	16
12039	4
12040	5
12041	4
12042	5
12043	7
12044	8
12045	16
12046	23
12047	16
12048	5
12049	6
12050	8
12051	16
12052	5
12053	4
12054	4
12055	4
12056	9
12057	19
12058	7
12059	4
12060	4
12061	5
12062	5
12063	16
12064	23
12065	16
12066	8
12067	16
12068	4
12069	6
12070	16
12071	8
12072	5
12073	5
12074	4
12075	7
12076	4
12077	7
12078	8
12079	21
12080	8
12081	8
12082	4
12083	8
12084	9
12085	19
12086	4
12087	4
12088	16
12089	4
12090	5
12091	4
12092	5
12093	7
12094	8
12095	16
12096	23
12097	16
12098	5
12099	6
12100	8
12101	16
12102	5
12103	4
12104	4
12105	4
12106	9
12107	19
12108	7
12109	4
12110	4
12111	5
12112	5
12113	16
12114	23
12115	16
12116	8
12117	16
12118	4
12119	6
12120	16
12121	8
12122	5
12123	5
12124	4
12125	7
12126	4
12127	7
12128	8
12129	21
12130	8
12131	8
12132	4
12133	8
12134	19
12135	4
12136	4
12137	9
12138	5
12139	4
12140	16
12141	7
12142	5
12143	4
12144	4
12145	19
12146	9
12147	4
12148	5
12149	5
12150	7
12151	16
12152	4
12153	4
12154	16
12155	16
12156	23
12157	8
12158	5
12159	16
12160	5
12161	4
12162	8
12163	6
12164	16
12165	16
12166	8
12167	23
12168	5
12169	8
12170	4
12171	5
12172	16
12173	6
12174	7
12175	7
12176	4
12177	4
12178	4
12179	8
12180	8
12181	8
12182	8
12183	21
12184	19
12185	4
12186	4
12187	9
12188	5
12189	4
12190	16
12191	7
12192	5
12193	4
12194	4
12195	19
12196	9
12197	4
12198	5
12199	5
12200	7
12201	16
12202	4
12203	4
12204	16
12205	16
12206	23
12207	8
12208	5
12209	16
12210	5
12211	4
12212	8
12213	6
12214	16
12215	16
12216	8
12217	23
12218	5
12219	8
12220	4
12221	5
12222	16
12223	6
12224	7
12225	7
12226	4
12227	4
12228	4
12229	8
12230	8
12231	8
12232	8
12233	21
12234	16
12235	8
12236	16
12237	23
12238	5
12239	5
12240	16
12241	8
12242	6
12243	4
12244	19
12245	9
12246	4
12247	4
12248	16
12249	5
12250	4
12251	5
12252	4
12253	7
12254	16
12255	23
12256	16
12257	8
12258	4
12259	5
12260	8
12261	16
12262	6
12263	5
12264	4
12265	4
12266	19
12267	9
12268	7
12269	5
12270	5
12271	4
12272	4
12273	16
12274	7
12275	4
12276	7
12277	4
12278	8
12279	4
12280	8
12281	8
12282	21
12283	8
12284	19
12285	4
12286	4
12287	9
12288	5
12289	4
12290	16
12291	7
12292	5
12293	4
12294	4
12295	19
12296	9
12297	4
12298	5
12299	5
12300	7
12301	16
12302	4
12303	4
12304	16
12305	16
12306	23
12307	8
12308	5
12309	16
12310	5
12311	4
12312	8
12313	6
12314	16
12315	16
12316	8
12317	23
12318	5
12319	8
12320	4
12321	5
12322	16
12323	6
12324	7
12325	7
12326	4
12327	4
12328	4
12329	8
12330	8
12331	8
12332	8
12333	21
12334	16
12335	8
12336	16
12337	23
12338	5
12339	5
12340	16
12341	8
12342	6
12343	4
12344	19
12345	9
12346	4
12347	4
12348	16
12349	5
12350	4
12351	5
12352	4
12353	7
12354	16
12355	23
12356	16
12357	8
12358	4
12359	5
12360	8
12361	16
12362	6
12363	5
12364	4
12365	4
12366	19
12367	9
12368	7
12369	5
12370	5
12371	4
12372	4
12373	16
12374	7
12375	4
12376	7
12377	4
12378	8
12379	4
12380	8
12381	8
12382	21
12383	8
12384	19
12385	4
12386	4
12387	9
12388	5
12389	4
12390	16
12391	7
12392	5
12393	4
12394	4
12395	19
12396	9
12397	4
12398	5
12399	5
12400	7
12401	16
12402	4
12403	4
12404	16
12405	16
12406	23
12407	8
12408	5
12409	16
12410	5
12411	4
12412	8
12413	6
12414	16
12415	16
12416	8
12417	23
12418	5
12419	8
12420	4
12421	5
12422	16
12423	6
12424	7
12425	7
12426	4
12427	4
12428	4
12429	8
12430	8
12431	8
12432	8
12433	21
12434	16
12435	8
12436	16
12437	23
12438	5
12439	5
12440	16
12441	8
12442	6
12443	4
12444	19
12445	9
12446	4
12447	4
12448	16
12449	5
12450	4
12451	5
12452	4
12453	7
12454	16
12455	23
12456	16
12457	8
12458	4
12459	5
12460	8
12461	16
12462	6
12463	5
12464	4
12465	4
12466	19
12467	9
12468	7
12469	5
12470	5
12471	4
12472	4
12473	16
12474	7
12475	4
12476	7
12477	4
12478	8
12479	4
12480	8
12481	8
12482	21
12483	8
12484	19
12485	4
12486	4
12487	9
12488	5
12489	4
12490	16
12491	7
12492	5
12493	4
12494	4
12495	19
12496	9
12497	4
12498	5
12499	5
12500	7
12501	16
12502	4
12503	4
12504	16
12505	16
12506	23
12507	8
12508	5
12509	16
12510	5
12511	4
12512	8
12513	6
12514	16
12515	16
12516	8
12517	23
12518	5
12519	8
12520	4
12521	5
12522	16
12523	6
12524	7
12525	7
12526	4
12527	4
12528	4
12529	8
12530	8
12531	8
12532	8
12533	21
12534	16
12535	8
12536	16
12537	23
12538	5
12539	5
12540	16
12541	8
12542	6
12543	4
12544	19
12545	9
12546	4
12547	4
12548	16
12549	5
12550	4
12551	5
12552	4
12553	7
12554	16
12555	23
12556	16
12557	8
12558	4
12559	5
12560	8
12561	16
12562	6
12563	5
12564	4
12565	4
12566	19
12567	9
12568	7
12569	5
12570	5
12571	4
12572	4
12573	16
12574	7
12575	4
12576	7
12577	4
12578	8
12579	4
12580	8
12581	8
12582	21
12583	8
12584	19
12585	4
12586	4
12587	9
12588	5
12589	4
12590	16
12591	7
12592	5
12593	4
12594	4
12595	19
12596	9
12597	4
12598	5
12599	5
12600	7
12601	16
12602	4
12603	4
12604	16
12605	16
12606	23
12607	8
12608	5
12609	16
12610	5
12611	4
12612	8
12613	6
12614	16
12615	16
12616	8
12617	23
12618	5
12619	8
12620	4
12621	5
12622	16
12623	6
12624	7
12625	7
12626	4
12627	4
12628	4
12629	8
12630	8
12631	8
12632	8
12633	21
12634	0
12635	0
12636	0
12637	0
12638	0
12639	0
12640	0
12641	0
12642	0
12643	0
12644	0
12645	0
12646	0
12647	0
12648	0
12649	0
12650	20
12651	3
12652	3
12653	3
12654	3
12655	3
12656	3
12657	3
12658	3
12659	3
12660	3
12661	3
12662	3
12663	3
12664	3
12665	3
12666	3
12667	3
12668	3
12669	3
12670	3
12671	3
12672	3
12673	3
12674	3
12675	3
12676	3
12677	3
12678	3
12679	3
12680	3
12681	3
12682	3
12683	13
12684	13
12685	13
12686	13
12687	13
12688	13
12689	13
12690	13
12691	13
12692	13
12693	13
12694	13
12695	13
12696	13
12697	13
12698	13
12699	20
12700	20
12701	2
12702	2
12703	2
12704	2
12705	2
12706	2
12707	2
12708	2
12709	2
12710	2
12711	2
12712	2
12713	2
12714	2
12715	2
12716	2
12717	3
12718	3
12719	3
12720	3
12721	3
12722	3
12723	3
12724	3
12725	3
12726	3
12727	3
12728	3
12729	3
12730	3
12731	3
12732	3
12733	11
12734	1
12735	11
12736	1
12737	11
12738	1
12739	11
12740	1
12741	3
12742	3
12743	3
12744	3
12745	3
12746	3
12747	3
12748	3
12749	29
12750	29
12751	30
12752	29
12753	29
12754	30
12755	29
12756	29
12757	30
12758	29
12759	29
12760	30
12761	29
12762	29
12763	30
12764	29
12765	29
12766	30
12767	29
12768	29
12769	30
12770	29
12771	29
12772	30
12773	2
12774	13
12775	2
12776	13
12777	3
12778	3
12779	3
12780	3
12781	2
12782	13
12783	2
12784	13
12785	3
12786	3
12787	3
12788	3
12789	2
12790	2
12791	2
12792	2
12793	2
12794	2
12795	2
12796	2
12797	31
12798	31
12799	11
12800	11
12801	31
12802	31
12803	11
12804	11
12805	4
12806	26
12807	4
12808	26
12809	6
12810	6
12811	7
12812	7
12813	5
12814	5
12815	5
12816	5
12817	6
12818	6
12819	14
12820	14
12821	4
12822	26
12823	4
12824	26
12825	6
12826	6
12827	7
12828	7
12829	5
12830	5
12831	5
12832	5
12833	6
12834	6
12835	14
12836	14
12837	4
12838	26
12839	4
12840	26
12841	6
12842	6
12843	7
12844	7
12845	5
12846	5
12847	5
12848	5
12849	6
12850	6
12851	14
12852	14
12853	4
12854	26
12855	4
12856	26
12857	6
12858	6
12859	7
12860	7
12861	5
12862	5
12863	5
12864	5
12865	6
12866	6
12867	14
12868	14
12869	8
12870	4
12871	5
12872	24
12873	6
12874	9
12875	5
12876	16
12877	6
12878	24
12879	9
12880	4
12881	8
12882	5
12883	16
12884	5
12885	8
12886	4
12887	5
12888	24
12889	6
12890	9
12891	5
12892	16
12893	6
12894	24
12895	9
12896	4
12897	8
12898	5
12899	16
12900	5
12901	8
12902	4
12903	5
12904	24
12905	6
12906	9
12907	5
12908	16
12909	6
12910	24
12911	9
12912	4
12913	8
12914	5
12915	16
12916	5
12917	8
12918	4
12919	5
12920	24
12921	6
12922	9
12923	5
12924	16
12925	6
12926	24
12927	9
12928	4
12929	8
12930	5
12931	16
12932	5
12933	16
12934	5
12935	8
12936	4
12937	5
12938	5
12939	16
12940	7
12941	8
12942	4
12943	16
12944	5
12945	5
12946	5
12947	7
12948	16
12949	16
12950	5
12951	8
12952	4
12953	5
12954	5
12955	16
12956	7
12957	8
12958	4
12959	16
12960	5
12961	5
12962	5
12963	7
12964	16
12965	16
12966	5
12967	8
12968	4
12969	5
12970	5
12971	16
12972	7
12973	8
12974	4
12975	16
12976	5
12977	5
12978	5
12979	7
12980	16
12981	16
12982	5
12983	8
12984	4
12985	5
12986	5
12987	16
12988	7
12989	8
12990	4
12991	16
12992	5
12993	5
12994	5
12995	7
12996	16
12997	9
12998	16
12999	8
13000	5
13001	5
13002	6
13003	4
13004	24
13005	5
13006	5
13007	6
13008	16
13009	9
13010	8
13011	24
13012	4
13013	9
13014	16
13015	8
13016	5
13017	5
13018	6
13019	4
13020	24
13021	5
13022	5
13023	6
13024	16
13025	9
13026	8
13027	24
13028	4
13029	9
13030	16
13031	8
13032	5
13033	5
13034	6
13035	4
13036	24
13037	5
13038	5
13039	6
13040	16
13041	9
13042	8
13043	24
13044	4
13045	9
13046	16
13047	8
13048	5
13049	5
13050	6
13051	4
13052	24
13053	5
13054	5
13055	6
13056	16
13057	9
13058	8
13059	24
13060	4
13061	8
13062	14
13063	7
13064	6
13065	8
13066	8
13067	4
13068	9
13069	2
13070	7
13071	5
13072	5
13073	10
13074	8
13075	23
13076	19
13077	7
13078	28
13079	7
13080	6
13081	8
13082	14
13083	8
13084	8
13085	9
13086	4
13087	5
13088	10
13089	7
13090	5
13091	23
13092	8
13093	7
13094	19
13095	2
13096	28
13097	9
13098	5
13099	9
13100	5
13101	5
13102	5
13103	19
13104	19
13105	8
13106	14
13107	7
13108	6
13109	8
13110	8
13111	4
13112	9
13113	2
13114	7
13115	5
13116	5
13117	10
13118	8
13119	23
13120	19
13121	7
13122	28
13123	7
13124	6
13125	8
13126	14
13127	8
13128	8
13129	9
13130	4
13131	5
13132	10
13133	7
13134	5
13135	23
13136	8
13137	7
13138	19
13139	2
13140	28
13141	9
13142	5
13143	9
13144	5
13145	5
13146	5
13147	19
13148	19
13149	8
13150	14
13151	7
13152	6
13153	8
13154	8
13155	4
13156	9
13157	2
13158	7
13159	5
13160	5
13161	10
13162	8
13163	23
13164	19
13165	7
13166	28
13167	7
13168	6
13169	8
13170	14
13171	8
13172	8
13173	9
13174	4
13175	5
13176	10
13177	7
13178	5
13179	23
13180	8
13181	7
13182	19
13183	2
13184	28
13185	9
13186	5
13187	9
13188	5
13189	5
13190	5
13191	19
13192	19
13193	8
13194	14
13195	7
13196	6
13197	8
13198	8
13199	4
13200	9
13201	2
13202	7
13203	5
13204	5
13205	10
13206	8
13207	23
13208	19
13209	7
13210	28
13211	7
13212	6
13213	8
13214	14
13215	8
13216	8
13217	9
13218	4
13219	5
13220	10
13221	7
13222	5
13223	23
13224	8
13225	7
13226	19
13227	2
13228	28
13229	9
13230	5
13231	9
13232	5
13233	5
13234	5
13235	19
13236	19
13237	19
13238	19
13239	14
13240	4
13241	4
13242	9
13243	19
13244	16
13245	19
13246	5
13247	7
13248	19
13249	7
13250	4
13251	9
13252	8
13253	4
13254	4
13255	9
13256	19
13257	19
13258	14
13259	16
13260	19
13261	7
13262	19
13263	4
13264	5
13265	19
13266	7
13267	8
13268	9
13269	2
13270	3
13271	2
13272	2
13273	3
13274	4
13275	9
13276	7
13277	9
13278	4
13279	7
13280	4
13281	4
13282	2
13283	3
13284	3
13285	19
13286	19
13287	14
13288	4
13289	4
13290	9
13291	19
13292	16
13293	19
13294	5
13295	7
13296	19
13297	7
13298	4
13299	9
13300	8
13301	4
13302	4
13303	9
13304	19
13305	19
13306	14
13307	16
13308	19
13309	7
13310	19
13311	4
13312	5
13313	19
13314	7
13315	8
13316	9
13317	2
13318	3
13319	2
13320	2
13321	3
13322	4
13323	9
13324	7
13325	9
13326	4
13327	7
13328	4
13329	4
13330	2
13331	3
13332	3
13333	19
13334	19
13335	14
13336	4
13337	4
13338	9
13339	19
13340	16
13341	19
13342	5
13343	7
13344	19
13345	7
13346	4
13347	9
13348	8
13349	4
13350	4
13351	9
13352	19
13353	19
13354	14
13355	16
13356	19
13357	7
13358	19
13359	4
13360	5
13361	19
13362	7
13363	8
13364	9
13365	2
13366	3
13367	2
13368	2
13369	3
13370	4
13371	9
13372	7
13373	9
13374	4
13375	7
13376	4
13377	4
13378	2
13379	3
13380	3
13381	19
13382	19
13383	14
13384	4
13385	4
13386	9
13387	19
13388	16
13389	19
13390	5
13391	7
13392	19
13393	7
13394	4
13395	9
13396	8
13397	4
13398	4
13399	9
13400	19
13401	19
13402	14
13403	16
13404	19
13405	7
13406	19
13407	4
13408	5
13409	19
13410	7
13411	8
13412	9
13413	2
13414	3
13415	2
13416	2
13417	3
13418	4
13419	9
13420	7
13421	9
13422	4
13423	7
13424	4
13425	4
13426	2
13427	3
13428	3
13429	1
13430	22
13431	0
13432	0
13433	23
13434	16
13435	7
13436	4
13437	5
13438	7
13439	23
13440	9
13441	4
13442	4
13443	7
13444	5
13445	9
13446	16
13447	9
13448	4
13449	6
13450	16
13451	4
13452	7
13453	8
13454	5
13455	16
13456	7
13457	8
13458	5
13459	5
13460	7
13461	5
13462	8
13463	7
13464	5
13465	4
13466	16
13467	19
13468	7
13469	5
13470	4
13471	7
13472	16
13473	7
13474	15
13475	16
13476	24
13477	8
13478	16
13479	8
13480	14
13481	5
13482	8
13483	9
13484	7
13485	7
13486	16
13487	5
13488	12
13489	7
13490	8
13491	10
13492	16
13493	16
13494	21
13495	4
13496	16
13497	7
13498	5
13499	4
13500	4
13501	16
13502	9
13503	4
13504	9
13505	7
13506	4
13507	23
13508	16
13509	7
13510	5
13511	9
13512	23
13513	5
13514	7
13515	8
13516	5
13517	8
13518	5
13519	5
13520	7
13521	4
13522	7
13523	6
13524	16
13525	5
13526	8
13527	7
13528	16
13529	16
13530	24
13531	7
13532	15
13533	16
13534	8
13535	14
13536	8
13537	19
13538	7
13539	4
13540	16
13541	4
13542	5
13543	16
13544	7
13545	10
13546	16
13547	7
13548	8
13549	21
13550	16
13551	16
13552	4
13553	9
13554	7
13555	5
13556	8
13557	16
13558	7
13559	12
13560	5
13561	16
13562	5
13563	6
13564	4
13565	14
13566	16
13567	7
13568	19
13569	6
13570	4
13571	16
13572	5
13573	16
13574	14
13575	19
13576	7
13577	16
13578	8
13579	4
13580	19
13581	9
13582	10
13583	6
13584	4
13585	4
13586	19
13587	16
13588	8
13589	10
13590	9
13591	4
13592	6
13593	23
13594	16
13595	7
13596	4
13597	5
13598	7
13599	23
13600	9
13601	4
13602	4
13603	7
13604	5
13605	9
13606	16
13607	9
13608	4
13609	6
13610	16
13611	4
13612	7
13613	8
13614	5
13615	16
13616	7
13617	8
13618	5
13619	5
13620	7
13621	5
13622	8
13623	7
13624	5
13625	4
13626	16
13627	19
13628	7
13629	5
13630	4
13631	7
13632	16
13633	7
13634	15
13635	16
13636	24
13637	8
13638	16
13639	8
13640	14
13641	5
13642	8
13643	9
13644	7
13645	7
13646	16
13647	5
13648	12
13649	7
13650	8
13651	10
13652	16
13653	16
13654	21
13655	4
13656	16
13657	7
13658	5
13659	4
13660	4
13661	16
13662	9
13663	4
13664	9
13665	7
13666	4
13667	23
13668	16
13669	7
13670	5
13671	9
13672	23
13673	5
13674	7
13675	8
13676	5
13677	8
13678	5
13679	5
13680	7
13681	4
13682	7
13683	6
13684	16
13685	5
13686	8
13687	7
13688	16
13689	16
13690	24
13691	7
13692	15
13693	16
13694	8
13695	14
13696	8
13697	19
13698	7
13699	4
13700	16
13701	4
13702	5
13703	16
13704	7
13705	10
13706	16
13707	7
13708	8
13709	21
13710	16
13711	16
13712	4
13713	9
13714	7
13715	5
13716	8
13717	16
13718	7
13719	12
13720	5
13721	16
13722	5
13723	6
13724	4
13725	14
13726	16
13727	7
13728	19
13729	6
13730	4
13731	16
13732	5
13733	16
13734	14
13735	19
13736	7
13737	16
13738	8
13739	4
13740	19
13741	9
13742	10
13743	6
13744	4
13745	4
13746	19
13747	16
13748	8
13749	10
13750	9
13751	4
13752	6
13753	23
13754	16
13755	7
13756	4
13757	5
13758	7
13759	23
13760	9
13761	4
13762	4
13763	7
13764	5
13765	9
13766	16
13767	9
13768	4
13769	6
13770	16
13771	4
13772	7
13773	8
13774	5
13775	16
13776	7
13777	8
13778	5
13779	5
13780	7
13781	5
13782	8
13783	7
13784	5
13785	4
13786	16
13787	19
13788	7
13789	5
13790	4
13791	7
13792	16
13793	7
13794	15
13795	16
13796	24
13797	8
13798	16
13799	8
13800	14
13801	5
13802	8
13803	9
13804	7
13805	7
13806	16
13807	5
13808	12
13809	7
13810	8
13811	10
13812	16
13813	16
13814	21
13815	4
13816	16
13817	7
13818	5
13819	4
13820	4
13821	16
13822	9
13823	4
13824	9
13825	7
13826	4
13827	23
13828	16
13829	7
13830	5
13831	9
13832	23
13833	5
13834	7
13835	8
13836	5
13837	8
13838	5
13839	5
13840	7
13841	4
13842	7
13843	6
13844	16
13845	5
13846	8
13847	7
13848	16
13849	16
13850	24
13851	7
13852	15
13853	16
13854	8
13855	14
13856	8
13857	19
13858	7
13859	4
13860	16
13861	4
13862	5
13863	16
13864	7
13865	10
13866	16
13867	7
13868	8
13869	21
13870	16
13871	16
13872	4
13873	9
13874	7
13875	5
13876	8
13877	16
13878	7
13879	12
13880	5
13881	16
13882	5
13883	6
13884	4
13885	14
13886	16
13887	7
13888	19
13889	6
13890	4
13891	16
13892	5
13893	16
13894	14
13895	19
13896	7
13897	16
13898	8
13899	4
13900	19
13901	9
13902	10
13903	6
13904	4
13905	4
13906	19
13907	16
13908	8
13909	10
13910	9
13911	4
13912	6
13913	23
13914	16
13915	7
13916	4
13917	5
13918	7
13919	23
13920	9
13921	4
13922	4
13923	7
13924	5
13925	9
13926	16
13927	9
13928	4
13929	6
13930	16
13931	4
13932	7
13933	8
13934	5
13935	16
13936	7
13937	8
13938	5
13939	5
13940	7
13941	5
13942	8
13943	7
13944	5
13945	4
13946	16
13947	19
13948	7
13949	5
13950	4
13951	7
13952	16
13953	7
13954	15
13955	16
13956	24
13957	8
13958	16
13959	8
13960	14
13961	5
13962	8
13963	9
13964	7
13965	7
13966	16
13967	5
13968	12
13969	7
13970	8
13971	10
13972	16
13973	16
13974	21
13975	4
13976	16
13977	7
13978	5
13979	4
13980	4
13981	16
13982	9
13983	4
13984	9
13985	7
13986	4
13987	23
13988	16
13989	7
13990	5
13991	9
13992	23
13993	5
13994	7
13995	8
13996	5
13997	8
13998	5
13999	5
14000	7
14001	4
14002	7
14003	6
14004	16
14005	5
14006	8
14007	7
14008	16
14009	16
14010	24
14011	7
14012	15
14013	16
14014	8
14015	14
14016	8
14017	19
14018	7
14019	4
14020	16
14021	4
14022	5
14023	16
14024	7
14025	10
14026	16
14027	7
14028	8
14029	21
14030	16
14031	16
14032	4
14033	9
14034	7
14035	5
14036	8
14037	16
14038	7
14039	12
14040	5
14041	16
14042	5
14043	6
14044	4
14045	14
14046	16
14047	7
14048	19
14049	6
14050	4
14051	16
14052	5
14053	16
14054	14
14055	19
14056	7
14057	16
14058	8
14059	4
14060	19
14061	9
14062	10
14063	6
14064	4
14065	4
14066	19
14067	16
14068	8
14069	10
14070	9
14071	4
14072	6
14073	7
14074	7
14075	4
14076	14
14077	16
14078	8
14079	5
14080	16
14081	7
14082	8
14083	24
14084	5
14085	15
14086	8
14087	10
14088	16
14089	9
14090	6
14091	4
14092	7
14093	8
14094	16
14095	4
14096	16
14097	5
14098	6
14099	6
14100	4
14101	21
14102	4
14103	5
14104	5
14105	4
14106	4
14107	8
14108	16
14109	16
14110	9
14111	7
14112	6
14113	4
14114	5
14115	16
14116	16
14117	8
14118	7
14119	14
14120	7
14121	6
14122	5
14123	21
14124	5
14125	4
14126	5
14127	4
14128	6
14129	24
14130	10
14131	15
14132	16
14133	8
14134	7
14135	5
14136	8
14137	21
14138	4
14139	4
14140	6
14141	5
14142	6
14143	5
14144	5
14145	8
14146	7
14147	16
14148	6
14149	9
14150	4
14151	16
14152	4
14153	15
14154	5
14155	8
14156	8
14157	7
14158	24
14159	16
14160	10
14161	16
14162	14
14163	8
14164	7
14165	7
14166	4
14167	16
14168	5
14169	8
14170	16
14171	7
14172	10
14173	24
14174	15
14175	8
14176	5
14177	4
14178	5
14179	5
14180	5
14181	6
14182	21
14183	6
14184	4
14185	8
14186	16
14187	7
14188	5
14189	4
14190	16
14191	7
14192	14
14193	16
14194	16
14195	9
14196	4
14197	4
14198	8
14199	6
14200	7
14201	7
14202	7
14203	9
14204	16
14205	16
14206	23
14207	19
14208	16
14209	9
14210	19
14211	16
14212	16
14213	23
14214	7
14215	16
14216	7
14217	23
14218	16
14219	7
14220	19
14221	9
14222	16
14223	7
14224	16
14225	16
14226	16
14227	23
14228	7
14229	7
14230	9
14231	16
14232	19
14233	7
14234	7
14235	4
14236	14
14237	16
14238	8
14239	5
14240	16
14241	7
14242	8
14243	24
14244	5
14245	15
14246	8
14247	10
14248	16
14249	9
14250	6
14251	4
14252	7
14253	8
14254	16
14255	4
14256	16
14257	5
14258	6
14259	6
14260	4
14261	21
14262	4
14263	5
14264	5
14265	4
14266	4
14267	8
14268	16
14269	16
14270	9
14271	7
14272	6
14273	4
14274	5
14275	16
14276	16
14277	8
14278	7
14279	14
14280	7
14281	6
14282	5
14283	21
14284	5
14285	4
14286	5
14287	4
14288	6
14289	24
14290	10
14291	15
14292	16
14293	8
14294	7
14295	5
14296	8
14297	21
14298	4
14299	4
14300	6
14301	5
14302	6
14303	5
14304	5
14305	8
14306	7
14307	16
14308	6
14309	9
14310	4
14311	16
14312	4
14313	15
14314	5
14315	8
14316	8
14317	7
14318	24
14319	16
14320	10
14321	16
14322	14
14323	8
14324	7
14325	7
14326	4
14327	16
14328	5
14329	8
14330	16
14331	7
14332	10
14333	24
14334	15
14335	8
14336	5
14337	4
14338	5
14339	5
14340	5
14341	6
14342	21
14343	6
14344	4
14345	8
14346	16
14347	7
14348	5
14349	4
14350	16
14351	7
14352	14
14353	16
14354	16
14355	9
14356	4
14357	4
14358	8
14359	6
14360	7
14361	7
14362	7
14363	9
14364	16
14365	16
14366	23
14367	19
14368	16
14369	9
14370	19
14371	16
14372	16
14373	23
14374	7
14375	16
14376	7
14377	23
14378	16
14379	7
14380	19
14381	9
14382	16
14383	7
14384	16
14385	16
14386	16
14387	23
14388	7
14389	7
14390	9
14391	16
14392	19
14393	7
14394	7
14395	4
14396	14
14397	16
14398	8
14399	5
14400	16
14401	7
14402	8
14403	24
14404	5
14405	15
14406	8
14407	10
14408	16
14409	9
14410	6
14411	4
14412	7
14413	8
14414	16
14415	4
14416	16
14417	5
14418	6
14419	6
14420	4
14421	21
14422	4
14423	5
14424	5
14425	4
14426	4
14427	8
14428	16
14429	16
14430	9
14431	7
14432	6
14433	4
14434	5
14435	16
14436	16
14437	8
14438	7
14439	14
14440	7
14441	6
14442	5
14443	21
14444	5
14445	4
14446	5
14447	4
14448	6
14449	24
14450	10
14451	15
14452	16
14453	8
14454	7
14455	5
14456	8
14457	21
14458	4
14459	4
14460	6
14461	5
14462	6
14463	5
14464	5
14465	8
14466	7
14467	16
14468	6
14469	9
14470	4
14471	16
14472	4
14473	15
14474	5
14475	8
14476	8
14477	7
14478	24
14479	16
14480	10
14481	16
14482	14
14483	8
14484	7
14485	7
14486	4
14487	16
14488	5
14489	8
14490	16
14491	7
14492	10
14493	24
14494	15
14495	8
14496	5
14497	4
14498	5
14499	5
14500	5
14501	6
14502	21
14503	6
14504	4
14505	8
14506	16
14507	7
14508	5
14509	4
14510	16
14511	7
14512	14
14513	16
14514	16
14515	9
14516	4
14517	4
14518	8
14519	6
14520	7
14521	7
14522	7
14523	9
14524	16
14525	16
14526	23
14527	19
14528	16
14529	9
14530	19
14531	16
14532	16
14533	23
14534	7
14535	16
14536	7
14537	23
14538	16
14539	7
14540	19
14541	9
14542	16
14543	7
14544	16
14545	16
14546	16
14547	23
14548	7
14549	7
14550	9
14551	16
14552	19
14553	7
14554	7
14555	4
14556	14
14557	16
14558	8
14559	5
14560	16
14561	7
14562	8
14563	24
14564	5
14565	15
14566	8
14567	10
14568	16
14569	9
14570	6
14571	4
14572	7
14573	8
14574	16
14575	4
14576	16
14577	5
14578	6
14579	6
14580	4
14581	21
14582	4
14583	5
14584	5
14585	4
14586	4
14587	8
14588	16
14589	16
14590	9
14591	7
14592	6
14593	4
14594	5
14595	16
14596	16
14597	8
14598	7
14599	14
14600	7
14601	6
14602	5
14603	21
14604	5
14605	4
14606	5
14607	4
14608	6
14609	24
14610	10
14611	15
14612	16
14613	8
14614	7
14615	5
14616	8
14617	21
14618	4
14619	4
14620	6
14621	5
14622	6
14623	5
14624	5
14625	8
14626	7
14627	16
14628	6
14629	9
14630	4
14631	16
14632	4
14633	15
14634	5
14635	8
14636	8
14637	7
14638	24
14639	16
14640	10
14641	16
14642	14
14643	8
14644	7
14645	7
14646	4
14647	16
14648	5
14649	8
14650	16
14651	7
14652	10
14653	24
14654	15
14655	8
14656	5
14657	4
14658	5
14659	5
14660	5
14661	6
14662	21
14663	6
14664	4
14665	8
14666	16
14667	7
14668	5
14669	4
14670	16
14671	7
14672	14
14673	16
14674	16
14675	9
14676	4
14677	4
14678	8
14679	6
14680	7
14681	7
14682	7
14683	9
14684	16
14685	16
14686	23
14687	19
14688	16
14689	9
14690	19
14691	16
14692	16
14693	23
14694	7
14695	16
14696	7
14697	23
14698	16
14699	7
14700	19
14701	9
14702	16
14703	7
14704	16
14705	16
14706	16
14707	23
14708	7
14709	7
14710	9
14711	16
14712	19
14713	21
14714	6
14715	9
14716	4
14717	8
14718	7
14719	8
14720	19
14721	19
14722	7
14723	9
14724	4
14725	4
14726	19
14727	9
14728	16
14729	9
14730	4
14731	21
14732	6
14733	7
14734	8
14735	19
14736	8
14737	9
14738	4
14739	19
14740	7
14741	19
14742	4
14743	16
14744	9
14745	16
14746	19
14747	16
14748	19
14749	7
14750	7
14751	19
14752	19
14753	21
14754	6
14755	9
14756	4
14757	8
14758	7
14759	8
14760	19
14761	19
14762	7
14763	9
14764	4
14765	4
14766	19
14767	9
14768	16
14769	9
14770	4
14771	21
14772	6
14773	7
14774	8
14775	19
14776	8
14777	9
14778	4
14779	19
14780	7
14781	19
14782	4
14783	16
14784	9
14785	16
14786	19
14787	16
14788	19
14789	7
14790	7
14791	19
14792	19
14793	21
14794	6
14795	9
14796	4
14797	8
14798	7
14799	8
14800	19
14801	19
14802	7
14803	9
14804	4
14805	4
14806	19
14807	9
14808	16
14809	9
14810	4
14811	21
14812	6
14813	7
14814	8
14815	19
14816	8
14817	9
14818	4
14819	19
14820	7
14821	19
14822	4
14823	16
14824	9
14825	16
14826	19
14827	16
14828	19
14829	7
14830	7
14831	19
14832	19
14833	21
14834	6
14835	9
14836	4
14837	8
14838	7
14839	8
14840	19
14841	19
14842	7
14843	9
14844	4
14845	4
14846	19
14847	9
14848	16
14849	9
14850	4
14851	21
14852	6
14853	7
14854	8
14855	19
14856	8
14857	9
14858	4
14859	19
14860	7
14861	19
14862	4
14863	16
14864	9
14865	16
14866	19
14867	16
14868	19
14869	7
14870	7
14871	19
14872	19
14873	2
14874	3
14875	4
14876	8
14877	19
14878	9
14879	7
14880	7
14881	5
14882	19
14883	14
14884	19
14885	4
14886	16
14887	9
14888	19
14889	4
14890	19
14891	7
14892	9
14893	7
14894	8
14895	4
14896	19
14897	19
14898	5
14899	9
14900	16
14901	19
14902	19
14903	14
14904	4
14905	19
14906	4
14907	3
14908	2
14909	2
14910	3
14911	7
14912	4
14913	4
14914	4
14915	7
14916	4
14917	9
14918	9
14919	2
14920	3
14921	4
14922	8
14923	19
14924	9
14925	7
14926	7
14927	5
14928	19
14929	14
14930	19
14931	4
14932	16
14933	9
14934	19
14935	4
14936	19
14937	7
14938	9
14939	7
14940	8
14941	4
14942	19
14943	19
14944	5
14945	9
14946	16
14947	19
14948	19
14949	14
14950	4
14951	19
14952	4
14953	3
14954	2
14955	2
14956	3
14957	7
14958	4
14959	4
14960	4
14961	7
14962	4
14963	9
14964	9
14965	2
14966	3
14967	4
14968	8
14969	19
14970	9
14971	7
14972	7
14973	5
14974	19
14975	14
14976	19
14977	4
14978	16
14979	9
14980	19
14981	4
14982	19
14983	7
14984	9
14985	7
14986	8
14987	4
14988	19
14989	19
14990	5
14991	9
14992	16
14993	19
14994	19
14995	14
14996	4
14997	19
14998	4
14999	3
15000	2
15001	2
15002	3
15003	7
15004	4
15005	4
15006	4
15007	7
15008	4
15009	9
15010	9
15011	2
15012	3
15013	4
15014	8
15015	19
15016	9
15017	7
15018	7
15019	5
15020	19
15021	14
15022	19
15023	4
15024	16
15025	9
15026	19
15027	4
15028	19
15029	7
15030	9
15031	7
15032	8
15033	4
15034	19
15035	19
15036	5
15037	9
15038	16
15039	19
15040	19
15041	14
15042	4
15043	19
15044	4
15045	3
15046	2
15047	2
15048	3
15049	7
15050	4
15051	4
15052	4
15053	7
15054	4
15055	9
15056	9
15057	17
15058	0
15059	17
15060	0
15061	17
15062	0
15063	0
15064	17
15065	9
15066	4
15067	9
15068	4
15069	16
15070	16
15071	9
15072	8
15073	4
15074	14
15075	21
15076	4
15077	4
15078	8
15079	16
15080	5
15081	8
15082	4
15083	2
15084	4
15085	3
15086	6
15087	6
15088	16
15089	5
15090	9
15091	8
15092	16
15093	8
15094	8
15095	6
15096	5
15097	16
15098	23
15099	19
15100	23
15101	4
15102	15
15103	4
15104	8
15105	9
15106	16
15107	9
15108	4
15109	9
15110	4
15111	16
15112	16
15113	9
15114	8
15115	4
15116	14
15117	21
15118	4
15119	4
15120	8
15121	16
15122	5
15123	8
15124	4
15125	2
15126	4
15127	3
15128	6
15129	6
15130	16
15131	5
15132	9
15133	8
15134	16
15135	8
15136	8
15137	6
15138	5
15139	16
15140	23
15141	19
15142	23
15143	4
15144	15
15145	4
15146	8
15147	9
15148	16
15149	9
15150	8
15151	8
15152	8
15153	9
15154	4
15155	8
15156	4
15157	5
15158	9
15159	4
15160	6
15161	16
15162	8
15163	4
15164	16
15165	19
15166	23
15167	24
15168	9
15169	16
15170	8
15171	4
15172	5
15173	7
15174	4
15175	8
15176	4
15177	19
15178	7
15179	16
15180	9
15181	4
15182	5
15183	7
15184	7
15185	6
15186	16
15187	5
15188	16
15189	9
15190	8
15191	8
15192	8
15193	9
15194	4
15195	8
15196	4
15197	5
15198	9
15199	4
15200	6
15201	16
15202	8
15203	4
15204	16
15205	19
15206	23
15207	24
15208	9
15209	16
15210	8
15211	4
15212	5
15213	7
15214	4
15215	8
15216	4
15217	19
15218	7
15219	16
15220	9
15221	4
15222	5
15223	7
15224	7
15225	6
15226	16
15227	5
15228	16
15229	9
15230	4
15231	9
15232	4
15233	16
15234	16
15235	9
15236	8
15237	4
15238	14
15239	21
15240	4
15241	4
15242	8
15243	16
15244	5
15245	8
15246	4
15247	2
15248	4
15249	3
15250	6
15251	6
15252	16
15253	5
15254	9
15255	8
15256	16
15257	8
15258	8
15259	6
15260	5
15261	16
15262	23
15263	19
15264	23
15265	4
15266	15
15267	4
15268	8
15269	9
15270	16
15271	9
15272	4
15273	9
15274	4
15275	16
15276	16
15277	9
15278	8
15279	4
15280	14
15281	21
15282	4
15283	4
15284	8
15285	16
15286	5
15287	8
15288	4
15289	2
15290	4
15291	3
15292	6
15293	6
15294	16
15295	5
15296	9
15297	8
15298	16
15299	8
15300	8
15301	6
15302	5
15303	16
15304	23
15305	19
15306	23
15307	4
15308	15
15309	4
15310	8
15311	9
15312	16
15313	9
15314	8
15315	8
15316	8
15317	9
15318	4
15319	8
15320	4
15321	5
15322	9
15323	4
15324	6
15325	16
15326	8
15327	4
15328	16
15329	19
15330	23
15331	24
15332	9
15333	16
15334	8
15335	4
15336	5
15337	7
15338	4
15339	8
15340	4
15341	19
15342	7
15343	16
15344	9
15345	4
15346	5
15347	7
15348	7
15349	6
15350	16
15351	5
15352	16
15353	9
15354	8
15355	8
15356	8
15357	9
15358	4
15359	8
15360	4
15361	5
15362	9
15363	4
15364	6
15365	16
15366	8
15367	4
15368	16
15369	19
15370	23
15371	24
15372	9
15373	16
15374	8
15375	4
15376	5
15377	7
15378	4
15379	8
15380	4
15381	19
15382	7
15383	16
15384	9
15385	4
15386	5
15387	7
15388	7
15389	6
15390	16
15391	5
15392	16
15393	0
15394	22
15395	16
15396	23
15397	4
15398	23
15399	9
15400	15
15401	7
15402	4
15403	7
15404	9
15405	24
15406	6
15407	19
15408	16
15409	9
15410	4
15411	5
15412	4
15413	8
15414	8
15415	16
15416	8
15417	7
15418	19
15419	4
15420	9
15421	3
15422	2
15423	5
15424	4
15425	8
15426	5
15427	16
15428	15
15429	4
15430	4
15431	8
15432	4
15433	16
15434	9
15435	4
15436	5
15437	8
15438	8
15439	9
15440	8
15441	5
15442	7
15443	4
15444	4
15445	8
15446	19
15447	9
15448	7
15449	4
15450	5
15451	10
15452	18
15453	4
15454	4
15455	4
15456	5
15457	16
15458	16
15459	19
15460	16
15461	5
15462	10
15463	23
15464	4
15465	4
15466	16
15467	5
15468	14
15469	4
15470	4
15471	7
15472	18
15473	9
15474	8
15475	4
15476	7
15477	8
15478	8
15479	5
15480	7
15481	4
15482	16
15483	3
15484	2
15485	9
15486	5
15487	19
15488	4
15489	4
15490	15
15491	16
15492	4
15493	9
15494	16
15495	4
15496	5
15497	4
15498	8
15499	8
15500	8
15501	4
15502	7
15503	19
15504	8
15505	9
15506	4
15507	8
15508	5
15509	4
15510	7
15511	4
15512	18
15513	5
15514	5
15515	4
15516	4
15517	9
15518	10
15519	16
15520	23
15521	4
15522	23
15523	9
15524	15
15525	7
15526	4
15527	7
15528	9
15529	24
15530	6
15531	19
15532	16
15533	9
15534	4
15535	5
15536	4
15537	8
15538	8
15539	16
15540	8
15541	7
15542	19
15543	4
15544	9
15545	3
15546	2
15547	5
15548	4
15549	8
15550	5
15551	16
15552	15
15553	4
15554	4
15555	8
15556	4
15557	16
15558	9
15559	4
15560	5
15561	8
15562	8
15563	9
15564	8
15565	5
15566	7
15567	4
15568	4
15569	8
15570	19
15571	9
15572	7
15573	4
15574	5
15575	10
15576	18
15577	4
15578	4
15579	4
15580	5
15581	16
15582	16
15583	19
15584	16
15585	5
15586	10
15587	23
15588	4
15589	4
15590	16
15591	5
15592	14
15593	4
15594	4
15595	7
15596	18
15597	9
15598	8
15599	4
15600	7
15601	8
15602	8
15603	5
15604	7
15605	4
15606	16
15607	3
15608	2
15609	9
15610	5
15611	19
15612	4
15613	4
15614	15
15615	16
15616	4
15617	9
15618	16
15619	4
15620	5
15621	4
15622	8
15623	8
15624	8
15625	4
15626	7
15627	19
15628	8
15629	9
15630	4
15631	8
15632	5
15633	4
15634	7
15635	4
15636	18
15637	5
15638	5
15639	4
15640	4
15641	9
15642	10
15643	16
15644	23
15645	4
15646	23
15647	9
15648	15
15649	7
15650	4
15651	7
15652	9
15653	24
15654	6
15655	19
15656	16
15657	9
15658	4
15659	5
15660	4
15661	8
15662	8
15663	16
15664	8
15665	7
15666	19
15667	4
15668	9
15669	3
15670	2
15671	5
15672	4
15673	8
15674	5
15675	16
15676	15
15677	4
15678	4
15679	8
15680	4
15681	16
15682	9
15683	4
15684	5
15685	8
15686	8
15687	9
15688	8
15689	5
15690	7
15691	4
15692	4
15693	8
15694	19
15695	9
15696	7
15697	4
15698	5
15699	10
15700	18
15701	4
15702	4
15703	4
15704	5
15705	16
15706	16
15707	19
15708	16
15709	5
15710	10
15711	23
15712	4
15713	4
15714	16
15715	5
15716	14
15717	4
15718	4
15719	7
15720	18
15721	9
15722	8
15723	4
15724	7
15725	8
15726	8
15727	5
15728	7
15729	4
15730	16
15731	3
15732	2
15733	9
15734	5
15735	19
15736	4
15737	4
15738	15
15739	16
15740	4
15741	9
15742	16
15743	4
15744	5
15745	4
15746	8
15747	8
15748	8
15749	4
15750	7
15751	19
15752	8
15753	9
15754	4
15755	8
15756	5
15757	4
15758	7
15759	4
15760	18
15761	5
15762	5
15763	4
15764	4
15765	9
15766	10
15767	16
15768	23
15769	4
15770	23
15771	9
15772	15
15773	7
15774	4
15775	7
15776	9
15777	24
15778	6
15779	19
15780	16
15781	9
15782	4
15783	5
15784	4
15785	8
15786	8
15787	16
15788	8
15789	7
15790	19
15791	4
15792	9
15793	3
15794	2
15795	5
15796	4
15797	8
15798	5
15799	16
15800	15
15801	4
15802	4
15803	8
15804	4
15805	16
15806	9
15807	4
15808	5
15809	8
15810	8
15811	9
15812	8
15813	5
15814	7
15815	4
15816	4
15817	8
15818	19
15819	9
15820	7
15821	4
15822	5
15823	10
15824	18
15825	4
15826	4
15827	4
15828	5
15829	16
15830	16
15831	19
15832	16
15833	5
15834	10
15835	23
15836	4
15837	4
15838	16
15839	5
15840	14
15841	4
15842	4
15843	7
15844	18
15845	9
15846	8
15847	4
15848	7
15849	8
15850	8
15851	5
15852	7
15853	4
15854	16
15855	3
15856	2
15857	9
15858	5
15859	19
15860	4
15861	4
15862	15
15863	16
15864	4
15865	9
15866	16
15867	4
15868	5
15869	4
15870	8
15871	8
15872	8
15873	4
15874	7
15875	19
15876	8
15877	9
15878	4
15879	8
15880	5
15881	4
15882	7
15883	4
15884	18
15885	5
15886	5
15887	4
15888	4
15889	9
15890	10
15891	17
15892	17
15893	17
15894	17
15895	17
15896	0
15897	17
15898	0
15899	0
15900	0
15901	0
15902	0
15903	0
15904	1
15905	0
15906	1
15907	0
15908	16
15909	4
15910	4
15911	4
15912	6
15913	7
15914	19
15915	5
15916	5
15917	5
15918	4
15919	12
15920	14
15921	8
15922	8
15923	7
15924	7
15925	19
15926	7
15927	19
15928	23
15929	23
15930	5
15931	5
15932	8
15933	14
15934	8
15935	14
15936	4
15937	4
15938	5
15939	5
15940	8
15941	4
15942	4
15943	9
15944	4
15945	8
15946	8
15947	24
15948	8
15949	4
15950	9
15951	16
15952	4
15953	9
15954	8
15955	16
15956	4
15957	9
15958	8
15959	4
15960	8
15961	4
15962	24
15963	8
15964	9
15965	16
15966	8
15967	4
15968	9
15969	4
15970	16
15971	8
15972	4
15973	7
15974	4
15975	7
15976	5
15977	5
15978	5
15979	5
15980	7
15981	4
15982	7
15983	4
15984	16
15985	16
15986	4
15987	4
15988	4
15989	4
15990	16
15991	4
15992	7
15993	6
15994	5
15995	19
15996	4
15997	12
15998	5
15999	5
16000	8
16001	14
16002	7
16003	8
16004	16
16005	7
16006	10
16007	19
16008	23
16009	23
16010	5
16011	4
16012	7
16013	16
16014	14
16015	7
16016	4
16017	9
16018	5
16019	4
16020	5
16021	4
16022	5
16023	5
16024	7
16025	4
16026	4
16027	5
16028	4
16029	9
16030	4
16031	16
16032	4
16033	9
16034	7
16035	4
16036	10
16037	19
16038	16
16039	7
16040	23
16041	23
16042	4
16043	5
16044	14
16045	7
16046	7
16047	16
16048	9
16049	4
16050	4
16051	5
16052	5
16053	5
16054	5
16055	4
16056	4
16057	7
16058	5
16059	4
16060	4
16061	16
16062	4
16063	9
16064	9
16065	4
16066	4
16067	7
16068	0
16069	11
16070	0
16071	16
16072	4
16073	4
16074	4
16075	6
16076	7
16077	19
16078	5
16079	5
16080	5
16081	4
16082	12
16083	14
16084	8
16085	8
16086	7
16087	7
16088	19
16089	7
16090	19
16091	23
16092	23
16093	5
16094	5
16095	8
16096	14
16097	8
16098	14
16099	4
16100	4
16101	5
16102	5
16103	8
16104	4
16105	4
16106	9
16107	4
16108	8
16109	8
16110	24
16111	8
16112	4
16113	9
16114	16
16115	4
16116	9
16117	8
16118	16
16119	4
16120	9
16121	8
16122	4
16123	8
16124	4
16125	24
16126	8
16127	9
16128	16
16129	8
16130	4
16131	9
16132	4
16133	16
16134	8
16135	4
16136	7
16137	4
16138	7
16139	5
16140	5
16141	5
16142	5
16143	7
16144	4
16145	7
16146	4
16147	16
16148	16
16149	4
16150	4
16151	4
16152	4
16153	16
16154	4
16155	7
16156	6
16157	5
16158	19
16159	4
16160	12
16161	5
16162	5
16163	8
16164	14
16165	7
16166	8
16167	16
16168	7
16169	10
16170	19
16171	23
16172	23
16173	5
16174	4
16175	7
16176	16
16177	14
16178	7
16179	4
16180	9
16181	5
16182	4
16183	5
16184	4
16185	5
16186	5
16187	7
16188	4
16189	4
16190	5
16191	4
16192	9
16193	4
16194	16
16195	4
16196	9
16197	7
16198	4
16199	10
16200	19
16201	16
16202	7
16203	23
16204	23
16205	4
16206	5
16207	14
16208	7
16209	7
16210	16
16211	9
16212	4
16213	4
16214	5
16215	5
16216	5
16217	5
16218	4
16219	4
16220	7
16221	5
16222	4
16223	4
16224	16
16225	4
16226	9
16227	9
16228	4
16229	4
16230	7
16231	0
16232	11
16233	11
16234	11
16235	0
16236	16
16237	4
16238	4
16239	4
16240	6
16241	7
16242	19
16243	5
16244	5
16245	5
16246	4
16247	12
16248	14
16249	8
16250	8
16251	7
16252	7
16253	19
16254	7
16255	19
16256	23
16257	23
16258	5
16259	5
16260	8
16261	14
16262	8
16263	14
16264	4
16265	4
16266	5
16267	5
16268	8
16269	4
16270	4
16271	9
16272	4
16273	8
16274	8
16275	24
16276	8
16277	4
16278	9
16279	16
16280	4
16281	9
16282	8
16283	16
16284	4
16285	9
16286	8
16287	4
16288	8
16289	4
16290	24
16291	8
16292	9
16293	16
16294	8
16295	4
16296	9
16297	4
16298	16
16299	8
16300	4
16301	7
16302	4
16303	7
16304	5
16305	5
16306	5
16307	5
16308	7
16309	4
16310	7
16311	4
16312	16
16313	16
16314	4
16315	4
16316	4
16317	4
16318	16
16319	4
16320	7
16321	6
16322	5
16323	19
16324	4
16325	12
16326	5
16327	5
16328	8
16329	14
16330	7
16331	8
16332	16
16333	7
16334	10
16335	19
16336	23
16337	23
16338	5
16339	4
16340	7
16341	16
16342	14
16343	7
16344	4
16345	9
16346	5
16347	4
16348	5
16349	4
16350	5
16351	5
16352	7
16353	4
16354	4
16355	5
16356	4
16357	9
16358	4
16359	16
16360	4
16361	9
16362	7
16363	4
16364	10
16365	19
16366	16
16367	7
16368	23
16369	23
16370	4
16371	5
16372	14
16373	7
16374	7
16375	16
16376	9
16377	4
16378	4
16379	5
16380	5
16381	5
16382	5
16383	4
16384	4
16385	7
16386	5
16387	4
16388	4
16389	16
16390	4
16391	9
16392	9
16393	4
16394	4
16395	7
16396	0
16397	11
16398	0
16399	16
16400	4
16401	4
16402	4
16403	6
16404	7
16405	19
16406	5
16407	5
16408	5
16409	4
16410	12
16411	14
16412	8
16413	8
16414	7
16415	7
16416	19
16417	7
16418	19
16419	23
16420	23
16421	5
16422	5
16423	8
16424	14
16425	8
16426	14
16427	4
16428	4
16429	5
16430	5
16431	8
16432	4
16433	4
16434	9
16435	4
16436	8
16437	8
16438	24
16439	8
16440	4
16441	9
16442	16
16443	4
16444	9
16445	8
16446	16
16447	4
16448	9
16449	8
16450	4
16451	8
16452	4
16453	24
16454	8
16455	9
16456	16
16457	8
16458	4
16459	9
16460	4
16461	16
16462	8
16463	4
16464	7
16465	4
16466	7
16467	5
16468	5
16469	5
16470	5
16471	7
16472	4
16473	7
16474	4
16475	16
16476	16
16477	4
16478	4
16479	4
16480	4
16481	16
16482	4
16483	7
16484	6
16485	5
16486	19
16487	4
16488	12
16489	5
16490	5
16491	8
16492	14
16493	7
16494	8
16495	16
16496	7
16497	10
16498	19
16499	23
16500	23
16501	5
16502	4
16503	7
16504	16
16505	14
16506	7
16507	4
16508	9
16509	5
16510	4
16511	5
16512	4
16513	5
16514	5
16515	7
16516	4
16517	4
16518	5
16519	4
16520	9
16521	4
16522	16
16523	4
16524	9
16525	7
16526	4
16527	10
16528	19
16529	16
16530	7
16531	23
16532	23
16533	4
16534	5
16535	14
16536	7
16537	7
16538	16
16539	9
16540	4
16541	4
16542	5
16543	5
16544	5
16545	5
16546	4
16547	4
16548	7
16549	5
16550	4
16551	4
16552	16
16553	4
16554	9
16555	9
16556	4
16557	4
16558	7
16559	0
16560	11
16561	11
16562	11
16563	22
16564	0
16565	22
16566	0
16567	2
16568	3
16569	18
16570	9
16571	9
16572	7
16573	4
16574	9
16575	18
16576	4
16577	10
16578	9
16579	4
16580	5
16581	8
16582	4
16583	7
16584	4
16585	4
16586	8
16587	4
16588	9
16589	4
16590	8
16591	10
16592	5
16593	4
16594	9
16595	8
16596	8
16597	4
16598	4
16599	5
16600	10
16601	7
16602	4
16603	7
16604	23
16605	19
16606	5
16607	4
16608	19
16609	16
16610	4
16611	4
16612	16
16613	4
16614	5
16615	9
16616	5
16617	4
16618	16
16619	5
16620	4
16621	16
16622	4
16623	5
16624	9
16625	19
16626	23
16627	5
16628	4
16629	7
16630	7
16631	19
16632	4
16633	7
16634	24
16635	8
16636	16
16637	5
16638	4
16639	4
16640	8
16641	5
16642	16
16643	4
16644	24
16645	7
16646	8
16647	8
16648	4
16649	8
16650	5
16651	4
16652	9
16653	10
16654	4
16655	4
16656	7
16657	4
16658	7
16659	9
16660	9
16661	18
16662	9
16663	4
16664	18
16665	14
16666	4
16667	19
16668	7
16669	23
16670	16
16671	5
16672	8
16673	16
16674	15
16675	4
16676	8
16677	9
16678	16
16679	8
16680	9
16681	4
16682	19
16683	8
16684	23
16685	16
16686	16
16687	7
16688	4
16689	16
16690	4
16691	15
16692	6
16693	5
16694	5
16695	8
16696	4
16697	9
16698	8
16699	16
16700	15
16701	16
16702	4
16703	9
16704	8
16705	23
16706	7
16707	16
16708	4
16709	14
16710	19
16711	8
16712	5
16713	5
16714	6
16715	5
16716	4
16717	16
16718	15
16719	4
16720	8
16721	16
16722	23
16723	16
16724	19
16725	4
16726	8
16727	4
16728	7
16729	2
16730	3
16731	18
16732	9
16733	9
16734	7
16735	4
16736	9
16737	18
16738	4
16739	10
16740	9
16741	4
16742	5
16743	8
16744	4
16745	7
16746	4
16747	4
16748	8
16749	4
16750	9
16751	4
16752	8
16753	10
16754	5
16755	4
16756	9
16757	8
16758	8
16759	4
16760	4
16761	5
16762	10
16763	7
16764	4
16765	7
16766	23
16767	19
16768	5
16769	4
16770	19
16771	16
16772	4
16773	4
16774	16
16775	4
16776	5
16777	9
16778	5
16779	4
16780	16
16781	5
16782	4
16783	16
16784	4
16785	5
16786	9
16787	19
16788	23
16789	5
16790	4
16791	7
16792	7
16793	19
16794	4
16795	7
16796	24
16797	8
16798	16
16799	5
16800	4
16801	4
16802	8
16803	5
16804	16
16805	4
16806	24
16807	7
16808	8
16809	8
16810	4
16811	8
16812	5
16813	4
16814	9
16815	10
16816	4
16817	4
16818	7
16819	4
16820	7
16821	9
16822	9
16823	18
16824	9
16825	4
16826	18
16827	14
16828	4
16829	19
16830	7
16831	23
16832	16
16833	5
16834	8
16835	16
16836	15
16837	4
16838	8
16839	9
16840	16
16841	8
16842	9
16843	4
16844	19
16845	8
16846	23
16847	16
16848	16
16849	7
16850	4
16851	16
16852	4
16853	15
16854	6
16855	5
16856	5
16857	8
16858	4
16859	9
16860	8
16861	16
16862	15
16863	16
16864	4
16865	9
16866	8
16867	23
16868	7
16869	16
16870	4
16871	14
16872	19
16873	8
16874	5
16875	5
16876	6
16877	5
16878	4
16879	16
16880	15
16881	4
16882	8
16883	16
16884	23
16885	16
16886	19
16887	4
16888	8
16889	4
16890	7
16891	2
16892	3
16893	18
16894	9
16895	9
16896	7
16897	4
16898	9
16899	18
16900	4
16901	10
16902	9
16903	4
16904	5
16905	8
16906	4
16907	7
16908	4
16909	4
16910	8
16911	4
16912	9
16913	4
16914	8
16915	10
16916	5
16917	4
16918	9
16919	8
16920	8
16921	4
16922	4
16923	5
16924	10
16925	7
16926	4
16927	7
16928	23
16929	19
16930	5
16931	4
16932	19
16933	16
16934	4
16935	4
16936	16
16937	4
16938	5
16939	9
16940	5
16941	4
16942	16
16943	5
16944	4
16945	16
16946	4
16947	5
16948	9
16949	19
16950	23
16951	5
16952	4
16953	7
16954	7
16955	19
16956	4
16957	7
16958	24
16959	8
16960	16
16961	5
16962	4
16963	4
16964	8
16965	5
16966	16
16967	4
16968	24
16969	7
16970	8
16971	8
16972	4
16973	8
16974	5
16975	4
16976	9
16977	10
16978	4
16979	4
16980	7
16981	4
16982	7
16983	9
16984	9
16985	18
16986	9
16987	4
16988	18
16989	14
16990	4
16991	19
16992	7
16993	23
16994	16
16995	5
16996	8
16997	16
16998	15
16999	4
17000	8
17001	9
17002	16
17003	8
17004	9
17005	4
17006	19
17007	8
17008	23
17009	16
17010	16
17011	7
17012	4
17013	16
17014	4
17015	15
17016	6
17017	5
17018	5
17019	8
17020	4
17021	9
17022	8
17023	16
17024	15
17025	16
17026	4
17027	9
17028	8
17029	23
17030	7
17031	16
17032	4
17033	14
17034	19
17035	8
17036	5
17037	5
17038	6
17039	5
17040	4
17041	16
17042	15
17043	4
17044	8
17045	16
17046	23
17047	16
17048	19
17049	4
17050	8
17051	4
17052	7
17053	2
17054	3
17055	18
17056	9
17057	9
17058	7
17059	4
17060	9
17061	18
17062	4
17063	10
17064	9
17065	4
17066	5
17067	8
17068	4
17069	7
17070	4
17071	4
17072	8
17073	4
17074	9
17075	4
17076	8
17077	10
17078	5
17079	4
17080	9
17081	8
17082	8
17083	4
17084	4
17085	5
17086	10
17087	7
17088	4
17089	7
17090	23
17091	19
17092	5
17093	4
17094	19
17095	16
17096	4
17097	4
17098	16
17099	4
17100	5
17101	9
17102	5
17103	4
17104	16
17105	5
17106	4
17107	16
17108	4
17109	5
17110	9
17111	19
17112	23
17113	5
17114	4
17115	7
17116	7
17117	19
17118	4
17119	7
17120	24
17121	8
17122	16
17123	5
17124	4
17125	4
17126	8
17127	5
17128	16
17129	4
17130	24
17131	7
17132	8
17133	8
17134	4
17135	8
17136	5
17137	4
17138	9
17139	10
17140	4
17141	4
17142	7
17143	4
17144	7
17145	9
17146	9
17147	18
17148	9
17149	4
17150	18
17151	14
17152	4
17153	19
17154	7
17155	23
17156	16
17157	5
17158	8
17159	16
17160	15
17161	4
17162	8
17163	9
17164	16
17165	8
17166	9
17167	4
17168	19
17169	8
17170	23
17171	16
17172	16
17173	7
17174	4
17175	16
17176	4
17177	15
17178	6
17179	5
17180	5
17181	8
17182	4
17183	9
17184	8
17185	16
17186	15
17187	16
17188	4
17189	9
17190	8
17191	23
17192	7
17193	16
17194	4
17195	14
17196	19
17197	8
17198	5
17199	5
17200	6
17201	5
17202	4
17203	16
17204	15
17205	4
17206	8
17207	16
17208	23
17209	16
17210	19
17211	4
17212	8
17213	4
17214	7
17215	17
17216	0
17217	17
17218	17
17219	20
17220	20
17221	7
17222	6
17223	16
17224	24
17225	8
17226	15
17227	7
17228	5
17229	10
17230	26
17231	14
17232	5
17233	23
17234	7
17235	5
17236	7
17237	8
17238	6
17239	5
17240	14
17241	7
17242	6
17243	16
17244	24
17245	8
17246	15
17247	7
17248	5
17249	10
17250	26
17251	14
17252	5
17253	23
17254	7
17255	5
17256	7
17257	8
17258	6
17259	5
17260	14
17261	9
17262	19
17263	21
17264	7
17265	7
17266	5
17267	14
17268	8
17269	7
17270	16
17271	6
17272	10
17273	16
17274	7
17275	5
17276	9
17277	19
17278	14
17279	4
17280	15
17281	9
17282	19
17283	21
17284	7
17285	7
17286	5
17287	14
17288	8
17289	7
17290	16
17291	6
17292	10
17293	16
17294	7
17295	5
17296	9
17297	19
17298	14
17299	4
17300	15
17301	7
17302	6
17303	16
17304	24
17305	8
17306	15
17307	7
17308	5
17309	10
17310	26
17311	14
17312	5
17313	23
17314	7
17315	5
17316	7
17317	8
17318	6
17319	5
17320	14
17321	7
17322	6
17323	16
17324	24
17325	8
17326	15
17327	7
17328	5
17329	10
17330	26
17331	14
17332	5
17333	23
17334	7
17335	5
17336	7
17337	8
17338	6
17339	5
17340	14
17341	9
17342	19
17343	21
17344	7
17345	7
17346	5
17347	14
17348	8
17349	7
17350	16
17351	6
17352	10
17353	16
17354	7
17355	5
17356	9
17357	19
17358	14
17359	4
17360	15
17361	9
17362	19
17363	21
17364	7
17365	7
17366	5
17367	14
17368	8
17369	7
17370	16
17371	6
17372	10
17373	16
17374	7
17375	5
17376	9
17377	19
17378	14
17379	4
17380	15
17381	0
17382	0
17383	0
17384	17
17385	17
17386	17
17387	0
17388	0
17389	0
17390	17
17391	17
17392	17
17393	17
17394	17
17395	17
17396	0
17397	0
17398	0
17399	17
17400	17
17401	17
17402	0
17403	0
17404	0
17405	6
17406	16
17407	15
17408	4
17409	14
17410	9
17411	4
17412	7
17413	7
17414	21
17415	6
17416	5
17417	9
17418	19
17419	24
17420	6
17421	19
17422	10
17423	5
17424	5
17425	9
17426	6
17427	4
17428	14
17429	15
17430	21
17431	7
17432	4
17433	16
17434	7
17435	24
17436	5
17437	10
17438	5
17439	6
17440	6
17441	19
17442	9
17443	19
17444	5
17445	6
17446	19
17447	6
17448	24
17449	5
17450	9
17451	10
17452	19
17453	5
17454	5
17455	21
17456	7
17457	4
17458	4
17459	7
17460	9
17461	15
17462	14
17463	16
17464	6
17465	6
17466	16
17467	15
17468	4
17469	14
17470	9
17471	4
17472	7
17473	7
17474	21
17475	6
17476	5
17477	9
17478	19
17479	24
17480	6
17481	19
17482	10
17483	5
17484	5
17485	9
17486	6
17487	4
17488	14
17489	15
17490	21
17491	7
17492	4
17493	16
17494	7
17495	24
17496	5
17497	10
17498	5
17499	6
17500	6
17501	19
17502	9
17503	19
17504	5
17505	6
17506	19
17507	6
17508	24
17509	5
17510	9
17511	10
17512	19
17513	5
17514	5
17515	21
17516	7
17517	4
17518	4
17519	7
17520	9
17521	15
17522	14
17523	16
17524	6
17525	6
17526	16
17527	15
17528	4
17529	14
17530	9
17531	4
17532	7
17533	7
17534	21
17535	6
17536	5
17537	9
17538	19
17539	24
17540	6
17541	19
17542	10
17543	5
17544	5
17545	9
17546	6
17547	4
17548	14
17549	15
17550	21
17551	7
17552	4
17553	16
17554	7
17555	24
17556	5
17557	10
17558	5
17559	6
17560	6
17561	19
17562	9
17563	19
17564	5
17565	6
17566	19
17567	6
17568	24
17569	5
17570	9
17571	10
17572	19
17573	5
17574	5
17575	21
17576	7
17577	4
17578	4
17579	7
17580	9
17581	15
17582	14
17583	16
17584	6
17585	6
17586	16
17587	15
17588	4
17589	14
17590	9
17591	4
17592	7
17593	7
17594	21
17595	6
17596	5
17597	9
17598	19
17599	24
17600	6
17601	19
17602	10
17603	5
17604	5
17605	9
17606	6
17607	4
17608	14
17609	15
17610	21
17611	7
17612	4
17613	16
17614	7
17615	24
17616	5
17617	10
17618	5
17619	6
17620	6
17621	19
17622	9
17623	19
17624	5
17625	6
17626	19
17627	6
17628	24
17629	5
17630	9
17631	10
17632	19
17633	5
17634	5
17635	21
17636	7
17637	4
17638	4
17639	7
17640	9
17641	15
17642	14
17643	16
17644	6
17645	11
17646	11
17647	31
17648	31
17649	11
17650	11
17651	31
17652	31
17653	2
17654	2
17655	2
17656	2
17657	2
17658	2
17659	2
17660	2
17661	2
17662	2
17663	2
17664	2
17665	2
17666	2
17667	2
17668	2
17669	2
17670	2
17671	2
17672	2
17673	13
17674	13
17675	2
17676	2
17677	13
17678	13
17679	2
17680	2
17681	3
17682	3
17683	3
17684	3
17685	3
17686	3
17687	3
17688	3
17689	3
17690	3
17691	3
17692	3
17693	20
17694	20
17695	2
17696	2
17697	2
17698	2
17699	2
17700	2
17701	2
17702	2
17703	0
17704	0
17705	0
17706	0
17707	2
17708	2
17709	2
17710	2
17711	13
17712	13
17713	2
17714	2
17715	13
17716	13
17717	2
17718	2
17719	3
17720	3
17721	3
17722	3
17723	0
17724	28
17725	0
17726	28
17727	0
17728	28
17729	0
17730	28
17731	3
17732	3
17733	3
17734	3
17735	3
17736	3
17737	3
17738	3
17739	2
17740	2
17741	2
17742	2
17743	2
17744	2
17745	2
17746	2
17747	0
17748	0
17749	0
17750	0
17751	0
17752	0
17753	0
17754	0
17755	3
17756	3
17757	3
17758	3
17759	3
17760	3
17761	3
17762	3
17763	3
17764	3
17765	3
17766	3
17767	3
17768	3
17769	3
17770	3
17771	2
17772	2
17773	2
17774	2
17775	2
17776	2
17777	2
17778	2
17779	2
17780	2
17781	2
17782	2
17783	2
17784	2
17785	2
17786	2
17787	16
17788	10
17789	6
17790	16
17791	5
17792	10
17793	16
17794	16
17795	6
17796	5
17797	6
17798	16
17799	16
17800	10
17801	5
17802	16
17803	6
17804	10
17805	16
17806	5
17807	16
17808	16
17809	16
17810	16
17811	27
17812	16
17813	10
17814	6
17815	16
17816	5
17817	10
17818	16
17819	16
17820	6
17821	5
17822	6
17823	16
17824	16
17825	10
17826	5
17827	16
17828	6
17829	10
17830	16
17831	5
17832	16
17833	16
17834	16
17835	16
17836	27
17837	16
17838	10
17839	6
17840	16
17841	5
17842	10
17843	16
17844	16
17845	6
17846	5
17847	6
17848	16
17849	16
17850	10
17851	5
17852	16
17853	6
17854	10
17855	16
17856	5
17857	16
17858	16
17859	16
17860	16
17861	27
17862	16
17863	10
17864	6
17865	16
17866	5
17867	10
17868	16
17869	16
17870	6
17871	5
17872	6
17873	16
17874	16
17875	10
17876	5
17877	16
17878	6
17879	10
17880	16
17881	5
17882	16
17883	16
17884	16
17885	16
17886	27
17887	16
17888	10
17889	6
17890	16
17891	5
17892	10
17893	16
17894	16
17895	6
17896	5
17897	6
17898	16
17899	16
17900	10
17901	5
17902	16
17903	6
17904	10
17905	16
17906	5
17907	16
17908	16
17909	16
17910	16
17911	27
17912	16
17913	10
17914	6
17915	16
17916	5
17917	10
17918	16
17919	16
17920	6
17921	5
17922	6
17923	16
17924	16
17925	10
17926	5
17927	16
17928	6
17929	10
17930	16
17931	5
17932	16
17933	16
17934	16
17935	16
17936	27
17937	16
17938	10
17939	6
17940	16
17941	5
17942	10
17943	16
17944	16
17945	6
17946	5
17947	6
17948	16
17949	16
17950	10
17951	5
17952	16
17953	6
17954	10
17955	16
17956	5
17957	16
17958	16
17959	16
17960	16
17961	27
17962	16
17963	10
17964	6
17965	16
17966	5
17967	10
17968	16
17969	16
17970	6
17971	5
17972	6
17973	16
17974	16
17975	10
17976	5
17977	16
17978	6
17979	10
17980	16
17981	5
17982	16
17983	16
17984	16
17985	16
17986	27
17987	16
17988	10
17989	6
17990	16
17991	5
17992	10
17993	16
17994	16
17995	6
17996	5
17997	6
17998	16
17999	16
18000	10
18001	5
18002	16
18003	6
18004	10
18005	16
18006	5
18007	16
18008	16
18009	16
18010	16
18011	27
18012	16
18013	10
18014	6
18015	16
18016	5
18017	10
18018	16
18019	16
18020	6
18021	5
18022	6
18023	16
18024	16
18025	10
18026	5
18027	16
18028	6
18029	10
18030	16
18031	5
18032	16
18033	16
18034	16
18035	16
18036	27
18037	16
18038	10
18039	6
18040	16
18041	5
18042	10
18043	16
18044	16
18045	6
18046	5
18047	6
18048	16
18049	16
18050	10
18051	5
18052	16
18053	6
18054	10
18055	16
18056	5
18057	16
18058	16
18059	16
18060	16
18061	27
18062	16
18063	10
18064	6
18065	16
18066	5
18067	10
18068	16
18069	16
18070	6
18071	5
18072	6
18073	16
18074	16
18075	10
18076	5
18077	16
18078	6
18079	10
18080	16
18081	5
18082	16
18083	16
18084	16
18085	16
18086	27
18087	16
18088	10
18089	6
18090	16
18091	5
18092	10
18093	16
18094	16
18095	6
18096	5
18097	6
18098	16
18099	16
18100	10
18101	5
18102	16
18103	6
18104	10
18105	16
18106	5
18107	16
18108	16
18109	16
18110	16
18111	27
18112	16
18113	10
18114	6
18115	16
18116	5
18117	10
18118	16
18119	16
18120	6
18121	5
18122	6
18123	16
18124	16
18125	10
18126	5
18127	16
18128	6
18129	10
18130	16
18131	5
18132	16
18133	16
18134	16
18135	16
18136	27
18137	16
18138	10
18139	6
18140	16
18141	5
18142	10
18143	16
18144	16
18145	6
18146	5
18147	6
18148	16
18149	16
18150	10
18151	5
18152	16
18153	6
18154	10
18155	16
18156	5
18157	16
18158	16
18159	16
18160	16
18161	27
18162	16
18163	10
18164	6
18165	16
18166	5
18167	10
18168	16
18169	16
18170	6
18171	5
18172	6
18173	16
18174	16
18175	10
18176	5
18177	16
18178	6
18179	10
18180	16
18181	5
18182	16
18183	16
18184	16
18185	16
18186	27
18187	22
18188	0
18189	0
18190	22
18191	22
18192	0
18193	0
18194	22
18195	22
18196	0
18197	0
18198	22
18199	22
18200	0
18201	0
18202	22
18203	0
18204	22
18205	22
18206	0
18207	0
18208	22
18209	22
18210	0
18211	0
18212	22
18213	22
18214	0
18215	0
18216	22
18217	22
18218	0
18219	0
18220	9
18221	16
18222	8
18223	9
18224	5
18225	5
18226	5
18227	7
18228	7
18229	5
18230	4
18231	6
18232	5
18233	7
18234	26
18235	4
18236	16
18237	8
18238	8
18239	24
18240	7
18241	5
18242	5
18243	16
18244	16
18245	9
18246	16
18247	8
18248	9
18249	5
18250	5
18251	5
18252	7
18253	7
18254	5
18255	4
18256	6
18257	5
18258	7
18259	26
18260	4
18261	16
18262	8
18263	8
18264	24
18265	7
18266	5
18267	5
18268	16
18269	16
18270	11
18271	11
18272	9
18273	16
18274	8
18275	9
18276	5
18277	5
18278	5
18279	7
18280	7
18281	5
18282	4
18283	6
18284	5
18285	7
18286	26
18287	4
18288	16
18289	8
18290	8
18291	24
18292	7
18293	5
18294	5
18295	16
18296	16
18297	9
18298	16
18299	8
18300	9
18301	5
18302	5
18303	5
18304	7
18305	7
18306	5
18307	4
18308	6
18309	5
18310	7
18311	26
18312	4
18313	16
18314	8
18315	8
18316	24
18317	7
18318	5
18319	5
18320	16
18321	16
18322	0
18323	9
18324	4
18325	7
18326	9
18327	16
18328	4
18329	9
18330	9
18331	7
18332	16
18333	9
18334	10
18335	4
18336	8
18337	6
18338	10
18339	9
18340	8
18341	4
18342	6
18343	7
18344	7
18345	4
18346	4
18347	27
18348	9
18349	4
18350	7
18351	9
18352	16
18353	4
18354	9
18355	9
18356	7
18357	16
18358	9
18359	10
18360	4
18361	8
18362	6
18363	10
18364	9
18365	8
18366	4
18367	6
18368	7
18369	7
18370	4
18371	4
18372	27
18373	4
18374	9
18375	7
18376	9
18377	16
18378	9
18379	4
18380	9
18381	7
18382	16
18383	9
18384	10
18385	8
18386	4
18387	6
18388	10
18389	9
18390	4
18391	8
18392	6
18393	7
18394	7
18395	4
18396	4
18397	27
18398	4
18399	9
18400	7
18401	9
18402	16
18403	9
18404	4
18405	9
18406	7
18407	16
18408	9
18409	10
18410	8
18411	4
18412	6
18413	10
18414	9
18415	4
18416	8
18417	6
18418	7
18419	7
18420	4
18421	4
18422	27
18423	9
18424	4
18425	7
18426	9
18427	16
18428	4
18429	9
18430	9
18431	7
18432	16
18433	9
18434	10
18435	4
18436	8
18437	6
18438	10
18439	9
18440	8
18441	4
18442	6
18443	7
18444	7
18445	4
18446	4
18447	27
18448	9
18449	4
18450	7
18451	9
18452	16
18453	4
18454	9
18455	9
18456	7
18457	16
18458	9
18459	10
18460	4
18461	8
18462	6
18463	10
18464	9
18465	8
18466	4
18467	6
18468	7
18469	7
18470	4
18471	4
18472	27
18473	4
18474	9
18475	7
18476	9
18477	16
18478	9
18479	4
18480	9
18481	7
18482	16
18483	9
18484	10
18485	8
18486	4
18487	6
18488	10
18489	9
18490	4
18491	8
18492	6
18493	7
18494	7
18495	4
18496	4
18497	27
18498	4
18499	9
18500	7
18501	9
18502	16
18503	9
18504	4
18505	9
18506	7
18507	16
18508	9
18509	10
18510	8
18511	4
18512	6
18513	10
18514	9
18515	4
18516	8
18517	6
18518	7
18519	7
18520	4
18521	4
18522	27
18523	32
18524	32
18525	32
18526	32
18527	32
18528	32
18529	32
18530	32
18531	32
18532	32
18533	32
18534	32
18535	32
18536	32
18537	32
18538	32
18539	32
18540	32
18541	32
18542	32
18543	32
18544	32
18545	32
18546	32
18547	32
18548	32
18549	32
18550	32
18551	32
18552	32
18553	32
18554	32
18555	32
18556	32
18557	32
18558	32
18559	32
18560	32
18561	32
18562	32
18563	32
18564	32
18565	32
18566	32
18567	32
18568	32
18569	32
18570	32
18571	31
18572	31
18573	31
18574	31
18575	33
18576	34
18577	9
18578	9
18579	34
18580	35
18581	33
18582	33
18583	10
18584	17
18585	31
18586	10
18587	17
18588	31
18589	33
18590	34
18591	9
18592	9
18593	34
18594	35
18595	33
18596	33
18597	10
18598	17
18599	31
18600	10
18601	17
18602	31
18603	33
18604	34
18605	9
18606	9
18607	34
18608	35
18609	33
18610	33
18611	10
18612	17
18613	31
18614	10
18615	17
18616	31
18617	33
18618	34
18619	9
18620	9
18621	34
18622	35
18623	33
18624	33
18625	10
18626	17
18627	31
18628	10
18629	17
18630	31
18631	33
18632	9
18633	34
18634	34
18635	9
18636	35
18637	33
18638	33
18639	10
18640	10
18641	33
18642	9
18643	34
18644	34
18645	9
18646	35
18647	33
18648	33
18649	10
18650	10
18651	33
18652	9
18653	34
18654	34
18655	9
18656	35
18657	33
18658	33
18659	10
18660	10
18661	33
18662	9
18663	34
18664	34
18665	9
18666	35
18667	33
18668	33
18669	10
18670	10
18671	17
18672	17
18673	31
18674	24
18675	5
18676	34
18677	16
18678	5
18679	9
18680	6
18681	5
18682	6
18683	36
18684	5
18685	6
18686	33
18687	36
18688	8
18689	16
18690	8
18691	5
18692	33
18693	7
18694	5
18695	37
18696	34
18697	19
18698	8
18699	34
18700	8
18701	5
18702	14
18703	4
18704	37
18705	34
18706	8
18707	5
18708	34
18709	19
18710	19
18711	37
18712	37
18713	9
18714	33
18715	9
18716	8
18717	19
18718	34
18719	5
18720	34
18721	37
18722	5
18723	8
18724	5
18725	8
18726	19
18727	34
18728	37
18729	34
18730	5
18731	8
18732	4
18733	14
18734	37
18735	34
18736	5
18737	8
18738	34
18739	19
18740	37
18741	19
18742	9
18743	37
18744	24
18745	5
18746	16
18747	34
18748	5
18749	9
18750	5
18751	6
18752	36
18753	6
18754	5
18755	8
18756	36
18757	33
18758	6
18759	16
18760	5
18761	8
18762	7
18763	33
18764	33
18765	34
18766	19
18767	8
18768	9
18769	5
18770	37
18771	34
18772	8
18773	5
18774	0
18775	31
18776	24
18777	5
18778	34
18779	16
18780	5
18781	9
18782	6
18783	5
18784	6
18785	36
18786	5
18787	6
18788	33
18789	36
18790	8
18791	16
18792	8
18793	5
18794	33
18795	7
18796	5
18797	37
18798	34
18799	19
18800	8
18801	34
18802	8
18803	5
18804	14
18805	4
18806	37
18807	34
18808	8
18809	5
18810	34
18811	19
18812	19
18813	37
18814	37
18815	9
18816	33
18817	9
18818	8
18819	19
18820	34
18821	5
18822	34
18823	37
18824	5
18825	8
18826	5
18827	8
18828	19
18829	34
18830	37
18831	34
18832	5
18833	8
18834	4
18835	14
18836	37
18837	34
18838	5
18839	8
18840	34
18841	19
18842	37
18843	19
18844	9
18845	37
18846	24
18847	5
18848	16
18849	34
18850	5
18851	9
18852	5
18853	6
18854	36
18855	6
18856	5
18857	8
18858	36
18859	33
18860	6
18861	16
18862	5
18863	8
18864	7
18865	33
18866	33
18867	34
18868	19
18869	8
18870	9
18871	5
18872	37
18873	34
18874	8
18875	5
18876	0
18877	31
18878	33
18879	5
18880	6
18881	8
18882	16
18883	36
18884	5
18885	33
18886	8
18887	7
18888	8
18889	37
18890	34
18891	34
18892	19
18893	5
18894	37
18895	37
18896	19
18897	9
18898	34
18899	5
18900	37
18901	8
18902	34
18903	19
18904	5
18905	14
18906	8
18907	4
18908	34
18909	24
18910	5
18911	5
18912	9
18913	16
18914	5
18915	6
18916	6
18917	36
18918	8
18919	33
18920	9
18921	34
18922	5
18923	19
18924	37
18925	5
18926	34
18927	8
18928	5
18929	37
18930	34
18931	34
18932	19
18933	8
18934	19
18935	9
18936	37
18937	37
18938	36
18939	5
18940	8
18941	6
18942	16
18943	33
18944	8
18945	7
18946	5
18947	33
18948	16
18949	24
18950	5
18951	5
18952	9
18953	34
18954	6
18955	36
18956	5
18957	6
18958	19
18959	5
18960	8
18961	37
18962	34
18963	34
18964	8
18965	4
18966	5
18967	14
18968	19
18969	33
18970	34
18971	9
18972	5
18973	8
18974	34
18975	8
18976	37
18977	5
18978	31
18979	33
18980	5
18981	6
18982	8
18983	16
18984	36
18985	5
18986	33
18987	8
18988	7
18989	8
18990	37
18991	34
18992	34
18993	19
18994	5
18995	37
18996	37
18997	19
18998	9
18999	34
19000	5
19001	37
19002	8
19003	34
19004	19
19005	5
19006	14
19007	8
19008	4
19009	34
19010	24
19011	5
19012	5
19013	9
19014	16
19015	5
19016	6
19017	6
19018	36
19019	8
19020	33
19021	9
19022	34
19023	5
19024	19
19025	37
19026	5
19027	34
19028	8
19029	5
19030	37
19031	34
19032	34
19033	19
19034	8
19035	19
19036	9
19037	37
19038	37
19039	36
19040	5
19041	8
19042	6
19043	16
19044	33
19045	8
19046	7
19047	5
19048	33
19049	16
19050	24
19051	5
19052	5
19053	9
19054	34
19055	6
19056	36
19057	5
19058	6
19059	19
19060	5
19061	8
19062	37
19063	34
19064	34
19065	8
19066	4
19067	5
19068	14
19069	19
19070	33
19071	34
19072	9
19073	5
19074	8
19075	34
19076	8
19077	37
19078	5
19079	31
19080	24
19081	5
19082	34
19083	16
19084	5
19085	9
19086	6
19087	5
19088	6
19089	36
19090	5
19091	6
19092	33
19093	36
19094	8
19095	16
19096	8
19097	5
19098	33
19099	7
19100	5
19101	37
19102	34
19103	19
19104	8
19105	34
19106	8
19107	5
19108	14
19109	4
19110	37
19111	34
19112	8
19113	5
19114	34
19115	19
19116	19
19117	37
19118	37
19119	9
19120	33
19121	9
19122	8
19123	19
19124	34
19125	5
19126	34
19127	37
19128	5
19129	8
19130	5
19131	8
19132	19
19133	34
19134	37
19135	34
19136	5
19137	8
19138	4
19139	14
19140	37
19141	34
19142	5
19143	8
19144	34
19145	19
19146	37
19147	19
19148	9
19149	37
19150	24
19151	5
19152	16
19153	34
19154	5
19155	9
19156	5
19157	6
19158	36
19159	6
19160	5
19161	8
19162	36
19163	33
19164	6
19165	16
19166	5
19167	8
19168	7
19169	33
19170	33
19171	34
19172	19
19173	8
19174	9
19175	5
19176	37
19177	34
19178	8
19179	5
19180	0
19181	31
19182	24
19183	5
19184	34
19185	16
19186	5
19187	9
19188	6
19189	5
19190	6
19191	36
19192	5
19193	6
19194	33
19195	36
19196	8
19197	16
19198	8
19199	5
19200	33
19201	7
19202	5
19203	37
19204	34
19205	19
19206	8
19207	34
19208	8
19209	5
19210	14
19211	4
19212	37
19213	34
19214	8
19215	5
19216	34
19217	19
19218	19
19219	37
19220	37
19221	9
19222	33
19223	9
19224	8
19225	19
19226	34
19227	5
19228	34
19229	37
19230	5
19231	8
19232	5
19233	8
19234	19
19235	34
19236	37
19237	34
19238	5
19239	8
19240	4
19241	14
19242	37
19243	34
19244	5
19245	8
19246	34
19247	19
19248	37
19249	19
19250	9
19251	37
19252	24
19253	5
19254	16
19255	34
19256	5
19257	9
19258	5
19259	6
19260	36
19261	6
19262	5
19263	8
19264	36
19265	33
19266	6
19267	16
19268	5
19269	8
19270	7
19271	33
19272	33
19273	34
19274	19
19275	8
19276	9
19277	5
19278	37
19279	34
19280	8
19281	5
19282	0
19283	31
19284	33
19285	5
19286	6
19287	8
19288	16
19289	36
19290	5
19291	33
19292	8
19293	7
19294	8
19295	37
19296	34
19297	34
19298	19
19299	5
19300	37
19301	37
19302	19
19303	9
19304	34
19305	5
19306	37
19307	8
19308	34
19309	19
19310	5
19311	14
19312	8
19313	4
19314	34
19315	24
19316	5
19317	5
19318	9
19319	16
19320	5
19321	6
19322	6
19323	36
19324	8
19325	33
19326	9
19327	34
19328	5
19329	19
19330	37
19331	5
19332	34
19333	8
19334	5
19335	37
19336	34
19337	34
19338	19
19339	8
19340	19
19341	9
19342	37
19343	37
19344	36
19345	5
19346	8
19347	6
19348	16
19349	33
19350	8
19351	7
19352	5
19353	33
19354	16
19355	24
19356	5
19357	5
19358	9
19359	34
19360	6
19361	36
19362	5
19363	6
19364	19
19365	5
19366	8
19367	37
19368	34
19369	34
19370	8
19371	4
19372	5
19373	14
19374	19
19375	33
19376	34
19377	9
19378	5
19379	8
19380	34
19381	8
19382	37
19383	5
19384	31
19385	33
19386	5
19387	6
19388	8
19389	16
19390	36
19391	5
19392	33
19393	8
19394	7
19395	8
19396	37
19397	34
19398	34
19399	19
19400	5
19401	37
19402	37
19403	19
19404	9
19405	34
19406	5
19407	37
19408	8
19409	34
19410	19
19411	5
19412	14
19413	8
19414	4
19415	34
19416	24
19417	5
19418	5
19419	9
19420	16
19421	5
19422	6
19423	6
19424	36
19425	8
19426	33
19427	9
19428	34
19429	5
19430	19
19431	37
19432	5
19433	34
19434	8
19435	5
19436	37
19437	34
19438	34
19439	19
19440	8
19441	19
19442	9
19443	37
19444	37
19445	36
19446	5
19447	8
19448	6
19449	16
19450	33
19451	8
19452	7
19453	5
19454	33
19455	16
19456	24
19457	5
19458	5
19459	9
19460	34
19461	6
19462	36
19463	5
19464	6
19465	19
19466	5
19467	8
19468	37
19469	34
19470	34
19471	8
19472	4
19473	5
19474	14
19475	19
19476	33
19477	34
19478	9
19479	5
19480	8
19481	34
19482	8
19483	37
19484	5
19485	6
19486	8
19487	34
19488	36
19489	7
19490	5
19491	5
19492	37
19493	37
19494	4
19495	6
19496	8
19497	9
19498	5
19499	5
19500	37
19501	34
19502	14
19503	37
19504	24
19505	24
19506	4
19507	5
19508	7
19509	37
19510	37
19511	8
19512	38
19513	37
19514	19
19515	37
19516	8
19517	8
19518	5
19519	6
19520	5
19521	9
19522	37
19523	24
19524	5
19525	5
19526	34
19527	34
19528	19
19529	34
19530	8
19531	8
19532	5
19533	6
19534	7
19535	24
19536	37
19537	7
19538	5
19539	4
19540	37
19541	38
19542	8
19543	19
19544	37
19545	37
19546	6
19547	5
19548	8
19549	8
19550	5
19551	37
19552	9
19553	5
19554	24
19555	6
19556	7
19557	36
19558	34
19559	8
19560	5
19561	37
19562	5
19563	4
19564	37
19565	6
19566	5
19567	5
19568	9
19569	8
19570	37
19571	14
19572	34
19573	24
19574	37
19575	5
19576	34
19577	19
19578	34
19579	34
19580	8
19581	5
19582	8
19583	7
19584	6
19585	0
19586	5
19587	37
19588	37
19589	4
19590	24
19591	7
19592	37
19593	38
19594	19
19595	8
19596	34
19597	5
19598	7
19599	8
19600	6
19601	36
19602	37
19603	37
19604	4
19605	5
19606	9
19607	37
19608	5
19609	8
19610	6
19611	5
19612	37
19613	14
19614	24
19615	34
19616	8
19617	5
19618	6
19619	8
19620	37
19621	5
19622	24
19623	37
19624	5
19625	9
19626	34
19627	8
19628	34
19629	34
19630	5
19631	19
19632	6
19633	5
19634	7
19635	8
19636	36
19637	5
19638	8
19639	7
19640	6
19641	34
19642	4
19643	5
19644	37
19645	37
19646	7
19647	37
19648	4
19649	37
19650	24
19651	5
19652	19
19653	8
19654	37
19655	38
19656	5
19657	5
19658	8
19659	6
19660	37
19661	8
19662	5
19663	9
19664	24
19665	37
19666	5
19667	37
19668	8
19669	5
19670	6
19671	9
19672	24
19673	34
19674	37
19675	14
19676	19
19677	8
19678	34
19679	34
19680	5
19681	34
19682	7
19683	8
19684	6
19685	5
19686	22
19687	6
19688	8
19689	34
19690	36
19691	7
19692	5
19693	5
19694	37
19695	37
19696	4
19697	6
19698	8
19699	9
19700	5
19701	5
19702	37
19703	34
19704	14
19705	37
19706	24
19707	24
19708	4
19709	5
19710	7
19711	37
19712	37
19713	8
19714	38
19715	37
19716	19
19717	37
19718	8
19719	8
19720	5
19721	6
19722	5
19723	9
19724	37
19725	24
19726	5
19727	5
19728	34
19729	34
19730	19
19731	34
19732	8
19733	8
19734	5
19735	6
19736	7
19737	24
19738	37
19739	7
19740	5
19741	4
19742	37
19743	38
19744	8
19745	19
19746	37
19747	37
19748	6
19749	5
19750	8
19751	8
19752	5
19753	37
19754	9
19755	5
19756	24
19757	6
19758	7
19759	36
19760	34
19761	8
19762	5
19763	37
19764	5
19765	4
19766	37
19767	6
19768	5
19769	5
19770	9
19771	8
19772	37
19773	14
19774	34
19775	24
19776	37
19777	5
19778	34
19779	19
19780	34
19781	34
19782	8
19783	5
19784	8
19785	7
19786	6
19787	0
19788	5
19789	37
19790	37
19791	4
19792	24
19793	7
19794	37
19795	38
19796	19
19797	8
19798	34
19799	5
19800	7
19801	8
19802	6
19803	36
19804	37
19805	37
19806	4
19807	5
19808	9
19809	37
19810	5
19811	8
19812	6
19813	5
19814	37
19815	14
19816	24
19817	34
19818	8
19819	5
19820	6
19821	8
19822	37
19823	5
19824	24
19825	37
19826	5
19827	9
19828	34
19829	8
19830	34
19831	34
19832	5
19833	19
19834	6
19835	5
19836	7
19837	8
19838	36
19839	5
19840	8
19841	7
19842	6
19843	34
19844	4
19845	5
19846	37
19847	37
19848	7
19849	37
19850	4
19851	37
19852	24
19853	5
19854	19
19855	8
19856	37
19857	38
19858	5
19859	5
19860	8
19861	6
19862	37
19863	8
19864	5
19865	9
19866	24
19867	37
19868	5
19869	37
19870	8
19871	5
19872	6
19873	9
19874	24
19875	34
19876	37
19877	14
19878	19
19879	8
19880	34
19881	34
19882	5
19883	34
19884	7
19885	8
19886	6
19887	5
19888	22
19889	6
19890	8
19891	34
19892	36
19893	7
19894	5
19895	5
19896	37
19897	37
19898	4
19899	6
19900	8
19901	9
19902	5
19903	5
19904	37
19905	34
19906	14
19907	37
19908	24
19909	24
19910	4
19911	5
19912	7
19913	37
19914	37
19915	8
19916	38
19917	37
19918	19
19919	37
19920	8
19921	8
19922	5
19923	6
19924	5
19925	9
19926	37
19927	24
19928	5
19929	5
19930	34
19931	34
19932	19
19933	34
19934	8
19935	8
19936	5
19937	6
19938	7
19939	24
19940	37
19941	7
19942	5
19943	4
19944	37
19945	38
19946	8
19947	19
19948	37
19949	37
19950	6
19951	5
19952	8
19953	8
19954	5
19955	37
19956	9
19957	5
19958	24
19959	6
19960	7
19961	36
19962	34
19963	8
19964	5
19965	37
19966	5
19967	4
19968	37
19969	6
19970	5
19971	5
19972	9
19973	8
19974	37
19975	14
19976	34
19977	24
19978	37
19979	5
19980	34
19981	19
19982	34
19983	34
19984	8
19985	5
19986	8
19987	7
19988	6
19989	0
19990	5
19991	37
19992	37
19993	4
19994	24
19995	7
19996	37
19997	38
19998	19
19999	8
20000	34
20001	5
20002	7
20003	8
20004	6
20005	36
20006	37
20007	37
20008	4
20009	5
20010	9
20011	37
20012	5
20013	8
20014	6
20015	5
20016	37
20017	14
20018	24
20019	34
20020	8
20021	5
20022	6
20023	8
20024	37
20025	5
20026	24
20027	37
20028	5
20029	9
20030	34
20031	8
20032	34
20033	34
20034	5
20035	19
20036	6
20037	5
20038	7
20039	8
20040	36
20041	5
20042	8
20043	7
20044	6
20045	34
20046	4
20047	5
20048	37
20049	37
20050	7
20051	37
20052	4
20053	37
20054	24
20055	5
20056	19
20057	8
20058	37
20059	38
20060	5
20061	5
20062	8
20063	6
20064	37
20065	8
20066	5
20067	9
20068	24
20069	37
20070	5
20071	37
20072	8
20073	5
20074	6
20075	9
20076	24
20077	34
20078	37
20079	14
20080	19
20081	8
20082	34
20083	34
20084	5
20085	34
20086	7
20087	8
20088	6
20089	5
20090	22
20091	6
20092	8
20093	34
20094	36
20095	7
20096	5
20097	5
20098	37
20099	37
20100	4
20101	6
20102	8
20103	9
20104	5
20105	5
20106	37
20107	34
20108	14
20109	37
20110	24
20111	24
20112	4
20113	5
20114	7
20115	37
20116	37
20117	8
20118	38
20119	37
20120	19
20121	37
20122	8
20123	8
20124	5
20125	6
20126	5
20127	9
20128	37
20129	24
20130	5
20131	5
20132	34
20133	34
20134	19
20135	34
20136	8
20137	8
20138	5
20139	6
20140	7
20141	24
20142	37
20143	7
20144	5
20145	4
20146	37
20147	38
20148	8
20149	19
20150	37
20151	37
20152	6
20153	5
20154	8
20155	8
20156	5
20157	37
20158	9
20159	5
20160	24
20161	6
20162	7
20163	36
20164	34
20165	8
20166	5
20167	37
20168	5
20169	4
20170	37
20171	6
20172	5
20173	5
20174	9
20175	8
20176	37
20177	14
20178	34
20179	24
20180	37
20181	5
20182	34
20183	19
20184	34
20185	34
20186	8
20187	5
20188	8
20189	7
20190	6
20191	0
20192	5
20193	37
20194	37
20195	4
20196	24
20197	7
20198	37
20199	38
20200	19
20201	8
20202	34
20203	5
20204	7
20205	8
20206	6
20207	36
20208	37
20209	37
20210	4
20211	5
20212	9
20213	37
20214	5
20215	8
20216	6
20217	5
20218	37
20219	14
20220	24
20221	34
20222	8
20223	5
20224	6
20225	8
20226	37
20227	5
20228	24
20229	37
20230	5
20231	9
20232	34
20233	8
20234	34
20235	34
20236	5
20237	19
20238	6
20239	5
20240	7
20241	8
20242	36
20243	5
20244	8
20245	7
20246	6
20247	34
20248	4
20249	5
20250	37
20251	37
20252	7
20253	37
20254	4
20255	37
20256	24
20257	5
20258	19
20259	8
20260	37
20261	38
20262	5
20263	5
20264	8
20265	6
20266	37
20267	8
20268	5
20269	9
20270	24
20271	37
20272	5
20273	37
20274	8
20275	5
20276	6
20277	9
20278	24
20279	34
20280	37
20281	14
20282	19
20283	8
20284	34
20285	34
20286	5
20287	34
20288	7
20289	8
20290	6
20291	5
20292	22
20293	22
20294	22
20295	22
20296	22
20297	16
20298	5
20299	5
20300	5
20301	5
20302	9
20303	37
20304	7
20305	35
20306	9
20307	39
20308	16
20309	9
20310	9
20311	16
20312	34
20313	5
20314	5
20315	5
20316	5
20317	9
20318	5
20319	5
20320	5
20321	5
20322	16
20323	35
20324	9
20325	7
20326	37
20327	9
20328	5
20329	5
20330	5
20331	5
20332	16
20333	9
20334	35
20335	37
20336	7
20337	34
20338	9
20339	16
20340	16
20341	9
20342	39
20343	5
20344	5
20345	5
20346	5
20347	16
20348	5
20349	5
20350	5
20351	5
20352	9
20353	7
20354	37
20355	9
20356	35
20357	5
20358	7
20359	9
20360	35
20361	37
20362	5
20363	34
20364	34
20365	9
20366	9
20367	5
20368	9
20369	37
20370	7
20371	35
20372	5
20373	9
20374	9
20375	34
20376	34
20377	5
20378	37
20379	35
20380	9
20381	7
20382	5
20383	34
20384	34
20385	9
20386	9
20387	5
20388	35
20389	7
20390	37
20391	9
20392	5
20393	9
20394	9
20395	34
20396	34
20397	22
20398	22
20399	22
20400	22
20401	16
20402	5
20403	5
20404	5
20405	5
20406	9
20407	37
20408	7
20409	35
20410	9
20411	39
20412	16
20413	9
20414	9
20415	16
20416	34
20417	5
20418	5
20419	5
20420	5
20421	9
20422	5
20423	5
20424	5
20425	5
20426	16
20427	35
20428	9
20429	7
20430	37
20431	9
20432	5
20433	5
20434	5
20435	5
20436	16
20437	9
20438	35
20439	37
20440	7
20441	34
20442	9
20443	16
20444	16
20445	9
20446	39
20447	5
20448	5
20449	5
20450	5
20451	16
20452	5
20453	5
20454	5
20455	5
20456	9
20457	7
20458	37
20459	9
20460	35
20461	5
20462	7
20463	9
20464	35
20465	37
20466	5
20467	34
20468	34
20469	9
20470	9
20471	5
20472	9
20473	37
20474	7
20475	35
20476	5
20477	9
20478	9
20479	34
20480	34
20481	5
20482	37
20483	35
20484	9
20485	7
20486	5
20487	34
20488	34
20489	9
20490	9
20491	5
20492	35
20493	7
20494	37
20495	9
20496	5
20497	9
20498	9
20499	34
20500	34
20501	22
20502	22
20503	22
20504	22
20505	16
20506	34
20507	9
20508	9
20509	39
20510	16
20511	5
20512	5
20513	5
20514	5
20515	5
20516	9
20517	5
20518	5
20519	16
20520	5
20521	9
20522	7
20523	35
20524	37
20525	5
20526	16
20527	5
20528	5
20529	9
20530	5
20531	37
20532	9
20533	7
20534	35
20535	5
20536	16
20537	5
20538	5
20539	9
20540	5
20541	7
20542	35
20543	37
20544	9
20545	5
20546	9
20547	5
20548	5
20549	16
20550	5
20551	35
20552	37
20553	9
20554	7
20555	9
20556	39
20557	16
20558	16
20559	34
20560	9
20561	5
20562	5
20563	5
20564	5
20565	37
20566	5
20567	9
20568	35
20569	5
20570	7
20571	9
20572	34
20573	9
20574	34
20575	7
20576	5
20577	35
20578	9
20579	5
20580	37
20581	9
20582	34
20583	9
20584	34
20585	35
20586	5
20587	37
20588	7
20589	5
20590	9
20591	34
20592	9
20593	34
20594	9
20595	9
20596	5
20597	7
20598	37
20599	5
20600	35
20601	34
20602	9
20603	34
20604	9
20605	22
20606	22
20607	22
20608	22
20609	16
20610	34
20611	9
20612	9
20613	39
20614	16
20615	5
20616	5
20617	5
20618	5
20619	5
20620	9
20621	5
20622	5
20623	16
20624	5
20625	9
20626	7
20627	35
20628	37
20629	5
20630	16
20631	5
20632	5
20633	9
20634	5
20635	37
20636	9
20637	7
20638	35
20639	5
20640	16
20641	5
20642	5
20643	9
20644	5
20645	7
20646	35
20647	37
20648	9
20649	5
20650	9
20651	5
20652	5
20653	16
20654	5
20655	35
20656	37
20657	9
20658	7
20659	9
20660	39
20661	16
20662	16
20663	34
20664	9
20665	5
20666	5
20667	5
20668	5
20669	37
20670	5
20671	9
20672	35
20673	5
20674	7
20675	9
20676	34
20677	9
20678	34
20679	7
20680	5
20681	35
20682	9
20683	5
20684	37
20685	9
20686	34
20687	9
20688	34
20689	35
20690	5
20691	37
20692	7
20693	5
20694	9
20695	34
20696	9
20697	34
20698	9
20699	9
20700	5
20701	7
20702	37
20703	5
20704	35
20705	34
20706	9
20707	34
20708	9
20709	22
20710	22
20711	22
20712	22
20713	16
20714	5
20715	5
20716	5
20717	5
20718	9
20719	37
20720	7
20721	35
20722	9
20723	39
20724	16
20725	9
20726	9
20727	16
20728	34
20729	5
20730	5
20731	5
20732	5
20733	9
20734	5
20735	5
20736	5
20737	5
20738	16
20739	35
20740	9
20741	7
20742	37
20743	9
20744	5
20745	5
20746	5
20747	5
20748	16
20749	9
20750	35
20751	37
20752	7
20753	34
20754	9
20755	16
20756	16
20757	9
20758	39
20759	5
20760	5
20761	5
20762	5
20763	16
20764	5
20765	5
20766	5
20767	5
20768	9
20769	7
20770	37
20771	9
20772	35
20773	5
20774	7
20775	9
20776	35
20777	37
20778	5
20779	34
20780	34
20781	9
20782	9
20783	5
20784	9
20785	37
20786	7
20787	35
20788	5
20789	9
20790	9
20791	34
20792	34
20793	5
20794	37
20795	35
20796	9
20797	7
20798	5
20799	34
20800	34
20801	9
20802	9
20803	5
20804	35
20805	7
20806	37
20807	9
20808	5
20809	9
20810	9
20811	34
20812	34
20813	22
20814	22
20815	22
20816	22
20817	16
20818	5
20819	5
20820	5
20821	5
20822	9
20823	37
20824	7
20825	35
20826	9
20827	39
20828	16
20829	9
20830	9
20831	16
20832	34
20833	5
20834	5
20835	5
20836	5
20837	9
20838	5
20839	5
20840	5
20841	5
20842	16
20843	35
20844	9
20845	7
20846	37
20847	9
20848	5
20849	5
20850	5
20851	5
20852	16
20853	9
20854	35
20855	37
20856	7
20857	34
20858	9
20859	16
20860	16
20861	9
20862	39
20863	5
20864	5
20865	5
20866	5
20867	16
20868	5
20869	5
20870	5
20871	5
20872	9
20873	7
20874	37
20875	9
20876	35
20877	5
20878	7
20879	9
20880	35
20881	37
20882	5
20883	34
20884	34
20885	9
20886	9
20887	5
20888	9
20889	37
20890	7
20891	35
20892	5
20893	9
20894	9
20895	34
20896	34
20897	5
20898	37
20899	35
20900	9
20901	7
20902	5
20903	34
20904	34
20905	9
20906	9
20907	5
20908	35
20909	7
20910	37
20911	9
20912	5
20913	9
20914	9
20915	34
20916	34
20917	22
20918	22
20919	22
20920	22
20921	16
20922	34
20923	9
20924	9
20925	39
20926	16
20927	5
20928	5
20929	5
20930	5
20931	5
20932	9
20933	5
20934	5
20935	16
20936	5
20937	9
20938	7
20939	35
20940	37
20941	5
20942	16
20943	5
20944	5
20945	9
20946	5
20947	37
20948	9
20949	7
20950	35
20951	5
20952	16
20953	5
20954	5
20955	9
20956	5
20957	7
20958	35
20959	37
20960	9
20961	5
20962	9
20963	5
20964	5
20965	16
20966	5
20967	35
20968	37
20969	9
20970	7
20971	9
20972	39
20973	16
20974	16
20975	34
20976	9
20977	5
20978	5
20979	5
20980	5
20981	37
20982	5
20983	9
20984	35
20985	5
20986	7
20987	9
20988	34
20989	9
20990	34
20991	7
20992	5
20993	35
20994	9
20995	5
20996	37
20997	9
20998	34
20999	9
21000	34
21001	35
21002	5
21003	37
21004	7
21005	5
21006	9
21007	34
21008	9
21009	34
21010	9
21011	9
21012	5
21013	7
21014	37
21015	5
21016	35
21017	34
21018	9
21019	34
21020	9
21021	22
21022	22
21023	22
21024	22
21025	16
21026	34
21027	9
21028	9
21029	39
21030	16
21031	5
21032	5
21033	5
21034	5
21035	5
21036	9
21037	5
21038	5
21039	16
21040	5
21041	9
21042	7
21043	35
21044	37
21045	5
21046	16
21047	5
21048	5
21049	9
21050	5
21051	37
21052	9
21053	7
21054	35
21055	5
21056	16
21057	5
21058	5
21059	9
21060	5
21061	7
21062	35
21063	37
21064	9
21065	5
21066	9
21067	5
21068	5
21069	16
21070	5
21071	35
21072	37
21073	9
21074	7
21075	9
21076	39
21077	16
21078	16
21079	34
21080	9
21081	5
21082	5
21083	5
21084	5
21085	37
21086	5
21087	9
21088	35
21089	5
21090	7
21091	9
21092	34
21093	9
21094	34
21095	7
21096	5
21097	35
21098	9
21099	5
21100	37
21101	9
21102	34
21103	9
21104	34
21105	35
21106	5
21107	37
21108	7
21109	5
21110	9
21111	34
21112	9
21113	34
21114	9
21115	9
21116	5
21117	7
21118	37
21119	5
21120	35
21121	34
21122	9
21123	34
21124	9
21125	28
21126	28
21127	1
21128	1
21129	1
21130	8
21131	7
21132	34
21133	4
21134	8
21135	37
21136	5
21137	9
21138	35
21139	37
21140	35
21141	9
21142	8
21143	8
21144	9
21145	33
21146	6
21147	6
21148	9
21149	9
21150	9
21151	39
21152	7
21153	8
21154	35
21155	5
21156	9
21157	5
21158	9
21159	37
21160	9
21161	35
21162	8
21163	7
21164	39
21165	5
21166	5
21167	9
21168	37
21169	9
21170	33
21171	5
21172	37
21173	37
21174	5
21175	34
21176	16
21177	16
21178	5
21179	5
21180	8
21181	8
21182	4
21183	34
21184	7
21185	37
21186	9
21187	5
21188	37
21189	35
21190	6
21191	5
21192	9
21193	5
21194	9
21195	16
21196	33
21197	35
21198	9
21199	34
21200	9
21201	9
21202	35
21203	37
21204	37
21205	5
21206	34
21207	9
21208	34
21209	33
21210	6
21211	9
21212	5
21213	9
21214	5
21215	16
21216	35
21217	33
21218	34
21219	9
21220	9
21221	37
21222	37
21223	35
21224	9
21225	5
21226	9
21227	34
21228	33
21229	34
21230	1
21231	1
21232	1
21233	28
21234	28
21235	1
21236	1
21237	1
21238	8
21239	33
21240	9
21241	9
21242	35
21243	8
21244	9
21245	6
21246	9
21247	6
21248	7
21249	5
21250	35
21251	39
21252	9
21253	8
21254	9
21255	5
21256	37
21257	9
21258	34
21259	37
21260	8
21261	7
21262	8
21263	4
21264	35
21265	9
21266	37
21267	5
21268	4
21269	37
21270	7
21271	8
21272	8
21273	34
21274	37
21275	5
21276	35
21277	9
21278	8
21279	5
21280	39
21281	35
21282	9
21283	7
21284	37
21285	9
21286	9
21287	5
21288	37
21289	34
21290	5
21291	5
21292	33
21293	37
21294	5
21295	16
21296	5
21297	16
21298	5
21299	16
21300	5
21301	9
21302	6
21303	9
21304	34
21305	33
21306	9
21307	35
21308	9
21309	16
21310	9
21311	5
21312	6
21313	5
21314	9
21315	35
21316	34
21317	33
21318	35
21319	5
21320	37
21321	9
21322	9
21323	37
21324	34
21325	9
21326	33
21327	34
21328	37
21329	5
21330	9
21331	37
21332	9
21333	35
21334	33
21335	34
21336	34
21337	9
21338	1
21339	1
21340	1
21341	28
21342	28
21343	1
21344	1
21345	1
21346	8
21347	7
21348	34
21349	4
21350	8
21351	37
21352	5
21353	9
21354	35
21355	37
21356	35
21357	9
21358	8
21359	8
21360	9
21361	33
21362	6
21363	6
21364	9
21365	9
21366	9
21367	39
21368	7
21369	8
21370	35
21371	5
21372	9
21373	5
21374	9
21375	37
21376	9
21377	35
21378	8
21379	7
21380	39
21381	5
21382	5
21383	9
21384	37
21385	9
21386	33
21387	5
21388	37
21389	37
21390	5
21391	34
21392	16
21393	16
21394	5
21395	5
21396	8
21397	8
21398	4
21399	34
21400	7
21401	37
21402	9
21403	5
21404	37
21405	35
21406	6
21407	5
21408	9
21409	5
21410	9
21411	16
21412	33
21413	35
21414	9
21415	34
21416	9
21417	9
21418	35
21419	37
21420	37
21421	5
21422	34
21423	9
21424	34
21425	33
21426	6
21427	9
21428	5
21429	9
21430	5
21431	16
21432	35
21433	33
21434	34
21435	9
21436	9
21437	37
21438	37
21439	35
21440	9
21441	5
21442	9
21443	34
21444	33
21445	34
21446	1
21447	1
21448	1
21449	28
21450	28
21451	1
21452	1
21453	1
21454	8
21455	33
21456	9
21457	9
21458	35
21459	8
21460	9
21461	6
21462	9
21463	6
21464	7
21465	5
21466	35
21467	39
21468	9
21469	8
21470	9
21471	5
21472	37
21473	9
21474	34
21475	37
21476	8
21477	7
21478	8
21479	4
21480	35
21481	9
21482	37
21483	5
21484	4
21485	37
21486	7
21487	8
21488	8
21489	34
21490	37
21491	5
21492	35
21493	9
21494	8
21495	5
21496	39
21497	35
21498	9
21499	7
21500	37
21501	9
21502	9
21503	5
21504	37
21505	34
21506	5
21507	5
21508	33
21509	37
21510	5
21511	16
21512	5
21513	16
21514	5
21515	16
21516	5
21517	9
21518	6
21519	9
21520	34
21521	33
21522	9
21523	35
21524	9
21525	16
21526	9
21527	5
21528	6
21529	5
21530	9
21531	35
21532	34
21533	33
21534	35
21535	5
21536	37
21537	9
21538	9
21539	37
21540	34
21541	9
21542	33
21543	34
21544	37
21545	5
21546	9
21547	37
21548	9
21549	35
21550	33
21551	34
21552	34
21553	9
21554	1
21555	1
21556	1
21557	28
21558	28
21559	1
21560	1
21561	1
21562	8
21563	7
21564	34
21565	4
21566	8
21567	37
21568	5
21569	9
21570	35
21571	37
21572	35
21573	9
21574	8
21575	8
21576	9
21577	33
21578	6
21579	6
21580	9
21581	9
21582	9
21583	39
21584	7
21585	8
21586	35
21587	5
21588	9
21589	5
21590	9
21591	37
21592	9
21593	35
21594	8
21595	7
21596	39
21597	5
21598	5
21599	9
21600	37
21601	9
21602	33
21603	5
21604	37
21605	37
21606	5
21607	34
21608	16
21609	16
21610	5
21611	5
21612	8
21613	8
21614	4
21615	34
21616	7
21617	37
21618	9
21619	5
21620	37
21621	35
21622	6
21623	5
21624	9
21625	5
21626	9
21627	16
21628	33
21629	35
21630	9
21631	34
21632	9
21633	9
21634	35
21635	37
21636	37
21637	5
21638	34
21639	9
21640	34
21641	33
21642	6
21643	9
21644	5
21645	9
21646	5
21647	16
21648	35
21649	33
21650	34
21651	9
21652	9
21653	37
21654	37
21655	35
21656	9
21657	5
21658	9
21659	34
21660	33
21661	34
21662	1
21663	1
21664	1
21665	28
21666	28
21667	1
21668	1
21669	1
21670	8
21671	33
21672	9
21673	9
21674	35
21675	8
21676	9
21677	6
21678	9
21679	6
21680	7
21681	5
21682	35
21683	39
21684	9
21685	8
21686	9
21687	5
21688	37
21689	9
21690	34
21691	37
21692	8
21693	7
21694	8
21695	4
21696	35
21697	9
21698	37
21699	5
21700	4
21701	37
21702	7
21703	8
21704	8
21705	34
21706	37
21707	5
21708	35
21709	9
21710	8
21711	5
21712	39
21713	35
21714	9
21715	7
21716	37
21717	9
21718	9
21719	5
21720	37
21721	34
21722	5
21723	5
21724	33
21725	37
21726	5
21727	16
21728	5
21729	16
21730	5
21731	16
21732	5
21733	9
21734	6
21735	9
21736	34
21737	33
21738	9
21739	35
21740	9
21741	16
21742	9
21743	5
21744	6
21745	5
21746	9
21747	35
21748	34
21749	33
21750	35
21751	5
21752	37
21753	9
21754	9
21755	37
21756	34
21757	9
21758	33
21759	34
21760	37
21761	5
21762	9
21763	37
21764	9
21765	35
21766	33
21767	34
21768	34
21769	9
21770	1
21771	1
21772	1
21773	28
21774	28
21775	1
21776	1
21777	1
21778	8
21779	7
21780	34
21781	4
21782	8
21783	37
21784	5
21785	9
21786	35
21787	37
21788	35
21789	9
21790	8
21791	8
21792	9
21793	33
21794	6
21795	6
21796	9
21797	9
21798	9
21799	39
21800	7
21801	8
21802	35
21803	5
21804	9
21805	5
21806	9
21807	37
21808	9
21809	35
21810	8
21811	7
21812	39
21813	5
21814	5
21815	9
21816	37
21817	9
21818	33
21819	5
21820	37
21821	37
21822	5
21823	34
21824	16
21825	16
21826	5
21827	5
21828	8
21829	8
21830	4
21831	34
21832	7
21833	37
21834	9
21835	5
21836	37
21837	35
21838	6
21839	5
21840	9
21841	5
21842	9
21843	16
21844	33
21845	35
21846	9
21847	34
21848	9
21849	9
21850	35
21851	37
21852	37
21853	5
21854	34
21855	9
21856	34
21857	33
21858	6
21859	9
21860	5
21861	9
21862	5
21863	16
21864	35
21865	33
21866	34
21867	9
21868	9
21869	37
21870	37
21871	35
21872	9
21873	5
21874	9
21875	34
21876	33
21877	34
21878	1
21879	1
21880	1
21881	28
21882	28
21883	1
21884	1
21885	1
21886	8
21887	33
21888	9
21889	9
21890	35
21891	8
21892	9
21893	6
21894	9
21895	6
21896	7
21897	5
21898	35
21899	39
21900	9
21901	8
21902	9
21903	5
21904	37
21905	9
21906	34
21907	37
21908	8
21909	7
21910	8
21911	4
21912	35
21913	9
21914	37
21915	5
21916	4
21917	37
21918	7
21919	8
21920	8
21921	34
21922	37
21923	5
21924	35
21925	9
21926	8
21927	5
21928	39
21929	35
21930	9
21931	7
21932	37
21933	9
21934	9
21935	5
21936	37
21937	34
21938	5
21939	5
21940	33
21941	37
21942	5
21943	16
21944	5
21945	16
21946	5
21947	16
21948	5
21949	9
21950	6
21951	9
21952	34
21953	33
21954	9
21955	35
21956	9
21957	16
21958	9
21959	5
21960	6
21961	5
21962	9
21963	35
21964	34
21965	33
21966	35
21967	5
21968	37
21969	9
21970	9
21971	37
21972	34
21973	9
21974	33
21975	34
21976	37
21977	5
21978	9
21979	37
21980	9
21981	35
21982	33
21983	34
21984	34
21985	9
21986	1
21987	1
21988	1
21989	34
21990	34
21991	37
21992	33
21993	34
21994	34
21995	34
21996	34
21997	34
21998	37
21999	34
22000	34
22001	34
22002	34
22003	33
22004	37
22005	34
22006	34
22007	37
22008	34
22009	34
22010	34
22011	34
22012	34
22013	34
22014	34
22015	34
22016	34
22017	35
22018	34
22019	34
22020	35
22021	34
22022	34
22023	37
22024	33
22025	34
22026	34
22027	34
22028	34
22029	34
22030	37
22031	34
22032	34
22033	34
22034	34
22035	33
22036	37
22037	34
22038	34
22039	37
22040	34
22041	34
22042	34
22043	34
22044	34
22045	34
22046	34
22047	34
22048	34
22049	35
22050	34
22051	34
22052	35
22053	34
22054	34
22055	37
22056	33
22057	34
22058	34
22059	34
22060	34
22061	34
22062	37
22063	34
22064	34
22065	34
22066	34
22067	33
22068	37
22069	34
22070	34
22071	37
22072	34
22073	34
22074	34
22075	34
22076	34
22077	34
22078	34
22079	34
22080	34
22081	35
22082	34
22083	34
22084	35
22085	34
22086	34
22087	37
22088	33
22089	34
22090	34
22091	34
22092	34
22093	34
22094	37
22095	34
22096	34
22097	34
22098	34
22099	33
22100	37
22101	34
22102	34
22103	37
22104	34
22105	34
22106	34
22107	34
22108	34
22109	34
22110	34
22111	34
22112	34
22113	35
22114	34
22115	34
22116	35
22117	37
22118	34
22119	37
22120	34
22121	37
22122	37
22123	34
22124	34
22125	35
22126	34
22127	34
22128	34
22129	34
22130	35
22131	34
22132	37
22133	34
22134	34
22135	37
22136	37
22137	34
22138	37
22139	34
22140	37
22141	34
22142	34
22143	35
22144	35
22145	34
22146	34
22147	37
22148	34
22149	37
22150	34
22151	34
22152	37
22153	37
22154	37
22155	37
22156	37
22157	37
22158	34
22159	37
22160	34
22161	37
22162	37
22163	34
22164	34
22165	35
22166	34
22167	34
22168	34
22169	34
22170	35
22171	34
22172	37
22173	34
22174	34
22175	37
22176	37
22177	34
22178	37
22179	34
22180	37
22181	34
22182	34
22183	35
22184	35
22185	34
22186	34
22187	37
22188	34
22189	37
22190	34
22191	34
22192	37
22193	37
22194	37
22195	37
22196	37
22197	37
22198	34
22199	37
22200	34
22201	37
22202	37
22203	34
22204	34
22205	35
22206	34
22207	34
22208	34
22209	34
22210	35
22211	34
22212	37
22213	34
22214	34
22215	37
22216	37
22217	34
22218	37
22219	34
22220	37
22221	34
22222	34
22223	35
22224	35
22225	34
22226	34
22227	37
22228	34
22229	37
22230	34
22231	34
22232	37
22233	37
22234	37
22235	37
22236	37
22237	37
22238	34
22239	37
22240	34
22241	37
22242	37
22243	34
22244	34
22245	35
22246	34
22247	34
22248	34
22249	34
22250	35
22251	34
22252	37
22253	34
22254	34
22255	37
22256	37
22257	34
22258	37
22259	34
22260	37
22261	34
22262	34
22263	35
22264	35
22265	34
22266	34
22267	37
22268	34
22269	37
22270	34
22271	34
22272	37
22273	37
22274	37
22275	37
22276	37
22277	35
22278	37
22279	37
22280	37
22281	35
22282	37
22283	38
22284	37
22285	33
22286	35
22287	37
22288	35
22289	33
22290	37
22291	33
22292	34
22293	34
22294	33
22295	37
22296	37
22297	37
22298	37
22299	33
22300	33
22301	37
22302	37
22303	35
22304	37
22305	33
22306	34
22307	34
22308	33
22309	37
22310	33
22311	37
22312	37
22313	33
22314	37
22315	37
22316	37
22317	37
22318	37
22319	35
22320	35
22321	37
22322	33
22323	37
22324	35
22325	37
22326	38
22327	35
22328	35
22329	37
22330	33
22331	37
22332	37
22333	35
22334	37
22335	37
22336	37
22337	35
22338	37
22339	38
22340	37
22341	33
22342	35
22343	37
22344	35
22345	33
22346	37
22347	33
22348	34
22349	34
22350	33
22351	37
22352	37
22353	37
22354	37
22355	33
22356	33
22357	37
22358	37
22359	35
22360	37
22361	33
22362	34
22363	34
22364	33
22365	37
22366	33
22367	37
22368	37
22369	33
22370	37
22371	37
22372	37
22373	37
22374	37
22375	35
22376	35
22377	37
22378	33
22379	37
22380	35
22381	37
22382	38
22383	35
22384	35
22385	37
22386	33
22387	37
22388	37
22389	33
22390	37
22391	34
22392	33
22393	34
22394	33
22395	37
22396	37
22397	35
22398	37
22399	35
22400	37
22401	37
22402	37
22403	33
22404	37
22405	37
22406	38
22407	35
22408	37
22409	37
22410	33
22411	35
22412	37
22413	35
22414	37
22415	33
22416	37
22417	37
22418	37
22419	35
22420	35
22421	37
22422	37
22423	34
22424	33
22425	37
22426	33
22427	34
22428	33
22429	35
22430	37
22431	38
22432	33
22433	37
22434	35
22435	33
22436	37
22437	37
22438	37
22439	37
22440	37
22441	35
22442	37
22443	33
22444	37
22445	33
22446	37
22447	34
22448	33
22449	34
22450	33
22451	37
22452	37
22453	35
22454	37
22455	35
22456	37
22457	37
22458	37
22459	33
22460	37
22461	37
22462	38
22463	35
22464	37
22465	37
22466	33
22467	35
22468	37
22469	35
22470	37
22471	33
22472	37
22473	37
22474	37
22475	35
22476	35
22477	37
22478	37
22479	34
22480	33
22481	37
22482	33
22483	34
22484	33
22485	35
22486	37
22487	38
22488	33
22489	37
22490	35
22491	33
22492	37
22493	37
22494	37
22495	37
22496	37
22497	35
22498	37
22499	33
22500	37
22501	35
22502	37
22503	37
22504	37
22505	35
22506	37
22507	38
22508	37
22509	33
22510	35
22511	37
22512	35
22513	33
22514	37
22515	33
22516	34
22517	34
22518	33
22519	37
22520	37
22521	37
22522	37
22523	33
22524	33
22525	37
22526	37
22527	35
22528	37
22529	33
22530	34
22531	34
22532	33
22533	37
22534	33
22535	37
22536	37
22537	33
22538	37
22539	37
22540	37
22541	37
22542	37
22543	35
22544	35
22545	37
22546	33
22547	37
22548	35
22549	37
22550	38
22551	35
22552	35
22553	37
22554	33
22555	37
22556	37
22557	35
22558	37
22559	37
22560	37
22561	35
22562	37
22563	38
22564	37
22565	33
22566	35
22567	37
22568	35
22569	33
22570	37
22571	33
22572	34
22573	34
22574	33
22575	37
22576	37
22577	37
22578	37
22579	33
22580	33
22581	37
22582	37
22583	35
22584	37
22585	33
22586	34
22587	34
22588	33
22589	37
22590	33
22591	37
22592	37
22593	33
22594	37
22595	37
22596	37
22597	37
22598	37
22599	35
22600	35
22601	37
22602	33
22603	37
22604	35
22605	37
22606	38
22607	35
22608	35
22609	37
22610	33
22611	37
22612	37
22613	33
22614	37
22615	34
22616	33
22617	34
22618	33
22619	37
22620	37
22621	35
22622	37
22623	35
22624	37
22625	37
22626	37
22627	33
22628	37
22629	37
22630	38
22631	35
22632	37
22633	37
22634	33
22635	35
22636	37
22637	35
22638	37
22639	33
22640	37
22641	37
22642	37
22643	35
22644	35
22645	37
22646	37
22647	34
22648	33
22649	37
22650	33
22651	34
22652	33
22653	35
22654	37
22655	38
22656	33
22657	37
22658	35
22659	33
22660	37
22661	37
22662	37
22663	37
22664	37
22665	35
22666	37
22667	33
22668	37
22669	33
22670	37
22671	34
22672	33
22673	34
22674	33
22675	37
22676	37
22677	35
22678	37
22679	35
22680	37
22681	37
22682	37
22683	33
22684	37
22685	37
22686	38
22687	35
22688	37
22689	37
22690	33
22691	35
22692	37
22693	35
22694	37
22695	33
22696	37
22697	37
22698	37
22699	35
22700	35
22701	37
22702	37
22703	34
22704	33
22705	37
22706	33
22707	34
22708	33
22709	35
22710	37
22711	38
22712	33
22713	37
22714	35
22715	33
22716	37
22717	37
22718	37
22719	37
22720	37
22721	35
22722	37
22723	33
22724	37
22725	35
22726	37
22727	33
22728	38
22729	33
22730	37
22731	37
22732	37
22733	37
22734	37
22735	33
22736	33
22737	34
22738	37
22739	37
22740	37
22741	35
22742	35
22743	37
22744	34
22745	37
22746	33
22747	37
22748	35
22749	37
22750	35
22751	33
22752	37
22753	33
22754	34
22755	37
22756	37
22757	33
22758	37
22759	34
22760	37
22761	33
22762	37
22763	37
22764	35
22765	35
22766	37
22767	35
22768	37
22769	37
22770	35
22771	33
22772	33
22773	37
22774	37
22775	38
22776	37
22777	33
22778	37
22779	35
22780	37
22781	33
22782	37
22783	38
22784	37
22785	37
22786	34
22787	37
22788	37
22789	35
22790	35
22791	37
22792	37
22793	33
22794	35
22795	37
22796	35
22797	37
22798	33
22799	34
22800	33
22801	37
22802	37
22803	33
22804	37
22805	33
22806	37
22807	35
22808	37
22809	37
22810	37
22811	35
22812	34
22813	33
22814	37
22815	35
22816	37
22817	37
22818	35
22819	33
22820	37
22821	37
22822	38
22823	37
22824	37
22825	34
22826	33
22827	37
22828	33
22829	37
22830	35
22831	37
22832	33
22833	37
22834	33
22835	35
22836	37
22837	35
22838	37
22839	33
22840	38
22841	33
22842	37
22843	37
22844	37
22845	37
22846	37
22847	33
22848	33
22849	34
22850	37
22851	37
22852	37
22853	35
22854	35
22855	37
22856	34
22857	37
22858	33
22859	37
22860	35
22861	37
22862	35
22863	33
22864	37
22865	33
22866	34
22867	37
22868	37
22869	33
22870	37
22871	34
22872	37
22873	33
22874	37
22875	37
22876	35
22877	35
22878	37
22879	35
22880	37
22881	37
22882	35
22883	33
22884	33
22885	37
22886	37
22887	38
22888	37
22889	33
22890	37
22891	35
22892	37
22893	33
22894	37
22895	38
22896	37
22897	37
22898	34
22899	37
22900	37
22901	35
22902	35
22903	37
22904	37
22905	33
22906	35
22907	37
22908	35
22909	37
22910	33
22911	34
22912	33
22913	37
22914	37
22915	33
22916	37
22917	33
22918	37
22919	35
22920	37
22921	37
22922	37
22923	35
22924	34
22925	33
22926	37
22927	35
22928	37
22929	37
22930	35
22931	33
22932	37
22933	37
22934	38
22935	37
22936	37
22937	34
22938	33
22939	37
22940	33
22941	37
22942	35
22943	37
22944	33
22945	37
22946	33
22947	35
22948	37
22949	35
22950	37
22951	33
22952	38
22953	33
22954	37
22955	37
22956	37
22957	37
22958	37
22959	33
22960	33
22961	34
22962	37
22963	37
22964	37
22965	35
22966	35
22967	37
22968	34
22969	37
22970	33
22971	37
22972	35
22973	37
22974	35
22975	33
22976	37
22977	33
22978	34
22979	37
22980	37
22981	33
22982	37
22983	34
22984	37
22985	33
22986	37
22987	37
22988	35
22989	35
22990	37
22991	35
22992	37
22993	37
22994	35
22995	33
22996	33
22997	37
22998	37
22999	38
23000	37
23001	33
23002	37
23003	35
23004	37
23005	33
23006	37
23007	38
23008	37
23009	37
23010	34
23011	37
23012	37
23013	35
23014	35
23015	37
23016	37
23017	33
23018	35
23019	37
23020	35
23021	37
23022	33
23023	34
23024	33
23025	37
23026	37
23027	33
23028	37
23029	33
23030	37
23031	35
23032	37
23033	37
23034	37
23035	35
23036	34
23037	33
23038	37
23039	35
23040	37
23041	37
23042	35
23043	33
23044	37
23045	37
23046	38
23047	37
23048	37
23049	34
23050	33
23051	37
23052	33
23053	37
23054	35
23055	37
23056	33
23057	37
23058	33
23059	35
23060	37
23061	35
23062	37
23063	33
23064	38
23065	33
23066	37
23067	37
23068	37
23069	37
23070	37
23071	33
23072	33
23073	34
23074	37
23075	37
23076	37
23077	35
23078	35
23079	37
23080	34
23081	37
23082	33
23083	37
23084	35
23085	37
23086	35
23087	33
23088	37
23089	33
23090	34
23091	37
23092	37
23093	33
23094	37
23095	34
23096	37
23097	33
23098	37
23099	37
23100	35
23101	35
23102	37
23103	35
23104	37
23105	37
23106	35
23107	33
23108	33
23109	37
23110	37
23111	38
23112	37
23113	33
23114	37
23115	35
23116	37
23117	33
23118	37
23119	38
23120	37
23121	37
23122	34
23123	37
23124	37
23125	35
23126	35
23127	37
23128	37
23129	33
23130	35
23131	37
23132	35
23133	37
23134	33
23135	34
23136	33
23137	37
23138	37
23139	33
23140	37
23141	33
23142	37
23143	35
23144	37
23145	37
23146	37
23147	35
23148	34
23149	33
23150	37
23151	35
23152	37
23153	37
23154	35
23155	33
23156	37
23157	37
23158	38
23159	37
23160	37
23161	34
23162	33
23163	37
23164	33
23165	37
23166	35
23167	37
23168	33
23169	37
23170	33
23171	35
23172	37
23173	33
23174	37
23175	35
23176	37
23177	38
23178	34
23179	35
23180	33
23181	33
23182	37
23183	37
23184	35
23185	33
23186	33
23187	34
23188	34
23189	37
23190	33
23191	35
23192	37
23193	38
23194	33
23195	35
23196	33
23197	33
23198	33
23199	34
23200	37
23201	35
23202	37
23203	34
23204	33
23205	33
23206	33
23207	34
23208	33
23209	33
23210	35
23211	37
23212	33
23213	37
23214	34
23215	33
23216	35
23217	37
23218	38
23219	33
23220	35
23221	33
23222	34
23223	37
23224	37
23225	33
23226	34
23227	37
23228	33
23229	35
23230	37
23231	38
23232	33
23233	35
23234	33
23235	33
23236	35
23237	37
23238	34
23239	33
23240	34
23241	34
23242	33
23243	33
23244	33
23245	33
23246	37
23247	35
23248	37
23249	38
23250	34
23251	35
23252	33
23253	33
23254	37
23255	37
23256	35
23257	33
23258	33
23259	34
23260	34
23261	37
23262	33
23263	35
23264	37
23265	38
23266	33
23267	35
23268	33
23269	33
23270	33
23271	34
23272	37
23273	35
23274	37
23275	34
23276	33
23277	33
23278	33
23279	34
23280	33
23281	33
23282	35
23283	37
23284	33
23285	37
23286	34
23287	33
23288	35
23289	37
23290	38
23291	33
23292	35
23293	33
23294	34
23295	37
23296	37
23297	33
23298	34
23299	37
23300	33
23301	35
23302	37
23303	38
23304	33
23305	35
23306	33
23307	33
23308	35
23309	37
23310	34
23311	33
23312	34
23313	34
23314	33
23315	33
23316	33
23317	34
23318	33
23319	37
23320	33
23321	35
23322	37
23323	33
23324	35
23325	33
23326	37
23327	34
23328	37
23329	35
23330	33
23331	33
23332	35
23333	38
23334	37
23335	33
23336	34
23337	37
23338	35
23339	33
23340	37
23341	38
23342	33
23343	33
23344	35
23345	37
23346	34
23347	34
23348	33
23349	33
23350	34
23351	33
23352	33
23353	38
23354	33
23355	35
23356	37
23357	37
23358	34
23359	35
23360	33
23361	33
23362	38
23363	34
23364	37
23365	33
23366	35
23367	37
23368	33
23369	35
23370	33
23371	34
23372	37
23373	35
23374	37
23375	33
23376	33
23377	37
23378	37
23379	35
23380	34
23381	33
23382	33
23383	33
23384	34
23385	33
23386	34
23387	33
23388	33
23389	34
23390	33
23391	37
23392	33
23393	35
23394	37
23395	33
23396	35
23397	33
23398	37
23399	34
23400	37
23401	35
23402	33
23403	33
23404	35
23405	38
23406	37
23407	33
23408	34
23409	37
23410	35
23411	33
23412	37
23413	38
23414	33
23415	33
23416	35
23417	37
23418	34
23419	34
23420	33
23421	33
23422	34
23423	33
23424	33
23425	38
23426	33
23427	35
23428	37
23429	37
23430	34
23431	35
23432	33
23433	33
23434	38
23435	34
23436	37
23437	33
23438	35
23439	37
23440	33
23441	35
23442	33
23443	34
23444	37
23445	35
23446	37
23447	33
23448	33
23449	37
23450	37
23451	35
23452	34
23453	33
23454	33
23455	33
23456	34
23457	33
23458	34
23459	33
23460	33
23461	33
23462	37
23463	35
23464	37
23465	38
23466	34
23467	35
23468	33
23469	33
23470	37
23471	37
23472	35
23473	33
23474	33
23475	34
23476	34
23477	37
23478	33
23479	35
23480	37
23481	38
23482	33
23483	35
23484	33
23485	33
23486	33
23487	34
23488	37
23489	35
23490	37
23491	34
23492	33
23493	33
23494	33
23495	34
23496	33
23497	33
23498	35
23499	37
23500	33
23501	37
23502	34
23503	33
23504	35
23505	37
23506	38
23507	33
23508	35
23509	33
23510	34
23511	37
23512	37
23513	33
23514	34
23515	37
23516	33
23517	35
23518	37
23519	38
23520	33
23521	35
23522	33
23523	33
23524	35
23525	37
23526	34
23527	33
23528	34
23529	34
23530	33
23531	33
23532	33
23533	33
23534	37
23535	35
23536	37
23537	38
23538	34
23539	35
23540	33
23541	33
23542	37
23543	37
23544	35
23545	33
23546	33
23547	34
23548	34
23549	37
23550	33
23551	35
23552	37
23553	38
23554	33
23555	35
23556	33
23557	33
23558	33
23559	34
23560	37
23561	35
23562	37
23563	34
23564	33
23565	33
23566	33
23567	34
23568	33
23569	33
23570	35
23571	37
23572	33
23573	37
23574	34
23575	33
23576	35
23577	37
23578	38
23579	33
23580	35
23581	33
23582	34
23583	37
23584	37
23585	33
23586	34
23587	37
23588	33
23589	35
23590	37
23591	38
23592	33
23593	35
23594	33
23595	33
23596	35
23597	37
23598	34
23599	33
23600	34
23601	34
23602	33
23603	33
23604	33
23605	34
23606	33
23607	37
23608	33
23609	35
23610	37
23611	33
23612	35
23613	33
23614	37
23615	34
23616	37
23617	35
23618	33
23619	33
23620	35
23621	38
23622	37
23623	33
23624	34
23625	37
23626	35
23627	33
23628	37
23629	38
23630	33
23631	33
23632	35
23633	37
23634	34
23635	34
23636	33
23637	33
23638	34
23639	33
23640	33
23641	38
23642	33
23643	35
23644	37
23645	37
23646	34
23647	35
23648	33
23649	33
23650	38
23651	34
23652	37
23653	33
23654	35
23655	37
23656	33
23657	35
23658	33
23659	34
23660	37
23661	35
23662	37
23663	33
23664	33
23665	37
23666	37
23667	35
23668	34
23669	33
23670	33
23671	33
23672	34
23673	33
23674	34
23675	33
23676	33
23677	34
23678	33
23679	37
23680	33
23681	35
23682	37
23683	33
23684	35
23685	33
23686	37
23687	34
23688	37
23689	35
23690	33
23691	33
23692	35
23693	38
23694	37
23695	33
23696	34
23697	37
23698	35
23699	33
23700	37
23701	38
23702	33
23703	33
23704	35
23705	37
23706	34
23707	34
23708	33
23709	33
23710	34
23711	33
23712	33
23713	38
23714	33
23715	35
23716	37
23717	37
23718	34
23719	35
23720	33
23721	33
23722	38
23723	34
23724	37
23725	33
23726	35
23727	37
23728	33
23729	35
23730	33
23731	34
23732	37
23733	35
23734	37
23735	33
23736	33
23737	37
23738	37
23739	35
23740	34
23741	33
23742	33
23743	33
23744	34
23745	33
23746	34
23747	33
23748	33
23749	37
23750	37
23751	35
23752	37
23753	37
23754	37
23755	37
23756	35
23757	38
23758	34
23759	33
23760	33
23761	37
23762	35
23763	37
23764	37
23765	33
23766	33
23767	35
23768	37
23769	33
23770	33
23771	34
23772	37
23773	37
23774	35
23775	37
23776	37
23777	33
23778	33
23779	37
23780	35
23781	37
23782	37
23783	37
23784	35
23785	33
23786	34
23787	33
23788	37
23789	35
23790	37
23791	37
23792	37
23793	37
23794	38
23795	35
23796	34
23797	33
23798	37
23799	37
23800	33
23801	37
23802	37
23803	37
23804	35
23805	35
23806	38
23807	37
23808	37
23809	37
23810	33
23811	34
23812	33
23813	33
23814	33
23815	34
23816	37
23817	35
23818	37
23819	37
23820	37
23821	37
23822	37
23823	35
23824	37
23825	33
23826	33
23827	35
23828	37
23829	37
23830	37
23831	35
23832	37
23833	33
23834	33
23835	34
23836	37
23837	38
23838	37
23839	35
23840	33
23841	34
23842	37
23843	37
23844	33
23845	37
23846	33
23847	33
23848	37
23849	35
23850	37
23851	37
23852	35
23853	37
23854	37
23855	35
23856	37
23857	37
23858	37
23859	37
23860	35
23861	37
23862	37
23863	35
23864	37
23865	37
23866	37
23867	37
23868	35
23869	38
23870	34
23871	33
23872	33
23873	37
23874	35
23875	37
23876	37
23877	33
23878	33
23879	35
23880	37
23881	33
23882	33
23883	34
23884	37
23885	37
23886	35
23887	37
23888	37
23889	33
23890	33
23891	37
23892	35
23893	37
23894	37
23895	37
23896	35
23897	33
23898	34
23899	33
23900	37
23901	35
23902	37
23903	37
23904	37
23905	37
23906	38
23907	35
23908	34
23909	33
23910	37
23911	37
23912	33
23913	37
23914	37
23915	37
23916	35
23917	35
23918	38
23919	37
23920	37
23921	37
23922	33
23923	34
23924	33
23925	33
23926	33
23927	34
23928	37
23929	35
23930	37
23931	37
23932	37
23933	37
23934	37
23935	35
23936	37
23937	33
23938	33
23939	35
23940	37
23941	37
23942	37
23943	35
23944	37
23945	33
23946	33
23947	34
23948	37
23949	38
23950	37
23951	35
23952	33
23953	34
23954	37
23955	37
23956	33
23957	37
23958	33
23959	33
23960	37
23961	35
23962	37
23963	37
23964	35
23965	37
23966	37
23967	35
23968	37
23969	37
23970	37
23971	37
23972	35
23973	37
23974	37
23975	35
23976	37
23977	37
23978	37
23979	37
23980	35
23981	38
23982	34
23983	33
23984	33
23985	37
23986	35
23987	37
23988	37
23989	33
23990	33
23991	35
23992	37
23993	33
23994	33
23995	34
23996	37
23997	37
23998	35
23999	37
24000	37
24001	33
24002	33
24003	37
24004	35
24005	37
24006	37
24007	37
24008	35
24009	33
24010	34
24011	33
24012	37
24013	35
24014	37
24015	37
24016	37
24017	37
24018	38
24019	35
24020	34
24021	33
24022	37
24023	37
24024	33
24025	37
24026	37
24027	37
24028	35
24029	35
24030	38
24031	37
24032	37
24033	37
24034	33
24035	34
24036	33
24037	33
24038	33
24039	34
24040	37
24041	35
24042	37
24043	37
24044	37
24045	37
24046	37
24047	35
24048	37
24049	33
24050	33
24051	35
24052	37
24053	37
24054	37
24055	35
24056	37
24057	33
24058	33
24059	34
24060	37
24061	38
24062	37
24063	35
24064	33
24065	34
24066	37
24067	37
24068	33
24069	37
24070	33
24071	33
24072	37
24073	35
24074	37
24075	37
24076	35
24077	37
24078	37
24079	35
24080	37
24081	37
24082	37
24083	37
24084	35
24085	37
24086	37
24087	35
24088	37
24089	37
24090	37
24091	37
24092	35
24093	38
24094	34
24095	33
24096	33
24097	37
24098	35
24099	37
24100	37
24101	33
24102	33
24103	35
24104	37
24105	33
24106	33
24107	34
24108	37
24109	37
24110	35
24111	37
24112	37
24113	33
24114	33
24115	37
24116	35
24117	37
24118	37
24119	37
24120	35
24121	33
24122	34
24123	33
24124	37
24125	35
24126	37
24127	37
24128	37
24129	37
24130	38
24131	35
24132	34
24133	33
24134	37
24135	37
24136	33
24137	37
24138	37
24139	37
24140	35
24141	35
24142	38
24143	37
24144	37
24145	37
24146	33
24147	34
24148	33
24149	33
24150	33
24151	34
24152	37
24153	35
24154	37
24155	37
24156	37
24157	37
24158	37
24159	35
24160	37
24161	33
24162	33
24163	35
24164	37
24165	37
24166	37
24167	35
24168	37
24169	33
24170	33
24171	34
24172	37
24173	38
24174	37
24175	35
24176	33
24177	34
24178	37
24179	37
24180	33
24181	37
24182	33
24183	33
24184	37
24185	35
24186	37
24187	37
24188	35
24189	37
24190	37
24191	35
24192	37
24193	37
24194	37
24195	37
24196	35
24197	33
24198	37
24199	37
24200	33
24201	38
24202	37
24203	33
24204	33
24205	38
24206	37
24207	37
24208	37
24209	34
24210	33
24211	37
24212	37
24213	33
24214	37
24215	38
24216	33
24217	33
24218	37
24219	37
24220	34
24221	38
24222	37
24223	37
24224	33
24225	37
24226	33
24227	33
24228	37
24229	37
24230	33
24231	38
24232	37
24233	33
24234	33
24235	38
24236	37
24237	37
24238	37
24239	34
24240	33
24241	37
24242	37
24243	33
24244	37
24245	38
24246	33
24247	33
24248	37
24249	37
24250	34
24251	38
24252	37
24253	37
24254	33
24255	37
24256	33
24257	33
24258	37
24259	37
24260	33
24261	37
24262	38
24263	33
24264	37
24265	37
24266	33
24267	38
24268	37
24269	33
24270	33
24271	34
24272	37
24273	38
24274	37
24275	37
24276	33
24277	33
24278	37
24279	34
24280	37
24281	37
24282	38
24283	33
24284	33
24285	37
24286	37
24287	33
24288	37
24289	37
24290	33
24291	37
24292	38
24293	33
24294	37
24295	37
24296	33
24297	38
24298	37
24299	33
24300	33
24301	34
24302	37
24303	38
24304	37
24305	37
24306	33
24307	33
24308	37
24309	34
24310	37
24311	37
24312	38
24313	33
24314	33
24315	37
24316	37
24317	33
24318	37
24319	37
24320	33
24321	38
24322	37
24323	33
24324	33
24325	38
24326	37
24327	37
24328	37
24329	34
24330	33
24331	37
24332	37
24333	33
24334	37
24335	38
24336	33
24337	33
24338	37
24339	37
24340	34
24341	38
24342	37
24343	37
24344	33
24345	37
24346	33
24347	33
24348	37
24349	37
24350	33
24351	38
24352	37
24353	33
24354	33
24355	38
24356	37
24357	37
24358	37
24359	34
24360	33
24361	37
24362	37
24363	33
24364	37
24365	38
24366	33
24367	33
24368	37
24369	37
24370	34
24371	38
24372	37
24373	37
24374	33
24375	37
24376	33
24377	33
24378	37
24379	37
24380	33
24381	37
24382	38
24383	33
24384	37
24385	37
24386	33
24387	38
24388	37
24389	33
24390	33
24391	34
24392	37
24393	38
24394	37
24395	37
24396	33
24397	33
24398	37
24399	34
24400	37
24401	37
24402	38
24403	33
24404	33
24405	37
24406	37
24407	33
24408	37
24409	37
24410	33
24411	37
24412	38
24413	33
24414	37
24415	37
24416	33
24417	38
24418	37
24419	33
24420	33
24421	34
24422	37
24423	38
24424	37
24425	37
24426	33
24427	33
24428	37
24429	34
24430	37
24431	37
24432	38
24433	33
24434	33
24435	37
24436	37
24437	37
24438	37
24439	33
24440	37
24441	33
24442	34
24443	38
24444	37
24445	37
24446	34
24447	37
24448	33
24449	34
24450	38
24451	37
24452	37
24453	34
24454	33
24455	33
24456	37
24457	33
24458	37
24459	37
24460	37
24461	38
24462	34
24463	34
24464	37
24465	33
24466	34
24467	37
24468	37
24469	37
24470	34
24471	33
24472	38
24473	33
24474	37
24475	37
24476	33
24477	33
24478	37
24479	33
24480	37
24481	34
24482	37
24483	37
24484	34
24485	33
24486	37
24487	37
24488	38
24489	34
24490	33
24491	34
24492	37
24493	37
24494	34
24495	33
24496	38
24497	37
24498	37
24499	34
24500	33
24501	33
24502	37
24503	37
24504	37
24505	33
24506	34
24507	38
24508	37
24509	33
24510	37
24511	33
24512	37
24513	37
24514	34
24515	37
24516	38
24517	37
24518	33
24519	33
24520	37
24521	33
24522	33
24523	37
24524	37
24525	37
24526	37
24527	33
24528	37
24529	33
24530	34
24531	38
24532	37
24533	37
24534	34
24535	37
24536	33
24537	34
24538	38
24539	37
24540	37
24541	34
24542	33
24543	33
24544	37
24545	33
24546	37
24547	37
24548	37
24549	38
24550	34
24551	34
24552	37
24553	33
24554	34
24555	37
24556	37
24557	37
24558	34
24559	33
24560	38
24561	33
24562	37
24563	37
24564	33
24565	33
24566	37
24567	33
24568	37
24569	34
24570	37
24571	37
24572	34
24573	33
24574	37
24575	37
24576	38
24577	34
24578	33
24579	34
24580	37
24581	37
24582	34
24583	33
24584	38
24585	37
24586	37
24587	34
24588	33
24589	33
24590	37
24591	37
24592	37
24593	33
24594	34
24595	38
24596	37
24597	33
24598	37
24599	33
24600	37
24601	37
24602	34
24603	37
24604	38
24605	37
24606	33
24607	33
24608	37
24609	33
24610	33
24611	37
24612	37
24613	37
24614	37
24615	33
24616	37
24617	33
24618	34
24619	38
24620	37
24621	37
24622	34
24623	37
24624	33
24625	34
24626	38
24627	37
24628	37
24629	34
24630	33
24631	33
24632	37
24633	33
24634	37
24635	37
24636	37
24637	38
24638	34
24639	34
24640	37
24641	33
24642	34
24643	37
24644	37
24645	37
24646	34
24647	33
24648	38
24649	33
24650	37
24651	37
24652	33
24653	33
24654	37
24655	33
24656	37
24657	34
24658	37
24659	37
24660	34
24661	33
24662	37
24663	37
24664	38
24665	34
24666	33
24667	34
24668	37
24669	37
24670	34
24671	33
24672	38
24673	37
24674	37
24675	34
24676	33
24677	33
24678	37
24679	37
24680	37
24681	33
24682	34
24683	38
24684	37
24685	33
24686	37
24687	33
24688	37
24689	37
24690	34
24691	37
24692	38
24693	37
24694	33
24695	33
24696	37
24697	33
24698	33
24699	37
24700	37
24701	37
24702	37
24703	33
24704	37
24705	33
24706	34
24707	38
24708	37
24709	37
24710	34
24711	37
24712	33
24713	34
24714	38
24715	37
24716	37
24717	34
24718	33
24719	33
24720	37
24721	33
24722	37
24723	37
24724	37
24725	38
24726	34
24727	34
24728	37
24729	33
24730	34
24731	37
24732	37
24733	37
24734	34
24735	33
24736	38
24737	33
24738	37
24739	37
24740	33
24741	33
24742	37
24743	33
24744	37
24745	34
24746	37
24747	37
24748	34
24749	33
24750	37
24751	37
24752	38
24753	34
24754	33
24755	34
24756	37
24757	37
24758	34
24759	33
24760	38
24761	37
24762	37
24763	34
24764	33
24765	33
24766	37
24767	37
24768	37
24769	33
24770	34
24771	38
24772	37
24773	33
24774	37
24775	33
24776	37
24777	37
24778	34
24779	37
24780	38
24781	37
24782	33
24783	33
24784	37
24785	33
24786	33
24787	37
24788	37
24789	37
24790	37
24791	37
24792	37
24793	37
24794	37
24795	37
24796	37
24797	37
24798	37
24799	37
24800	37
24801	37
24802	37
24803	37
24804	37
24805	34
24806	33
24807	35
24808	34
24809	33
24810	33
24811	34
24812	33
24813	35
24814	34
24815	33
24816	33
24817	34
24818	33
24819	35
24820	34
24821	33
24822	33
24823	34
24824	33
24825	35
24826	34
24827	33
24828	33
24829	34
24830	34
24831	33
24832	33
24833	33
24834	37
24835	33
24836	37
24837	34
24838	34
24839	37
24840	37
24841	34
24842	37
24843	34
24844	37
24845	34
24846	34
24847	33
24848	33
24849	34
24850	34
24851	34
24852	34
24853	33
24854	33
24855	33
24856	37
24857	33
24858	37
24859	34
24860	34
24861	37
24862	37
24863	34
24864	37
24865	34
24866	37
24867	34
24868	34
24869	33
24870	33
24871	34
24872	34
24873	34
24874	34
24875	33
24876	33
24877	34
24878	34
24879	33
24880	33
24881	34
24882	34
24883	37
24884	33
24885	37
24886	33
24887	34
24888	34
24889	34
24890	37
24891	37
24892	34
24893	37
24894	37
24895	34
24896	34
24897	33
24898	33
24899	34
24900	34
24901	33
24902	33
24903	34
24904	34
24905	37
24906	33
24907	37
24908	33
24909	34
24910	34
24911	34
24912	37
24913	37
24914	34
24915	37
24916	37
24917	34
24918	34
24919	33
24920	33
24921	33
24922	37
24923	33
24924	37
24925	34
24926	34
24927	37
24928	37
24929	34
24930	37
24931	34
24932	37
24933	34
24934	34
24935	33
24936	33
24937	34
24938	34
24939	34
24940	34
24941	33
24942	33
24943	33
24944	37
24945	33
24946	37
24947	34
24948	34
24949	37
24950	37
24951	34
24952	37
24953	34
24954	37
24955	34
24956	34
24957	33
24958	33
24959	34
24960	34
24961	34
24962	34
24963	33
24964	33
24965	34
24966	34
24967	33
24968	33
24969	34
24970	34
24971	37
24972	33
24973	37
24974	33
24975	34
24976	34
24977	34
24978	37
24979	37
24980	34
24981	37
24982	37
24983	34
24984	34
24985	33
24986	33
24987	34
24988	34
24989	33
24990	33
24991	34
24992	34
24993	37
24994	33
24995	37
24996	33
24997	34
24998	34
24999	34
25000	37
25001	37
25002	34
25003	37
25004	37
25005	34
25006	37
25007	34
25008	34
25009	37
25010	37
25011	37
25012	34
25013	34
25014	37
25015	37
25016	37
25017	37
25018	37
25019	38
25020	37
25021	34
25022	37
25023	34
25024	34
25025	37
25026	37
25027	34
25028	38
25029	37
25030	37
25031	34
25032	37
25033	37
25034	37
25035	37
25036	37
25037	34
25038	34
25039	34
25040	37
25041	34
25042	37
25043	37
25044	37
25045	37
25046	34
25047	37
25048	37
25049	38
25050	37
25051	37
25052	37
25053	34
25054	34
25055	34
25056	34
25057	37
25058	37
25059	37
25060	37
25061	37
25062	38
25063	37
25064	34
25065	34
25066	37
25067	34
25068	34
25069	37
25070	37
25071	37
25072	34
25073	34
25074	37
25075	37
25076	37
25077	37
25078	37
25079	38
25080	37
25081	34
25082	37
25083	34
25084	34
25085	37
25086	37
25087	34
25088	38
25089	37
25090	37
25091	34
25092	37
25093	37
25094	37
25095	37
25096	37
25097	34
25098	34
25099	34
25100	37
25101	34
25102	37
25103	37
25104	37
25105	37
25106	34
25107	37
25108	37
25109	38
25110	37
25111	37
25112	37
25113	34
25114	34
25115	34
25116	34
25117	37
25118	37
25119	37
25120	37
25121	37
25122	38
25123	37
25124	34
25125	34
25126	37
25127	34
25128	34
25129	37
25130	37
25131	37
25132	34
25133	34
25134	37
25135	37
25136	37
25137	37
25138	37
25139	38
25140	37
25141	34
25142	37
25143	34
25144	34
25145	37
25146	37
25147	34
25148	38
25149	37
25150	37
25151	34
25152	37
25153	37
25154	37
25155	37
25156	37
25157	34
25158	34
25159	34
25160	37
25161	34
25162	37
25163	37
25164	37
25165	37
25166	34
25167	37
25168	37
25169	38
25170	37
25171	37
25172	37
25173	34
25174	34
25175	34
25176	34
25177	37
25178	37
25179	37
25180	37
25181	37
25182	38
25183	37
25184	34
25185	34
25186	37
25187	34
25188	34
25189	37
25190	37
25191	37
25192	34
25193	34
25194	37
25195	37
25196	37
25197	37
25198	37
25199	38
25200	37
25201	34
25202	37
25203	34
25204	34
25205	37
25206	37
25207	34
25208	38
25209	37
25210	37
25211	34
25212	37
25213	37
25214	37
25215	37
25216	37
25217	34
25218	34
25219	34
25220	37
25221	34
25222	37
25223	37
25224	37
25225	37
25226	34
25227	37
25228	37
25229	38
25230	37
25231	37
25232	37
25233	34
25234	34
25235	34
25236	34
25237	37
25238	37
25239	37
25240	37
25241	37
25242	38
25243	37
25244	34
25245	35
25246	37
25247	33
25248	37
25249	37
25250	34
25251	34
25252	37
25253	35
25254	37
25255	34
25256	37
25257	37
25258	35
25259	35
25260	33
25261	35
25262	37
25263	37
25264	37
25265	35
25266	33
25267	34
25268	34
25269	33
25270	35
25271	34
25272	35
25273	37
25274	37
25275	34
25276	34
25277	33
25278	35
25279	34
25280	33
25281	35
25282	37
25283	33
25284	37
25285	37
25286	34
25287	34
25288	37
25289	35
25290	37
25291	34
25292	37
25293	37
25294	35
25295	35
25296	33
25297	35
25298	37
25299	37
25300	37
25301	35
25302	33
25303	34
25304	34
25305	33
25306	35
25307	34
25308	35
25309	37
25310	37
25311	34
25312	34
25313	33
25314	35
25315	34
25316	33
25317	34
25318	37
25319	37
25320	33
25321	35
25322	37
25323	37
25324	34
25325	37
25326	35
25327	37
25328	34
25329	35
25330	37
25331	35
25332	37
25333	33
25334	35
25335	35
25336	37
25337	37
25338	34
25339	33
25340	34
25341	37
25342	37
25343	35
25344	33
25345	34
25346	34
25347	34
25348	33
25349	35
25350	34
25351	35
25352	33
25353	34
25354	37
25355	37
25356	33
25357	35
25358	37
25359	37
25360	34
25361	37
25362	35
25363	37
25364	34
25365	35
25366	37
25367	35
25368	37
25369	33
25370	35
25371	35
25372	37
25373	37
25374	34
25375	33
25376	34
25377	37
25378	37
25379	35
25380	33
25381	34
25382	34
25383	34
25384	33
25385	35
25386	34
25387	35
25388	33
25389	35
25390	37
25391	33
25392	37
25393	37
25394	34
25395	34
25396	37
25397	35
25398	37
25399	34
25400	37
25401	37
25402	35
25403	35
25404	33
25405	35
25406	37
25407	37
25408	37
25409	35
25410	33
25411	34
25412	34
25413	33
25414	35
25415	34
25416	35
25417	37
25418	37
25419	34
25420	34
25421	33
25422	35
25423	34
25424	33
25425	35
25426	37
25427	33
25428	37
25429	37
25430	34
25431	34
25432	37
25433	35
25434	37
25435	34
25436	37
25437	37
25438	35
25439	35
25440	33
25441	35
25442	37
25443	37
25444	37
25445	35
25446	33
25447	34
25448	34
25449	33
25450	35
25451	34
25452	35
25453	37
25454	37
25455	34
25456	34
25457	33
25458	35
25459	34
25460	33
25461	34
25462	37
25463	37
25464	33
25465	35
25466	37
25467	37
25468	34
25469	37
25470	35
25471	37
25472	34
25473	35
25474	37
25475	35
25476	37
25477	33
25478	35
25479	35
25480	37
25481	37
25482	34
25483	33
25484	34
25485	37
25486	37
25487	35
25488	33
25489	34
25490	34
25491	34
25492	33
25493	35
25494	34
25495	35
25496	33
25497	34
25498	37
25499	37
25500	33
25501	35
25502	37
25503	37
25504	34
25505	37
25506	35
25507	37
25508	34
25509	35
25510	37
25511	35
25512	37
25513	33
25514	35
25515	35
25516	37
25517	37
25518	34
25519	33
25520	34
25521	37
25522	37
25523	35
25524	33
25525	34
25526	34
25527	34
25528	33
25529	35
25530	34
25531	35
25532	33
25533	35
25534	37
25535	33
25536	35
25537	37
25538	34
25539	37
25540	35
25541	37
25542	34
25543	35
25544	37
25545	34
25546	37
25547	37
25548	33
25549	35
25550	37
25551	33
25552	34
25553	35
25554	37
25555	35
25556	37
25557	33
25558	34
25559	34
25560	34
25561	35
25562	33
25563	37
25564	35
25565	37
25566	34
25567	34
25568	33
25569	34
25570	37
25571	37
25572	33
25573	35
25574	37
25575	37
25576	34
25577	37
25578	35
25579	37
25580	34
25581	35
25582	37
25583	35
25584	37
25585	33
25586	35
25587	35
25588	37
25589	37
25590	34
25591	33
25592	34
25593	37
25594	37
25595	35
25596	33
25597	34
25598	34
25599	34
25600	33
25601	35
25602	34
25603	35
25604	33
25605	35
25606	37
25607	33
25608	35
25609	37
25610	34
25611	37
25612	35
25613	37
25614	34
25615	35
25616	37
25617	34
25618	37
25619	37
25620	33
25621	35
25622	37
25623	33
25624	34
25625	35
25626	37
25627	35
25628	37
25629	33
25630	34
25631	34
25632	34
25633	35
25634	33
25635	37
25636	35
25637	37
25638	34
25639	34
25640	33
25641	34
25642	37
25643	37
25644	33
25645	35
25646	37
25647	37
25648	34
25649	37
25650	35
25651	37
25652	34
25653	35
25654	37
25655	35
25656	37
25657	33
25658	35
25659	35
25660	37
25661	37
25662	34
25663	33
25664	34
25665	37
25666	37
25667	35
25668	33
25669	34
25670	34
25671	34
25672	33
25673	35
25674	34
25675	35
25676	33
25677	35
25678	37
25679	33
25680	35
25681	37
25682	34
25683	37
25684	35
25685	37
25686	34
25687	35
25688	37
25689	34
25690	37
25691	37
25692	33
25693	35
25694	37
25695	33
25696	34
25697	35
25698	37
25699	35
25700	37
25701	33
25702	34
25703	34
25704	34
25705	35
25706	33
25707	37
25708	35
25709	37
25710	34
25711	34
25712	33
25713	34
25714	37
25715	37
25716	33
25717	35
25718	37
25719	37
25720	34
25721	37
25722	35
25723	37
25724	34
25725	35
25726	37
25727	35
25728	37
25729	33
25730	35
25731	35
25732	37
25733	37
25734	34
25735	33
25736	34
25737	37
25738	37
25739	35
25740	33
25741	34
25742	34
25743	34
25744	33
25745	35
25746	34
25747	35
25748	33
25749	35
25750	37
25751	33
25752	35
25753	37
25754	34
25755	37
25756	35
25757	37
25758	34
25759	35
25760	37
25761	34
25762	37
25763	37
25764	33
25765	35
25766	37
25767	33
25768	34
25769	35
25770	37
25771	35
25772	37
25773	33
25774	34
25775	34
25776	34
25777	35
25778	33
25779	37
25780	35
25781	37
25782	34
25783	34
25784	33
25785	34
25786	37
25787	37
25788	33
25789	35
25790	37
25791	37
25792	34
25793	37
25794	35
25795	37
25796	34
25797	35
25798	37
25799	35
25800	37
25801	33
25802	35
25803	35
25804	37
25805	37
25806	34
25807	33
25808	34
25809	37
25810	37
25811	35
25812	33
25813	34
25814	34
25815	34
25816	33
25817	35
25818	34
25819	35
25820	33
25821	8
25822	5
25823	6
25824	33
25825	8
25826	9
25827	8
25828	4
25829	6
25830	33
25831	8
25832	5
25833	9
25834	8
25835	4
25836	8
25837	9
25838	5
25839	34
25840	16
25841	5
25842	19
25843	5
25844	19
25845	34
25846	16
25847	9
25848	5
25849	19
25850	5
25851	19
25852	5
25853	5
25854	10
25855	5
25856	10
25857	33
25858	33
25859	5
25860	5
25861	8
25862	5
25863	6
25864	33
25865	8
25866	9
25867	8
25868	4
25869	6
25870	33
25871	8
25872	5
25873	9
25874	8
25875	4
25876	8
25877	9
25878	5
25879	34
25880	16
25881	5
25882	19
25883	5
25884	19
25885	34
25886	16
25887	9
25888	5
25889	19
25890	5
25891	19
25892	5
25893	5
25894	10
25895	5
25896	10
25897	33
25898	33
25899	5
25900	5
25901	8
25902	5
25903	6
25904	33
25905	8
25906	9
25907	8
25908	4
25909	6
25910	33
25911	8
25912	5
25913	9
25914	8
25915	4
25916	8
25917	9
25918	5
25919	34
25920	16
25921	5
25922	19
25923	5
25924	19
25925	34
25926	16
25927	9
25928	5
25929	19
25930	5
25931	19
25932	5
25933	5
25934	10
25935	5
25936	10
25937	33
25938	33
25939	5
25940	5
25941	8
25942	5
25943	6
25944	33
25945	8
25946	9
25947	8
25948	4
25949	6
25950	33
25951	8
25952	5
25953	9
25954	8
25955	4
25956	8
25957	9
25958	5
25959	34
25960	16
25961	5
25962	19
25963	5
25964	19
25965	34
25966	16
25967	9
25968	5
25969	19
25970	5
25971	19
25972	5
25973	5
25974	10
25975	5
25976	10
25977	33
25978	33
25979	5
25980	5
25981	4
25982	8
25983	6
25984	34
25985	9
25986	8
25987	5
25988	37
25989	9
25990	34
25991	8
25992	8
25993	4
25994	6
25995	37
25996	5
25997	37
25998	5
25999	4
26000	19
26001	37
26002	8
26003	8
26004	9
26005	37
26006	19
26007	8
26008	5
26009	37
26010	4
26011	9
26012	8
26013	5
26014	5
26015	5
26016	5
26017	5
26018	5
26019	6
26020	6
26021	4
26022	8
26023	6
26024	34
26025	9
26026	8
26027	5
26028	37
26029	9
26030	34
26031	8
26032	8
26033	4
26034	6
26035	37
26036	5
26037	37
26038	5
26039	4
26040	19
26041	37
26042	8
26043	8
26044	9
26045	37
26046	19
26047	8
26048	5
26049	37
26050	4
26051	9
26052	8
26053	5
26054	5
26055	5
26056	5
26057	5
26058	5
26059	6
26060	6
26061	4
26062	8
26063	6
26064	34
26065	9
26066	8
26067	5
26068	37
26069	9
26070	34
26071	8
26072	8
26073	4
26074	6
26075	37
26076	5
26077	37
26078	5
26079	4
26080	19
26081	37
26082	8
26083	8
26084	9
26085	37
26086	19
26087	8
26088	5
26089	37
26090	4
26091	9
26092	8
26093	5
26094	5
26095	5
26096	5
26097	5
26098	5
26099	6
26100	6
26101	4
26102	8
26103	6
26104	34
26105	9
26106	8
26107	5
26108	37
26109	9
26110	34
26111	8
26112	8
26113	4
26114	6
26115	37
26116	5
26117	37
26118	5
26119	4
26120	19
26121	37
26122	8
26123	8
26124	9
26125	37
26126	19
26127	8
26128	5
26129	37
26130	4
26131	9
26132	8
26133	5
26134	5
26135	5
26136	5
26137	5
26138	5
26139	6
26140	6
26141	16
26142	5
26143	5
26144	6
26145	5
26146	9
26147	9
26148	7
26149	6
26150	40
26151	36
26152	5
26153	9
26154	5
26155	7
26156	36
26157	36
26158	5
26159	6
26160	40
26161	5
26162	9
26163	36
26164	7
26165	5
26166	6
26167	16
26168	5
26169	9
26170	5
26171	7
26172	9
26173	9
26174	10
26175	34
26176	7
26177	33
26178	5
26179	16
26180	35
26181	5
26182	24
26183	6
26184	24
26185	5
26186	38
26187	16
26188	16
26189	6
26190	24
26191	5
26192	24
26193	38
26194	5
26195	16
26196	16
26197	34
26198	7
26199	9
26200	10
26201	5
26202	33
26203	35
26204	16
26205	9
26206	5
26207	9
26208	9
26209	5
26210	5
26211	16
26212	37
26213	9
26214	9
26215	9
26216	5
26217	5
26218	5
26219	37
26220	16
26221	5
26222	35
26223	37
26224	33
26225	9
26226	10
26227	5
26228	7
26229	9
26230	7
26231	16
26232	5
26233	6
26234	5
26235	40
26236	16
26237	16
26238	5
26239	9
26240	7
26241	5
26242	6
26243	16
26244	40
26245	37
26246	33
26247	5
26248	35
26249	10
26250	9
26251	7
26252	5
26253	33
26254	9
26255	9
26256	9
26257	33
26258	16
26259	33
26260	5
26261	5
26262	34
26263	5
26264	19
26265	24
26266	8
26267	4
26268	24
26269	5
26270	19
26271	5
26272	34
26273	8
26274	24
26275	24
26276	4
26277	9
26278	9
26279	33
26280	9
26281	16
26282	33
26283	5
26284	33
26285	5
26286	9
26287	7
26288	34
26289	35
26290	33
26291	5
26292	8
26293	7
26294	34
26295	5
26296	9
26297	33
26298	35
26299	8
26300	5
26301	16
26302	5
26303	5
26304	6
26305	5
26306	9
26307	9
26308	7
26309	6
26310	40
26311	36
26312	5
26313	9
26314	5
26315	7
26316	36
26317	36
26318	5
26319	6
26320	40
26321	5
26322	9
26323	36
26324	7
26325	5
26326	6
26327	16
26328	5
26329	9
26330	5
26331	7
26332	9
26333	9
26334	10
26335	34
26336	7
26337	33
26338	5
26339	16
26340	35
26341	5
26342	24
26343	6
26344	24
26345	5
26346	38
26347	16
26348	16
26349	6
26350	24
26351	5
26352	24
26353	38
26354	5
26355	16
26356	16
26357	34
26358	7
26359	9
26360	10
26361	5
26362	33
26363	35
26364	16
26365	9
26366	5
26367	9
26368	9
26369	5
26370	5
26371	16
26372	37
26373	9
26374	9
26375	9
26376	5
26377	5
26378	5
26379	37
26380	16
26381	5
26382	35
26383	37
26384	33
26385	9
26386	10
26387	5
26388	7
26389	9
26390	7
26391	16
26392	5
26393	6
26394	5
26395	40
26396	16
26397	16
26398	5
26399	9
26400	7
26401	5
26402	6
26403	16
26404	40
26405	37
26406	33
26407	5
26408	35
26409	10
26410	9
26411	7
26412	5
26413	33
26414	9
26415	9
26416	9
26417	33
26418	16
26419	33
26420	5
26421	5
26422	34
26423	5
26424	19
26425	24
26426	8
26427	4
26428	24
26429	5
26430	19
26431	5
26432	34
26433	8
26434	24
26435	24
26436	4
26437	9
26438	9
26439	33
26440	9
26441	16
26442	33
26443	5
26444	33
26445	5
26446	9
26447	7
26448	34
26449	35
26450	33
26451	5
26452	8
26453	7
26454	34
26455	5
26456	9
26457	33
26458	35
26459	8
26460	5
26461	16
26462	5
26463	5
26464	6
26465	5
26466	9
26467	9
26468	7
26469	6
26470	40
26471	36
26472	5
26473	9
26474	5
26475	7
26476	36
26477	36
26478	5
26479	6
26480	40
26481	5
26482	9
26483	36
26484	7
26485	5
26486	6
26487	16
26488	5
26489	9
26490	5
26491	7
26492	9
26493	9
26494	10
26495	34
26496	7
26497	33
26498	5
26499	16
26500	35
26501	5
26502	24
26503	6
26504	24
26505	5
26506	38
26507	16
26508	16
26509	6
26510	24
26511	5
26512	24
26513	38
26514	5
26515	16
26516	16
26517	34
26518	7
26519	9
26520	10
26521	5
26522	33
26523	35
26524	16
26525	9
26526	5
26527	9
26528	9
26529	5
26530	5
26531	16
26532	37
26533	9
26534	9
26535	9
26536	5
26537	5
26538	5
26539	37
26540	16
26541	5
26542	35
26543	37
26544	33
26545	9
26546	10
26547	5
26548	7
26549	9
26550	7
26551	16
26552	5
26553	6
26554	5
26555	40
26556	16
26557	16
26558	5
26559	9
26560	7
26561	5
26562	6
26563	16
26564	40
26565	37
26566	33
26567	5
26568	35
26569	10
26570	9
26571	7
26572	5
26573	33
26574	9
26575	9
26576	9
26577	33
26578	16
26579	33
26580	5
26581	5
26582	34
26583	5
26584	19
26585	24
26586	8
26587	4
26588	24
26589	5
26590	19
26591	5
26592	34
26593	8
26594	24
26595	24
26596	4
26597	9
26598	9
26599	33
26600	9
26601	16
26602	33
26603	5
26604	33
26605	5
26606	9
26607	7
26608	34
26609	35
26610	33
26611	5
26612	8
26613	7
26614	34
26615	5
26616	9
26617	33
26618	35
26619	8
26620	5
26621	16
26622	5
26623	5
26624	6
26625	5
26626	9
26627	9
26628	7
26629	6
26630	40
26631	36
26632	5
26633	9
26634	5
26635	7
26636	36
26637	36
26638	5
26639	6
26640	40
26641	5
26642	9
26643	36
26644	7
26645	5
26646	6
26647	16
26648	5
26649	9
26650	5
26651	7
26652	9
26653	9
26654	10
26655	34
26656	7
26657	33
26658	5
26659	16
26660	35
26661	5
26662	24
26663	6
26664	24
26665	5
26666	38
26667	16
26668	16
26669	6
26670	24
26671	5
26672	24
26673	38
26674	5
26675	16
26676	16
26677	34
26678	7
26679	9
26680	10
26681	5
26682	33
26683	35
26684	16
26685	9
26686	5
26687	9
26688	9
26689	5
26690	5
26691	16
26692	37
26693	9
26694	9
26695	9
26696	5
26697	5
26698	5
26699	37
26700	16
26701	5
26702	35
26703	37
26704	33
26705	9
26706	10
26707	5
26708	7
26709	9
26710	7
26711	16
26712	5
26713	6
26714	5
26715	40
26716	16
26717	16
26718	5
26719	9
26720	7
26721	5
26722	6
26723	16
26724	40
26725	37
26726	33
26727	5
26728	35
26729	10
26730	9
26731	7
26732	5
26733	33
26734	9
26735	9
26736	9
26737	33
26738	16
26739	33
26740	5
26741	5
26742	34
26743	5
26744	19
26745	24
26746	8
26747	4
26748	24
26749	5
26750	19
26751	5
26752	34
26753	8
26754	24
26755	24
26756	4
26757	9
26758	9
26759	33
26760	9
26761	16
26762	33
26763	5
26764	33
26765	5
26766	9
26767	7
26768	34
26769	35
26770	33
26771	5
26772	8
26773	7
26774	34
26775	5
26776	9
26777	33
26778	35
26779	8
26780	5
26781	5
26782	16
26783	33
26784	5
26785	0
26786	1
26787	16
26788	9
26789	9
26790	1
26791	1
26792	33
26793	1
26794	0
26795	22
26796	22
26797	5
26798	37
26799	10
26800	5
26801	9
26802	7
26803	33
26804	9
26805	35
26806	9
26807	9
26808	37
26809	5
26810	9
26811	19
26812	38
26813	9
26814	35
26815	37
26816	5
26817	9
26818	37
26819	24
26820	14
26821	9
26822	6
26823	9
26824	5
26825	6
26826	35
26827	9
26828	24
26829	6
26830	9
26831	5
26832	37
26833	5
26834	8
26835	37
26836	5
26837	37
26838	9
26839	5
26840	6
26841	38
26842	8
26843	37
26844	5
26845	9
26846	7
26847	24
26848	24
26849	6
26850	4
26851	26
26852	40
26853	7
26854	5
26855	34
26856	16
26857	37
26858	5
26859	9
26860	5
26861	5
26862	24
26863	10
26864	24
26865	5
26866	33
26867	26
26868	5
26869	9
26870	5
26871	37
26872	35
26873	9
26874	37
26875	14
26876	24
26877	5
26878	37
26879	9
26880	9
26881	35
26882	9
26883	38
26884	19
26885	22
26886	0
26887	22
26888	1
26889	9
26890	5
26891	7
26892	37
26893	5
26894	10
26895	9
26896	33
26897	0
26898	1
26899	16
26900	5
26901	9
26902	16
26903	5
26904	33
26905	1
26906	1
26907	33
26908	9
26909	6
26910	24
26911	4
26912	7
26913	9
26914	24
26915	40
26916	26
26917	38
26918	6
26919	8
26920	9
26921	37
26922	5
26923	5
26924	37
26925	5
26926	37
26927	8
26928	9
26929	6
26930	5
26931	5
26932	37
26933	6
26934	5
26935	35
26936	6
26937	9
26938	9
26939	24
26940	9
26941	5
26942	24
26943	33
26944	24
26945	5
26946	10
26947	5
26948	26
26949	37
26950	16
26951	5
26952	5
26953	7
26954	34
26955	5
26956	9
26957	5
26958	16
26959	33
26960	5
26961	0
26962	1
26963	16
26964	9
26965	9
26966	1
26967	1
26968	33
26969	1
26970	0
26971	22
26972	22
26973	5
26974	37
26975	10
26976	5
26977	9
26978	7
26979	33
26980	9
26981	35
26982	9
26983	9
26984	37
26985	5
26986	9
26987	19
26988	38
26989	9
26990	35
26991	37
26992	5
26993	9
26994	37
26995	24
26996	14
26997	9
26998	6
26999	9
27000	5
27001	6
27002	35
27003	9
27004	24
27005	6
27006	9
27007	5
27008	37
27009	5
27010	8
27011	37
27012	5
27013	37
27014	9
27015	5
27016	6
27017	38
27018	8
27019	37
27020	5
27021	9
27022	7
27023	24
27024	24
27025	6
27026	4
27027	26
27028	40
27029	7
27030	5
27031	34
27032	16
27033	37
27034	5
27035	9
27036	5
27037	5
27038	24
27039	10
27040	24
27041	5
27042	33
27043	26
27044	5
27045	9
27046	5
27047	37
27048	35
27049	9
27050	37
27051	14
27052	24
27053	5
27054	37
27055	9
27056	9
27057	35
27058	9
27059	38
27060	19
27061	22
27062	0
27063	22
27064	1
27065	9
27066	5
27067	7
27068	37
27069	5
27070	10
27071	9
27072	33
27073	0
27074	1
27075	16
27076	5
27077	9
27078	16
27079	5
27080	33
27081	1
27082	1
27083	33
27084	9
27085	6
27086	24
27087	4
27088	7
27089	9
27090	24
27091	40
27092	26
27093	38
27094	6
27095	8
27096	9
27097	37
27098	5
27099	5
27100	37
27101	5
27102	37
27103	8
27104	9
27105	6
27106	5
27107	5
27108	37
27109	6
27110	5
27111	35
27112	6
27113	9
27114	9
27115	24
27116	9
27117	5
27118	24
27119	33
27120	24
27121	5
27122	10
27123	5
27124	26
27125	37
27126	16
27127	5
27128	5
27129	7
27130	34
27131	5
27132	9
27133	5
27134	16
27135	33
27136	5
27137	0
27138	1
27139	16
27140	9
27141	9
27142	1
27143	1
27144	33
27145	1
27146	0
27147	22
27148	22
27149	5
27150	37
27151	10
27152	5
27153	9
27154	7
27155	33
27156	9
27157	35
27158	9
27159	9
27160	37
27161	5
27162	9
27163	19
27164	38
27165	9
27166	35
27167	37
27168	5
27169	9
27170	37
27171	24
27172	14
27173	9
27174	6
27175	9
27176	5
27177	6
27178	35
27179	9
27180	24
27181	6
27182	9
27183	5
27184	37
27185	5
27186	8
27187	37
27188	5
27189	37
27190	9
27191	5
27192	6
27193	38
27194	8
27195	37
27196	5
27197	9
27198	7
27199	24
27200	24
27201	6
27202	4
27203	26
27204	40
27205	7
27206	5
27207	34
27208	16
27209	37
27210	5
27211	9
27212	5
27213	5
27214	24
27215	10
27216	24
27217	5
27218	33
27219	26
27220	5
27221	9
27222	5
27223	37
27224	35
27225	9
27226	37
27227	14
27228	24
27229	5
27230	37
27231	9
27232	9
27233	35
27234	9
27235	38
27236	19
27237	22
27238	0
27239	22
27240	1
27241	9
27242	5
27243	7
27244	37
27245	5
27246	10
27247	9
27248	33
27249	0
27250	1
27251	16
27252	5
27253	9
27254	16
27255	5
27256	33
27257	1
27258	1
27259	33
27260	9
27261	6
27262	24
27263	4
27264	7
27265	9
27266	24
27267	40
27268	26
27269	38
27270	6
27271	8
27272	9
27273	37
27274	5
27275	5
27276	37
27277	5
27278	37
27279	8
27280	9
27281	6
27282	5
27283	5
27284	37
27285	6
27286	5
27287	35
27288	6
27289	9
27290	9
27291	24
27292	9
27293	5
27294	24
27295	33
27296	24
27297	5
27298	10
27299	5
27300	26
27301	37
27302	16
27303	5
27304	5
27305	7
27306	34
27307	5
27308	9
27309	5
27310	16
27311	33
27312	5
27313	0
27314	1
27315	16
27316	9
27317	9
27318	1
27319	1
27320	33
27321	1
27322	0
27323	22
27324	22
27325	5
27326	37
27327	10
27328	5
27329	9
27330	7
27331	33
27332	9
27333	35
27334	9
27335	9
27336	37
27337	5
27338	9
27339	19
27340	38
27341	9
27342	35
27343	37
27344	5
27345	9
27346	37
27347	24
27348	14
27349	9
27350	6
27351	9
27352	5
27353	6
27354	35
27355	9
27356	24
27357	6
27358	9
27359	5
27360	37
27361	5
27362	8
27363	37
27364	5
27365	37
27366	9
27367	5
27368	6
27369	38
27370	8
27371	37
27372	5
27373	9
27374	7
27375	24
27376	24
27377	6
27378	4
27379	26
27380	40
27381	7
27382	5
27383	34
27384	16
27385	37
27386	5
27387	9
27388	5
27389	5
27390	24
27391	10
27392	24
27393	5
27394	33
27395	26
27396	5
27397	9
27398	5
27399	37
27400	35
27401	9
27402	37
27403	14
27404	24
27405	5
27406	37
27407	9
27408	9
27409	35
27410	9
27411	38
27412	19
27413	22
27414	0
27415	22
27416	1
27417	9
27418	5
27419	7
27420	37
27421	5
27422	10
27423	9
27424	33
27425	0
27426	1
27427	16
27428	5
27429	9
27430	16
27431	5
27432	33
27433	1
27434	1
27435	33
27436	9
27437	6
27438	24
27439	4
27440	7
27441	9
27442	24
27443	40
27444	26
27445	38
27446	6
27447	8
27448	9
27449	37
27450	5
27451	5
27452	37
27453	5
27454	37
27455	8
27456	9
27457	6
27458	5
27459	5
27460	37
27461	6
27462	5
27463	35
27464	6
27465	9
27466	9
27467	24
27468	9
27469	5
27470	24
27471	33
27472	24
27473	5
27474	10
27475	5
27476	26
27477	37
27478	16
27479	5
27480	5
27481	7
27482	34
27483	5
27484	9
27485	5
27486	7
27487	7
27488	5
27489	8
27490	5
27491	4
27492	7
27493	7
27494	5
27495	5
27496	7
27497	5
27498	8
27499	7
27500	4
27501	6
27502	6
27503	4
27504	8
27505	5
27506	16
27507	7
27508	5
27509	4
27510	8
27511	6
27512	6
27513	16
27514	5
27515	5
27516	7
27517	4
27518	8
27519	4
27520	8
27521	7
27522	7
27523	5
27524	5
27525	5
27526	7
27527	7
27528	5
27529	8
27530	5
27531	4
27532	7
27533	7
27534	5
27535	5
27536	7
27537	5
27538	8
27539	7
27540	4
27541	6
27542	6
27543	4
27544	8
27545	5
27546	16
27547	7
27548	5
27549	4
27550	8
27551	6
27552	6
27553	16
27554	5
27555	5
27556	7
27557	4
27558	8
27559	4
27560	8
27561	7
27562	7
27563	5
27564	5
27565	5
27566	7
27567	7
27568	5
27569	8
27570	5
27571	4
27572	7
27573	7
27574	5
27575	5
27576	7
27577	5
27578	8
27579	7
27580	4
27581	6
27582	6
27583	4
27584	8
27585	5
27586	16
27587	7
27588	5
27589	4
27590	8
27591	6
27592	6
27593	16
27594	5
27595	5
27596	7
27597	4
27598	8
27599	4
27600	8
27601	7
27602	7
27603	5
27604	5
27605	5
27606	7
27607	7
27608	5
27609	8
27610	5
27611	4
27612	7
27613	7
27614	5
27615	5
27616	7
27617	5
27618	8
27619	7
27620	4
27621	6
27622	6
27623	4
27624	8
27625	5
27626	16
27627	7
27628	5
27629	4
27630	8
27631	6
27632	6
27633	16
27634	5
27635	5
27636	7
27637	4
27638	8
27639	4
27640	8
27641	7
27642	7
27643	5
27644	5
27645	5
27646	5
27647	5
27648	7
27649	4
27650	7
27651	5
27652	7
27653	4
27654	7
27655	7
27656	5
27657	5
27658	5
27659	7
27660	5
27661	16
27662	9
27663	8
27664	8
27665	7
27666	6
27667	4
27668	24
27669	7
27670	8
27671	6
27672	9
27673	16
27674	8
27675	24
27676	4
27677	4
27678	14
27679	5
27680	14
27681	4
27682	5
27683	7
27684	7
27685	5
27686	5
27687	5
27688	7
27689	4
27690	7
27691	5
27692	7
27693	4
27694	7
27695	7
27696	5
27697	5
27698	5
27699	7
27700	5
27701	16
27702	9
27703	8
27704	8
27705	7
27706	6
27707	4
27708	24
27709	7
27710	8
27711	6
27712	9
27713	16
27714	8
27715	24
27716	4
27717	4
27718	14
27719	5
27720	14
27721	4
27722	5
27723	7
27724	7
27725	5
27726	5
27727	5
27728	7
27729	4
27730	7
27731	5
27732	7
27733	4
27734	7
27735	7
27736	5
27737	5
27738	5
27739	7
27740	5
27741	16
27742	9
27743	8
27744	8
27745	7
27746	6
27747	4
27748	24
27749	7
27750	8
27751	6
27752	9
27753	16
27754	8
27755	24
27756	4
27757	4
27758	14
27759	5
27760	14
27761	4
27762	5
27763	7
27764	7
27765	5
27766	5
27767	5
27768	7
27769	4
27770	7
27771	5
27772	7
27773	4
27774	7
27775	7
27776	5
27777	5
27778	5
27779	7
27780	5
27781	16
27782	9
27783	8
27784	8
27785	7
27786	6
27787	4
27788	24
27789	7
27790	8
27791	6
27792	9
27793	16
27794	8
27795	24
27796	4
27797	4
27798	14
27799	5
27800	14
27801	4
27802	5
27803	7
27804	7
27805	33
27806	34
27807	35
27808	37
27809	37
27810	35
27811	35
27812	34
27813	37
27814	35
27815	37
27816	37
27817	37
27818	34
27819	35
27820	34
27821	33
27822	38
27823	35
27824	34
27825	35
27826	34
27827	37
27828	37
27829	37
27830	35
27831	35
27832	34
27833	33
27834	35
27835	37
27836	37
27837	34
27838	37
27839	35
27840	34
27841	35
27842	37
27843	34
27844	34
27845	35
27846	33
27847	38
27848	37
27849	34
27850	35
27851	34
27852	35
27853	33
27854	34
27855	35
27856	34
27857	33
27858	34
27859	34
27860	35
27861	34
27862	35
27863	37
27864	35
27865	37
27866	35
27867	33
27868	34
27869	35
27870	37
27871	37
27872	35
27873	35
27874	34
27875	37
27876	35
27877	37
27878	37
27879	37
27880	34
27881	35
27882	34
27883	33
27884	38
27885	35
27886	34
27887	35
27888	34
27889	37
27890	37
27891	37
27892	35
27893	35
27894	34
27895	33
27896	35
27897	37
27898	37
27899	34
27900	37
27901	35
27902	34
27903	35
27904	37
27905	34
27906	34
27907	35
27908	33
27909	38
27910	37
27911	34
27912	35
27913	34
27914	35
27915	33
27916	34
27917	35
27918	34
27919	33
27920	34
27921	34
27922	35
27923	34
27924	35
27925	37
27926	35
27927	37
27928	35
27929	33
27930	34
27931	35
27932	37
27933	37
27934	35
27935	35
27936	34
27937	37
27938	35
27939	37
27940	37
27941	37
27942	34
27943	35
27944	34
27945	33
27946	38
27947	35
27948	34
27949	35
27950	34
27951	37
27952	37
27953	37
27954	35
27955	35
27956	34
27957	33
27958	35
27959	37
27960	37
27961	34
27962	37
27963	35
27964	34
27965	35
27966	37
27967	34
27968	34
27969	35
27970	33
27971	38
27972	37
27973	34
27974	35
27975	34
27976	35
27977	33
27978	34
27979	35
27980	34
27981	33
27982	34
27983	34
27984	35
27985	34
27986	35
27987	37
27988	35
27989	37
27990	35
27991	33
27992	34
27993	35
27994	37
27995	37
27996	35
27997	35
27998	34
27999	37
28000	35
28001	37
28002	37
28003	37
28004	34
28005	35
28006	34
28007	33
28008	38
28009	35
28010	34
28011	35
28012	34
28013	37
28014	37
28015	37
28016	35
28017	35
28018	34
28019	33
28020	35
28021	37
28022	37
28023	34
28024	37
28025	35
28026	34
28027	35
28028	37
28029	34
28030	34
28031	35
28032	33
28033	38
28034	37
28035	34
28036	35
28037	34
28038	35
28039	33
28040	34
28041	35
28042	34
28043	33
28044	34
28045	34
28046	35
28047	34
28048	35
28049	37
28050	35
28051	37
28052	35
28053	35
28054	37
28055	34
28056	35
28057	37
28058	33
28059	35
28060	34
28061	34
28062	35
28063	34
28064	37
28065	37
28066	37
28067	35
28068	37
28069	35
28070	34
28071	35
28072	37
28073	37
28074	35
28075	34
28076	34
28077	37
28078	35
28079	35
28080	33
28081	37
28082	34
28083	35
28084	37
28085	34
28086	35
28087	34
28088	37
28089	37
28090	37
28091	35
28092	35
28093	37
28094	34
28095	35
28096	34
28097	37
28098	35
28099	37
28100	35
28101	37
28102	35
28103	37
28104	37
28105	33
28106	37
28107	37
28108	34
28109	35
28110	34
28111	37
28112	35
28113	37
28114	33
28115	35
28116	37
28117	34
28118	35
28119	37
28120	33
28121	35
28122	34
28123	34
28124	35
28125	34
28126	37
28127	37
28128	37
28129	35
28130	37
28131	35
28132	34
28133	35
28134	37
28135	37
28136	35
28137	34
28138	34
28139	37
28140	35
28141	35
28142	33
28143	37
28144	34
28145	35
28146	37
28147	34
28148	35
28149	34
28150	37
28151	37
28152	37
28153	35
28154	35
28155	37
28156	34
28157	35
28158	34
28159	37
28160	35
28161	37
28162	35
28163	37
28164	35
28165	37
28166	37
28167	33
28168	37
28169	37
28170	34
28171	35
28172	34
28173	37
28174	35
28175	37
28176	33
28177	35
28178	37
28179	34
28180	35
28181	37
28182	33
28183	35
28184	34
28185	34
28186	35
28187	34
28188	37
28189	37
28190	37
28191	35
28192	37
28193	35
28194	34
28195	35
28196	37
28197	37
28198	35
28199	34
28200	34
28201	37
28202	35
28203	35
28204	33
28205	37
28206	34
28207	35
28208	37
28209	34
28210	35
28211	34
28212	37
28213	37
28214	37
28215	35
28216	35
28217	37
28218	34
28219	35
28220	34
28221	37
28222	35
28223	37
28224	35
28225	37
28226	35
28227	37
28228	37
28229	33
28230	37
28231	37
28232	34
28233	35
28234	34
28235	37
28236	35
28237	37
28238	33
28239	35
28240	37
28241	34
28242	35
28243	37
28244	33
28245	35
28246	34
28247	34
28248	35
28249	34
28250	37
28251	37
28252	37
28253	35
28254	37
28255	35
28256	34
28257	35
28258	37
28259	37
28260	35
28261	34
28262	34
28263	37
28264	35
28265	35
28266	33
28267	37
28268	34
28269	35
28270	37
28271	34
28272	35
28273	34
28274	37
28275	37
28276	37
28277	35
28278	35
28279	37
28280	34
28281	35
28282	34
28283	37
28284	35
28285	37
28286	35
28287	37
28288	35
28289	37
28290	37
28291	33
28292	37
28293	37
28294	34
28295	35
28296	34
28297	37
28298	35
28299	37
28300	33
28301	37
28302	33
28303	34
28304	34
28305	34
28306	34
28307	37
28308	33
28309	35
28310	37
28311	34
28312	37
28313	34
28314	35
28315	37
28316	38
28317	37
28318	33
28319	37
28320	37
28321	34
28322	34
28323	34
28324	34
28325	37
28326	34
28327	35
28328	37
28329	37
28330	33
28331	35
28332	34
28333	37
28334	37
28335	37
28336	37
28337	34
28338	34
28339	34
28340	34
28341	33
28342	34
28343	34
28344	37
28345	35
28346	34
28347	34
28348	34
28349	37
28350	37
28351	37
28352	33
28353	34
28354	34
28355	37
28356	33
28357	37
28358	33
28359	34
28360	34
28361	35
28362	37
28363	37
28364	38
28365	37
28366	34
28367	34
28368	37
28369	35
28370	37
28371	34
28372	33
28373	37
28374	34
28375	34
28376	34
28377	37
28378	37
28379	33
28380	34
28381	37
28382	35
28383	37
28384	37
28385	34
28386	35
28387	37
28388	34
28389	37
28390	34
28391	34
28392	34
28393	33
28394	35
28395	34
28396	34
28397	37
28398	34
28399	34
28400	37
28401	37
28402	34
28403	37
28404	33
28405	33
28406	33
28407	33
28408	33
28409	37
28410	33
28411	37
28412	33
28413	34
28414	37
28415	37
28416	34
28417	34
28418	37
28419	37
28420	34
28421	34
28422	35
28423	34
28424	35
28425	37
28426	33
28427	34
28428	34
28429	34
28430	34
28431	37
28432	33
28433	35
28434	37
28435	34
28436	37
28437	34
28438	35
28439	37
28440	38
28441	37
28442	33
28443	37
28444	37
28445	34
28446	34
28447	34
28448	34
28449	37
28450	34
28451	35
28452	37
28453	37
28454	33
28455	35
28456	34
28457	37
28458	37
28459	37
28460	37
28461	34
28462	34
28463	34
28464	34
28465	33
28466	34
28467	34
28468	37
28469	35
28470	34
28471	34
28472	34
28473	37
28474	37
28475	37
28476	33
28477	34
28478	34
28479	37
28480	33
28481	37
28482	33
28483	34
28484	34
28485	35
28486	37
28487	37
28488	38
28489	37
28490	34
28491	34
28492	37
28493	35
28494	37
28495	34
28496	33
28497	37
28498	34
28499	34
28500	34
28501	37
28502	37
28503	33
28504	34
28505	37
28506	35
28507	37
28508	37
28509	34
28510	35
28511	37
28512	34
28513	37
28514	34
28515	34
28516	34
28517	33
28518	35
28519	34
28520	34
28521	37
28522	34
28523	34
28524	37
28525	37
28526	34
28527	37
28528	33
28529	33
28530	33
28531	33
28532	33
28533	37
28534	33
28535	37
28536	33
28537	34
28538	37
28539	37
28540	34
28541	34
28542	37
28543	37
28544	34
28545	34
28546	35
28547	34
28548	35
28549	37
28550	33
28551	34
28552	34
28553	34
28554	34
28555	37
28556	33
28557	35
28558	37
28559	34
28560	37
28561	34
28562	35
28563	37
28564	38
28565	37
28566	33
28567	37
28568	37
28569	34
28570	34
28571	34
28572	34
28573	37
28574	34
28575	35
28576	37
28577	37
28578	33
28579	35
28580	34
28581	37
28582	37
28583	37
28584	37
28585	34
28586	34
28587	34
28588	34
28589	33
28590	34
28591	34
28592	37
28593	35
28594	34
28595	34
28596	34
28597	37
28598	37
28599	37
28600	33
28601	34
28602	34
28603	37
28604	33
28605	37
28606	33
28607	34
28608	34
28609	35
28610	37
28611	37
28612	38
28613	37
28614	34
28615	34
28616	37
28617	35
28618	37
28619	34
28620	33
28621	37
28622	34
28623	34
28624	34
28625	37
28626	37
28627	33
28628	34
28629	37
28630	35
28631	37
28632	37
28633	34
28634	35
28635	37
28636	34
28637	37
28638	34
28639	34
28640	34
28641	33
28642	35
28643	34
28644	34
28645	37
28646	34
28647	34
28648	37
28649	37
28650	34
28651	37
28652	33
28653	33
28654	33
28655	33
28656	33
28657	37
28658	33
28659	37
28660	33
28661	34
28662	37
28663	37
28664	34
28665	34
28666	37
28667	37
28668	34
28669	34
28670	35
28671	34
28672	35
28673	37
28674	33
28675	34
28676	34
28677	34
28678	34
28679	37
28680	33
28681	35
28682	37
28683	34
28684	37
28685	34
28686	35
28687	37
28688	38
28689	37
28690	33
28691	37
28692	37
28693	34
28694	34
28695	34
28696	34
28697	37
28698	34
28699	35
28700	37
28701	37
28702	33
28703	35
28704	34
28705	37
28706	37
28707	37
28708	37
28709	34
28710	34
28711	34
28712	34
28713	33
28714	34
28715	34
28716	37
28717	35
28718	34
28719	34
28720	34
28721	37
28722	37
28723	37
28724	33
28725	34
28726	34
28727	37
28728	33
28729	37
28730	33
28731	34
28732	34
28733	35
28734	37
28735	37
28736	38
28737	37
28738	34
28739	34
28740	37
28741	35
28742	37
28743	34
28744	33
28745	37
28746	34
28747	34
28748	34
28749	37
28750	37
28751	33
28752	34
28753	37
28754	35
28755	37
28756	37
28757	34
28758	35
28759	37
28760	34
28761	37
28762	34
28763	34
28764	34
28765	33
28766	35
28767	34
28768	34
28769	37
28770	34
28771	34
28772	37
28773	37
28774	34
28775	37
28776	33
28777	33
28778	33
28779	33
28780	33
28781	37
28782	33
28783	37
28784	33
28785	34
28786	37
28787	37
28788	34
28789	34
28790	37
28791	37
28792	34
28793	34
28794	35
28795	34
28796	35
28797	37
28798	34
28799	34
28800	37
28801	37
28802	34
28803	37
28804	37
28805	35
28806	37
28807	37
28808	33
28809	33
28810	34
28811	34
28812	35
28813	37
28814	37
28815	38
28816	33
28817	37
28818	37
28819	34
28820	35
28821	37
28822	37
28823	34
28824	33
28825	34
28826	37
28827	34
28828	37
28829	34
28830	37
28831	34
28832	35
28833	33
28834	34
28835	37
28836	37
28837	33
28838	37
28839	33
28840	34
28841	33
28842	34
28843	34
28844	33
28845	37
28846	37
28847	37
28848	35
28849	33
28850	37
28851	38
28852	37
28853	37
28854	34
28855	34
28856	37
28857	37
28858	34
28859	37
28860	37
28861	35
28862	37
28863	35
28864	34
28865	34
28866	37
28867	34
28868	37
28869	33
28870	37
28871	37
28872	33
28873	34
28874	33
28875	37
28876	34
28877	35
28878	34
28879	37
28880	37
28881	34
28882	34
28883	33
28884	37
28885	33
28886	37
28887	35
28888	37
28889	37
28890	34
28891	37
28892	37
28893	37
28894	33
28895	34
28896	37
28897	37
28898	37
28899	37
28900	35
28901	37
28902	37
28903	37
28904	34
28905	34
28906	37
28907	37
28908	34
28909	37
28910	37
28911	35
28912	37
28913	37
28914	33
28915	33
28916	34
28917	34
28918	35
28919	37
28920	37
28921	38
28922	33
28923	37
28924	37
28925	34
28926	35
28927	37
28928	37
28929	34
28930	33
28931	34
28932	37
28933	34
28934	37
28935	34
28936	37
28937	34
28938	35
28939	33
28940	34
28941	37
28942	37
28943	33
28944	37
28945	33
28946	34
28947	33
28948	34
28949	34
28950	33
28951	37
28952	37
28953	37
28954	35
28955	33
28956	37
28957	38
28958	37
28959	37
28960	34
28961	34
28962	37
28963	37
28964	34
28965	37
28966	37
28967	35
28968	37
28969	35
28970	34
28971	34
28972	37
28973	34
28974	37
28975	33
28976	37
28977	37
28978	33
28979	34
28980	33
28981	37
28982	34
28983	35
28984	34
28985	37
28986	37
28987	34
28988	34
28989	33
28990	37
28991	33
28992	37
28993	35
28994	37
28995	37
28996	34
28997	37
28998	37
28999	37
29000	33
29001	34
29002	37
29003	37
29004	37
29005	37
29006	35
29007	37
29008	37
29009	37
29010	34
29011	34
29012	37
29013	37
29014	34
29015	37
29016	37
29017	35
29018	37
29019	37
29020	33
29021	33
29022	34
29023	34
29024	35
29025	37
29026	37
29027	38
29028	33
29029	37
29030	37
29031	34
29032	35
29033	37
29034	37
29035	34
29036	33
29037	34
29038	37
29039	34
29040	37
29041	34
29042	37
29043	34
29044	35
29045	33
29046	34
29047	37
29048	37
29049	33
29050	37
29051	33
29052	34
29053	33
29054	34
29055	34
29056	33
29057	37
29058	37
29059	37
29060	35
29061	33
29062	37
29063	38
29064	37
29065	37
29066	34
29067	34
29068	37
29069	37
29070	34
29071	37
29072	37
29073	35
29074	37
29075	35
29076	34
29077	34
29078	37
29079	34
29080	37
29081	33
29082	37
29083	37
29084	33
29085	34
29086	33
29087	37
29088	34
29089	35
29090	34
29091	37
29092	37
29093	34
29094	34
29095	33
29096	37
29097	33
29098	37
29099	35
29100	37
29101	37
29102	34
29103	37
29104	37
29105	37
29106	33
29107	34
29108	37
29109	37
29110	37
29111	37
29112	35
29113	37
29114	37
29115	37
29116	34
29117	34
29118	37
29119	37
29120	34
29121	37
29122	37
29123	35
29124	37
29125	37
29126	33
29127	33
29128	34
29129	34
29130	35
29131	37
29132	37
29133	38
29134	33
29135	37
29136	37
29137	34
29138	35
29139	37
29140	37
29141	34
29142	33
29143	34
29144	37
29145	34
29146	37
29147	34
29148	37
29149	34
29150	35
29151	33
29152	34
29153	37
29154	37
29155	33
29156	37
29157	33
29158	34
29159	33
29160	34
29161	34
29162	33
29163	37
29164	37
29165	37
29166	35
29167	33
29168	37
29169	38
29170	37
29171	37
29172	34
29173	34
29174	37
29175	37
29176	34
29177	37
29178	37
29179	35
29180	37
29181	35
29182	34
29183	34
29184	37
29185	34
29186	37
29187	33
29188	37
29189	37
29190	33
29191	34
29192	33
29193	37
29194	34
29195	35
29196	34
29197	37
29198	37
29199	34
29200	34
29201	33
29202	37
29203	33
29204	37
29205	35
29206	37
29207	37
29208	34
29209	37
29210	37
29211	37
29212	33
29213	34
29214	37
29215	37
29216	37
29217	37
29218	35
29219	37
29220	37
29221	34
29222	37
29223	33
29224	37
29225	34
29226	34
29227	37
29228	33
29229	33
29230	37
29231	37
29232	34
29233	34
29234	34
29235	34
29236	34
29237	37
29238	33
29239	37
29240	34
29241	34
29242	37
29243	33
29244	33
29245	37
29246	37
29247	34
29248	34
29249	34
29250	34
29251	37
29252	34
29253	33
29254	37
29255	37
29256	33
29257	37
29258	37
29259	33
29260	37
29261	37
29262	33
29263	37
29264	34
29265	34
29266	37
29267	34
29268	37
29269	34
29270	33
29271	37
29272	37
29273	33
29274	37
29275	37
29276	33
29277	37
29278	37
29279	33
29280	37
29281	34
29282	34
29283	37
29284	34
29285	34
29286	37
29287	33
29288	37
29289	34
29290	34
29291	37
29292	33
29293	33
29294	37
29295	37
29296	34
29297	34
29298	34
29299	34
29300	34
29301	37
29302	33
29303	37
29304	34
29305	34
29306	37
29307	33
29308	33
29309	37
29310	37
29311	34
29312	34
29313	34
29314	34
29315	37
29316	34
29317	33
29318	37
29319	37
29320	33
29321	37
29322	37
29323	33
29324	37
29325	37
29326	33
29327	37
29328	34
29329	34
29330	37
29331	34
29332	37
29333	34
29334	33
29335	37
29336	37
29337	33
29338	37
29339	37
29340	33
29341	37
29342	37
29343	33
29344	37
29345	34
29346	34
29347	37
29348	34
29349	37
29350	34
29351	37
29352	34
29353	37
29354	34
29355	33
29356	34
29357	34
29358	37
29359	34
29360	34
29361	34
29362	37
29363	34
29364	37
29365	38
29366	33
29367	37
29368	34
29369	37
29370	37
29371	37
29372	33
29373	37
29374	37
29375	34
29376	34
29377	37
29378	33
29379	37
29380	37
29381	34
29382	38
29383	34
29384	37
29385	34
29386	34
29387	37
29388	33
29389	33
29390	34
29391	37
29392	34
29393	34
29394	34
29395	37
29396	37
29397	37
29398	37
29399	37
29400	34
29401	37
29402	34
29403	37
29404	34
29405	33
29406	34
29407	34
29408	37
29409	34
29410	34
29411	34
29412	37
29413	34
29414	37
29415	38
29416	33
29417	37
29418	34
29419	37
29420	37
29421	37
29422	33
29423	37
29424	37
29425	34
29426	34
29427	37
29428	33
29429	37
29430	37
29431	34
29432	38
29433	34
29434	37
29435	34
29436	34
29437	37
29438	33
29439	33
29440	34
29441	37
29442	34
29443	34
29444	34
29445	37
29446	37
29447	37
29448	37
29449	37
29450	34
29451	37
29452	34
29453	37
29454	34
29455	33
29456	34
29457	34
29458	37
29459	34
29460	34
29461	34
29462	37
29463	34
29464	37
29465	38
29466	33
29467	37
29468	34
29469	37
29470	37
29471	37
29472	33
29473	37
29474	37
29475	34
29476	34
29477	37
29478	33
29479	37
29480	37
29481	34
29482	38
29483	34
29484	37
29485	34
29486	34
29487	37
29488	33
29489	33
29490	34
29491	37
29492	34
29493	34
29494	34
29495	37
29496	37
29497	37
29498	37
29499	37
29500	34
29501	37
29502	34
29503	37
29504	34
29505	33
29506	34
29507	34
29508	37
29509	34
29510	34
29511	34
29512	37
29513	34
29514	37
29515	38
29516	33
29517	37
29518	34
29519	37
29520	37
29521	37
29522	33
29523	37
29524	37
29525	34
29526	34
29527	37
29528	33
29529	37
29530	37
29531	34
29532	38
29533	34
29534	37
29535	34
29536	34
29537	37
29538	33
29539	33
29540	34
29541	37
29542	34
29543	34
29544	34
29545	37
29546	37
29547	37
29548	37
29549	4
29550	24
29551	10
29552	16
29553	9
29554	9
29555	5
29556	7
29557	9
29558	5
29559	16
29560	10
29561	15
29562	6
29563	4
29564	8
29565	10
29566	16
29567	4
29568	24
29569	9
29570	9
29571	7
29572	5
29573	16
29574	10
29575	9
29576	5
29577	6
29578	15
29579	8
29580	4
29581	5
29582	6
29583	5
29584	6
29585	6
29586	6
29587	5
29588	5
29589	4
29590	24
29591	10
29592	16
29593	9
29594	9
29595	5
29596	7
29597	9
29598	5
29599	16
29600	10
29601	15
29602	6
29603	4
29604	8
29605	10
29606	16
29607	4
29608	24
29609	9
29610	9
29611	7
29612	5
29613	16
29614	10
29615	9
29616	5
29617	6
29618	15
29619	8
29620	4
29621	5
29622	6
29623	5
29624	6
29625	6
29626	6
29627	5
29628	5
29629	4
29630	24
29631	10
29632	16
29633	9
29634	9
29635	5
29636	7
29637	9
29638	5
29639	16
29640	10
29641	15
29642	6
29643	4
29644	8
29645	10
29646	16
29647	4
29648	24
29649	9
29650	9
29651	7
29652	5
29653	16
29654	10
29655	9
29656	5
29657	6
29658	15
29659	8
29660	4
29661	5
29662	6
29663	5
29664	6
29665	6
29666	6
29667	5
29668	5
29669	4
29670	24
29671	10
29672	16
29673	9
29674	9
29675	5
29676	7
29677	9
29678	5
29679	16
29680	10
29681	15
29682	6
29683	4
29684	8
29685	10
29686	16
29687	4
29688	24
29689	9
29690	9
29691	7
29692	5
29693	16
29694	10
29695	9
29696	5
29697	6
29698	15
29699	8
29700	4
29701	5
29702	6
29703	5
29704	6
29705	6
29706	6
29707	5
29708	5
29709	5
29710	7
29711	7
29712	4
29713	5
29714	5
29715	7
29716	5
29717	7
29718	4
29719	8
29720	16
29721	6
29722	24
29723	9
29724	8
29725	4
29726	5
29727	5
29728	5
29729	7
29730	7
29731	5
29732	7
29733	16
29734	24
29735	6
29736	7
29737	8
29738	4
29739	8
29740	9
29741	4
29742	7
29743	5
29744	4
29745	5
29746	7
29747	14
29748	14
29749	5
29750	7
29751	7
29752	4
29753	5
29754	5
29755	7
29756	5
29757	7
29758	4
29759	8
29760	16
29761	6
29762	24
29763	9
29764	8
29765	4
29766	5
29767	5
29768	5
29769	7
29770	7
29771	5
29772	7
29773	16
29774	24
29775	6
29776	7
29777	8
29778	4
29779	8
29780	9
29781	4
29782	7
29783	5
29784	4
29785	5
29786	7
29787	14
29788	14
29789	5
29790	7
29791	7
29792	4
29793	5
29794	5
29795	7
29796	5
29797	7
29798	4
29799	8
29800	16
29801	6
29802	24
29803	9
29804	8
29805	4
29806	5
29807	5
29808	5
29809	7
29810	7
29811	5
29812	7
29813	16
29814	24
29815	6
29816	7
29817	8
29818	4
29819	8
29820	9
29821	4
29822	7
29823	5
29824	4
29825	5
29826	7
29827	14
29828	14
29829	5
29830	7
29831	7
29832	4
29833	5
29834	5
29835	7
29836	5
29837	7
29838	4
29839	8
29840	16
29841	6
29842	24
29843	9
29844	8
29845	4
29846	5
29847	5
29848	5
29849	7
29850	7
29851	5
29852	7
29853	16
29854	24
29855	6
29856	7
29857	8
29858	4
29859	8
29860	9
29861	4
29862	7
29863	5
29864	4
29865	5
29866	7
29867	14
29868	14
29869	22
29870	1
29871	1
29872	1
29873	37
29874	24
29875	37
29876	34
29877	24
29878	5
29879	9
29880	7
29881	9
29882	5
29883	5
29884	9
29885	24
29886	7
29887	9
29888	5
29889	9
29890	40
29891	24
29892	24
29893	5
29894	5
29895	5
29896	36
29897	5
29898	7
29899	9
29900	16
29901	5
29902	8
29903	8
29904	36
29905	9
29906	24
29907	35
29908	37
29909	14
29910	24
29911	6
29912	5
29913	9
29914	24
29915	37
29916	33
29917	37
29918	16
29919	5
29920	38
29921	35
29922	9
29923	9
29924	37
29925	7
29926	37
29927	10
29928	4
29929	5
29930	8
29931	37
29932	38
29933	19
29934	9
29935	9
29936	7
29937	5
29938	24
29939	7
29940	9
29941	24
29942	37
29943	34
29944	37
29945	9
29946	5
29947	5
29948	9
29949	5
29950	9
29951	7
29952	24
29953	5
29954	5
29955	36
29956	5
29957	40
29958	9
29959	24
29960	24
29961	16
29962	9
29963	7
29964	5
29965	36
29966	8
29967	8
29968	5
29969	24
29970	14
29971	5
29972	6
29973	24
29974	9
29975	37
29976	35
29977	33
29978	37
29979	24
29980	9
29981	38
29982	5
29983	16
29984	37
29985	37
29986	7
29987	4
29988	10
29989	9
29990	35
29991	37
29992	9
29993	38
29994	37
29995	8
29996	5
29997	7
29998	9
29999	9
30000	19
30001	34
30002	33
30003	9
30004	9
30005	33
30006	34
30007	9
30008	9
30009	6
30010	5
30011	5
30012	6
30013	6
30014	16
30015	16
30016	6
30017	37
30018	10
30019	8
30020	37
30021	10
30022	37
30023	37
30024	8
30025	33
30026	35
30027	35
30028	33
30029	7
30030	5
30031	5
30032	7
30033	37
30034	24
30035	37
30036	34
30037	24
30038	5
30039	9
30040	7
30041	9
30042	5
30043	5
30044	9
30045	24
30046	7
30047	9
30048	5
30049	9
30050	40
30051	24
30052	24
30053	5
30054	5
30055	5
30056	36
30057	5
30058	7
30059	9
30060	16
30061	5
30062	8
30063	8
30064	36
30065	9
30066	24
30067	35
30068	37
30069	14
30070	24
30071	6
30072	5
30073	9
30074	24
30075	37
30076	33
30077	37
30078	16
30079	5
30080	38
30081	35
30082	9
30083	9
30084	37
30085	7
30086	37
30087	10
30088	4
30089	5
30090	8
30091	37
30092	38
30093	19
30094	9
30095	9
30096	7
30097	5
30098	24
30099	7
30100	9
30101	24
30102	37
30103	34
30104	37
30105	9
30106	5
30107	5
30108	9
30109	5
30110	9
30111	7
30112	24
30113	5
30114	5
30115	36
30116	5
30117	40
30118	9
30119	24
30120	24
30121	16
30122	9
30123	7
30124	5
30125	36
30126	8
30127	8
30128	5
30129	24
30130	14
30131	5
30132	6
30133	24
30134	9
30135	37
30136	35
30137	33
30138	37
30139	24
30140	9
30141	38
30142	5
30143	16
30144	37
30145	37
30146	7
30147	4
30148	10
30149	9
30150	35
30151	37
30152	9
30153	38
30154	37
30155	8
30156	5
30157	7
30158	9
30159	9
30160	19
30161	34
30162	33
30163	9
30164	9
30165	33
30166	34
30167	9
30168	9
30169	6
30170	5
30171	5
30172	6
30173	6
30174	16
30175	16
30176	6
30177	37
30178	10
30179	8
30180	37
30181	10
30182	37
30183	37
30184	8
30185	33
30186	35
30187	35
30188	33
30189	7
30190	5
30191	5
30192	7
30193	37
30194	24
30195	37
30196	34
30197	24
30198	5
30199	9
30200	7
30201	9
30202	5
30203	5
30204	9
30205	24
30206	7
30207	9
30208	5
30209	9
30210	40
30211	24
30212	24
30213	5
30214	5
30215	5
30216	36
30217	5
30218	7
30219	9
30220	16
30221	5
30222	8
30223	8
30224	36
30225	9
30226	24
30227	35
30228	37
30229	14
30230	24
30231	6
30232	5
30233	9
30234	24
30235	37
30236	33
30237	37
30238	16
30239	5
30240	38
30241	35
30242	9
30243	9
30244	37
30245	7
30246	37
30247	10
30248	4
30249	5
30250	8
30251	37
30252	38
30253	19
30254	9
30255	9
30256	7
30257	5
30258	24
30259	7
30260	9
30261	24
30262	37
30263	34
30264	37
30265	9
30266	5
30267	5
30268	9
30269	5
30270	9
30271	7
30272	24
30273	5
30274	5
30275	36
30276	5
30277	40
30278	9
30279	24
30280	24
30281	16
30282	9
30283	7
30284	5
30285	36
30286	8
30287	8
30288	5
30289	24
30290	14
30291	5
30292	6
30293	24
30294	9
30295	37
30296	35
30297	33
30298	37
30299	24
30300	9
30301	38
30302	5
30303	16
30304	37
30305	37
30306	7
30307	4
30308	10
30309	9
30310	35
30311	37
30312	9
30313	38
30314	37
30315	8
30316	5
30317	7
30318	9
30319	9
30320	19
30321	34
30322	33
30323	9
30324	9
30325	33
30326	34
30327	9
30328	9
30329	6
30330	5
30331	5
30332	6
30333	6
30334	16
30335	16
30336	6
30337	37
30338	10
30339	8
30340	37
30341	10
30342	37
30343	37
30344	8
30345	33
30346	35
30347	35
30348	33
30349	7
30350	5
30351	5
30352	7
30353	37
30354	24
30355	37
30356	34
30357	24
30358	5
30359	9
30360	7
30361	9
30362	5
30363	5
30364	9
30365	24
30366	7
30367	9
30368	5
30369	9
30370	40
30371	24
30372	24
30373	5
30374	5
30375	5
30376	36
30377	5
30378	7
30379	9
30380	16
30381	5
30382	8
30383	8
30384	36
30385	9
30386	24
30387	35
30388	37
30389	14
30390	24
30391	6
30392	5
30393	9
30394	24
30395	37
30396	33
30397	37
30398	16
30399	5
30400	38
30401	35
30402	9
30403	9
30404	37
30405	7
30406	37
30407	10
30408	4
30409	5
30410	8
30411	37
30412	38
30413	19
30414	9
30415	9
30416	7
30417	5
30418	24
30419	7
30420	9
30421	24
30422	37
30423	34
30424	37
30425	9
30426	5
30427	5
30428	9
30429	5
30430	9
30431	7
30432	24
30433	5
30434	5
30435	36
30436	5
30437	40
30438	9
30439	24
30440	24
30441	16
30442	9
30443	7
30444	5
30445	36
30446	8
30447	8
30448	5
30449	24
30450	14
30451	5
30452	6
30453	24
30454	9
30455	37
30456	35
30457	33
30458	37
30459	24
30460	9
30461	38
30462	5
30463	16
30464	37
30465	37
30466	7
30467	4
30468	10
30469	9
30470	35
30471	37
30472	9
30473	38
30474	37
30475	8
30476	5
30477	7
30478	9
30479	9
30480	19
30481	34
30482	33
30483	9
30484	9
30485	33
30486	34
30487	9
30488	9
30489	6
30490	5
30491	5
30492	6
30493	6
30494	16
30495	16
30496	6
30497	37
30498	10
30499	8
30500	37
30501	10
30502	37
30503	37
30504	8
30505	33
30506	35
30507	35
30508	33
30509	7
30510	5
30511	5
30512	7
30513	5
30514	5
30515	19
30516	9
30517	9
30518	7
30519	35
30520	9
30521	1
30522	22
30523	9
30524	10
30525	38
30526	33
30527	0
30528	22
30529	9
30530	5
30531	37
30532	37
30533	1
30534	0
30535	1
30536	1
30537	9
30538	5
30539	24
30540	33
30541	37
30542	9
30543	9
30544	16
30545	37
30546	33
30547	14
30548	9
30549	35
30550	5
30551	5
30552	16
30553	6
30554	9
30555	9
30556	40
30557	9
30558	4
30559	9
30560	6
30561	35
30562	24
30563	24
30564	26
30565	6
30566	24
30567	5
30568	7
30569	5
30570	37
30571	37
30572	5
30573	5
30574	8
30575	6
30576	38
30577	8
30578	5
30579	5
30580	37
30581	9
30582	6
30583	37
30584	9
30585	1
30586	0
30587	1
30588	1
30589	16
30590	9
30591	9
30592	14
30593	33
30594	37
30595	5
30596	9
30597	9
30598	37
30599	33
30600	24
30601	16
30602	5
30603	5
30604	35
30605	1
30606	22
30607	9
30608	35
30609	33
30610	38
30611	10
30612	9
30613	5
30614	5
30615	7
30616	9
30617	9
30618	19
30619	37
30620	37
30621	0
30622	22
30623	5
30624	9
30625	38
30626	6
30627	37
30628	5
30629	5
30630	8
30631	37
30632	5
30633	8
30634	5
30635	5
30636	37
30637	9
30638	37
30639	6
30640	9
30641	6
30642	9
30643	26
30644	24
30645	24
30646	35
30647	9
30648	6
30649	4
30650	9
30651	40
30652	9
30653	7
30654	5
30655	24
30656	6
30657	37
30658	5
30659	9
30660	5
30661	34
30662	33
30663	7
30664	5
30665	5
30666	10
30667	5
30668	26
30669	5
30670	24
30671	16
30672	24
30673	5
30674	7
30675	26
30676	5
30677	10
30678	5
30679	5
30680	37
30681	33
30682	34
30683	5
30684	9
30685	24
30686	16
30687	24
30688	5
30689	5
30690	5
30691	19
30692	9
30693	9
30694	7
30695	35
30696	9
30697	1
30698	22
30699	9
30700	10
30701	38
30702	33
30703	0
30704	22
30705	9
30706	5
30707	37
30708	37
30709	1
30710	0
30711	1
30712	1
30713	9
30714	5
30715	24
30716	33
30717	37
30718	9
30719	9
30720	16
30721	37
30722	33
30723	14
30724	9
30725	35
30726	5
30727	5
30728	16
30729	6
30730	9
30731	9
30732	40
30733	9
30734	4
30735	9
30736	6
30737	35
30738	24
30739	24
30740	26
30741	6
30742	24
30743	5
30744	7
30745	5
30746	37
30747	37
30748	5
30749	5
30750	8
30751	6
30752	38
30753	8
30754	5
30755	5
30756	37
30757	9
30758	6
30759	37
30760	9
30761	1
30762	0
30763	1
30764	1
30765	16
30766	9
30767	9
30768	14
30769	33
30770	37
30771	5
30772	9
30773	9
30774	37
30775	33
30776	24
30777	16
30778	5
30779	5
30780	35
30781	1
30782	22
30783	9
30784	35
30785	33
30786	38
30787	10
30788	9
30789	5
30790	5
30791	7
30792	9
30793	9
30794	19
30795	37
30796	37
30797	0
30798	22
30799	5
30800	9
30801	38
30802	6
30803	37
30804	5
30805	5
30806	8
30807	37
30808	5
30809	8
30810	5
30811	5
30812	37
30813	9
30814	37
30815	6
30816	9
30817	6
30818	9
30819	26
30820	24
30821	24
30822	35
30823	9
30824	6
30825	4
30826	9
30827	40
30828	9
30829	7
30830	5
30831	24
30832	6
30833	37
30834	5
30835	9
30836	5
30837	34
30838	33
30839	7
30840	5
30841	5
30842	10
30843	5
30844	26
30845	5
30846	24
30847	16
30848	24
30849	5
30850	7
30851	26
30852	5
30853	10
30854	5
30855	5
30856	37
30857	33
30858	34
30859	5
30860	9
30861	24
30862	16
30863	24
30864	5
30865	5
30866	5
30867	19
30868	9
30869	9
30870	7
30871	35
30872	9
30873	1
30874	22
30875	9
30876	10
30877	38
30878	33
30879	0
30880	22
30881	9
30882	5
30883	37
30884	37
30885	1
30886	0
30887	1
30888	1
30889	9
30890	5
30891	24
30892	33
30893	37
30894	9
30895	9
30896	16
30897	37
30898	33
30899	14
30900	9
30901	35
30902	5
30903	5
30904	16
30905	6
30906	9
30907	9
30908	40
30909	9
30910	4
30911	9
30912	6
30913	35
30914	24
30915	24
30916	26
30917	6
30918	24
30919	5
30920	7
30921	5
30922	37
30923	37
30924	5
30925	5
30926	8
30927	6
30928	38
30929	8
30930	5
30931	5
30932	37
30933	9
30934	6
30935	37
30936	9
30937	1
30938	0
30939	1
30940	1
30941	16
30942	9
30943	9
30944	14
30945	33
30946	37
30947	5
30948	9
30949	9
30950	37
30951	33
30952	24
30953	16
30954	5
30955	5
30956	35
30957	1
30958	22
30959	9
30960	35
30961	33
30962	38
30963	10
30964	9
30965	5
30966	5
30967	7
30968	9
30969	9
30970	19
30971	37
30972	37
30973	0
30974	22
30975	5
30976	9
30977	38
30978	6
30979	37
30980	5
30981	5
30982	8
30983	37
30984	5
30985	8
30986	5
30987	5
30988	37
30989	9
30990	37
30991	6
30992	9
30993	6
30994	9
30995	26
30996	24
30997	24
30998	35
30999	9
31000	6
31001	4
31002	9
31003	40
31004	9
31005	7
31006	5
31007	24
31008	6
31009	37
31010	5
31011	9
31012	5
31013	34
31014	33
31015	7
31016	5
31017	5
31018	10
31019	5
31020	26
31021	5
31022	24
31023	16
31024	24
31025	5
31026	7
31027	26
31028	5
31029	10
31030	5
31031	5
31032	37
31033	33
31034	34
31035	5
31036	9
31037	24
31038	16
31039	24
31040	5
31041	5
31042	5
31043	19
31044	9
31045	9
31046	7
31047	35
31048	9
31049	1
31050	22
31051	9
31052	10
31053	38
31054	33
31055	0
31056	22
31057	9
31058	5
31059	37
31060	37
31061	1
31062	0
31063	1
31064	1
31065	9
31066	5
31067	24
31068	33
31069	37
31070	9
31071	9
31072	16
31073	37
31074	33
31075	14
31076	9
31077	35
31078	5
31079	5
31080	16
31081	6
31082	9
31083	9
31084	40
31085	9
31086	4
31087	9
31088	6
31089	35
31090	24
31091	24
31092	26
31093	6
31094	24
31095	5
31096	7
31097	5
31098	37
31099	37
31100	5
31101	5
31102	8
31103	6
31104	38
31105	8
31106	5
31107	5
31108	37
31109	9
31110	6
31111	37
31112	9
31113	1
31114	0
31115	1
31116	1
31117	16
31118	9
31119	9
31120	14
31121	33
31122	37
31123	5
31124	9
31125	9
31126	37
31127	33
31128	24
31129	16
31130	5
31131	5
31132	35
31133	1
31134	22
31135	9
31136	35
31137	33
31138	38
31139	10
31140	9
31141	5
31142	5
31143	7
31144	9
31145	9
31146	19
31147	37
31148	37
31149	0
31150	22
31151	5
31152	9
31153	38
31154	6
31155	37
31156	5
31157	5
31158	8
31159	37
31160	5
31161	8
31162	5
31163	5
31164	37
31165	9
31166	37
31167	6
31168	9
31169	6
31170	9
31171	26
31172	24
31173	24
31174	35
31175	9
31176	6
31177	4
31178	9
31179	40
31180	9
31181	7
31182	5
31183	24
31184	6
31185	37
31186	5
31187	9
31188	5
31189	34
31190	33
31191	7
31192	5
31193	5
31194	10
31195	5
31196	26
31197	5
31198	24
31199	16
31200	24
31201	5
31202	7
31203	26
31204	5
31205	10
31206	5
31207	5
31208	37
31209	33
31210	34
31211	5
31212	9
31213	24
31214	16
31215	24
31216	5
31217	5
31218	37
31219	8
31220	4
31221	4
31222	7
31223	8
31224	19
31225	9
31226	34
31227	8
31228	4
31229	34
31230	37
31231	34
31232	5
31233	8
31234	4
31235	5
31236	37
31237	7
31238	4
31239	19
31240	8
31241	8
31242	4
31243	9
31244	34
31245	37
31246	34
31247	5
31248	34
31249	33
31250	6
31251	33
31252	6
31253	5
31254	5
31255	16
31256	16
31257	5
31258	37
31259	8
31260	4
31261	4
31262	7
31263	8
31264	19
31265	9
31266	34
31267	8
31268	4
31269	34
31270	37
31271	34
31272	5
31273	8
31274	4
31275	5
31276	37
31277	7
31278	4
31279	19
31280	8
31281	8
31282	4
31283	9
31284	34
31285	37
31286	34
31287	5
31288	34
31289	33
31290	6
31291	33
31292	6
31293	5
31294	5
31295	16
31296	16
31297	5
31298	37
31299	8
31300	4
31301	4
31302	7
31303	8
31304	19
31305	9
31306	34
31307	8
31308	4
31309	34
31310	37
31311	34
31312	5
31313	8
31314	4
31315	5
31316	37
31317	7
31318	4
31319	19
31320	8
31321	8
31322	4
31323	9
31324	34
31325	37
31326	34
31327	5
31328	34
31329	33
31330	6
31331	33
31332	6
31333	5
31334	5
31335	16
31336	16
31337	5
31338	37
31339	8
31340	4
31341	4
31342	7
31343	8
31344	19
31345	9
31346	34
31347	8
31348	4
31349	34
31350	37
31351	34
31352	5
31353	8
31354	4
31355	5
31356	37
31357	7
31358	4
31359	19
31360	8
31361	8
31362	4
31363	9
31364	34
31365	37
31366	34
31367	5
31368	34
31369	33
31370	6
31371	33
31372	6
31373	5
31374	5
31375	16
31376	16
31377	4
31378	37
31379	8
31380	9
31381	6
31382	5
31383	34
31384	8
31385	37
31386	8
31387	4
31388	37
31389	8
31390	9
31391	5
31392	19
31393	9
31394	5
31395	6
31396	4
31397	8
31398	37
31399	8
31400	34
31401	37
31402	9
31403	8
31404	37
31405	4
31406	8
31407	19
31408	5
31409	5
31410	6
31411	5
31412	5
31413	5
31414	6
31415	5
31416	5
31417	4
31418	37
31419	8
31420	9
31421	6
31422	5
31423	34
31424	8
31425	37
31426	8
31427	4
31428	37
31429	8
31430	9
31431	5
31432	19
31433	9
31434	5
31435	6
31436	4
31437	8
31438	37
31439	8
31440	34
31441	37
31442	9
31443	8
31444	37
31445	4
31446	8
31447	19
31448	5
31449	5
31450	6
31451	5
31452	5
31453	5
31454	6
31455	5
31456	5
31457	4
31458	37
31459	8
31460	9
31461	6
31462	5
31463	34
31464	8
31465	37
31466	8
31467	4
31468	37
31469	8
31470	9
31471	5
31472	19
31473	9
31474	5
31475	6
31476	4
31477	8
31478	37
31479	8
31480	34
31481	37
31482	9
31483	8
31484	37
31485	4
31486	8
31487	19
31488	5
31489	5
31490	6
31491	5
31492	5
31493	5
31494	6
31495	5
31496	5
31497	4
31498	37
31499	8
31500	9
31501	6
31502	5
31503	34
31504	8
31505	37
31506	8
31507	4
31508	37
31509	8
31510	9
31511	5
31512	19
31513	9
31514	5
31515	6
31516	4
31517	8
31518	37
31519	8
31520	34
31521	37
31522	9
31523	8
31524	37
31525	4
31526	8
31527	19
31528	5
31529	5
31530	6
31531	5
31532	5
31533	5
31534	6
31535	5
31536	5
31537	37
31538	34
31539	34
31540	37
31541	37
31542	37
31543	34
31544	35
31545	37
31546	35
31547	33
31548	35
31549	34
31550	34
31551	34
31552	34
31553	37
31554	37
31555	33
31556	34
31557	37
31558	33
31559	37
31560	33
31561	34
31562	37
31563	37
31564	33
31565	33
31566	37
31567	34
31568	34
31569	37
31570	37
31571	37
31572	34
31573	35
31574	37
31575	35
31576	33
31577	35
31578	34
31579	34
31580	34
31581	34
31582	37
31583	37
31584	33
31585	34
31586	37
31587	33
31588	37
31589	33
31590	34
31591	37
31592	37
31593	33
31594	33
31595	34
31596	37
31597	35
31598	34
31599	34
31600	33
31601	34
31602	33
31603	33
31604	35
31605	34
31606	34
31607	37
31608	37
31609	34
31610	35
31611	34
31612	34
31613	35
31614	37
31615	37
31616	34
31617	34
31618	34
31619	34
31620	34
31621	34
31622	37
31623	35
31624	34
31625	34
31626	33
31627	34
31628	33
31629	33
31630	35
31631	34
31632	34
31633	37
31634	37
31635	34
31636	35
31637	34
31638	34
31639	35
31640	37
31641	37
31642	34
31643	34
31644	34
31645	34
31646	34
31647	37
31648	34
31649	34
31650	37
31651	37
31652	37
31653	34
31654	35
31655	37
31656	35
31657	33
31658	35
31659	34
31660	34
31661	34
31662	34
31663	37
31664	37
31665	33
31666	34
31667	37
31668	33
31669	37
31670	33
31671	34
31672	37
31673	37
31674	33
31675	33
31676	37
31677	34
31678	34
31679	37
31680	37
31681	37
31682	34
31683	35
31684	37
31685	35
31686	33
31687	35
31688	34
31689	34
31690	34
31691	34
31692	37
31693	37
31694	33
31695	34
31696	37
31697	33
31698	37
31699	33
31700	34
31701	37
31702	37
31703	33
31704	33
31705	34
31706	37
31707	35
31708	34
31709	34
31710	33
31711	34
31712	33
31713	33
31714	35
31715	34
31716	34
31717	37
31718	37
31719	34
31720	35
31721	34
31722	34
31723	35
31724	37
31725	37
31726	34
31727	34
31728	34
31729	34
31730	34
31731	34
31732	37
31733	35
31734	34
31735	34
31736	33
31737	34
31738	33
31739	33
31740	35
31741	34
31742	34
31743	37
31744	37
31745	34
31746	35
31747	34
31748	34
31749	35
31750	37
31751	37
31752	34
31753	34
31754	34
31755	34
31756	34
31757	35
31758	34
31759	37
31760	37
31761	33
31762	37
31763	37
31764	34
31765	37
31766	33
31767	37
31768	37
31769	33
31770	34
31771	34
31772	34
31773	34
31774	35
31775	37
31776	37
31777	34
31778	37
31779	37
31780	37
31781	33
31782	34
31783	34
31784	38
31785	37
31786	35
31787	34
31788	34
31789	35
31790	37
31791	33
31792	37
31793	37
31794	37
31795	33
31796	37
31797	37
31798	34
31799	35
31800	37
31801	37
31802	37
31803	37
31804	37
31805	33
31806	37
31807	34
31808	34
31809	33
31810	33
31811	37
31812	34
31813	34
31814	37
31815	37
31816	34
31817	37
31818	37
31819	35
31820	35
31821	37
31822	38
31823	34
31824	34
31825	34
31826	34
31827	37
31828	33
31829	37
31830	37
31831	35
31832	33
31833	37
31834	37
31835	37
31836	35
31837	34
31838	37
31839	37
31840	35
31841	34
31842	37
31843	37
31844	33
31845	37
31846	37
31847	34
31848	37
31849	33
31850	37
31851	37
31852	33
31853	34
31854	34
31855	34
31856	34
31857	35
31858	37
31859	37
31860	34
31861	37
31862	37
31863	37
31864	33
31865	34
31866	34
31867	38
31868	37
31869	35
31870	34
31871	34
31872	35
31873	37
31874	33
31875	37
31876	37
31877	37
31878	33
31879	37
31880	37
31881	34
31882	35
31883	37
31884	37
31885	37
31886	37
31887	37
31888	33
31889	37
31890	34
31891	34
31892	33
31893	33
31894	37
31895	34
31896	34
31897	37
31898	37
31899	34
31900	37
31901	37
31902	35
31903	35
31904	37
31905	38
31906	34
31907	34
31908	34
31909	34
31910	37
31911	33
31912	37
31913	37
31914	35
31915	33
31916	37
31917	37
31918	37
31919	35
31920	34
31921	37
31922	37
31923	35
31924	34
31925	37
31926	37
31927	33
31928	37
31929	37
31930	34
31931	37
31932	33
31933	37
31934	37
31935	33
31936	34
31937	34
31938	34
31939	34
31940	35
31941	37
31942	37
31943	34
31944	37
31945	37
31946	37
31947	33
31948	34
31949	34
31950	38
31951	37
31952	35
31953	34
31954	34
31955	35
31956	37
31957	33
31958	37
31959	37
31960	37
31961	33
31962	37
31963	37
31964	34
31965	35
31966	37
31967	37
31968	37
31969	37
31970	37
31971	33
31972	37
31973	34
31974	34
31975	33
31976	33
31977	37
31978	34
31979	34
31980	37
31981	37
31982	34
31983	37
31984	37
31985	35
31986	35
31987	37
31988	38
31989	34
31990	34
31991	34
31992	34
31993	37
31994	33
31995	37
31996	37
31997	35
31998	33
31999	37
32000	37
32001	37
32002	35
32003	34
32004	37
32005	37
32006	35
32007	34
32008	37
32009	37
32010	33
32011	37
32012	37
32013	34
32014	37
32015	33
32016	37
32017	37
32018	33
32019	34
32020	34
32021	34
32022	34
32023	35
32024	37
32025	37
32026	34
32027	37
32028	37
32029	37
32030	33
32031	34
32032	34
32033	38
32034	37
32035	35
32036	34
32037	34
32038	35
32039	37
32040	33
32041	37
32042	37
32043	37
32044	33
32045	37
32046	37
32047	34
32048	35
32049	37
32050	37
32051	37
32052	37
32053	37
32054	33
32055	37
32056	34
32057	34
32058	33
32059	33
32060	37
32061	34
32062	34
32063	37
32064	37
32065	34
32066	37
32067	37
32068	35
32069	35
32070	37
32071	38
32072	34
32073	34
32074	34
32075	34
32076	37
32077	33
32078	37
32079	37
32080	35
32081	33
32082	37
32083	37
32084	37
32085	35
32086	34
32087	37
32088	37
32089	34
32090	35
32091	34
32092	34
32093	35
32094	33
32095	34
32096	34
32097	33
32098	35
32099	34
32100	37
32101	35
32102	34
32103	34
32104	34
32105	35
32106	37
32107	34
32108	35
32109	34
32110	34
32111	35
32112	33
32113	34
32114	34
32115	33
32116	35
32117	34
32118	37
32119	35
32120	34
32121	34
32122	34
32123	35
32124	37
32125	34
32126	37
32127	35
32128	37
32129	35
32130	37
32131	35
32132	34
32133	34
32134	35
32135	34
32136	34
32137	37
32138	35
32139	37
32140	35
32141	37
32142	35
32143	34
32144	34
32145	35
32146	34
32147	34
32148	35
32149	34
32150	34
32151	35
32152	33
32153	34
32154	34
32155	33
32156	35
32157	34
32158	37
32159	35
32160	34
32161	34
32162	34
32163	35
32164	37
32165	34
32166	35
32167	34
32168	34
32169	35
32170	33
32171	34
32172	34
32173	33
32174	35
32175	34
32176	37
32177	35
32178	34
32179	34
32180	34
32181	35
32182	37
32183	34
32184	37
32185	35
32186	37
32187	35
32188	37
32189	35
32190	34
32191	34
32192	35
32193	34
32194	34
32195	37
32196	35
32197	37
32198	35
32199	37
32200	35
32201	34
32202	34
32203	35
32204	34
32205	37
32206	35
32207	37
32208	33
32209	34
32210	37
32211	35
32212	34
32213	35
32214	34
32215	35
32216	35
32217	37
32218	37
32219	37
32220	37
32221	35
32222	37
32223	34
32224	34
32225	35
32226	34
32227	37
32228	35
32229	37
32230	37
32231	35
32232	35
32233	34
32234	37
32235	33
32236	37
32237	35
32238	35
32239	37
32240	37
32241	37
32242	35
32243	34
32244	34
32245	37
32246	34
32247	35
32248	37
32249	35
32250	37
32251	33
32252	34
32253	37
32254	35
32255	34
32256	35
32257	34
32258	35
32259	35
32260	37
32261	37
32262	37
32263	37
32264	35
32265	37
32266	34
32267	34
32268	35
32269	34
32270	37
32271	35
32272	37
32273	37
32274	35
32275	35
32276	34
32277	37
32278	33
32279	37
32280	35
32281	35
32282	37
32283	37
32284	37
32285	35
32286	34
32287	34
32288	37
32289	34
32290	35
32291	37
32292	35
32293	37
32294	33
32295	34
32296	37
32297	35
32298	34
32299	35
32300	34
32301	35
32302	35
32303	37
32304	37
32305	37
32306	37
32307	35
32308	37
32309	34
32310	34
32311	35
32312	34
32313	37
32314	35
32315	37
32316	37
32317	35
32318	35
32319	34
32320	37
32321	33
32322	37
32323	35
32324	35
32325	37
32326	37
32327	37
32328	35
32329	34
32330	34
32331	37
32332	34
32333	35
32334	37
32335	35
32336	37
32337	33
32338	34
32339	37
32340	35
32341	34
32342	35
32343	34
32344	35
32345	35
32346	37
32347	37
32348	37
32349	37
32350	35
32351	37
32352	34
32353	34
32354	35
32355	34
32356	37
32357	35
32358	37
32359	37
32360	35
32361	35
32362	34
32363	37
32364	33
32365	37
32366	35
32367	35
32368	37
32369	37
32370	37
32371	35
32372	34
32373	34
32374	37
32375	34
32376	35
32377	34
32378	37
32379	33
32380	33
32381	37
32382	34
32383	33
32384	34
32385	37
32386	34
32387	33
32388	33
32389	34
32390	33
32391	34
32392	34
32393	34
32394	37
32395	37
32396	38
32397	34
32398	37
32399	33
32400	33
32401	37
32402	34
32403	33
32404	34
32405	37
32406	34
32407	33
32408	33
32409	34
32410	33
32411	34
32412	34
32413	34
32414	37
32415	37
32416	38
32417	34
32418	33
32419	34
32420	37
32421	33
32422	34
32423	37
32424	37
32425	37
32426	34
32427	33
32428	34
32429	34
32430	34
32431	33
32432	34
32433	37
32434	33
32435	34
32436	37
32437	37
32438	37
32439	34
32440	33
32441	34
32442	34
32443	34
32444	37
32445	33
32446	33
32447	37
32448	34
32449	33
32450	34
32451	37
32452	34
32453	33
32454	33
32455	34
32456	33
32457	34
32458	34
32459	34
32460	37
32461	37
32462	38
32463	34
32464	37
32465	33
32466	33
32467	37
32468	34
32469	33
32470	34
32471	37
32472	34
32473	33
32474	33
32475	34
32476	33
32477	34
32478	34
32479	34
32480	37
32481	37
32482	38
32483	34
32484	33
32485	34
32486	37
32487	33
32488	34
32489	37
32490	37
32491	37
32492	34
32493	33
32494	34
32495	34
32496	34
32497	33
32498	34
32499	37
32500	33
32501	34
32502	37
32503	37
32504	37
32505	34
32506	33
32507	34
32508	34
32509	37
32510	37
32511	37
32512	37
32513	34
32514	37
32515	34
32516	37
32517	34
32518	37
32519	33
32520	34
32521	37
32522	33
32523	37
32524	37
32525	37
32526	37
32527	34
32528	34
32529	34
32530	33
32531	34
32532	37
32533	37
32534	34
32535	34
32536	34
32537	34
32538	37
32539	34
32540	33
32541	38
32542	37
32543	33
32544	34
32545	37
32546	37
32547	34
32548	37
32549	33
32550	34
32551	37
32552	37
32553	37
32554	37
32555	34
32556	34
32557	34
32558	37
32559	37
32560	37
32561	37
32562	34
32563	37
32564	34
32565	37
32566	34
32567	37
32568	33
32569	34
32570	37
32571	33
32572	37
32573	37
32574	37
32575	37
32576	34
32577	34
32578	34
32579	33
32580	34
32581	37
32582	37
32583	34
32584	34
32585	34
32586	34
32587	37
32588	34
32589	33
32590	38
32591	37
32592	33
32593	34
32594	37
32595	37
32596	34
32597	37
32598	33
32599	34
32600	37
32601	37
32602	37
32603	37
32604	34
32605	34
32606	34
32607	37
32608	37
32609	37
32610	37
32611	34
32612	37
32613	34
32614	37
32615	34
32616	37
32617	33
32618	34
32619	37
32620	33
32621	37
32622	37
32623	37
32624	37
32625	34
32626	34
32627	34
32628	33
32629	34
32630	37
32631	37
32632	34
32633	34
32634	34
32635	34
32636	37
32637	34
32638	33
32639	38
32640	37
32641	33
32642	34
32643	37
32644	37
32645	34
32646	37
32647	33
32648	34
32649	37
32650	37
32651	37
32652	37
32653	34
32654	34
32655	34
32656	37
32657	37
32658	37
32659	37
32660	34
32661	37
32662	34
32663	37
32664	34
32665	37
32666	33
32667	34
32668	37
32669	33
32670	37
32671	37
32672	37
32673	37
32674	34
32675	34
32676	34
32677	33
32678	34
32679	37
32680	37
32681	34
32682	34
32683	34
32684	34
32685	37
32686	34
32687	33
32688	38
32689	37
32690	33
32691	34
32692	37
32693	37
32694	34
32695	37
32696	33
32697	34
32698	37
32699	37
32700	37
32701	37
32702	34
32703	34
32704	34
32705	37
32706	34
32707	37
32708	35
32709	34
32710	34
32711	35
32712	37
32713	34
32714	37
32715	35
32716	34
32717	34
32718	35
32719	37
32720	34
32721	37
32722	35
32723	34
32724	34
32725	35
32726	37
32727	34
32728	37
32729	35
32730	34
32731	34
32732	35
32733	35
32734	37
32735	37
32736	34
32737	34
32738	35
32739	37
32740	37
32741	37
32742	37
32743	37
32744	37
32745	35
32746	35
32747	37
32748	37
32749	34
32750	34
32751	35
32752	37
32753	37
32754	37
32755	37
32756	37
32757	37
32758	35
32759	35
32760	37
32761	37
32762	34
32763	34
32764	35
32765	37
32766	37
32767	37
32768	37
32769	37
32770	37
32771	35
32772	35
32773	37
32774	37
32775	34
32776	34
32777	35
32778	37
32779	37
32780	37
32781	37
32782	37
32783	37
32784	35
32785	33
32786	37
32787	33
32788	37
32789	33
32790	33
32791	37
32792	34
32793	34
32794	38
32795	33
32796	37
32797	34
32798	37
32799	38
32800	34
32801	33
32802	37
32803	33
32804	37
32805	33
32806	37
32807	33
32808	33
32809	37
32810	34
32811	34
32812	38
32813	33
32814	37
32815	34
32816	37
32817	38
32818	34
32819	33
32820	37
32821	33
32822	37
32823	33
32824	37
32825	33
32826	33
32827	37
32828	34
32829	34
32830	38
32831	33
32832	37
32833	34
32834	37
32835	38
32836	34
32837	33
32838	37
32839	33
32840	37
32841	33
32842	37
32843	33
32844	33
32845	37
32846	34
32847	34
32848	38
32849	33
32850	37
32851	34
32852	37
32853	38
32854	34
32855	33
32856	37
32857	34
32858	33
32859	34
32860	34
32861	33
32862	37
32863	34
32864	33
32865	37
32866	33
32867	34
32868	34
32869	34
32870	37
32871	34
32872	34
32873	33
32874	33
32875	33
32876	34
32877	33
32878	34
32879	34
32880	37
32881	34
32882	33
32883	34
32884	34
32885	33
32886	37
32887	34
32888	33
32889	37
32890	33
32891	34
32892	34
32893	34
32894	37
32895	34
32896	34
32897	33
32898	33
32899	33
32900	34
32901	33
32902	34
32903	34
32904	37
32905	34
32906	33
32907	34
32908	34
32909	33
32910	37
32911	34
32912	33
32913	37
32914	33
32915	34
32916	34
32917	34
32918	37
32919	34
32920	34
32921	33
32922	33
32923	33
32924	34
32925	33
32926	34
32927	34
32928	37
32929	34
32930	33
32931	34
32932	34
32933	33
32934	37
32935	34
32936	33
32937	37
32938	33
32939	34
32940	34
32941	34
32942	37
32943	34
32944	34
32945	33
32946	33
32947	33
32948	34
32949	33
32950	34
32951	34
32952	37
32953	35
32954	33
32955	35
32956	34
32957	34
32958	34
32959	35
32960	34
32961	35
32962	33
32963	35
32964	33
32965	35
32966	34
32967	34
32968	34
32969	35
32970	34
32971	35
32972	33
32973	35
32974	33
32975	35
32976	34
32977	34
32978	34
32979	35
32980	34
32981	35
32982	33
32983	35
32984	33
32985	35
32986	34
32987	34
32988	34
32989	35
32990	34
32991	35
32992	33
32993	35
32994	37
32995	37
32996	37
32997	37
32998	34
32999	37
33000	35
33001	37
33002	37
33003	37
33004	35
33005	34
33006	35
33007	37
33008	37
33009	37
33010	37
33011	34
33012	37
33013	35
33014	37
33015	37
33016	37
33017	35
33018	34
33019	35
33020	37
33021	37
33022	37
33023	37
33024	34
33025	37
33026	35
33027	37
33028	37
33029	37
33030	35
33031	34
33032	35
33033	37
33034	37
33035	37
33036	37
33037	34
33038	37
33039	35
33040	37
33041	37
33042	37
33043	35
33044	34
33045	34
33046	33
33047	37
33048	34
33049	37
33050	33
33051	37
33052	34
33053	33
33054	34
33055	37
33056	37
33057	34
33058	33
33059	33
33060	33
33061	33
33062	37
33063	34
33064	37
33065	34
33066	37
33067	33
33068	37
33069	37
33070	33
33071	34
33072	34
33073	33
33074	33
33075	33
33076	33
33077	33
33078	37
33079	37
33080	34
33081	34
33082	33
33083	33
33084	37
33085	34
33086	37
33087	37
33088	37
33089	33
33090	33
33091	34
33092	37
33093	37
33094	34
33095	37
33096	37
33097	34
33098	33
33099	37
33100	34
33101	37
33102	33
33103	37
33104	34
33105	33
33106	34
33107	37
33108	37
33109	34
33110	33
33111	33
33112	33
33113	33
33114	37
33115	34
33116	37
33117	34
33118	37
33119	33
33120	37
33121	37
33122	33
33123	34
33124	34
33125	33
33126	33
33127	33
33128	33
33129	33
33130	37
33131	37
33132	34
33133	34
33134	33
33135	33
33136	37
33137	34
33138	37
33139	37
33140	37
33141	33
33142	33
33143	34
33144	37
33145	37
33146	34
33147	37
33148	37
33149	34
33150	33
33151	37
33152	34
33153	37
33154	33
33155	37
33156	34
33157	33
33158	34
33159	37
33160	37
33161	34
33162	33
33163	33
33164	33
33165	33
33166	37
33167	34
33168	37
33169	34
33170	37
33171	33
33172	37
33173	37
33174	33
33175	34
33176	34
33177	33
33178	33
33179	33
33180	33
33181	33
33182	37
33183	37
33184	34
33185	34
33186	33
33187	33
33188	37
33189	34
33190	37
33191	37
33192	37
33193	33
33194	33
33195	34
33196	37
33197	37
33198	34
33199	37
33200	37
33201	34
33202	33
33203	37
33204	34
33205	37
33206	33
33207	37
33208	34
33209	33
33210	34
33211	37
33212	37
33213	34
33214	33
33215	33
33216	33
33217	33
33218	37
33219	34
33220	37
33221	34
33222	37
33223	33
33224	37
33225	37
33226	33
33227	34
33228	34
33229	33
33230	33
33231	33
33232	33
33233	33
33234	37
33235	37
33236	34
33237	34
33238	33
33239	33
33240	37
33241	34
33242	37
33243	37
33244	37
33245	33
33246	33
33247	34
33248	37
33249	37
33250	34
33251	37
33252	37
33253	37
33254	37
33255	37
33256	37
33257	37
33258	37
33259	34
33260	33
33261	34
33262	38
33263	33
33264	37
33265	37
33266	34
33267	34
33268	34
33269	34
33270	34
33271	33
33272	37
33273	33
33274	33
33275	33
33276	34
33277	37
33278	37
33279	33
33280	38
33281	34
33282	37
33283	37
33284	37
33285	37
33286	37
33287	33
33288	34
33289	33
33290	33
33291	34
33292	37
33293	37
33294	34
33295	34
33296	34
33297	34
33298	37
33299	34
33300	37
33301	37
33302	37
33303	37
33304	37
33305	37
33306	37
33307	34
33308	33
33309	34
33310	38
33311	33
33312	37
33313	37
33314	34
33315	34
33316	34
33317	34
33318	34
33319	33
33320	37
33321	33
33322	33
33323	33
33324	34
33325	37
33326	37
33327	33
33328	38
33329	34
33330	37
33331	37
33332	37
33333	37
33334	37
33335	33
33336	34
33337	33
33338	33
33339	34
33340	37
33341	37
33342	34
33343	34
33344	34
33345	34
33346	37
33347	34
33348	37
33349	37
33350	37
33351	37
33352	37
33353	37
33354	37
33355	34
33356	33
33357	34
33358	38
33359	33
33360	37
33361	37
33362	34
33363	34
33364	34
33365	34
33366	34
33367	33
33368	37
33369	33
33370	33
33371	33
33372	34
33373	37
33374	37
33375	33
33376	38
33377	34
33378	37
33379	37
33380	37
33381	37
33382	37
33383	33
33384	34
33385	33
33386	33
33387	34
33388	37
33389	37
33390	34
33391	34
33392	34
33393	34
33394	37
33395	34
33396	37
33397	37
33398	37
33399	37
33400	37
33401	37
33402	37
33403	34
33404	33
33405	34
33406	38
33407	33
33408	37
33409	37
33410	34
33411	34
33412	34
33413	34
33414	34
33415	33
33416	37
33417	33
33418	33
33419	33
33420	34
33421	37
33422	37
33423	33
33424	38
33425	34
33426	37
33427	37
33428	37
33429	37
33430	37
33431	33
33432	34
33433	33
33434	33
33435	34
33436	37
33437	37
33438	34
33439	34
33440	34
33441	34
33442	37
33443	34
33444	37
33445	37
33446	34
33447	34
33448	37
33449	33
33450	37
33451	34
33452	34
33453	37
33454	37
33455	34
33456	37
33457	37
33458	37
33459	37
33460	38
33461	37
33462	37
33463	34
33464	37
33465	37
33466	34
33467	37
33468	34
33469	33
33470	37
33471	34
33472	37
33473	34
33474	34
33475	37
33476	37
33477	37
33478	37
33479	37
33480	38
33481	37
33482	37
33483	37
33484	34
33485	33
33486	34
33487	37
33488	37
33489	34
33490	33
33491	33
33492	37
33493	37
33494	33
33495	37
33496	34
33497	34
33498	37
33499	33
33500	37
33501	34
33502	34
33503	37
33504	37
33505	34
33506	37
33507	37
33508	37
33509	37
33510	38
33511	37
33512	37
33513	34
33514	37
33515	37
33516	34
33517	37
33518	34
33519	33
33520	37
33521	34
33522	37
33523	34
33524	34
33525	37
33526	37
33527	37
33528	37
33529	37
33530	38
33531	37
33532	37
33533	37
33534	34
33535	33
33536	34
33537	37
33538	37
33539	34
33540	33
33541	33
33542	37
33543	37
33544	33
33545	37
33546	34
33547	34
33548	37
33549	33
33550	37
33551	34
33552	34
33553	37
33554	37
33555	34
33556	37
33557	37
33558	37
33559	37
33560	38
33561	37
33562	37
33563	34
33564	37
33565	37
33566	34
33567	37
33568	34
33569	33
33570	37
33571	34
33572	37
33573	34
33574	34
33575	37
33576	37
33577	37
33578	37
33579	37
33580	38
33581	37
33582	37
33583	37
33584	34
33585	33
33586	34
33587	37
33588	37
33589	34
33590	33
33591	33
33592	37
33593	37
33594	33
33595	37
33596	34
33597	34
33598	37
33599	33
33600	37
33601	34
33602	34
33603	37
33604	37
33605	34
33606	37
33607	37
33608	37
33609	37
33610	38
33611	37
33612	37
33613	34
33614	37
33615	37
33616	34
33617	37
33618	34
33619	33
33620	37
33621	34
33622	37
33623	34
33624	34
33625	37
33626	37
33627	37
33628	37
33629	37
33630	38
33631	37
33632	37
33633	37
33634	34
33635	33
33636	34
33637	37
33638	37
33639	34
33640	33
33641	33
33642	37
33643	37
33644	33
33645	33
33646	34
33647	33
33648	33
33649	37
33650	34
33651	37
33652	34
33653	34
33654	37
33655	34
33656	37
33657	37
33658	37
33659	37
33660	33
33661	34
33662	34
33663	33
33664	37
33665	38
33666	37
33667	34
33668	34
33669	37
33670	34
33671	37
33672	34
33673	33
33674	34
33675	37
33676	33
33677	33
33678	33
33679	34
33680	38
33681	37
33682	37
33683	33
33684	34
33685	37
33686	37
33687	37
33688	37
33689	37
33690	34
33691	37
33692	34
33693	33
33694	34
33695	33
33696	33
33697	37
33698	34
33699	37
33700	34
33701	34
33702	37
33703	34
33704	37
33705	37
33706	37
33707	37
33708	33
33709	34
33710	34
33711	33
33712	37
33713	38
33714	37
33715	34
33716	34
33717	37
33718	34
33719	37
33720	34
33721	33
33722	34
33723	37
33724	33
33725	33
33726	33
33727	34
33728	38
33729	37
33730	37
33731	33
33732	34
33733	37
33734	37
33735	37
33736	37
33737	37
33738	34
33739	37
33740	34
33741	33
33742	34
33743	33
33744	33
33745	37
33746	34
33747	37
33748	34
33749	34
33750	37
33751	34
33752	37
33753	37
33754	37
33755	37
33756	33
33757	34
33758	34
33759	33
33760	37
33761	38
33762	37
33763	34
33764	34
33765	37
33766	34
33767	37
33768	34
33769	33
33770	34
33771	37
33772	33
33773	33
33774	33
33775	34
33776	38
33777	37
33778	37
33779	33
33780	34
33781	37
33782	37
33783	37
33784	37
33785	37
33786	34
33787	37
33788	34
33789	33
33790	34
33791	33
33792	33
33793	37
33794	34
33795	37
33796	34
33797	34
33798	37
33799	34
33800	37
33801	37
33802	37
33803	37
33804	33
33805	34
33806	34
33807	33
33808	37
33809	38
33810	37
33811	34
33812	34
33813	37
33814	34
33815	37
33816	34
33817	33
33818	34
33819	37
33820	33
33821	33
33822	33
33823	34
33824	38
33825	37
33826	37
33827	33
33828	34
33829	37
33830	37
33831	37
33832	37
33833	37
33834	34
33835	37
33836	34
33837	38
33838	38
33839	37
33840	35
33841	35
33842	35
33843	34
33844	37
33845	33
33846	35
33847	34
33848	35
33849	35
33850	33
33851	33
33852	34
33853	37
33854	35
33855	34
33856	33
33857	35
33858	33
33859	35
33860	33
33861	33
33862	33
33863	33
33864	33
33865	35
33866	35
33867	33
33868	38
33869	37
33870	38
33871	35
33872	35
33873	33
33874	34
33875	37
33876	38
33877	37
33878	35
33879	35
33880	34
33881	35
33882	37
33883	35
33884	33
33885	37
33886	34
33887	38
33888	34
33889	35
33890	35
33891	37
33892	37
33893	35
33894	38
33895	38
33896	37
33897	35
33898	35
33899	35
33900	34
33901	37
33902	33
33903	35
33904	34
33905	35
33906	35
33907	33
33908	33
33909	34
33910	37
33911	35
33912	34
33913	33
33914	35
33915	33
33916	35
33917	33
33918	33
33919	33
33920	33
33921	33
33922	35
33923	35
33924	33
33925	38
33926	37
33927	38
33928	35
33929	35
33930	33
33931	34
33932	37
33933	38
33934	37
33935	35
33936	35
33937	34
33938	35
33939	37
33940	35
33941	33
33942	37
33943	34
33944	38
33945	34
33946	35
33947	35
33948	37
33949	37
33950	35
33951	38
33952	38
33953	37
33954	35
33955	35
33956	35
33957	34
33958	37
33959	33
33960	35
33961	34
33962	35
33963	35
33964	33
33965	33
33966	34
33967	37
33968	35
33969	34
33970	33
33971	35
33972	33
33973	35
33974	33
33975	33
33976	33
33977	33
33978	33
33979	35
33980	35
33981	33
33982	38
33983	37
33984	38
33985	35
33986	35
33987	33
33988	34
33989	37
33990	38
33991	37
33992	35
33993	35
33994	34
33995	35
33996	37
33997	35
33998	33
33999	37
34000	34
34001	38
34002	34
34003	35
34004	35
34005	37
34006	37
34007	35
34008	38
34009	38
34010	37
34011	35
34012	35
34013	35
34014	34
34015	37
34016	33
34017	35
34018	34
34019	35
34020	35
34021	33
34022	33
34023	34
34024	37
34025	35
34026	34
34027	33
34028	35
34029	33
34030	35
34031	33
34032	33
34033	33
34034	33
34035	33
34036	35
34037	35
34038	33
34039	38
34040	37
34041	38
34042	35
34043	35
34044	33
34045	34
34046	37
34047	38
34048	37
34049	35
34050	35
34051	34
34052	35
34053	37
34054	35
34055	33
34056	37
34057	34
34058	38
34059	34
34060	35
34061	35
34062	37
34063	37
34064	35
34065	35
34066	37
34067	37
34068	37
34069	37
34070	35
34071	37
34072	37
34073	35
34074	35
34075	37
34076	37
34077	37
34078	35
34079	37
34080	33
34081	37
34082	37
34083	33
34084	37
34085	35
34086	37
34087	37
34088	35
34089	37
34090	35
34091	37
34092	35
34093	37
34094	37
34095	37
34096	37
34097	37
34098	35
34099	37
34100	37
34101	33
34102	37
34103	37
34104	35
34105	37
34106	35
34107	33
34108	37
34109	37
34110	35
34111	37
34112	37
34113	37
34114	35
34115	33
34116	37
34117	35
34118	38
34119	35
34120	35
34121	37
34122	38
34123	35
34124	33
34125	33
34126	37
34127	35
34128	35
34129	38
34130	38
34131	37
34132	35
34133	33
34134	35
34135	35
34136	37
34137	37
34138	37
34139	37
34140	35
34141	37
34142	37
34143	35
34144	35
34145	37
34146	37
34147	37
34148	35
34149	37
34150	33
34151	37
34152	37
34153	33
34154	37
34155	35
34156	37
34157	37
34158	35
34159	37
34160	35
34161	37
34162	35
34163	37
34164	37
34165	37
34166	37
34167	37
34168	35
34169	37
34170	37
34171	33
34172	37
34173	37
34174	35
34175	37
34176	35
34177	33
34178	37
34179	37
34180	35
34181	37
34182	37
34183	37
34184	35
34185	33
34186	37
34187	35
34188	38
34189	35
34190	35
34191	37
34192	38
34193	35
34194	33
34195	33
34196	37
34197	35
34198	35
34199	38
34200	38
34201	37
34202	35
34203	33
34204	35
34205	35
34206	37
34207	37
34208	37
34209	37
34210	35
34211	37
34212	37
34213	35
34214	35
34215	37
34216	37
34217	37
34218	35
34219	37
34220	33
34221	37
34222	37
34223	33
34224	37
34225	35
34226	37
34227	37
34228	35
34229	37
34230	35
34231	37
34232	35
34233	37
34234	37
34235	37
34236	37
34237	37
34238	35
34239	37
34240	37
34241	33
34242	37
34243	37
34244	35
34245	37
34246	35
34247	33
34248	37
34249	37
34250	35
34251	37
34252	37
34253	37
34254	35
34255	33
34256	37
34257	35
34258	38
34259	35
34260	35
34261	37
34262	38
34263	35
34264	33
34265	33
34266	37
34267	35
34268	35
34269	38
34270	38
34271	37
34272	35
34273	33
34274	35
34275	35
34276	37
34277	37
34278	37
34279	37
34280	35
34281	37
34282	37
34283	35
34284	35
34285	37
34286	37
34287	37
34288	35
34289	37
34290	33
34291	37
34292	37
34293	33
34294	37
34295	35
34296	37
34297	37
34298	35
34299	37
34300	35
34301	37
34302	35
34303	37
34304	37
34305	37
34306	37
34307	37
34308	35
34309	37
34310	37
34311	33
34312	37
34313	37
34314	35
34315	37
34316	35
34317	33
34318	37
34319	37
34320	35
34321	37
34322	37
34323	37
34324	35
34325	33
34326	37
34327	35
34328	38
34329	35
34330	35
34331	37
34332	38
34333	35
34334	33
34335	33
34336	37
34337	35
34338	35
34339	38
34340	38
34341	37
34342	35
34343	33
34344	35
