13851
13853
13854
13867
13869
13870
13875
13877
13878
13902
13907
13914
13925
13932
13937
13963
13973
13977
13990
13994
14004
14019
14021
14022
14026
14033
14040
14052
14056
14064
14093
14102
14108
14115
14121
14130
14147
14149
14150
14156
14162
14168
14177
14184
14192
14211
14213
14214
14217
14228
14232
14242
14248
14256
14875
14877
14878
14891
14893
14894
14899
14901
14902
14926
14931
14938
14949
14956
14961
14987
14997
15001
15014
15018
15028
15043
15045
15046
15050
15057
15064
15076
15080
15088
15117
15126
15132
15139
15145
15154
15171
15173
15174
15180
15186
15192
15201
15208
15216
15235
15237
15238
15241
15252
15256
15266
15272
15280
15387
15389
15390
15403
15405
15406
15411
15413
15414
15438
15443
15450
15461
15468
15473
15499
15509
15513
15526
15530
15540
15555
15557
15558
15562
15569
15576
15588
15592
15600
15629
15638
15644
15651
15657
15666
15683
15685
15686
15692
15698
15704
15713
15720
15728
15747
15749
15750
15753
15764
15768
15778
15784
15792
22043
22045
22046
22059
22061
22062
22067
22069
22070
22094
22099
22106
22117
22124
22129
22155
22165
22169
22182
22186
22196
22211
22213
22214
22218
22225
22232
22244
22248
22256
22285
22294
22300
22307
22313
22322
22339
22341
22342
22348
22354
22360
22369
22376
22384
22403
22405
22406
22409
22420
22424
22434
22440
22448
23067
23069
23070
23083
23085
23086
23091
23093
23094
23118
23123
23130
23141
23148
23153
23179
23189
23193
23206
23210
23220
23235
23237
23238
23242
23249
23256
23268
23272
23280
23309
23318
23324
23331
23337
23346
23363
23365
23366
23372
23378
23384
23393
23400
23408
23427
23429
23430
23433
23444
23448
23458
23464
23472
23579
23581
23582
23595
23597
23598
23603
23605
23606
23630
23635
23642
23653
23660
23665
23691
23701
23705
23718
23722
23732
23747
23749
23750
23754
23761
23768
23780
23784
23792
23821
23830
23836
23843
23849
23858
23875
23877
23878
23884
23890
23896
23905
23912
23920
23939
23941
23942
23945
23956
23960
23970
23976
23984
26139
26141
26142
26155
26157
26158
26163
26165
26166
26190
26195
26202
26213
26220
26225
26251
26261
26265
26278
26282
26292
26307
26309
26310
26314
26321
26328
26340
26344
26352
26381
26390
26396
26403
26409
26418
26435
26437
26438
26444
26450
26456
26465
26472
26480
26499
26501
26502
26505
26516
26520
26530
26536
26544
27163
27165
27166
27179
27181
27182
27187
27189
27190
27214
27219
27226
27237
27244
27249
27275
27285
27289
27302
27306
27316
27331
27333
27334
27338
27345
27352
27364
27368
27376
27405
27414
27420
27427
27433
27442
27459
27461
27462
27468
27474
27480
27489
27496
27504
27523
27525
27526
27529
27540
27544
27554
27560
27568
27675
27677
27678
27691
27693
27694
27699
27701
27702
27726
27731
27738
27749
27756
27761
27787
27797
27801
27814
27818
27828
27843
27845
27846
27850
27857
27864
27876
27880
27888
27917
27926
27932
27939
27945
27954
27971
27973
27974
27980
27986
27992
28001
28008
28016
28035
28037
28038
28041
28052
28056
28066
28072
28080
39963
39965
39966
39979
39981
39982
39987
39989
39990
40014
40019
40026
40037
40044
40049
40075
40085
40089
40102
40106
40116
40131
40133
40134
40138
40145
40152
40164
40168
40176
40205
40214
40220
40227
40233
40242
40259
40261
40262
40268
40274
40280
40289
40296
40304
40323
40325
40326
40329
40340
40344
40354
40360
40368
42523
42525
42526
42539
42541
42542
42547
42549
42550
42574
42579
42586
42597
42604
42609
42635
42645
42649
42662
42666
42676
42691
42693
42694
42698
42705
42712
42724
42728
42736
42765
42774
42780
42787
42793
42802
42819
42821
42822
42828
42834
42840
42849
42856
42864
42883
42885
42886
42889
42900
42904
42914
42920
42928
46107
46109
46110
46123
46125
46126
46131
46133
46134
46158
46163
46170
46181
46188
46193
46219
46229
46233
46246
46250
46260
46275
46277
46278
46282
46289
46296
46308
46312
46320
46349
46358
46364
46371
46377
46386
46403
46405
46406
46412
46418
46424
46433
46440
46448
46467
46469
46470
46473
46484
46488
46498
46504
46512
51739
51741
51742
51755
51757
51758
51763
51765
51766
51790
51795
51802
51813
51820
51825
51851
51861
51865
51878
51882
51892
51907
51909
51910
51914
51921
51928
51940
51944
51952
51981
51990
51996
52003
52009
52018
52035
52037
52038
52044
52050
52056
52065
52072
52080
52099
52101
52102
52105
52116
52120
52130
52136
52144
55323
55325
55326
55339
55341
55342
55347
55349
55350
55374
55379
55386
55397
55404
55409
55435
55445
55449
55462
55466
55476
55491
55493
55494
55498
55505
55512
55524
55528
55536
55565
55574
55580
55587
55593
55602
55619
55621
55622
55628
55634
55640
55649
55656
55664
55683
55685
55686
55689
55700
55704
55714
55720
55728
57883
57885
57886
57899
57901
57902
57907
57909
57910
57934
57939
57946
57957
57964
57969
57995
58005
58009
58022
58026
58036
58051
58053
58054
58058
58065
58072
58084
58088
58096
58125
58134
58140
58147
58153
58162
58179
58181
58182
58188
58194
58200
58209
58216
58224
58243
58245
58246
58249
58260
58264
58274
58280
58288
71195
71197
71198
71211
71213
71214
71219
71221
71222
71246
71251
71258
71269
71276
71281
71307
71317
71321
71334
71338
71348
71363
71365
71366
71370
71377
71384
71396
71400
71408
71437
71446
71452
71459
71465
71474
71491
71493
71494
71500
71506
71512
71521
71528
71536
71555
71557
71558
71561
71572
71576
71586
71592
71600
76315
76317
76318
76331
76333
76334
76339
76341
76342
76366
76371
76378
76389
76396
76401
76427
76437
76441
76454
76458
76468
76483
76485
76486
76490
76497
76504
76516
76520
76528
76557
76566
76572
76579
76585
76594
76611
76613
76614
76620
76626
76632
76641
76648
76656
76675
76677
76678
76681
76692
76696
76706
76712
76720
78363
78365
78366
78379
78381
78382
78387
78389
78390
78414
78419
78426
78437
78444
78449
78475
78485
78489
78502
78506
78516
78531
78533
78534
78538
78545
78552
78564
78568
78576
78605
78614
78620
78627
78633
78642
78659
78661
78662
78668
78674
78680
78689
78696
78704
78723
78725
78726
78729
78740
78744
78754
78760
78768
85019
85021
85022
85035
85037
85038
85043
85045
85046
85070
85075
85082
85093
85100
85105
85131
85141
85145
85158
85162
85172
85187
85189
85190
85194
85201
85208
85220
85224
85232
85261
85270
85276
85283
85289
85298
85315
85317
85318
85324
85330
85336
85345
85352
85360
85379
85381
85382
85385
85396
85400
85410
85416
85424
87067
87069
87070
87083
87085
87086
87091
87093
87094
87118
87123
87130
87141
87148
87153
87179
87189
87193
87206
87210
87220
87235
87237
87238
87242
87249
87256
87268
87272
87280
87309
87318
87324
87331
87337
87346
87363
87365
87366
87372
87378
87384
87393
87400
87408
87427
87429
87430
87433
87444
87448
87458
87464
87472
92187
92189
92190
92203
92205
92206
92211
92213
92214
92238
92243
92250
92261
92268
92273
92299
92309
92313
92326
92330
92340
92355
92357
92358
92362
92369
92376
92388
92392
92400
92429
92438
92444
92451
92457
92466
92483
92485
92486
92492
92498
92504
92513
92520
92528
92547
92549
92550
92553
92564
92568
92578
92584
92592
99867
99869
99870
99883
99885
99886
99891
99893
99894
99918
99923
99930
99941
99948
99953
99979
99989
99993
100006
100010
100020
100035
100037
100038
100042
100049
100056
100068
100072
100080
100109
100118
100124
100131
100137
100146
100163
100165
100166
100172
100178
100184
100193
100200
100208
100227
100229
100230
100233
100244
100248
100258
100264
100272
100891
100893
100894
100907
100909
100910
100915
100917
100918
100942
100947
100954
100965
100972
100977
101003
101013
101017
101030
101034
101044
101059
101061
101062
101066
101073
101080
101092
101096
101104
101133
101142
101148
101155
101161
101170
101187
101189
101190
101196
101202
101208
101217
101224
101232
101251
101253
101254
101257
101268
101272
101282
101288
101296
101403
101405
101406
101419
101421
101422
101427
101429
101430
101454
101459
101466
101477
101484
101489
101515
101525
101529
101542
101546
101556
101571
101573
101574
101578
101585
101592
101604
101608
101616
101645
101654
101660
101667
101673
101682
101699
101701
101702
101708
101714
101720
101729
101736
101744
101763
101765
101766
101769
101780
101784
101794
101800
101808
103451
103453
103454
103467
103469
103470
103475
103477
103478
103502
103507
103514
103525
103532
103537
103563
103573
103577
103590
103594
103604
103619
103621
103622
103626
103633
103640
103652
103656
103664
103693
103702
103708
103715
103721
103730
103747
103749
103750
103756
103762
103768
103777
103784
103792
103811
103813
103814
103817
103828
103832
103842
103848
103856
107035
107037
107038
107051
107053
107054
107059
107061
107062
107086
107091
107098
107109
107116
107121
107147
107157
107161
107174
107178
107188
107203
107205
107206
107210
107217
107224
107236
107240
107248
107277
107286
107292
107299
107305
107314
107331
107333
107334
107340
107346
107352
107361
107368
107376
107395
107397
107398
107401
107412
107416
107426
107432
107440
110619
110621
110622
110635
110637
110638
110643
110645
110646
110670
110675
110682
110693
110700
110705
110731
110741
110745
110758
110762
110772
110787
110789
110790
110794
110801
110808
110820
110824
110832
110861
110870
110876
110883
110889
110898
110915
110917
110918
110924
110930
110936
110945
110952
110960
110979
110981
110982
110985
110996
111000
111010
111016
111024
116763
116765
116766
116779
116781
116782
116787
116789
116790
116814
116819
116826
116837
116844
116849
116875
116885
116889
116902
116906
116916
116931
116933
116934
116938
116945
116952
116964
116968
116976
117005
117014
117020
117027
117033
117042
117059
117061
117062
117068
117074
117080
117089
117096
117104
117123
117125
117126
117129
117140
117144
117154
117160
117168
118811
118813
118814
118827
118829
118830
118835
118837
118838
118862
118867
118874
118885
118892
118897
118923
118933
118937
118950
118954
118964
118979
118981
118982
118986
118993
119000
119012
119016
119024
119053
119062
119068
119075
119081
119090
119107
119109
119110
119116
119122
119128
119137
119144
119152
119171
119173
119174
119177
119188
119192
119202
119208
119216
122907
122909
122910
122923
122925
122926
122931
122933
122934
122958
122963
122970
122981
122988
122993
123019
123029
123033
123046
123050
123060
123075
123077
123078
123082
123089
123096
123108
123112
123120
123149
123158
123164
123171
123177
123186
123203
123205
123206
123212
123218
123224
123233
123240
123248
123267
123269
123270
123273
123284
123288
123298
123304
123312
137755
137757
137758
137771
137773
137774
137779
137781
137782
137806
137811
137818
137829
137836
137841
137867
137877
137881
137894
137898
137908
137923
137925
137926
137930
137937
137944
137956
137960
137968
137997
138006
138012
138019
138025
138034
138051
138053
138054
138060
138066
138072
138081
138088
138096
138115
138117
138118
138121
138132
138136
138146
138152
138160
142363
142365
142366
142379
142381
142382
142387
142389
142390
142414
142419
142426
142437
142444
142449
142475
142485
142489
142502
142506
142516
142531
142533
142534
142538
142545
142552
142564
142568
142576
142605
142614
142620
142627
142633
142642
142659
142661
142662
142668
142674
142680
142689
142696
142704
142723
142725
142726
142729
142740
142744
142754
142760
142768
145435
145437
145438
145451
145453
145454
145459
145461
145462
145486
145491
145498
145509
145516
145521
145547
145557
145561
145574
145578
145588
145603
145605
145606
145610
145617
145624
145636
145640
145648
145677
145686
145692
145699
145705
145714
145731
145733
145734
145740
145746
145752
145761
145768
145776
145795
145797
145798
145801
145812
145816
145826
145832
145840
149019
149021
149022
149035
149037
149038
149043
149045
149046
149070
149075
149082
149093
149100
149105
149131
149141
149145
149158
149162
149172
149187
149189
149190
149194
149201
149208
149220
149224
149232
149261
149270
149276
149283
149289
149298
149315
149317
149318
149324
149330
149336
149345
149352
149360
149379
149381
149382
149385
149396
149400
149410
149416
149424
152091
152093
152094
152107
152109
152110
152115
152117
152118
152142
152147
152154
152165
152172
152177
152203
152213
152217
152230
152234
152244
152259
152261
152262
152266
152273
152280
152292
152296
152304
152333
152342
152348
152355
152361
152370
152387
152389
152390
152396
152402
152408
152417
152424
152432
152451
152453
152454
152457
152468
152472
152482
152488
152496
156699
156701
156702
156715
156717
156718
156723
156725
156726
156750
156755
156762
156773
156780
156785
156811
156821
156825
156838
156842
156852
156867
156869
156870
156874
156881
156888
156900
156904
156912
156941
156950
156956
156963
156969
156978
156995
156997
156998
157004
157010
157016
157025
157032
157040
157059
157061
157062
157065
157076
157080
157090
157096
157104
165403
165405
165406
165419
165421
165422
165427
165429
165430
165454
165459
165466
165477
165484
165489
165515
165525
165529
165542
165546
165556
165571
165573
165574
165578
165585
165592
165604
165608
165616
165645
165654
165660
165667
165673
165682
165699
165701
165702
165708
165714
165720
165729
165736
165744
165763
165765
165766
165769
165780
165784
165794
165800
165808
166427
166429
166430
166443
166445
166446
166451
166453
166454
166478
166483
166490
166501
166508
166513
166539
166549
166553
166566
166570
166580
166595
166597
166598
166602
166609
166616
166628
166632
166640
166669
166678
166684
166691
166697
166706
166723
166725
166726
166732
166738
166744
166753
166760
166768
166787
166789
166790
166793
166804
166808
166818
166824
166832
166939
166941
166942
166955
166957
166958
166963
166965
166966
166990
166995
167002
167013
167020
167025
167051
167061
167065
167078
167082
167092
167107
167109
167110
167114
167121
167128
167140
167144
167152
167181
167190
167196
167203
167209
167218
167235
167237
167238
167244
167250
167256
167265
167272
167280
167299
167301
167302
167305
167316
167320
167330
167336
167344
170011
170013
170014
170027
170029
170030
170035
170037
170038
170062
170067
170074
170085
170092
170097
170123
170133
170137
170150
170154
170164
170179
170181
170182
170186
170193
170200
170212
170216
170224
170253
170262
170268
170275
170281
170290
170307
170309
170310
170316
170322
170328
170337
170344
170352
170371
170373
170374
170377
170388
170392
170402
170408
170416
173083
173085
173086
173099
173101
173102
173107
173109
173110
173134
173139
173146
173157
173164
173169
173195
173205
173209
173222
173226
173236
173251
173253
173254
173258
173265
173272
173284
173288
173296
173325
173334
173340
173347
173353
173362
173379
173381
173382
173388
173394
173400
173409
173416
173424
173443
173445
173446
173449
173460
173464
173474
173480
173488
176155
176157
176158
176171
176173
176174
176179
176181
176182
176206
176211
176218
176229
176236
176241
176267
176277
176281
176294
176298
176308
176323
176325
176326
176330
176337
176344
176356
176360
176368
176397
176406
176412
176419
176425
176434
176451
176453
176454
176460
176466
176472
176481
176488
176496
176515
176517
176518
176521
176532
176536
176546
176552
176560
180763
180765
180766
180779
180781
180782
180787
180789
180790
180814
180819
180826
180837
180844
180849
180875
180885
180889
180902
180906
180916
180931
180933
180934
180938
180945
180952
180964
180968
180976
181005
181014
181020
181027
181033
181042
181059
181061
181062
181068
181074
181080
181089
181096
181104
181123
181125
181126
181129
181140
181144
181154
181160
181168
184347
184349
184350
184363
184365
184366
184371
184373
184374
184398
184403
184410
184421
184428
184433
184459
184469
184473
184486
184490
184500
184515
184517
184518
184522
184529
184536
184548
184552
184560
184589
184598
184604
184611
184617
184626
184643
184645
184646
184652
184658
184664
184673
184680
184688
184707
184709
184710
184713
184724
184728
184738
184744
184752
188443
188445
188446
188459
188461
188462
188467
188469
188470
188494
188499
188506
188517
188524
188529
188555
188565
188569
188582
188586
188596
188611
188613
188614
188618
188625
188632
188644
188648
188656
188685
188694
188700
188707
188713
188722
188739
188741
188742
188748
188754
188760
188769
188776
188784
188803
188805
188806
188809
188820
188824
188834
188840
188848
198171
198173
198174
198187
198189
198190
198195
198197
198198
198222
198227
198234
198245
198252
198257
198283
198293
198297
198310
198314
198324
198339
198341
198342
198346
198353
198360
198372
198376
198384
198413
198422
198428
198435
198441
198450
198467
198469
198470
198476
198482
198488
198497
198504
198512
198531
198533
198534
198537
198548
198552
198562
198568
198576
199195
199197
199198
199211
199213
199214
199219
199221
199222
199246
199251
199258
199269
199276
199281
199307
199317
199321
199334
199338
199348
199363
199365
199366
199370
199377
199384
199396
199400
199408
199437
199446
199452
199459
199465
199474
199491
199493
199494
199500
199506
199512
199521
199528
199536
199555
199557
199558
199561
199572
199576
199586
199592
199600
199707
199709
199710
199723
199725
199726
199731
199733
199734
199758
199763
199770
199781
199788
199793
199819
199829
199833
199846
199850
199860
199875
199877
199878
199882
199889
199896
199908
199912
199920
199949
199958
199964
199971
199977
199986
200003
200005
200006
200012
200018
200024
200033
200040
200048
200067
200069
200070
200073
200084
200088
200098
200104
200112
201243
201245
201246
201259
201261
201262
201267
201269
201270
201294
201299
201306
201317
201324
201329
201355
201365
201369
201382
201386
201396
201411
201413
201414
201418
201425
201432
201444
201448
201456
201485
201494
201500
201507
201513
201522
201539
201541
201542
201548
201554
201560
201569
201576
201584
201603
201605
201606
201609
201620
201624
201634
201640
201648
206875
206877
206878
206891
206893
206894
206899
206901
206902
206926
206931
206938
206949
206956
206961
206987
206997
207001
207014
207018
207028
207043
207045
207046
207050
207057
207064
207076
207080
207088
207117
207126
207132
207139
207145
207154
207171
207173
207174
207180
207186
207192
207201
207208
207216
207235
207237
207238
207241
207252
207256
207266
207272
207280
208923
208925
208926
208939
208941
208942
208947
208949
208950
208974
208979
208986
208997
209004
209009
209035
209045
209049
209062
209066
209076
209091
209093
209094
209098
209105
209112
209124
209128
209136
209165
209174
209180
209187
209193
209202
209219
209221
209222
209228
209234
209240
209249
209256
209264
209283
209285
209286
209289
209300
209304
209314
209320
209328
214043
214045
214046
214059
214061
214062
214067
214069
214070
214094
214099
214106
214117
214124
214129
214155
214165
214169
214182
214186
214196
214211
214213
214214
214218
214225
214232
214244
214248
214256
214285
214294
214300
214307
214313
214322
214339
214341
214342
214348
214354
214360
214369
214376
214384
214403
214405
214406
214409
214420
214424
214434
214440
214448
217115
217117
217118
217131
217133
217134
217139
217141
217142
217166
217171
217178
217189
217196
217201
217227
217237
217241
217254
217258
217268
217283
217285
217286
217290
217297
217304
217316
217320
217328
217357
217366
217372
217379
217385
217394
217411
217413
217414
217420
217426
217432
217441
217448
217456
217475
217477
217478
217481
217492
217496
217506
217512
217520
221211
221213
221214
221227
221229
221230
221235
221237
221238
221262
221267
221274
221285
221292
221297
221323
221333
221337
221350
221354
221364
221379
221381
221382
221386
221393
221400
221412
221416
221424
221453
221462
221468
221475
221481
221490
221507
221509
221510
221516
221522
221528
221537
221544
221552
221571
221573
221574
221577
221588
221592
221602
221608
221616
267946
268082
268184
268194
268200
268208
268980
269084
269204
269208
269224
269232
269465
269609
269705
269720
269736
269744
271962
272042
272074
272088
272104
272112
273004
273076
273112
273124
273128
273136
273521
273561
273617
273624
273640
273648
274974
274990
274998
275110
275114
275124
275483
275499
275507
275595
275609
275626
275994
276010
276018
276106
276120
276130
276136
276144
276509
276525
276533
276629
276633
276660
277020
277036
277044
277140
277144
277156
277160
277168
277529
277545
277553
277641
277649
277656
277672
277680
280154
280370
280402
280408
280424
280432
281196
281372
281420
281432
281448
281456
281713
281897
281944
281953
281960
281968
283166
283182
283190
283414
283420
283442
283675
283691
283699
283939
283945
283954
284186
284202
284210
284434
284440
284450
284456
284464
284701
284717
284725
284941
284956
284969
285212
285228
285236
285452
285460
285464
285480
285488
285721
285737
285745
285961
285976
285985
285992
286000
287262
287278
287286
287310
287322
287340
287771
287787
287795
287827
287834
287857
288282
288298
288306
288330
288338
288344
288360
288368
288797
288813
288821
288869
288876
288881
289308
289324
289332
289356
289368
289380
289384
289392
289817
289833
289841
289873
289880
289889
289896
289904
296688
296754
296786
296816
296866
296880
297652
297700
297712
297840
297876
297904
298097
298193
298224
298337
298352
298416
300083
300323
300338
300419
300450
300464
301109
301205
301236
301445
301460
301488
302129
302225
302256
302369
302384
302465
302480
302496
303670
303782
303796
303814
303844
303856
304179
304211
304241
304323
304337
304368
304690
304722
304752
304802
304816
304834
304848
304864
307251
307253
307254
307349
307366
307380
308243
308259
308273
308274
308355
308369
308386
308400
311862
312086
312114
312134
312146
312176
313397
313445
313457
313669
313697
313712
313908
313956
313968
314132
314160
314180
314192
314208
315443
315445
315446
315670
315683
315698
317461
317477
317489
317492
317701
317716
317729
317744
319539
319541
319542
319571
319589
319601
320022
320038
320050
320052
320070
320082
320100
320112
329306
329418
329432
329554
329560
329624
330456
330524
330572
330584
330644
330648
330905
330961
330968
331096
331145
331160
332318
332566
332572
332678
332692
332696
332827
332939
332953
333187
333193
333208
333338
333450
333464
333586
333592
333698
333704
333712
336414
336462
336474
336582
336586
336600
337949
338069
338073
338117
338129
338136
338460
338508
338520
338580
338584
338628
338632
338640
339995
339997
339998
340107
340117
340121
340494
340502
340506
340508
340614
340618
340628
340632
345115
345171
345178
345411
345426
345432
346141
346381
346396
346437
346444
346456
347161
347217
347224
347401
347416
347457
347464
347472
348187
348189
348190
348429
348438
348444
349195
349203
349209
349210
349443
349449
349458
349464
352283
352285
352286
352334
352339
352346
354317
354325
354329
354332
354373
354380
354385
354392
361158
361238
361286
361298
361350
361364
361555
361667
361681
361795
361810
361859
362066
362178
362192
362258
362306
362320
362370
362384
362645
362693
362705
362821
362885
362900
363156
363204
363216
363284
363332
363344
363396
363408
363601
363665
363713
363728
363841
363856
363905
363920
364693
364822
364931
364933
364934
364948
365587
365699
365713
365827
365842
365953
365954
365968
368723
368789
368835
368837
368838
368849
369174
369222
369234
369286
369300
369346
369348
369360
372755
372757
372758
372867
372869
372870
372881
372884
376915
377110
377155
377157
377158
377170
378901
378949
378961
379141
379156
379201
379204
379216
380947
380949
380950
381187
381189
381190
381202
381204
385043
385045
385046
385091
385093
385094
385105
385106
394922
394954
394984
395112
395170
395176
395884
396004
396008
396108
396136
396200
396520
396585
396641
396648
396681
396712
397870
397990
397994
398214
398242
398248
399405
399629
399657
399749
399753
399784
399916
400036
400040
400140
400168
400260
400264
400288
402475
402571
402602
402627
402634
402664
403501
403557
403564
403653
403684
403688
404521
404577
404584
404617
404648
404673
404680
404704
405547
405549
405550
405643
405670
405674
407565
407589
407593
407596
407685
407689
407716
407720
410158
410190
410220
410438
410444
410472
410667
410915
410921
410947
410977
410984
411178
411210
411240
411426
411432
411458
411464
411488
413739
413741
413742
413965
413987
413993
414222
414246
414250
414252
414470
414476
414498
414504
417835
417837
417838
417870
417893
417900
418827
418851
418857
418858
418883
418890
418913
418920
426662
426694
426724
426822
426886
426914
427203
427299
427331
427361
427395
427426
427682
427714
427744
427810
427842
427872
427906
427936
428133
428229
428260
428357
428385
428421
428644
428708
428740
428768
428868
428896
428932
428960
429153
429249
429280
429345
429377
429408
429441
429472
430246
430371
430467
430469
430470
430498
432165
432261
432292
432389
432417
432513
432516
432544
434277
434342
434371
434373
434374
434404
435235
435267
435297
435331
435362
435393
435394
435424
438307
438309
438310
438403
438405
438406
438434
438436
442469
442659
442691
442693
442694
442721
442918
442950
442980
443142
443170
443202
443204
443232
446499
446501
446502
446723
446725
446726
446753
446754
450595
450597
450598
450627
450629
450630
450657
450660
459342
459462
459466
459590
459596
459654
459915
459971
459978
460099
460163
460169
460362
460426
460482
460488
460610
460616
460674
460680
460997
461069
461125
461132
461189
461193
461388
461508
461512
461580
461636
461640
461700
461704
461961
462017
462024
462089
462145
462152
462209
462216
462987
463117
463235
463237
463238
463241
463374
463494
463498
463622
463628
463746
463748
463752
467022
467083
467139
467141
467142
467146
469005
469061
469068
469125
469129
469185
469188
469192
471051
471053
471054
471171
471173
471174
471177
471178
475214
475405
475459
475461
475462
475468
476171
476227
476234
476419
476425
476481
476482
476488
479243
479245
479246
479491
479493
479494
479497
479500
483339
483341
483342
483395
483397
483398
483402
483404
530033
530073
530129
530136
530152
530160
531034
531114
531146
531160
531176
531184
531564
531636
531672
531684
531688
531696
534129
534313
534360
534369
534376
534384
535130
535346
535378
535384
535400
535408
535660
535836
535884
535896
535912
535920
537115
537131
537139
537171
537178
537201
537629
537645
537653
537701
537708
537713
538137
538153
538161
538193
538200
538209
538216
538224
538654
538670
538678
538702
538714
538732
539162
539178
539186
539210
539218
539224
539240
539248
539676
539692
539700
539724
539736
539748
539752
539760
542361
542505
542601
542616
542632
542640
543402
543538
543640
543650
543656
543664
543924
544028
544148
544152
544168
544176
545307
545323
545331
545419
545433
545450
545821
545837
545845
545941
545945
545972
546329
546345
546353
546441
546449
546456
546472
546480
546846
546862
546870
546982
546986
546996
547354
547370
547378
547466
547480
547490
547496
547504
547868
547884
547892
547988
547992
548004
548008
548016
549403
549419
549427
549667
549673
549682
549917
549933
549941
550157
550172
550185
550425
550441
550449
550665
550680
550689
550696
550704
550942
550958
550966
551190
551196
551218
551450
551466
551474
551698
551704
551714
551720
551728
551964
551980
551988
552204
552212
552216
552232
552240
558745
558801
558808
558936
558985
559000
559706
559818
559832
559954
559960
560024
560344
560412
560460
560472
560532
560536
562205
562325
562329
562373
562385
562392
563230
563278
563290
563398
563402
563416
564252
564300
564312
564372
564376
564420
564424
564432
565787
565843
565850
566083
566098
566104
566301
566541
566556
566597
566604
566616
566809
566865
566872
567049
567064
567105
567112
567120
569371
569373
569374
569422
569427
569434
570381
570389
570393
570396
570437
570444
570449
570456
573979
574091
574105
574339
574345
574360
575518
575766
575772
575878
575892
575896
576026
576138
576152
576274
576280
576386
576392
576400
577563
577565
577566
577675
577685
577689
579598
579606
579610
579612
579718
579722
579732
579736
581659
581661
581662
581901
581910
581916
582155
582163
582169
582170
582403
582409
582418
582424
591592
591657
591713
591720
591753
591784
592554
592586
592616
592744
592802
592808
593004
593124
593128
593228
593256
593320
594475
594571
594602
594627
594634
594664
594989
595045
595052
595141
595172
595176
595497
595553
595560
595593
595624
595649
595656
595680
598571
598819
598825
598851
598881
598888
600110
600142
600172
600390
600396
600424
600618
600650
600680
600866
600872
600898
600904
600928
602155
602157
602158
602190
602213
602220
602635
602659
602665
602666
602691
602698
602721
602728
607277
607501
607529
607621
607625
607656
608302
608422
608426
608646
608674
608680
609324
609444
609448
609548
609576
609668
609672
609696
610347
610349
610350
610443
610470
610474
611341
611365
611369
611372
611461
611465
611492
611496
614443
614445
614446
614669
614691
614697
616462
616486
616490
616492
616710
616716
616738
616744
623243
623299
623306
623427
623491
623497
623813
623885
623941
623948
624005
624009
624265
624321
624328
624393
624449
624456
624513
624520
624718
624838
624842
624966
624972
625030
625226
625290
625346
625352
625474
625480
625538
625544
625740
625860
625864
625932
625988
625992
626052
626056
626766
626827
626883
626885
626886
626890
627725
627781
627788
627845
627849
627905
627908
627912
630862
631053
631107
631109
631110
631116
631307
631363
631370
631555
631561
631617
631618
631624
634891
634893
634894
634947
634949
634950
634954
634956
639115
639245
639363
639365
639366
639369
641038
641158
641162
641286
641292
641410
641412
641416
643083
643085
643086
643203
643205
643206
643209
643210
647179
647181
647182
647427
647429
647430
647433
647436
657009
657105
657136
657249
657264
657328
658160
658226
658258
658288
658338
658352
658612
658660
658672
658800
658836
658864
660019
660051
660081
660163
660177
660208
661558
661670
661684
661702
661732
661744
662066
662098
662128
662178
662192
662210
662224
662240
664629
664677
664689
664901
664929
664944
665654
665878
665906
665926
665938
665968
666676
666724
666736
666900
666928
666948
666960
666976
667699
667701
667702
667731
667749
667761
669718
669734
669746
669748
669766
669778
669796
669808
672307
672547
672562
672643
672674
672688
672821
672917
672948
673157
673172
673200
673329
673425
673456
673569
673584
673665
673680
673696
675891
675893
675894
675989
676006
676020
676371
676387
676401
676402
676483
676497
676514
676528
679987
679989
679990
680214
680227
680242
680981
680997
681009
681012
681221
681236
681249
681264
688723
688835
688849
688963
688978
689027
689301
689349
689361
689477
689541
689556
689745
689809
689857
689872
689985
690000
690049
690064
690374
690454
690502
690514
690566
690580
690770
690882
690896
690962
691010
691024
691074
691088
691348
691396
691408
691476
691524
691536
691588
691600
692307
692373
692419
692421
692422
692433
694294
694342
694354
694406
694420
694466
694468
694480
696403
696598
696643
696645
696646
696658
697365
697413
697425
697605
697620
697665
697668
697680
700435
700437
700438
700483
700485
700486
700497
700498
704661
704790
704899
704901
704902
704916
705043
705155
705169
705283
705298
705409
705410
705424
708627
708629
708630
708739
708741
708742
708753
708756
712723
712725
712726
712963
712965
712966
712978
712980
721603
721699
721731
721761
721795
721826
722021
722117
722148
722245
722273
722309
722529
722625
722656
722721
722753
722784
722817
722848
723110
723142
723172
723270
723334
723362
723618
723650
723680
723746
723778
723808
723842
723872
724068
724132
724164
724192
724292
724320
724356
724384
725093
725158
725187
725189
725190
725220
725539
725571
725601
725635
725666
725697
725698
725728
729189
729379
729411
729413
729414
729441
731174
731206
731236
731398
731426
731458
731460
731488
733219
733221
733222
733251
733253
733254
733281
733284
737446
737571
737667
737669
737670
737698
738341
738437
738468
738565
738593
738689
738692
738720
741411
741413
741414
741507
741509
741510
741538
741540
745507
745509
745510
745731
745733
745734
745761
745762
788184
788200
788208
788312
788328
788336
788376
788392
788400
789208
789224
789232
789336
789352
789360
789400
789416
789424
789720
789736
789744
789848
789864
789872
789912
789928
789936
791210
791705
792216
792232
792240
792756
793240
793256
793264
793752
793768
793776
795226
795761
796248
796264
796272
796780
797272
797288
797296
797784
797800
797808
798747
798749
798750
798763
798765
798766
798771
798773
798774
799258
799274
799282
799769
799785
799793
800280
800296
800304
800796
800812
800820
801304
801320
801328
801816
801832
801840
803634
804137
804632
804648
804656
805148
805656
805672
805680
806168
806184
806192
806939
806941
806942
806955
806957
806958
806963
806965
806966
807450
807466
807474
807961
807977
807985
808472
808488
808496
808988
809004
809012
809496
809512
809520
810008
810024
810032
811035
811037
811038
811051
811053
811054
811059
811061
811062
811546
811562
811570
812057
812073
812081
812568
812584
812592
813084
813100
813108
813592
813608
813616
814104
814120
814128
820050
820433
820944
821072
821136
821652
821968
822096
822160
822480
822608
822672
823445
824465
825492
826512
827475
827986
828497
829008
831507
831509
831510
832529
835862
836370
837908
838416
839699
839701
839702
841748
843795
843797
843798
844306
852682
853385
853704
853832
853896
854348
854728
854856
854920
855240
855368
855432
856203
856714
857225
857736
860238
860746
862284
862792
864267
864269
864270
864778
868621
869641
870668
871688
872459
872461
872462
873481
876555
876557
876558
878604
884931
884933
884934
885059
885061
885062
885123
885125
885126
885442
885570
885634
885953
886081
886145
886464
886592
886656
886980
887108
887172
887488
887616
887680
888000
888128
888192
888963
888965
888966
889985
892995
892997
892998
893506
897027
897029
897030
901379
901381
901382
903428
905219
905221
905222
909315
909317
909318
918434
918881
919264
919392
919456
919780
920288
920416
920480
920800
920928
920992
921766
922274
923812
924320
925797
926817
927844
928864
929827
929829
929830
931876
934179
934690
935201
935712
938019
938021
938022
938530
942115
942117
942118
943137
950467
950469
950470
950595
950597
950598
950659
950661
950662
950978
951106
951170
951489
951617
951681
952000
952128
952192
952516
952644
952708
953024
953152
953216
953536
953664
953728
954499
954501
954502
956548
958531
958533
958534
959553
962563
962565
962566
966915
966917
966918
967426
970755
970757
970758
974851
974853
974854
983235
983237
983238
983363
983365
983366
983427
983429
983430
983746
983874
983938
984257
984385
984449
984768
984896
984960
985284
985412
985476
985792
985920
985984
986304
986432
986496
987267
987269
987270
987778
991299
991301
991302
993348
995331
995333
995334
999683
999685
999686
1000705
1003523
1003525
1003526
1007619
1007621
1007622
1054316
1054492
1054540
1054552
1054568
1054576
1055345
1055529
1055576
1055585
1055592
1055600
1055834
1056050
1056082
1056088
1056104
1056112
1058484
1058588
1058708
1058712
1058728
1058736
1059481
1059625
1059721
1059736
1059752
1059760
1060010
1060146
1060248
1060258
1060264
1060272
1061405
1061421
1061429
1061645
1061660
1061673
1061918
1061934
1061942
1062166
1062172
1062194
1062428
1062444
1062452
1062668
1062676
1062680
1062696
1062704
1062939
1062955
1062963
1063203
1063209
1063218
1063449
1063465
1063473
1063689
1063704
1063713
1063720
1063728
1063962
1063978
1063986
1064210
1064216
1064226
1064232
1064240
1066604
1066676
1066712
1066724
1066728
1066736
1067633
1067673
1067729
1067736
1067752
1067760
1068122
1068202
1068234
1068248
1068264
1068272
1069597
1069613
1069621
1069669
1069676
1069681
1070110
1070126
1070134
1070158
1070170
1070188
1070620
1070636
1070644
1070668
1070680
1070692
1070696
1070704
1071131
1071147
1071155
1071187
1071194
1071217
1071641
1071657
1071665
1071697
1071704
1071713
1071720
1071728
1072154
1072170
1072178
1072202
1072210
1072216
1072232
1072240
1073693
1073709
1073717
1073813
1073817
1073844
1074206
1074222
1074230
1074342
1074346
1074356
1074716
1074732
1074740
1074836
1074840
1074852
1074856
1074864
1075227
1075243
1075251
1075339
1075353
1075370
1075737
1075753
1075761
1075849
1075857
1075864
1075880
1075888
1076250
1076266
1076274
1076362
1076376
1076386
1076392
1076400
1082988
1083108
1083112
1083212
1083240
1083304
1084136
1084201
1084257
1084264
1084297
1084328
1084586
1084618
1084648
1084776
1084834
1084840
1086510
1086542
1086572
1086790
1086796
1086824
1087531
1087779
1087785
1087811
1087841
1087848
1088554
1088586
1088616
1088802
1088808
1088834
1088840
1088864
1090093
1090317
1090345
1090437
1090441
1090472
1090606
1090726
1090730
1090950
1090978
1090984
1091116
1091236
1091240
1091340
1091368
1091460
1091464
1091488
1093675
1093677
1093678
1093901
1093923
1093929
1094670
1094694
1094698
1094700
1094918
1094924
1094946
1094952
1098285
1098341
1098348
1098437
1098468
1098472
1099819
1099915
1099946
1099971
1099978
1100008
1100329
1100385
1100392
1100425
1100456
1100481
1100488
1100512
1101867
1101869
1101870
1101902
1101925
1101932
1103883
1103907
1103913
1103914
1103939
1103946
1103969
1103976
1105963
1105965
1105966
1106059
1106086
1106090
1106445
1106469
1106473
1106476
1106565
1106569
1106596
1106600
1115828
1115876
1115888
1116016
1116052
1116080
1116785
1116881
1116912
1117025
1117040
1117104
1117424
1117490
1117522
1117552
1117602
1117616
1118773
1118821
1118833
1119045
1119073
1119088
1119286
1119510
1119538
1119558
1119570
1119600
1119796
1119844
1119856
1120020
1120048
1120068
1120080
1120096
1122869
1122965
1122996
1123205
1123220
1123248
1124403
1124643
1124658
1124739
1124770
1124784
1124913
1125009
1125040
1125153
1125168
1125249
1125264
1125280
1126451
1126453
1126454
1126678
1126691
1126706
1126933
1126949
1126961
1126964
1127173
1127188
1127201
1127216
1131574
1131686
1131700
1131718
1131748
1131760
1132595
1132627
1132657
1132739
1132753
1132784
1133618
1133650
1133680
1133730
1133744
1133762
1133776
1133792
1134643
1134645
1134646
1134675
1134693
1134705
1135638
1135654
1135666
1135668
1135686
1135698
1135716
1135728
1138739
1138741
1138742
1138837
1138854
1138868
1140755
1140771
1140785
1140786
1140867
1140881
1140898
1140912
1147493
1147589
1147620
1147717
1147745
1147781
1148070
1148102
1148132
1148230
1148294
1148322
1148516
1148580
1148612
1148640
1148740
1148768
1148804
1148832
1149123
1149219
1149251
1149281
1149315
1149346
1149537
1149633
1149664
1149729
1149761
1149792
1149825
1149856
1150114
1150146
1150176
1150242
1150274
1150304
1150338
1150368
1151077
1151267
1151299
1151301
1151302
1151329
1152038
1152070
1152100
1152262
1152290
1152322
1152324
1152352
1155238
1155363
1155459
1155461
1155462
1155490
1155621
1155717
1155748
1155845
1155873
1155969
1155972
1156000
1159203
1159205
1159206
1159427
1159429
1159430
1159457
1159458
1163365
1163430
1163459
1163461
1163462
1163492
1165347
1165379
1165409
1165443
1165474
1165505
1165506
1165536
1167395
1167397
1167398
1167427
1167429
1167430
1167457
1167460
1171491
1171493
1171494
1171587
1171589
1171590
1171618
1171620
1181400
1181468
1181516
1181528
1181588
1181592
1182361
1182417
1182424
1182552
1182601
1182616
1182810
1182922
1182936
1183058
1183064
1183128
1184285
1184525
1184540
1184581
1184588
1184600
1185819
1185875
1185882
1186115
1186130
1186136
1186329
1186385
1186392
1186569
1186584
1186625
1186632
1186640
1188894
1189142
1189148
1189254
1189268
1189272
1189915
1190027
1190041
1190275
1190281
1190296
1190938
1191050
1191064
1191186
1191192
1191298
1191304
1191312
1191963
1191965
1191966
1192205
1192214
1192220
1193995
1194003
1194009
1194010
1194243
1194249
1194258
1194264
1196573
1196693
1196697
1196741
1196753
1196760
1197086
1197134
1197146
1197254
1197258
1197272
1197596
1197644
1197656
1197716
1197720
1197764
1197768
1197776
1200155
1200157
1200158
1200206
1200211
1200218
1200653
1200661
1200665
1200668
1200709
1200716
1200721
1200728
1204251
1204253
1204254
1204363
1204373
1204377
1205262
1205270
1205274
1205276
1205382
1205386
1205396
1205400
1213125
1213197
1213253
1213260
1213317
1213321
1213518
1213638
1213642
1213766
1213772
1213830
1214028
1214148
1214152
1214220
1214276
1214280
1214340
1214344
1214603
1214659
1214666
1214787
1214851
1214857
1215113
1215169
1215176
1215241
1215297
1215304
1215361
1215368
1215562
1215626
1215682
1215688
1215810
1215816
1215874
1215880
1216590
1216781
1216835
1216837
1216838
1216844
1218571
1218627
1218634
1218819
1218825
1218881
1218882
1218888
1220747
1220877
1220995
1220997
1220998
1221001
1221646
1221766
1221770
1221894
1221900
1222018
1222020
1222024
1224715
1224717
1224718
1224963
1224965
1224966
1224969
1224972
1228878
1228939
1228995
1228997
1228998
1229002
1229325
1229381
1229388
1229445
1229449
1229505
1229508
1229512
1232907
1232909
1232910
1232963
1232965
1232966
1232970
1232972
1237003
1237005
1237006
1237123
1237125
1237126
1237129
1237130
1245845
1245893
1245905
1246021
1246085
1246100
1246406
1246486
1246534
1246546
1246598
1246612
1246868
1246916
1246928
1246996
1247044
1247056
1247108
1247120
1247315
1247427
1247441
1247555
1247570
1247619
1247825
1247889
1247937
1247952
1248065
1248080
1248129
1248144
1248338
1248450
1248464
1248530
1248578
1248592
1248642
1248656
1249363
1249558
1249603
1249605
1249606
1249618
1249813
1249861
1249873
1250053
1250068
1250113
1250116
1250128
1253525
1253654
1253763
1253765
1253766
1253780
1255443
1255555
1255569
1255683
1255698
1255809
1255810
1255824
1257491
1257493
1257494
1257731
1257733
1257734
1257746
1257748
1261651
1261717
1261763
1261765
1261766
1261777
1262614
1262662
1262674
1262726
1262740
1262786
1262788
1262800
1265683
1265685
1265686
1265731
1265733
1265734
1265745
1265746
1269779
1269781
1269782
1269891
1269893
1269894
1269905
1269908
1312472
1312488
1312496
1312600
1312616
1312624
1312664
1312680
1312688
1313496
1313512
1313520
1313624
1313640
1313648
1313688
1313704
1313712
1314008
1314024
1314032
1314136
1314152
1314160
1314200
1314216
1314224
1315612
1316146
1316632
1316648
1316656
1317161
1317656
1317672
1317680
1318168
1318184
1318192
1319604
1320106
1320600
1320616
1320624
1321113
1321624
1321640
1321648
1322136
1322152
1322160
1323035
1323037
1323038
1323051
1323053
1323054
1323059
1323061
1323062
1323548
1323564
1323572
1324058
1324074
1324082
1324568
1324584
1324592
1325081
1325097
1325105
1325592
1325608
1325616
1326104
1326120
1326128
1327724
1328218
1328728
1328744
1328752
1329265
1329752
1329768
1329776
1330264
1330280
1330288
1331227
1331229
1331230
1331243
1331245
1331246
1331251
1331253
1331254
1331740
1331756
1331764
1332250
1332266
1332274
1332760
1332776
1332784
1333273
1333289
1333297
1333784
1333800
1333808
1334296
1334312
1334320
1335323
1335325
1335326
1335339
1335341
1335342
1335347
1335349
1335350
1335836
1335852
1335860
1336346
1336362
1336370
1336856
1336872
1336880
1337369
1337385
1337393
1337880
1337896
1337904
1338392
1338408
1338416
1344228
1344930
1345248
1345376
1345440
1345889
1346272
1346400
1346464
1346784
1346912
1346976
1347875
1348898
1349921
1350944
1351846
1352356
1352866
1353376
1355811
1355813
1355814
1356834
1359973
1360484
1362017
1362528
1364003
1364005
1364006
1366049
1368099
1368101
1368102
1368612
1377172
1377618
1378000
1378128
1378192
1378513
1379024
1379152
1379216
1379536
1379664
1379728
1380630
1381140
1381650
1382160
1384597
1385108
1386641
1387152
1388563
1388565
1388566
1389076
1392723
1393746
1394769
1395792
1396755
1396757
1396758
1397778
1400851
1400853
1400854
1402897
1409219
1409221
1409222
1409347
1409349
1409350
1409411
1409413
1409414
1409732
1409860
1409924
1410242
1410370
1410434
1410752
1410880
1410944
1411265
1411393
1411457
1411776
1411904
1411968
1412288
1412416
1412480
1413379
1413381
1413382
1414402
1417347
1417349
1417350
1417860
1421315
1421317
1421318
1425475
1425477
1425478
1427521
1429507
1429509
1429510
1433603
1433605
1433606
1442636
1443018
1443528
1443656
1443720
1444233
1444552
1444680
1444744
1445064
1445192
1445256
1446157
1446668
1448201
1448712
1450123
1451146
1452169
1453192
1454091
1454093
1454094
1456137
1458254
1458764
1459274
1459784
1462283
1462285
1462286
1462796
1466379
1466381
1466382
1467402
1474755
1474757
1474758
1474883
1474885
1474886
1474947
1474949
1474950
1475268
1475396
1475460
1475778
1475906
1475970
1476288
1476416
1476480
1476801
1476929
1476993
1477312
1477440
1477504
1477824
1477952
1478016
1478915
1478917
1478918
1480961
1482883
1482885
1482886
1483906
1486851
1486853
1486854
1491011
1491013
1491014
1491524
1495043
1495045
1495046
1499139
1499141
1499142
1507523
1507525
1507526
1507651
1507653
1507654
1507715
1507717
1507718
1508036
1508164
1508228
1508546
1508674
1508738
1509056
1509184
1509248
1509569
1509697
1509761
1510080
1510208
1510272
1510592
1510720
1510784
1511683
1511685
1511686
1512196
1515651
1515653
1515654
1517697
1519619
1519621
1519622
1523779
1523781
1523782
1524802
1527811
1527813
1527814
1531907
1531909
1531910
1574616
1574632
1574640
1574744
1574760
1574768
1574808
1574824
1574832
1575640
1575656
1575664
1575768
1575784
1575792
1575832
1575848
1575856
1576152
1576168
1576176
1576280
1576296
1576304
1576344
1576360
1576368
1577585
1578092
1578584
1578600
1578608
1579098
1579608
1579624
1579632
1580120
1580136
1580144
1581865
1582364
1582872
1582888
1582896
1583410
1583896
1583912
1583920
1584408
1584424
1584432
1585179
1585181
1585182
1585195
1585197
1585198
1585203
1585205
1585206
1585689
1585705
1585713
1586204
1586220
1586228
1586712
1586728
1586736
1587226
1587242
1587250
1587736
1587752
1587760
1588248
1588264
1588272
1589913
1590452
1590936
1590952
1590960
1591466
1591960
1591976
1591984
1592472
1592488
1592496
1593371
1593373
1593374
1593387
1593389
1593390
1593395
1593397
1593398
1593881
1593897
1593905
1594396
1594412
1594420
1594904
1594920
1594928
1595418
1595434
1595442
1595928
1595944
1595952
1596440
1596456
1596464
1597467
1597469
1597470
1597483
1597485
1597486
1597491
1597493
1597494
1597977
1597993
1598001
1598492
1598508
1598516
1599000
1599016
1599024
1599514
1599530
1599538
1600024
1600040
1600048
1600536
1600552
1600560
1606537
1606988
1607368
1607496
1607560
1607882
1608392
1608520
1608584
1608904
1609032
1609096
1609806
1610828
1611850
1612872
1614093
1614601
1615116
1615624
1617931
1617933
1617934
1618956
1622155
1622665
1624202
1624712
1626123
1626125
1626126
1628170
1630219
1630221
1630222
1630729
1639265
1639652
1640160
1640288
1640352
1640866
1641184
1641312
1641376
1641696
1641824
1641888
1642597
1643105
1643620
1644128
1646883
1647393
1648930
1649440
1650723
1650725
1650726
1651233
1654950
1655972
1656994
1658016
1658915
1658917
1658918
1659940
1663011
1663013
1663014
1665058
1671363
1671365
1671366
1671491
1671493
1671494
1671555
1671557
1671558
1671873
1672001
1672065
1672388
1672516
1672580
1672896
1673024
1673088
1673410
1673538
1673602
1673920
1674048
1674112
1674432
1674560
1674624
1675331
1675333
1675334
1676356
1679619
1679621
1679622
1680129
1683459
1683461
1683462
1687683
1687685
1687686
1689730
1691651
1691653
1691654
1695747
1695749
1695750
1704657
1705364
1705680
1705808
1705872
1706322
1706704
1706832
1706896
1707216
1707344
1707408
1708115
1708625
1710162
1710672
1712406
1713428
1714450
1715472
1716243
1716245
1716246
1718290
1720469
1720977
1721492
1722000
1724435
1724437
1724438
1724945
1728531
1728533
1728534
1729556
1736899
1736901
1736902
1737027
1737029
1737030
1737091
1737093
1737094
1737409
1737537
1737601
1737924
1738052
1738116
1738432
1738560
1738624
1738946
1739074
1739138
1739456
1739584
1739648
1739968
1740096
1740160
1740867
1740869
1740870
1742914
1745155
1745157
1745158
1746180
1748995
1748997
1748998
1753219
1753221
1753222
1753729
1757187
1757189
1757190
1761283
1761285
1761286
1769667
1769669
1769670
1769795
1769797
1769798
1769859
1769861
1769862
1770177
1770305
1770369
1770692
1770820
1770884
1771200
1771328
1771392
1771714
1771842
1771906
1772224
1772352
1772416
1772736
1772864
1772928
1773635
1773637
1773638
1774145
1777923
1777925
1777926
1779970
1781763
1781765
1781766
1785987
1785989
1785990
1787012
1789955
1789957
1789958
1794051
1794053
1794054
2102835
2102837
2102838
2102933
2102950
2102964
2103859
2103861
2103862
2104086
2104099
2104114
2104371
2104373
2104374
2104403
2104421
2104433
2106907
2106909
2106910
2107019
2107029
2107033
2107931
2107933
2107934
2108173
2108182
2108188
2108443
2108445
2108446
2108494
2108499
2108506
2110101
2110230
2110339
2110341
2110342
2110356
2110547
2110613
2110659
2110661
2110662
2110673
2110995
2110997
2110998
2111107
2111109
2111110
2111121
2111124
2111571
2111766
2111811
2111813
2111814
2111826
2112019
2112021
2112022
2112259
2112261
2112262
2112274
2112276
2112531
2112533
2112534
2112579
2112581
2112582
2112593
2112594
2115115
2115117
2115118
2115211
2115238
2115242
2116139
2116141
2116142
2116365
2116387
2116393
2116651
2116653
2116654
2116686
2116709
2116716
2118310
2118435
2118531
2118533
2118534
2118562
2118757
2118822
2118851
2118853
2118854
2118884
2119203
2119205
2119206
2119299
2119301
2119302
2119330
2119332
2119781
2119971
2120003
2120005
2120006
2120033
2120227
2120229
2120230
2120451
2120453
2120454
2120481
2120482
2120739
2120741
2120742
2120771
2120773
2120774
2120801
2120804
2122379
2122509
2122627
2122629
2122630
2122633
2122830
2122891
2122947
2122949
2122950
2122954
2123275
2123277
2123278
2123395
2123397
2123398
2123401
2123402
2123854
2124045
2124099
2124101
2124102
2124108
2124299
2124301
2124302
2124547
2124549
2124550
2124553
2124556
2124811
2124813
2124814
2124867
2124869
2124870
2124874
2124876
2131486
2131502
2131510
2131622
2131626
2131636
2132510
2132526
2132534
2132758
2132764
2132786
2133022
2133038
2133046
2133070
2133082
2133100
2135094
2135206
2135220
2135238
2135268
2135280
2136118
2136342
2136370
2136390
2136402
2136432
2137110
2137126
2137138
2137140
2137158
2137170
2137188
2137200
2138654
2138902
2138908
2139014
2139028
2139032
2139166
2139214
2139226
2139334
2139338
2139352
2139662
2139670
2139674
2139676
2139782
2139786
2139796
2139800
2142406
2142486
2142534
2142546
2142598
2142612
2143254
2143302
2143314
2143366
2143380
2143426
2143428
2143440
2146862
2146982
2146986
2147206
2147234
2147240
2148398
2148430
2148460
2148678
2148684
2148712
2148878
2148902
2148906
2148908
2149126
2149132
2149154
2149160
2150566
2150598
2150628
2150726
2150790
2150818
2152486
2152518
2152548
2152710
2152738
2152770
2152772
2152800
2154574
2154694
2154698
2154822
2154828
2154886
2155022
2155142
2155146
2155270
2155276
2155394
2155396
2155400
2164251
2164267
2164275
2164363
2164377
2164394
2165275
2165291
2165299
2165539
2165545
2165554
2165787
2165803
2165811
2165843
2165850
2165873
2167347
2167587
2167602
2167683
2167714
2167728
2167859
2167891
2167921
2168003
2168017
2168048
2168339
2168355
2168369
2168370
2168451
2168465
2168482
2168496
2171419
2171531
2171545
2171779
2171785
2171800
2172955
2173011
2173018
2173251
2173266
2173272
2173451
2173459
2173465
2173466
2173699
2173705
2173714
2173720
2175059
2175171
2175185
2175299
2175314
2175363
2175507
2175619
2175633
2175747
2175762
2175873
2175874
2175888
2180139
2180235
2180266
2180291
2180298
2180328
2181163
2181411
2181417
2181443
2181473
2181480
2182155
2182179
2182185
2182186
2182211
2182218
2182241
2182248
2183363
2183459
2183491
2183521
2183555
2183586
2184227
2184259
2184289
2184323
2184354
2184385
2184386
2184416
2187403
2187459
2187466
2187587
2187651
2187657
2189323
2189379
2189386
2189571
2189577
2189633
2189634
2189640
2196138
2196274
2196376
2196386
2196392
2196400
2196570
2196650
2196682
2196696
2196712
2196720
2197018
2197034
2197042
2197130
2197144
2197154
2197160
2197168
2197594
2197810
2197842
2197848
2197864
2197872
2198042
2198058
2198066
2198290
2198296
2198306
2198312
2198320
2198554
2198570
2198578
2198602
2198610
2198616
2198632
2198640
2199792
2199858
2199890
2199920
2199970
2199984
2200626
2200658
2200688
2200738
2200752
2200770
2200784
2200800
2203738
2203850
2203864
2203986
2203992
2204056
2204186
2204298
2204312
2204434
2204440
2204546
2204552
2204560
2207826
2207938
2207952
2208018
2208066
2208080
2208130
2208144
2212010
2212042
2212072
2212200
2212258
2212264
2213930
2213962
2213992
2214178
2214184
2214210
2214216
2214240
2216098
2216130
2216160
2216226
2216258
2216288
2216322
2216352
2220106
2220170
2220226
2220232
2220354
2220360
2220418
2220424
2229789
2229805
2229813
2229909
2229913
2229940
2230813
2230829
2230837
2231053
2231068
2231081
2231325
2231341
2231349
2231397
2231404
2231409
2232885
2232981
2233012
2233221
2233236
2233264
2234421
2234469
2234481
2234693
2234721
2234736
2234901
2234917
2234929
2234932
2235141
2235156
2235169
2235184
2237469
2237589
2237593
2237637
2237649
2237656
2238493
2238733
2238748
2238789
2238796
2238808
2239501
2239509
2239513
2239516
2239557
2239564
2239569
2239576
2240661
2240709
2240721
2240837
2240901
2240916
2242581
2242629
2242641
2242821
2242836
2242881
2242884
2242896
2245165
2245389
2245417
2245509
2245513
2245544
2245677
2245733
2245740
2245829
2245860
2245864
2246157
2246181
2246185
2246188
2246277
2246281
2246308
2246312
2248805
2248901
2248932
2249029
2249057
2249093
2249253
2249349
2249380
2249477
2249505
2249601
2249604
2249632
2252997
2253069
2253125
2253132
2253189
2253193
2253837
2253893
2253900
2253957
2253961
2254017
2254020
2254024
2261684
2261788
2261908
2261912
2261928
2261936
2262124
2262196
2262232
2262244
2262248
2262256
2262556
2262572
2262580
2262676
2262680
2262692
2262696
2262704
2263148
2263324
2263372
2263384
2263400
2263408
2263580
2263596
2263604
2263820
2263828
2263832
2263848
2263856
2264092
2264108
2264116
2264140
2264152
2264164
2264168
2264176
2265268
2265316
2265328
2265456
2265492
2265520
2267188
2267236
2267248
2267412
2267440
2267460
2267472
2267488
2269400
2269468
2269516
2269528
2269588
2269592
2270236
2270284
2270296
2270356
2270360
2270404
2270408
2270416
2273428
2273476
2273488
2273556
2273604
2273616
2273668
2273680
2277484
2277604
2277608
2277708
2277736
2277800
2277932
2278052
2278056
2278156
2278184
2278276
2278280
2278304
2281572
2281636
2281668
2281696
2281796
2281824
2281860
2281888
2285644
2285764
2285768
2285836
2285892
2285896
2285956
2285960
2294425
2294569
2294665
2294680
2294696
2294704
2294897
2294937
2294993
2295000
2295016
2295024
2295321
2295337
2295345
2295433
2295441
2295448
2295464
2295472
2295921
2296105
2296152
2296161
2296168
2296176
2296345
2296361
2296369
2296585
2296600
2296609
2296616
2296624
2296857
2296873
2296881
2296913
2296920
2296929
2296936
2296944
2297969
2298065
2298096
2298209
2298224
2298288
2298417
2298513
2298544
2298657
2298672
2298753
2298768
2298784
2302105
2302161
2302168
2302296
2302345
2302360
2304025
2304081
2304088
2304265
2304280
2304321
2304328
2304336
2306129
2306193
2306241
2306256
2306369
2306384
2306433
2306448
2310376
2310441
2310497
2310504
2310537
2310568
2311209
2311265
2311272
2311305
2311336
2311361
2311368
2311392
2314337
2314433
2314464
2314529
2314561
2314592
2314625
2314656
2318473
2318529
2318536
2318601
2318657
2318664
2318721
2318728
2361002
2362140
2362481
2363958
2364070
2364084
2364182
2364210
2364294
2364308
2364322
2364336
2364467
2364978
2365090
2365104
2365493
2366004
2366228
2366256
2366513
2368030
2368539
2368595
2368602
2368651
2368665
2368707
2368714
2368721
2368728
2369050
2369162
2369176
2369565
2370076
2370585
2370641
2370648
2371733
2372118
2372230
2372244
2372627
2372739
2372753
2373138
2373250
2373264
2373653
2374164
2374673
2376238
2376747
2377258
2377773
2377829
2377836
2377997
2378025
2378053
2378060
2378081
2378088
2378284
2378508
2378536
2378793
2378849
2378856
2380067
2380326
2380550
2380578
2380835
2381346
2381861
2382085
2382113
2382372
2382596
2382624
2382881
2383950
2384398
2384907
2384963
2384970
2385418
2385933
2385989
2385996
2386444
2386953
2387009
2387016
2392630
2392742
2392756
2392854
2392882
2392966
2392980
2392994
2393008
2393328
2393650
2393762
2393776
2394480
2394676
2394900
2394928
2395248
2396214
2396326
2396340
2396438
2396466
2396550
2396564
2396578
2396592
2397234
2397346
2397360
2398260
2398484
2398512
2399280
2400454
2400790
2400902
2400916
2401362
2401474
2401488
2401810
2401922
2401936
2404374
2404486
2404500
2405394
2405506
2405520
2408774
2408998
2409222
2409250
2410596
2410820
2410848
2411044
2411268
2411296
2412582
2412806
2412834
2414628
2414852
2414880
2416710
2417158
2425752
2425883
2425939
2425946
2425995
2426009
2426051
2426058
2426065
2426072
2426394
2426506
2426520
2427224
2427672
2427929
2427985
2427992
2429315
2429714
2429826
2429840
2429971
2430083
2430097
2430482
2430594
2430608
2433051
2433107
2433114
2433163
2433177
2433219
2433226
2433233
2433240
2433562
2433674
2433688
2435097
2435153
2435160
2435608
2437139
2437251
2437265
2437650
2437762
2437776
2441539
2442251
2442307
2442314
2443529
2443585
2443592
2444297
2444353
2444360
2445571
2446339
2449419
2449475
2449482
2451465
2451521
2451528
2457938
2458386
2458498
2458512
2458706
2458818
2458832
2459154
2459266
2459280
2459984
2460432
2460752
2461970
2462082
2462096
2462738
2462850
2462864
2465874
2465986
2466000
2466322
2466434
2466448
2469906
2470018
2470032
2474306
2476352
2478338
2482242
2491304
2491624
2492072
2492461
2492517
2492524
2492685
2492713
2492741
2492748
2492769
2492776
2492972
2493196
2493224
2493481
2493537
2493544
2494853
2495140
2495364
2495392
2496549
2496773
2496801
2497060
2497284
2497312
2498757
2499721
2499777
2499784
2500621
2500677
2500684
2501641
2501697
2501704
2502789
2504709
2506797
2506853
2506860
2507021
2507049
2507077
2507084
2507105
2507112
2507308
2507532
2507560
2507817
2507873
2507880
2508328
2510885
2511109
2511137
2511396
2511620
2511648
2514957
2515013
2515020
2515977
2516033
2516040
2523364
2523812
2524036
2524064
2524384
2524832
2525284
2525508
2525536
2525732
2525956
2525984
2526304
2527396
2527620
2527648
2529316
2529540
2529568
2531524
2532544
2535556
2539620
2539844
2539872
2540068
2540292
2540320
2543652
2543876
2543904
2547780
2556297
2556808
2557065
2557121
2557128
2557576
2558217
2558273
2558280
2558728
2558985
2559041
2559048
2560385
2560896
2564233
2564289
2564296
2566153
2566209
2566216
2568321
2572553
2572609
2572616
2573321
2573377
2573384
2576641
2580489
2580545
2580552
2623129
2624306
2624620
2626099
2626613
2626661
2626673
2626709
2626740
2626757
2626769
2626788
2626800
2627121
2627217
2627248
2627638
2628146
2628660
2628708
2628720
2630171
2630685
2631193
2631710
2631758
2631770
2631958
2631964
2632006
2632012
2632018
2632024
2632218
2632466
2632472
2632732
2632780
2632792
2633811
2634259
2634773
2634821
2634833
2635281
2635798
2635846
2635858
2636306
2636820
2636868
2636880
2638379
2638475
2638506
2638627
2638633
2638723
2638729
2638754
2638760
2638893
2639401
2639497
2639528
2639918
2640426
2640674
2640680
2640940
2642086
2642467
2642563
2642594
2642981
2643077
2643108
2643489
2643585
2643616
2644006
2644514
2645028
2646285
2646539
2646787
2646793
2647053
2647561
2648078
2648326
2648332
2648586
2648834
2648840
2649100
2655128
2655448
2655896
2656286
2656334
2656346
2656534
2656540
2656582
2656588
2656594
2656600
2656794
2657042
2657048
2657308
2657356
2657368
2658502
2659476
2659524
2659536
2660374
2660422
2660434
2661396
2661444
2661456
2662430
2662478
2662490
2662678
2662684
2662726
2662732
2662738
2662744
2662938
2663186
2663192
2663452
2663500
2663512
2663960
2666518
2666566
2666578
2667540
2667588
2667600
2670982
2671242
2671490
2671496
2672654
2672902
2672908
2673162
2673410
2673416
2674822
2676742
2678798
2679046
2679052
2679306
2679554
2679560
2687531
2687627
2687658
2687779
2687785
2687875
2687881
2687906
2687912
2688232
2688553
2688649
2688680
2689384
2689578
2689826
2689832
2690152
2691267
2691619
2691715
2691746
2692193
2692289
2692320
2692641
2692737
2692768
2695491
2695691
2695939
2695945
2697290
2697538
2697544
2697738
2697986
2697992
2699331
2699779
2703403
2703499
2703530
2703651
2703657
2703747
2703753
2703778
2703784
2704425
2704521
2704552
2705450
2705698
2705704
2706472
2707491
2707587
2707618
2708513
2708609
2708640
2711563
2711811
2711817
2713610
2713858
2713864
2719946
2720394
2720642
2720648
2720968
2721416
2721866
2722114
2722120
2722314
2722562
2722568
2722888
2724034
2725056
2728010
2728258
2728264
2728458
2728706
2728712
2732098
2736266
2736514
2736520
2738186
2738434
2738440
2740354
2744330
2744578
2744584
2753456
2753589
2753637
2753649
2753685
2753716
2753733
2753745
2753764
2753776
2754097
2754193
2754224
2754928
2755376
2755636
2755684
2755696
2756661
2756709
2756721
2756757
2756788
2756805
2756817
2756836
2756848
2757169
2757265
2757296
2758708
2758756
2758768
2759216
2761029
2761749
2761797
2761809
2763028
2763076
2763088
2763796
2763844
2763856
2764821
2764869
2764881
2766868
2766916
2766928
2769285
2769697
2769793
2769824
2769957
2770053
2770084
2770465
2770561
2770592
2773029
2773125
2773156
2773537
2773633
2773664
2777349
2778117
2785684
2786192
2786452
2786500
2786512
2786960
2787604
2787652
2787664
2788112
2788372
2788420
2788432
2789524
2789572
2789584
2791444
2791492
2791504
2793748
2793796
2793808
2794516
2794564
2794576
2797588
2797636
2797648
2802052
2802560
2805892
2810116
2818401
2818849
2818945
2818976
2819169
2819265
2819296
2819617
2819713
2819744
2820448
2820896
2821216
2822241
2822337
2822368
2822689
2822785
2822816
2826561
2828608
2830401
2834721
2834817
2834848
2835489
2835585
2835616
2838561
2838657
2838688
2842881
2884266
2884402
2884504
2884514
2884520
2884528
2884721
2884761
2884817
2884824
2884840
2884848
2885272
2885288
2885296
2885740
2885916
2885964
2885976
2885992
2886000
2886424
2886440
2886448
2886744
2886760
2886768
2887731
2887733
2887734
2887829
2887846
2887860
2888242
2888354
2888368
2888753
2888849
2888880
2889264
2889360
2889376
2889780
2890288
2890800
2891803
2891805
2891806
2891854
2891859
2891866
2892314
2892825
2892881
2892888
2893336
2893852
2893900
2893912
2894360
2894872
2894920
2894928
2895891
2895893
2895894
2896402
2896913
2897424
2897940
2898448
2898960
2900011
2900013
2900014
2900237
2900259
2900265
2900522
2900770
2900776
2901033
2901544
2902060
2902284
2902312
2902568
2902792
2902816
2903080
2904099
2904101
2904102
2904610
2905121
2905632
2906148
2906656
2907168
2908171
2908173
2908174
2908682
2909193
2909704
2910220
2910728
2911240
2916550
2916630
2916678
2916690
2916742
2916756
2917138
2917250
2917264
2917584
2918032
2918676
2918724
2918736
2919184
2919504
2920470
2920582
2920596
2921616
2922516
2923536
2924566
2924614
2924626
2925074
2925648
2926096
2928646
2928658
2928660
2929680
2932998
2933506
2935044
2935552
2936838
2938884
2940934
2941442
2949259
2949315
2949322
2949443
2949507
2949513
2949770
2950018
2950024
2950281
2950337
2950344
2950792
2951496
2951944
2952264
2953347
2953858
2954369
2954880
2957323
2957379
2957386
2957834
2959432
2959880
2961411
2961922
2965515
2965763
2965769
2966537
2967816
2968584
2969603
2970625
2973699
2973705
2973706
2975752
2982082
2982210
2982274
2982530
2982658
2982784
2983104
2983552
2984256
2984704
2985024
2986114
2987136
2990146
2990594
2994178
2998530
3000576
3002370
3006466
3014757
3014853
3014884
3014981
3015009
3015045
3015584
3015777
3015873
3015904
3016352
3016804
3017028
3017056
3017504
3017824
3018789
3018885
3018916
3019424
3020836
3021344
3022917
3023937
3024964
3025984
3026949
3028996
3031077
3031301
3031329
3031840
3032097
3032608
3035141
3035169
3035172
3035680
3039237
3040257
3047620
3047748
3047812
3048320
3048640
3049088
3049540
3049732
3049792
3050240
3050560
3051652
3053572
3055684
3056704
3059716
3064068
3064576
3067908
3072004
3080385
3080513
3080577
3081088
3081281
3081345
3081408
3081856
3082560
3083008
3083328
3084417
3084928
3088449
3090496
3092481
3096833
3097601
3100673
3104769
3147444
3148585
3148890
3150389
3150902
3151412
3151923
3151955
3151985
3152163
3152178
3152195
3152210
3152225
3152240
3152433
3152673
3152688
3152946
3152978
3153008
3154461
3154581
3154585
3154701
3154716
3154821
3154825
3154836
3154840
3154974
3155484
3155604
3155608
3155995
3156505
3156745
3156760
3157018
3158294
3158549
3158789
3158804
3159062
3159572
3160083
3160323
3160338
3160593
3160833
3160848
3161106
3162669
3163182
3163214
3163244
3163302
3163306
3163334
3163338
3163364
3163368
3163692
3163812
3163816
3164203
3164713
3165226
3165258
3165288
3166309
3166757
3167270
3167302
3167332
3167780
3168291
3168323
3168353
3168801
3169314
3169346
3169376
3170443
3170829
3170949
3170953
3171342
3171462
3171466
3171852
3171972
3171976
3172363
3172873
3173386
3179432
3179566
3179598
3179628
3179686
3179690
3179718
3179722
3179748
3179752
3180076
3180196
3180200
3180904
3181352
3181610
3181642
3181672
3182918
3183654
3183686
3183716
3184930
3184962
3184992
3185698
3185730
3185760
3187078
3187468
3187588
3187592
3187726
3187846
3187850
3188236
3188356
3188360
3191046
3191814
3194926
3194958
3194988
3195046
3195050
3195078
3195082
3195108
3195112
3195436
3195556
3195560
3196970
3197002
3197032
3197480
3199014
3199046
3199076
3201058
3201090
3201120
3203086
3203206
3203210
3203596
3203716
3203720
3212208
3212528
3212976
3213363
3213395
3213425
3213603
3213618
3213635
3213650
3213665
3213680
3213873
3214113
3214128
3214386
3214418
3214448
3215411
3215443
3215473
3215651
3215666
3215683
3215698
3215713
3215728
3215921
3216161
3216176
3216434
3216466
3216496
3216944
3219843
3220113
3220353
3220368
3221523
3221763
3221778
3222033
3222273
3222288
3223571
3223811
3223826
3224081
3224321
3224336
3227843
3228834
3228866
3228896
3229731
3229763
3229793
3230754
3230786
3230816
3231779
3231811
3231841
3232802
3232834
3232864
3235971
3237891
3244450
3244960
3245218
3245250
3245280
3245728
3246370
3246402
3246432
3246880
3247138
3247170
3247200
3248418
3248450
3248480
3249186
3249218
3249248
3252610
3253120
3256578
3260578
3260610
3260640
3262498
3262530
3262560
3264546
3264578
3264608
3268738
3277341
3277461
3277465
3277581
3277596
3277701
3277705
3277716
3277720
3278040
3278364
3278484
3278488
3279192
3279385
3279625
3279640
3279960
3281221
3281429
3281669
3281684
3283025
3283265
3283280
3283473
3283713
3283728
3285021
3285141
3285145
3285261
3285276
3285381
3285385
3285396
3285400
3286044
3286164
3286168
3287065
3287305
3287320
3288088
3289109
3289349
3289364
3291153
3291393
3291408
3293381
3293709
3293829
3293833
3294284
3294404
3294408
3294732
3294852
3294856
3297349
3297797
3301389
3301509
3301513
3302412
3302532
3302536
3309900
3310348
3310468
3310472
3310668
3310788
3310792
3311116
3311236
3311240
3311944
3312392
3312712
3313988
3316032
3318028
3318148
3318152
3318796
3318916
3318920
3322116
3326028
3326148
3326152
3326476
3326596
3326600
3330116
3334156
3334276
3334280
3342545
3342993
3343233
3343248
3343568
3344016
3344465
3344705
3344720
3344913
3345153
3345168
3345488
3346513
3346753
3346768
3346961
3347201
3347216
3350673
3350913
3350928
3352593
3352833
3352848
3354641
3354881
3354896
3358913
3359936
3362881
3367041
3408564
3408668
3408788
3408792
3408808
3408816
3408986
3409066
3409098
3409112
3409128
3409136
3409560
3409576
3409584
3410033
3410217
3410264
3410273
3410280
3410288
3410712
3410728
3410736
3411032
3411048
3411056
3412019
3412021
3412022
3412246
3412259
3412274
3412532
3412756
3412784
3413042
3413552
3414065
3414305
3414320
3414576
3414800
3414816
3415088
3416091
3416093
3416094
3416203
3416213
3416217
3416604
3416724
3416728
3417114
3417226
3417240
3417624
3417736
3417744
3418137
3418648
3419160
3420179
3420181
3420182
3420692
3421202
3421712
3422225
3422736
3423248
3424299
3424301
3424302
3424334
3424357
3424364
3424812
3425322
3425354
3425384
3425832
3426345
3426401
3426408
3426856
3427368
3427400
3427424
3428387
3428389
3428390
3428900
3429410
3429920
3430433
3430944
3431456
3432459
3432461
3432462
3432972
3433482
3433992
3434505
3435016
3435528
3440806
3440838
3440868
3440966
3441030
3441058
3441316
3441540
3441568
3441826
3441858
3441888
3442336
3443040
3443488
3443808
3444774
3444998
3445026
3445794
3447072
3447840
3448966
3449476
3449986
3450496
3452934
3453954
3457062
3457094
3457124
3457572
3459168
3459616
3461126
3461154
3461156
3463200
3465222
3465732
3473491
3473603
3473617
3473731
3473746
3473795
3474320
3474514
3474626
3474640
3475088
3475537
3475777
3475792
3476240
3476560
3477523
3477763
3477778
3478288
3478546
3479056
3481619
3481731
3481745
3482256
3483665
3484176
3485699
3485713
3485714
3486224
3489859
3490882
3491905
3492928
3493891
3494914
3497987
3500033
3506370
3506498
3506562
3507072
3507266
3507330
3507392
3507840
3508544
3508992
3509312
3510530
3511298
3514498
3515008
3518466
3522626
3524672
3526658
3530754
3539141
3539213
3539269
3539276
3539333
3539337
3539724
3539844
3539848
3540168
3540616
3541257
3541313
3541320
3541768
3542088
3543301
3543812
3545345
3545856
3547149
3547269
3547273
3548296
3549193
3550216
3551237
3553281
3555341
3555397
3555404
3555852
3556424
3556872
3559429
3559940
3563525
3563529
3563532
3564552
3571908
3572036
3572100
3572356
3572484
3572608
3572928
3573376
3574080
3574528
3574848
3576068
3578112
3580036
3581056
3584004
3588164
3588612
3592196
3596292
3604673
3604801
3604865
3605376
3605696
3606144
3606593
3606785
3606848
3607296
3607616
3608833
3609344
3612801
3614721
3616769
3620929
3621952
3624961
3629057
3670681
3670825
3670921
3670936
3670952
3670960
3671148
3671220
3671256
3671268
3671272
3671280
3671704
3671720
3671728
3672154
3672370
3672402
3672408
3672424
3672432
3672856
3672872
3672880
3673176
3673192
3673200
3674163
3674165
3674166
3674195
3674213
3674225
3674673
3675188
3675236
3675248
3675696
3676210
3676242
3676272
3676720
3677232
3677264
3677280
3678235
3678237
3678238
3678477
3678486
3678492
3678745
3678985
3679000
3679260
3679768
3680282
3680530
3680536
3680792
3681032
3681040
3681304
3682323
3682325
3682326
3682833
3683348
3683856
3684370
3684880
3685392
3686443
3686445
3686446
3686539
3686566
3686570
3686953
3687049
3687080
3687468
3687588
3687592
3687976
3688072
3688096
3688490
3689000
3689512
3690531
3690533
3690534
3691041
3691556
3692064
3692578
3693088
3693600
3694603
3694605
3694606
3695113
3695628
3696136
3696650
3697160
3697672
3702862
3702982
3702986
3703110
3703116
3703174
3703688
3703884
3704004
3704008
3704456
3704906
3705154
3705160
3705608
3705928
3706950
3707972
3708994
3710016
3710990
3711238
3711244
3711752
3712012
3712520
3715078
3716100
3719182
3719302
3719306
3719816
3721226
3721736
3723270
3725314
3727366
3727370
3727372
3727880
3735747
3735843
3735875
3735905
3735939
3735970
3736353
3736449
3736480
3736800
3737248
3737890
3737922
3737952
3738400
3738720
3739683
3739715
3739745
3740193
3740768
3741216
3744003
3744513
3746050
3746560
3747843
3748353
3751971
3752067
3752098
3753120
3754018
3755040
3756035
3756065
3756066
3757088
3760131
3762178
3768514
3768642
3768706
3769216
3769536
3769984
3770434
3770626
3770688
3771136
3771456
3772482
3773504
3776770
3777280
3780610
3784834
3786754
3788802
3792898
3801237
3801285
3801297
3801413
3801477
3801492
3801745
3801985
3802000
3802260
3802308
3802320
3802768
3803472
3803920
3804240
3805205
3805253
3805265
3805713
3807312
3807760
3809301
3809541
3809556
3810324
3811600
3812368
3813381
3813393
3813396
3815440
3817605
3818113
3818628
3819136
3821573
3822081
3825669
3826692
3834052
3834180
3834244
3834752
3834948
3835012
3835072
3835520
3836224
3836672
3836992
3838020
3840064
3842308
3843076
3846148
3850372
3850880
3854340
3858436
3866817
3866945
3867009
3867265
3867393
3867520
3867840
3868288
3868992
3869440
3869760
3870785
3871233
3875073
3877120
3878913
3883137
3884160
3887105
3891201
4199963
4199965
4199966
4200014
4200019
4200026
4200987
4200989
4200990
4201099
4201109
4201113
4201499
4201501
4201502
4201741
4201750
4201756
4204075
4204077
4204078
4204110
4204133
4204140
4205099
4205101
4205102
4205195
4205222
4205226
4205611
4205613
4205614
4205837
4205859
4205865
4207182
4207243
4207299
4207301
4207302
4207306
4207694
4207885
4207939
4207941
4207942
4207948
4208139
4208141
4208142
4208195
4208197
4208198
4208202
4208204
4208779
4208909
4209027
4209029
4209030
4209033
4209163
4209165
4209166
4209283
4209285
4209286
4209289
4209290
4209675
4209677
4209678
4209923
4209925
4209926
4209929
4209932
4212275
4212277
4212278
4212307
4212325
4212337
4213299
4213301
4213302
4213397
4213414
4213428
4213811
4213813
4213814
4214038
4214051
4214066
4215379
4215445
4215491
4215493
4215494
4215505
4215891
4216086
4216131
4216133
4216134
4216146
4216339
4216341
4216342
4216387
4216389
4216390
4216401
4216402
4216981
4217110
4217219
4217221
4217222
4217236
4217363
4217365
4217366
4217475
4217477
4217478
4217489
4217492
4217875
4217877
4217878
4218115
4218117
4218118
4218130
4218132
4219493
4219558
4219587
4219589
4219590
4219620
4220005
4220195
4220227
4220229
4220230
4220257
4220451
4220453
4220454
4220483
4220485
4220486
4220513
4220516
4221094
4221219
4221315
4221317
4221318
4221346
4221475
4221477
4221478
4221571
4221573
4221574
4221602
4221604
4221987
4221989
4221990
4222211
4222213
4222214
4222241
4222242
4228635
4228651
4228659
4228691
4228698
4228721
4229659
4229675
4229683
4229771
4229785
4229802
4230171
4230187
4230195
4230435
4230441
4230450
4232219
4232275
4232282
4232515
4232530
4232536
4233243
4233355
4233369
4233603
4233609
4233624
4234251
4234259
4234265
4234266
4234499
4234505
4234514
4234520
4235819
4235915
4235946
4235971
4235978
4236008
4236331
4236579
4236585
4236611
4236641
4236648
4236811
4236835
4236841
4236842
4236867
4236874
4236897
4236904
4239499
4239555
4239562
4239683
4239747
4239753
4240395
4240451
4240458
4240643
4240649
4240705
4240706
4240712
4244019
4244051
4244081
4244163
4244177
4244208
4245555
4245795
4245810
4245891
4245922
4245936
4246035
4246051
4246065
4246066
4246147
4246161
4246178
4246192
4247635
4247747
4247761
4247875
4247890
4247939
4249619
4249731
4249745
4249859
4249874
4249985
4249986
4250000
4251843
4251939
4251971
4252001
4252035
4252066
4252195
4252227
4252257
4252291
4252322
4252353
4252354
4252384
4261405
4261421
4261429
4261477
4261484
4261489
4262429
4262445
4262453
4262549
4262553
4262580
4262941
4262957
4262965
4263181
4263196
4263209
4264477
4264597
4264601
4264645
4264657
4264664
4264989
4265229
4265244
4265285
4265292
4265304
4265485
4265493
4265497
4265500
4265541
4265548
4265553
4265560
4268589
4268645
4268652
4268741
4268772
4268776
4270125
4270349
4270377
4270469
4270473
4270504
4270605
4270629
4270633
4270636
4270725
4270729
4270756
4270760
4272325
4272397
4272453
4272460
4272517
4272521
4272653
4272709
4272716
4272773
4272777
4272833
4272836
4272840
4277301
4277349
4277361
4277573
4277601
4277616
4278325
4278421
4278452
4278661
4278676
4278704
4279317
4279333
4279345
4279348
4279557
4279572
4279585
4279600
4280469
4280517
4280529
4280645
4280709
4280724
4281365
4281413
4281425
4281605
4281620
4281665
4281668
4281680
4284517
4284613
4284644
4284741
4284769
4284805
4286501
4286597
4286628
4286725
4286753
4286849
4286852
4286880
4293233
4293273
4293329
4293336
4293352
4293360
4293745
4293929
4293976
4293985
4293992
4294000
4294169
4294185
4294193
4294225
4294232
4294241
4294248
4294256
4294809
4294953
4295049
4295064
4295080
4295088
4295193
4295209
4295217
4295305
4295313
4295320
4295336
4295344
4295705
4295721
4295729
4295945
4295960
4295969
4295976
4295984
4296857
4296913
4296920
4297048
4297097
4297112
4297753
4297809
4297816
4297993
4298008
4298049
4298056
4298064
4301032
4301097
4301153
4301160
4301193
4301224
4301353
4301409
4301416
4301449
4301480
4301505
4301512
4301536
4305033
4305089
4305096
4305161
4305217
4305224
4305281
4305288
4309105
4309201
4309232
4309345
4309360
4309424
4311089
4311185
4311216
4311329
4311344
4311425
4311440
4311456
4313169
4313233
4313281
4313296
4313409
4313424
4313473
4313488
4317281
4317377
4317408
4317473
4317505
4317536
4317569
4317600
4326942
4326958
4326966
4326990
4327002
4327020
4327966
4327982
4327990
4328102
4328106
4328116
4328478
4328494
4328502
4328726
4328732
4328754
4330014
4330062
4330074
4330182
4330186
4330200
4331550
4331798
4331804
4331910
4331924
4331928
4332046
4332054
4332058
4332060
4332166
4332170
4332180
4332184
4334638
4334670
4334700
4334918
4334924
4334952
4335662
4335782
4335786
4336006
4336034
4336040
4336654
4336678
4336682
4336684
4336902
4336908
4336930
4336936
4337742
4337862
4337866
4337990
4337996
4338054
4339726
4339846
4339850
4339974
4339980
4340098
4340100
4340104
4342326
4342438
4342452
4342470
4342500
4342512
4342838
4343062
4343090
4343110
4343122
4343152
4343318
4343334
4343346
4343348
4343366
4343378
4343396
4343408
4346054
4346134
4346182
4346194
4346246
4346260
4346390
4346438
4346450
4346502
4346516
4346562
4346564
4346576
4350118
4350150
4350180
4350278
4350342
4350370
4351014
4351046
4351076
4351238
4351266
4351298
4351300
4351328
4358746
4358826
4358858
4358872
4358888
4358896
4359258
4359474
4359506
4359512
4359528
4359536
4359706
4359722
4359730
4359754
4359762
4359768
4359784
4359792
4360362
4360498
4360600
4360610
4360616
4360624
4360730
4360746
4360754
4360842
4360856
4360866
4360872
4360880
4361242
4361258
4361266
4361490
4361496
4361506
4361512
4361520
4362330
4362442
4362456
4362578
4362584
4362648
4364314
4364426
4364440
4364562
4364568
4364674
4364680
4364688
4366506
4366538
4366568
4366696
4366754
4366760
4367402
4367434
4367464
4367650
4367656
4367682
4367688
4367712
4370506
4370570
4370626
4370632
4370754
4370760
4370818
4370824
4374768
4374834
4374866
4374896
4374946
4374960
4375090
4375122
4375152
4375202
4375216
4375234
4375248
4375264
4378706
4378818
4378832
4378898
4378946
4378960
4379010
4379024
4382882
4382914
4382944
4383010
4383042
4383072
4383106
4383136
4391532
4391604
4391640
4391652
4391656
4391664
4392044
4392220
4392268
4392280
4392296
4392304
4392476
4392492
4392500
4392524
4392536
4392548
4392552
4392560
4393140
4393244
4393364
4393368
4393384
4393392
4393500
4393516
4393524
4393620
4393624
4393636
4393640
4393648
4394012
4394028
4394036
4394252
4394260
4394264
4394280
4394288
4395224
4395292
4395340
4395352
4395412
4395416
4395548
4395596
4395608
4395668
4395672
4395716
4395720
4395728
4399212
4399332
4399336
4399436
4399464
4399528
4401196
4401316
4401320
4401420
4401448
4401540
4401544
4401568
4403276
4403396
4403400
4403468
4403524
4403528
4403588
4403592
4407476
4407524
4407536
4407664
4407700
4407728
4408372
4408420
4408432
4408596
4408624
4408644
4408656
4408672
4411540
4411588
4411600
4411668
4411716
4411728
4411780
4411792
4415588
4415652
4415684
4415712
4415812
4415840
4415876
4415904
4458074
4459188
4459817
4461086
4461595
4462106
4462621
4462741
4462745
4462861
4462876
4462981
4462985
4462996
4463000
4463132
4463252
4463256
4463641
4463881
4463896
4465198
4465230
4465260
4465318
4465322
4465350
4465354
4465380
4465384
4465707
4466218
4466250
4466280
4466733
4467244
4467364
4467368
4467753
4468875
4469262
4469382
4469386
4469771
4470282
4470797
4470917
4470921
4471308
4471428
4471432
4471817
4473398
4473907
4473939
4473969
4474147
4474162
4474179
4474194
4474209
4474224
4474418
4474450
4474480
4474933
4475444
4475953
4476193
4476208
4477206
4477462
4477971
4478211
4478226
4478482
4478997
4479237
4479252
4479508
4480017
4480257
4480272
4481125
4481574
4481606
4481636
4482083
4482115
4482145
4482594
4482626
4482656
4483109
4483620
4484129
4489968
4490291
4490323
4490353
4490531
4490546
4490563
4490578
4490593
4490608
4490802
4490834
4490864
4491696
4491952
4492337
4492577
4492592
4493699
4494355
4494595
4494610
4495505
4495745
4495760
4496401
4496641
4496656
4497603
4498082
4498114
4498144
4498467
4498499
4498529
4498978
4499010
4499040
4501635
4502531
4505651
4505683
4505713
4505891
4505906
4505923
4505938
4505953
4505968
4506162
4506194
4506224
4507697
4507937
4507952
4508208
4509715
4509955
4509970
4511761
4512001
4512016
4513827
4513859
4513889
4514338
4514370
4514400
4522712
4523352
4523608
4524061
4524181
4524185
4524301
4524316
4524421
4524425
4524436
4524440
4524572
4524692
4524696
4525081
4525321
4525336
4526109
4526229
4526233
4526349
4526364
4526469
4526473
4526484
4526488
4526620
4526740
4526744
4527129
4527369
4527384
4527640
4530373
4530764
4530884
4530888
4532237
4532357
4532361
4532748
4532868
4532872
4534285
4534405
4534409
4534796
4534916
4534920
4538693
4539473
4539713
4539728
4540437
4540677
4540692
4541457
4541697
4541712
4542485
4542725
4542740
4543505
4543745
4543760
4546629
4548613
4554961
4555472
4555857
4556097
4556112
4556368
4556945
4557185
4557200
4557456
4557841
4558081
4558096
4558993
4559233
4559248
4559889
4560129
4560144
4563137
4563648
4567169
4571217
4571457
4571472
4573201
4573441
4573456
4575249
4575489
4575504
4579393
4588078
4588110
4588140
4588198
4588202
4588230
4588234
4588260
4588264
4588904
4589098
4589130
4589160
4589992
4590124
4590244
4590248
4590888
4592006
4592142
4592262
4592266
4593932
4594052
4594056
4594188
4594308
4594312
4595758
4595790
4595820
4595878
4595882
4595910
4595914
4595940
4595944
4596778
4596810
4596840
4597804
4597924
4597928
4598824
4599822
4599942
4599946
4601868
4601988
4601992
4604230
4604454
4604486
4604516
4605218
4605250
4605280
4605474
4605506
4605536
4608262
4608518
4612134
4612166
4612196
4613154
4613186
4613216
4620706
4620962
4620994
4621024
4621602
4621634
4621664
4621858
4621890
4621920
4622752
4623008
4623648
4624770
4626816
4628642
4628674
4628704
4629538
4629570
4629600
4632706
4636962
4636994
4637024
4637218
4637250
4637280
4641026
4644898
4644930
4644960
4653388
4653644
4653764
4653768
4654408
4654664
4655372
4655492
4655496
4655628
4655748
4655752
4656392
4657420
4657540
4657544
4657676
4657796
4657800
4661324
4661444
4661448
4663308
4663428
4663432
4665356
4665476
4665480
4669764
4670784
4673796
4677700
4720241
4721322
4721948
4723227
4723283
4723290
4723339
4723353
4723395
4723402
4723409
4723416
4723741
4724249
4724305
4724312
4724766
4725274
4725386
4725400
4725788
4727339
4727853
4727909
4727916
4728077
4728105
4728133
4728140
4728161
4728168
4728361
4728417
4728424
4728878
4729386
4729900
4730124
4730152
4730958
4731403
4731459
4731466
4731917
4731973
4731980
4732425
4732481
4732488
4732942
4733450
4733964
4735539
4736053
4736561
4737078
4737190
4737204
4737302
4737330
4737414
4737428
4737442
4737456
4737586
4737698
4737712
4738100
4738324
4738352
4739221
4739603
4739715
4739729
4740117
4740625
4741142
4741254
4741268
4741650
4741762
4741776
4742164
4743459
4743715
4744229
4744453
4744481
4744737
4745254
4745478
4745506
4745762
4746276
4746500
4746528
4751899
4751955
4751962
4752011
4752025
4752067
4752074
4752081
4752088
4752728
4752921
4752977
4752984
4753816
4753946
4754058
4754072
4754712
4755483
4755539
4755546
4755595
4755609
4755651
4755658
4755665
4755672
4756505
4756561
4756568
4757530
4757642
4757656
4758552
4759875
4760075
4760131
4760138
4760841
4760897
4760904
4761097
4761153
4761160
4763659
4763715
4763722
4764681
4764737
4764744
4768131
4768275
4768387
4768401
4770066
4770178
4770192
4770322
4770434
4770448
4771859
4771971
4771985
4773906
4774018
4774032
4776195
4776451
4784872
4785197
4785253
4785260
4785421
4785449
4785477
4785484
4785505
4785512
4785705
4785761
4785768
4786600
4786856
4787244
4787468
4787496
4788421
4788873
4788929
4788936
4789261
4789317
4789324
4789769
4789825
4789832
4792365
4792421
4792428
4792589
4792617
4792645
4792652
4792673
4792680
4792873
4792929
4792936
4794412
4794636
4794664
4794920
4796429
4796485
4796492
4796937
4796993
4797000
4800901
4801573
4801797
4801825
4802724
4802948
4802976
4803620
4803844
4803872
4804741
4805637
4808741
4808965
4808993
4810788
4811012
4811040
4817289
4817545
4817601
4817608
4818185
4818241
4818248
4818441
4818497
4818504
4819336
4819592
4820232
4821129
4821185
4821192
4822025
4822081
4822088
4825353
4825409
4825416
4825609
4825665
4825672
4829193
4829249
4829256
4833665
4835712
4837505
4841729
4850416
4851056
4851312
4851766
4851878
4851892
4851990
4852018
4852102
4852116
4852130
4852144
4852274
4852386
4852400
4852788
4853012
4853040
4853958
4854354
4854466
4854480
4855830
4855942
4855956
4856338
4856450
4856464
4858182
4858980
4859204
4859232
4859942
4860166
4860194
4860964
4861188
4861216
4862022
4864006
4866102
4866214
4866228
4866326
4866354
4866438
4866452
4866466
4866480
4866610
4866722
4866736
4867124
4867348
4867376
4867632
4870166
4870278
4870292
4870674
4870786
4870800
4874278
4874502
4874530
4875300
4875524
4875552
4882770
4883026
4883138
4883152
4883792
4884048
4884754
4884866
4884880
4885010
4885122
4885136
4885776
4886610
4886722
4886736
4888594
4888706
4888720
4890946
4891968
4894786
4899090
4899202
4899216
4899346
4899458
4899472
4902930
4903042
4903056
4907266
4915428
4915936
4916324
4916548
4916576
4916832
4917412
4917636
4917664
4917920
4918308
4918532
4918560
4919492
4920000
4923492
4923716
4923744
4925476
4925700
4925728
4927556
4931748
4931972
4932000
4932644
4932868
4932896
4935812
4939812
4940036
4940064
4981338
4981418
4981450
4981464
4981480
4981488
4981873
4982057
4982104
4982113
4982120
4982128
4982360
4982376
4982384
4982964
4983068
4983188
4983192
4983208
4983216
4983448
4983464
4983472
4984088
4984104
4984112
4984859
4984861
4984862
4984971
4984981
4984985
4985370
4985482
4985496
4985881
4986392
4986908
4987028
4987032
4987416
4987528
4987536
4987928
4988971
4988973
4988974
4989006
4989029
4989036
4989482
4989514
4989544
4989993
4990049
4990056
4990504
4990536
4990560
4991020
4991528
4992040
4993035
4993037
4993038
4993546
4994057
4994568
4995084
4995592
4996104
4997171
4997173
4997174
4997398
4997411
4997426
4997682
4998193
4998433
4998448
4998704
4999220
4999444
4999472
4999728
5000240
5000464
5000480
5001235
5001237
5001238
5001746
5002257
5002768
5003284
5003792
5004304
5005347
5005349
5005350
5005858
5006369
5006880
5007396
5007904
5008416
5013587
5013699
5013713
5013827
5013842
5013891
5014098
5014210
5014224
5014609
5014849
5014864
5015120
5015952
5016208
5016848
5017619
5017731
5017745
5018641
5019792
5020688
5021763
5022274
5022785
5023296
5025795
5026817
5029907
5030147
5030162
5030418
5032208
5032464
5033987
5034001
5034002
5036048
5038083
5038594
5046469
5046541
5046597
5046604
5046661
5046665
5046984
5047561
5047617
5047624
5047880
5048588
5048708
5048712
5048968
5049608
5050381
5050501
5050505
5051016
5051401
5051912
5054477
5054533
5054540
5055048
5056524
5057032
5058565
5058569
5058572
5059080
5062917
5063937
5064964
5065984
5066757
5067777
5070853
5072900
5079233
5079361
5079425
5079744
5080129
5080321
5080384
5080640
5081472
5081728
5082368
5083265
5084161
5087297
5087808
5091329
5095681
5097728
5099521
5103617
5111974
5112006
5112036
5112134
5112198
5112226
5112482
5112514
5112544
5113184
5113440
5114020
5114244
5114272
5114528
5115168
5116038
5116546
5118084
5118592
5120038
5120070
5120100
5121120
5122084
5123104
5124102
5126148
5128230
5128454
5128482
5128738
5129504
5129760
5132294
5132802
5136390
5136418
5136420
5137440
5144770
5144898
5144962
5145154
5145218
5145280
5145920
5146176
5147008
5147264
5147904
5148802
5150848
5152834
5153856
5156866
5161218
5161474
5165058
5169154
5177540
5177668
5177732
5178048
5178688
5178944
5179524
5179652
5179776
5180032
5180672
5181572
5182080
5185604
5187588
5189636
5193988
5195008
5197828
5201924
5244524
5245593
5246258
5247517
5248030
5248078
5248090
5248278
5248284
5248326
5248332
5248338
5248344
5248540
5248588
5248600
5249051
5249561
5250074
5250322
5250328
5251629
5252142
5252652
5253163
5253259
5253290
5253411
5253417
5253507
5253513
5253538
5253544
5253673
5253769
5253800
5254186
5254434
5254440
5255437
5255693
5256206
5256454
5256460
5256716
5257227
5257475
5257481
5257737
5258250
5258498
5258504
5259829
5259877
5259889
5259925
5259956
5259973
5259985
5260004
5260016
5260342
5260852
5260900
5260912
5261363
5261873
5261969
5262000
5262386
5263443
5263893
5263941
5263953
5264406
5264454
5264466
5264916
5264964
5264976
5265427
5265937
5266450
5267622
5268005
5268101
5268132
5268518
5269028
5269539
5269635
5269666
5270049
5270145
5270176
5270562
5276392
5277032
5277288
5277739
5277835
5277866
5277987
5277993
5278083
5278089
5278114
5278120
5278249
5278345
5278376
5278762
5279010
5279016
5280067
5280842
5281090
5281096
5281803
5282051
5282057
5282826
5283074
5283080
5283883
5283979
5284010
5284131
5284137
5284227
5284233
5284258
5284264
5284393
5284489
5284520
5284906
5285154
5285160
5285416
5287947
5288195
5288201
5288970
5289218
5289224
5292227
5292641
5292737
5292768
5294115
5294211
5294242
5294625
5294721
5294752
5296195
5298179
5300259
5300355
5300386
5300769
5300865
5300896
5308981
5309029
5309041
5309077
5309108
5309125
5309137
5309156
5309168
5309808
5310004
5310052
5310064
5310896
5311025
5311121
5311152
5311792
5312837
5313045
5313093
5313105
5313812
5313860
5313872
5314068
5314116
5314128
5316997
5317157
5317253
5317284
5318945
5319041
5319072
5319201
5319297
5319328
5320965
5321221
5324853
5324901
5324913
5324949
5324980
5324997
5325009
5325028
5325040
5325876
5325924
5325936
5326897
5326993
5327024
5327920
5328917
5328965
5328977
5329940
5329988
5330000
5333029
5333125
5333156
5335073
5335169
5335200
5341537
5341793
5341889
5341920
5342560
5342816
5343521
5343617
5343648
5343777
5343873
5343904
5344544
5345601
5346624
5349665
5349761
5349792
5349921
5350017
5350048
5353729
5357665
5357761
5357792
5359649
5359745
5359776
5361729
5365793
5365889
5365920
5374680
5375006
5375054
5375066
5375254
5375260
5375302
5375308
5375314
5375320
5375516
5375564
5375576
5376408
5376664
5377050
5377298
5377304
5378078
5378126
5378138
5378326
5378332
5378374
5378380
5378386
5378392
5378588
5378636
5378648
5380122
5380370
5380376
5380632
5382534
5383182
5383430
5383436
5384330
5384578
5384584
5385226
5385474
5385480
5386254
5386502
5386508
5388298
5388546
5388552
5390534
5390996
5391044
5391056
5391382
5391430
5391442
5391892
5391940
5391952
5394454
5394502
5394514
5394964
5395012
5395024
5398662
5399558
5406922
5407432
5407818
5408066
5408072
5408328
5408906
5409154
5409160
5409416
5409802
5410050
5410056
5410890
5411138
5411144
5412874
5413122
5413128
5415050
5415298
5415304
5415946
5416194
5416200
5419018
5419266
5419272
5423298
5423808
5427266
5431426
5439892
5440148
5440196
5440208
5440788
5440836
5440848
5441044
5441092
5441104
5441936
5442192
5442832
5443860
5443908
5443920
5444116
5444164
5444176
5448068
5450112
5452036
5456020
5456068
5456080
5456916
5456964
5456976
5459988
5460036
5460048
5464196
5505644
5505716
5505752
5505764
5505768
5505776
5506138
5506354
5506386
5506392
5506408
5506416
5506648
5506664
5506672
5507225
5507369
5507465
5507480
5507496
5507504
5507736
5507752
5507760
5508376
5508392
5508400
5509147
5509149
5509150
5509389
5509398
5509404
5509660
5510170
5510418
5510424
5510680
5511193
5511433
5511448
5511704
5512216
5512456
5512464
5513259
5513261
5513262
5513355
5513382
5513386
5513772
5513892
5513896
5514282
5514792
5515305
5515401
5515432
5515816
5515912
5515936
5516328
5517323
5517325
5517326
5517836
5518346
5518856
5519369
5519880
5520392
5521459
5521461
5521462
5521491
5521509
5521521
5521972
5522020
5522032
5522482
5522514
5522544
5522992
5523024
5523040
5523505
5524016
5524528
5525523
5525525
5525526
5526036
5526546
5527056
5527569
5528080
5528592
5529635
5529637
5529638
5530148
5530658
5531168
5531681
5532192
5532704
5537987
5538083
5538115
5538145
5538179
5538210
5538528
5539106
5539138
5539168
5539424
5540129
5540225
5540256
5540512
5541152
5542147
5543170
5544193
5545216
5546019
5546115
5546146
5546656
5547042
5547552
5550083
5551106
5554211
5554243
5554273
5554784
5556257
5556768
5558275
5560321
5562371
5562401
5562402
5562912
5570709
5570757
5570769
5570885
5570949
5570964
5571220
5571268
5571280
5571920
5572176
5572753
5572993
5573008
5573264
5573904
5574677
5574917
5574932
5575188
5575952
5576208
5578885
5579396
5580929
5581440
5582853
5583364
5586965
5587013
5587025
5588048
5589009
5590032
5591045
5591057
5591060
5592080
5595141
5597185
5603521
5603649
5603713
5604032
5604672
5604928
5605505
5605633
5605760
5606016
5606656
5607681
5608704
5611649
5612160
5615617
5619777
5621761
5623809
5627905
5636174
5636294
5636298
5636422
5636428
5636486
5636684
5636804
5636808
5637194
5637442
5637448
5637704
5638536
5638792
5639432
5640206
5640454
5640460
5640716
5642504
5642760
5644302
5644422
5644426
5645322
5646472
5647368
5648390
5648394
5648396
5650440
5652550
5653060
5653570
5654080
5656582
5657092
5660678
5661698
5669058
5669186
5669250
5669568
5669954
5670146
5670208
5670464
5671296
5671552
5672192
5673218
5675264
5677186
5678082
5681154
5685314
5685824
5689346
5693442
5701828
5701956
5702020
5702212
5702276
5702336
5702976
5703232
5704064
5704320
5704960
5705988
5706244
5709956
5712000
5713924
5718084
5719104
5722116
5726212
5767793
5767833
5767889
5767896
5767912
5767920
5768300
5768476
5768524
5768536
5768552
5768560
5768792
5768808
5768816
5769386
5769522
5769624
5769634
5769640
5769648
5769880
5769896
5769904
5770520
5770536
5770544
5771291
5771293
5771294
5771342
5771347
5771354
5771801
5771857
5771864
5772316
5772364
5772376
5772824
5772872
5772880
5773338
5773848
5774360
5775403
5775405
5775406
5775629
5775651
5775657
5775913
5776428
5776652
5776680
5776936
5777450
5777698
5777704
5777960
5778472
5778696
5778720
5779467
5779469
5779470
5779977
5780492
5781000
5781514
5782024
5782536
5783603
5783605
5783606
5783701
5783718
5783732
5784113
5784209
5784240
5784628
5785136
5785650
5785762
5785776
5786160
5786256
5786272
5786672
5787667
5787669
5787670
5788177
5788692
5789200
5789714
5790224
5790736
5791779
5791781
5791782
5792289
5792804
5793312
5793826
5794336
5794848
5800075
5800131
5800138
5800259
5800323
5800329
5800585
5800641
5800648
5801288
5801544
5802122
5802370
5802376
5802632
5803272
5804043
5804099
5804106
5805128
5806090
5807112
5808139
5808387
5808393
5808649
5809416
5809672
5812227
5812233
5812234
5813256
5816451
5816961
5818498
5819008
5820419
5822466
5824515
5825025
5832805
5832901
5832932
5833029
5833057
5833093
5833313
5833409
5833440
5833828
5834052
5834080
5834336
5835168
5835424
5836064
5836869
5837377
5837892
5838400
5840933
5841157
5841185
5841441
5843232
5843488
5844997
5845505
5849125
5849221
5849252
5850148
5851296
5852192
5853189
5854212
5857285
5857313
5857316
5859360
5865665
5865793
5865857
5866049
5866113
5866176
5866816
5867072
5867904
5868160
5868800
5869633
5870656
5873921
5874177
5877761
5881985
5884032
5885953
5890049
5898438
5898518
5898566
5898578
5898630
5898644
5898960
5899540
5899588
5899600
5899856
5900562
5900674
5900688
5900944
5901584
5902358
5902406
5902418
5902928
5904402
5904912
5906694
5907716
5908738
5909760
5910534
5912578
5914646
5914758
5914772
5915280
5915668
5916176
5918726
5918738
5918740
5919248
5922822
5923844
5931202
5931330
5931394
5931712
5932352
5932608
5933186
5933314
5933440
5933696
5934336
5935170
5937154
5939458
5940480
5943298
5947522
5948032
5951490
5955586
5963972
5964100
5964164
5964480
5964868
5965060
5965120
5965376
5966208
5966464
5967104
5967940
5968448
5972228
5974272
5976068
5980292
5981188
5984260
5988356
6293019
6293021
6293022
6293035
6293037
6293038
6293043
6293045
6293046
6294043
6294045
6294046
6294059
6294061
6294062
6294067
6294069
6294070
6294555
6294557
6294558
6294571
6294573
6294574
6294579
6294581
6294582
6296213
6296659
6297107
6297109
6297110
6297878
6298131
6298133
6298134
6298643
6298645
6298646
6300299
6300750
6301195
6301197
6301198
6301965
6302219
6302221
6302222
6302731
6302733
6302734
6303939
6303941
6303942
6304067
6304069
6304070
6304131
6304133
6304134
6304387
6304389
6304390
6304835
6304837
6304838
6305283
6305285
6305286
6306051
6306053
6306054
6306307
6306309
6306310
6306819
6306821
6306822
6308518
6308965
6309411
6309413
6309414
6310179
6310435
6310437
6310438
6310947
6310949
6310950
6312131
6312133
6312134
6312259
6312261
6312262
6312323
6312325
6312326
6312579
6312581
6312582
6313027
6313029
6313030
6313475
6313477
6313478
6314243
6314245
6314246
6314499
6314501
6314502
6315011
6315013
6315014
6316227
6316229
6316230
6316355
6316357
6316358
6316419
6316421
6316422
6316675
6316677
6316678
6317123
6317125
6317126
6317571
6317573
6317574
6318339
6318341
6318342
6318595
6318597
6318598
6319107
6319109
6319110
6324906
6325338
6325786
6325802
6325810
6326578
6326810
6326826
6326834
6327322
6327338
6327346
6328658
6329426
6330642
6331410
6332618
6333066
6333514
6333962
6336706
6336834
6336898
6337602
6341026
6341282
6342946
6343202
6344898
6345026
6345090
6347010
6348994
6349122
6349186
6349442
6357657
6358129
6358553
6358569
6358577
6359337
6359577
6359593
6359601
6360089
6360105
6360113
6361297
6361745
6362193
6362641
6365577
6365833
6367497
6367753
6369473
6369601
6369665
6369921
6373729
6374497
6375713
6376481
6377665
6377793
6377857
6378561
6381761
6381889
6381953
6383873
6389976
6389992
6390000
6390104
6390120
6390128
6390168
6390184
6390192
6390424
6390440
6390448
6390872
6390888
6390896
6391320
6391336
6391344
6392088
6392104
6392112
6392344
6392360
6392368
6392856
6392872
6392880
6394064
6394192
6394256
6394960
6398152
6398280
6398344
6398600
6402240
6402368
6402432
6406368
6406496
6406560
6408480
6410432
6410560
6410624
6414528
6414656
6414720
6423220
6423660
6424092
6424108
6424116
6424860
6425116
6425132
6425140
6425628
6425644
6425652
6427028
6427284
6428948
6429204
6431052
6431820
6433036
6433804
6435012
6435140
6435204
6437124
6439140
6439588
6440036
6440484
6443204
6443332
6443396
6443652
6447300
6447428
6447492
6448196
6455512
6455528
6455536
6455640
6455656
6455664
6455704
6455720
6455728
6455960
6455976
6455984
6456408
6456424
6456432
6456856
6456872
6456880
6457624
6457640
6457648
6457880
6457896
6457904
6458392
6458408
6458416
6459600
6459728
6459792
6461712
6463688
6463816
6463880
6464584
6467776
6467904
6467968
6471904
6472032
6472096
6472352
6475968
6476096
6476160
6480064
6480192
6480256
6488280
6488296
6488304
6488408
6488424
6488432
6488472
6488488
6488496
6488728
6488744
6488752
6489176
6489192
6489200
6489624
6489640
6489648
6490392
6490408
6490416
6490648
6490664
6490672
6491160
6491176
6491184
6492368
6492496
6492560
6492816
6496456
6496584
6496648
6498568
6500544
6500672
6500736
6504672
6504800
6504864
6505568
6508736
6508864
6508928
6512832
6512960
6513024
6554142
6554158
6554166
6554278
6554282
6554292
6554651
6554667
6554675
6554707
6554714
6554737
6555162
6555178
6555186
6555677
6555693
6555701
6555917
6555932
6555945
6556188
6556204
6556212
6556697
6556713
6556721
6557845
6557974
6558083
6558085
6558086
6558100
6558230
6558342
6558356
6558739
6559250
6559765
6560005
6560020
6560276
6560785
6561870
6561931
6561987
6561989
6561990
6561994
6562318
6562438
6562442
6562827
6562883
6562890
6563338
6563853
6564364
6564873
6566019
6566021
6566022
6566406
6566530
6566532
6566915
6567426
6567941
6568452
6568961
6570085
6570275
6570307
6570309
6570310
6570337
6570534
6571043
6571075
6571105
6571554
6572069
6572293
6572321
6572580
6573089
6574339
6574341
6574342
6574598
6575107
6575618
6576133
6576385
6576388
6576644
6577153
6578243
6578245
6578246
6578694
6579203
6579265
6579266
6579714
6580229
6580740
6581249
6586608
6586674
6586706
6586736
6586786
6586800
6586930
6587042
6587056
6587442
6587474
6587504
6587922
6587938
6587952
6588720
6588976
6589488
6590738
6590850
6590864
6591506
6592784
6593552
6594754
6595202
6595650
6596098
6598786
6599682
6603042
6603074
6603104
6603298
6605088
6605344
6607106
6609152
6611010
6611458
6619289
6619345
6619352
6619480
6619529
6619544
6619800
6620185
6620241
6620248
6620696
6621209
6621449
6621464
6621720
6622217
6622225
6622232
6623377
6623617
6623632
6623888
6624273
6624784
6627465
6627521
6627528
6627976
6629385
6629896
6631553
6632064
6635841
6636609
6637825
6638593
6639873
6640641
6643777
6645761
6652112
6652240
6652304
6652560
6653008
6653456
6654224
6654480
6654992
6656144
6656272
6656384
6657040
6660288
6660736
6664320
6668608
6670592
6672640
6676544
6684780
6684900
6684904
6685004
6685032
6685096
6685228
6685348
6685352
6685800
6686248
6686764
6686988
6687016
6687244
6687268
6687272
6687784
6689156
6689412
6691076
6691332
6692940
6693060
6693064
6693960
6694924
6695944
6697092
6699012
6701156
6701380
6701408
6701604
6702176
6702624
6705412
6705668
6709316
6710336
6717664
6717792
6717856
6718112
6718560
6719008
6719776
6720032
6720544
6721920
6723840
6725824
6726720
6729856
6733920
6734112
6734144
6734368
6738176
6742080
6750408
6750536
6750600
6750856
6751304
6751752
6752520
6752776
6753288
6754688
6754944
6758472
6758536
6758592
6760456
6762624
6766912
6767680
6770944
6774848
6816283
6816299
6816307
6816395
6816409
6816426
6816797
6816813
6816821
6816869
6816876
6816881
6817305
6817321
6817329
6817822
6817838
6817846
6818070
6818076
6818098
6818330
6818346
6818354
6818844
6818860
6818868
6819923
6819989
6820035
6820037
6820038
6820049
6820371
6820483
6820497
6820885
6820933
6820945
6821393
6821910
6822418
6822932
6824014
6824205
6824259
6824261
6824262
6824268
6824459
6824973
6825029
6825036
6825481
6825998
6826246
6826252
6826506
6827020
6828099
6828101
6828102
6828547
6829061
6829121
6829124
6829569
6830086
6830594
6831108
6832294
6832419
6832515
6832517
6832518
6832546
6832675
6832771
6832802
6833189
6833697
6834214
6834438
6834466
6834722
6835236
6836355
6836357
6836358
6836739
6836865
6836866
6837253
6837761
6838278
6838786
6839300
6840579
6840581
6840582
6840835
6841349
6841857
6842374
6842626
6842628
6842882
6843396
6848602
6848714
6848728
6848850
6848856
6848920
6849050
6849162
6849176
6849624
6850072
6850586
6850834
6850840
6851082
6851090
6851096
6851608
6852690
6852802
6852816
6853712
6854674
6855696
6856778
6857026
6857032
6857226
6857800
6858248
6860866
6861888
6865282
6865538
6867202
6867458
6869122
6871042
6873346
6873602
6881512
6881577
6881633
6881640
6881673
6881704
6881833
6881929
6881960
6882345
6882401
6882408
6882825
6882849
6882856
6883624
6883880
6884392
6885569
6886017
6886465
6886913
6889737
6889793
6889800
6889993
6891784
6892040
6893633
6894081
6897953
6898049
6898080
6898721
6900000
6900768
6901889
6902785
6906113
6908160
6914248
6914376
6914440
6914696
6915144
6915592
6916360
6916616
6917128
6918336
6919232
6922312
6922504
6922560
6922760
6926400
6930816
6932736
6934656
6938880
6946996
6947044
6947056
6947184
6947220
6947248
6947504
6947892
6947940
6947952
6948400
6948916
6949140
6949168
6949424
6949908
6949924
6949936
6951060
6951108
6951120
6951568
6952980
6953488
6955332
6956100
6957316
6958084
6959172
6961156
6963364
6963588
6963616
6963872
6964260
6964768
6967428
6967936
6971652
6972420
6979792
6979920
6979984
6980240
6980688
6981136
6981904
6982160
6982672
6983760
6983824
6983872
6985744
6988096
6988864
6991936
6996352
6996608
7000192
7004416
7012576
7012704
7012768
7013024
7013472
7013920
7014688
7014944
7015456
7016640
7017088
7020864
7022848
7024704
7028896
7029024
7029120
7029792
7032960
7037184
7077915
7077917
7077918
7077931
7077933
7077934
7077939
7077941
7077942
7077966
7077971
7077978
7077989
7077996
7078001
7078027
7078037
7078041
7078054
7078058
7078068
7078083
7078085
7078086
7078090
7078097
7078104
7078116
7078120
7078128
7078157
7078166
7078172
7078179
7078185
7078194
7078211
7078213
7078214
7078220
7078226
7078232
7078241
7078248
7078256
7078275
7078277
7078278
7078281
7078292
7078296
7078306
7078312
7078320
7078426
7078442
7078450
7078538
7078552
7078562
7078568
7078576
7078937
7078953
7078961
7078993
7079000
7079009
7079016
7079024
7079448
7079464
7079472
7079964
7079980
7079988
7080204
7080212
7080216
7080232
7080240
7080472
7080488
7080496
7080984
7081000
7081008
7082003
7082005
7082006
7082115
7082117
7082118
7082129
7082132
7082514
7082626
7082640
7083025
7083536
7084052
7084560
7085072
7086091
7086093
7086094
7086147
7086149
7086150
7086154
7086156
7086602
7087113
7087169
7087176
7087624
7088140
7088648
7089160
7090179
7090181
7090182
7090690
7091201
7091712
7092228
7092736
7093248
7094307
7094309
7094310
7094531
7094533
7094534
7094561
7094562
7094818
7095329
7095840
7096356
7096580
7096608
7096864
7097376
7098371
7098373
7098374
7098882
7099393
7099904
7100420
7100928
7101440
7102467
7102469
7102470
7102978
7103489
7104000
7104516
7105024
7105536
7110738
7110850
7110864
7110930
7110978
7110992
7111042
7111056
7111186
7111298
7111312
7111760
7112208
7112976
7113232
7113744
7114770
7114882
7114896
7115792
7116816
7117824
7118914
7119362
7119936
7120384
7122946
7123968
7127298
7127554
7129344
7129600
7131138
7133184
7135234
7135744
7143561
7143617
7143624
7143689
7143745
7143752
7143809
7143816
7144072
7144457
7144513
7144520
7144968
7145736
7145992
7146504
7147649
7148160
7148545
7149056
7151625
7151681
7151688
7152136
7153672
7154176
7155713
7156224
7160065
7160833
7162112
7162880
7163905
7164928
7168001
7170048
7176384
7176512
7176576
7176832
7177280
7177728
7178496
7178752
7179264
7180416
7181312
7184448
7184896
7188480
7192832
7194624
7196672
7200768
7209060
7209124
7209156
7209184
7209284
7209312
7209348
7209376
7209632
7210080
7210528
7211044
7211268
7211296
7211552
7212064
7213188
7213696
7215108
7215616
7217220
7218240
7219204
7220224
7221252
7223296
7225380
7225604
7225632
7225888
7226400
7226880
7229444
7229952
7233540
7234560
7241920
7242048
7242112
7242368
7242816
7243264
7244032
7244288
7244800
7245952
7247872
7249984
7250944
7254016
7258368
7258624
7262208
7266304
7274688
7274816
7274880
7275136
7275584
7276032
7276800
7277056
7277568
7278720
7279104
7282752
7284736
7286784
7291136
7291904
7294976
7299072
7340573
7340589
7340597
7340693
7340697
7340724
7341086
7341102
7341110
7341134
7341146
7341164
7341596
7341612
7341620
7342107
7342123
7342131
7342371
7342377
7342386
7342617
7342633
7342641
7343130
7343146
7343154
7344211
7344406
7344451
7344453
7344454
7344466
7344661
7345174
7345222
7345234
7345684
7346195
7346435
7346450
7346705
7347218
7348363
7348493
7348611
7348613
7348614
7348617
7348749
7348869
7348873
7349262
7349772
7350283
7350531
7350537
7350793
7351306
7352579
7352581
7352582
7352837
7353350
7353860
7354371
7354625
7354626
7354881
7355394
7356517
7356582
7356611
7356613
7356614
7356644
7356965
7357061
7357092
7357478
7357510
7357540
7357988
7358499
7359009
7359522
7360579
7360581
7360582
7361029
7361542
7361602
7361604
7362052
7362563
7363073
7363586
7364739
7364741
7364742
7365125
7365249
7365252
7365638
7366148
7366659
7367169
7367682
7372970
7373002
7373032
7373160
7373218
7373224
7373480
7373866
7373898
7373928
7374376
7374890
7375138
7375144
7375400
7375882
7375906
7375912
7377218
7377986
7379202
7379970
7381130
7381378
7381384
7381640
7382026
7382536
7385346
7386114
7389346
7389378
7389408
7389856
7391266
7391776
7393346
7395330
7397506
7398016
7405681
7405777
7405808
7405921
7405936
7406000
7406129
7406225
7406256
7406704
7407152
7407665
7407905
7407920
7408145
7408161
7408176
7408688
7409745
7409985
7410000
7410193
7410768
7411216
7414145
7414401
7416065
7416321
7418113
7418369
7422049
7422145
7422176
7423072
7424033
7425056
7426113
7427136
7430273
7432193
7438560
7438688
7438752
7439008
7439456
7439904
7440672
7440928
7441440
7442752
7443520
7446912
7447168
7450880
7454816
7454880
7454912
7456800
7458880
7463040
7471320
7471388
7471436
7471448
7471508
7471512
7471644
7471764
7471768
7472156
7472204
7472216
7472652
7472660
7472664
7473432
7473688
7474200
7475476
7475524
7475536
7475732
7477520
7477776
7479564
7479684
7479688
7480332
7481608
7482376
7483652
7485696
7487684
7488132
7488580
7489028
7491652
7492100
7495812
7496708
7504072
7504200
7504264
7504520
7504968
7505416
7506184
7506440
7506952
7508288
7510272
7512200
7512328
7512448
7513096
7516416
7520448
7520896
7524416
7528576
7536848
7536976
7537040
7537296
7537744
7538192
7538960
7539216
7539728
7540816
7541008
7541056
7541264
7545216
7547136
7549184
7553216
7554112
7557184
7561344
7602203
7602205
7602206
7602219
7602221
7602222
7602227
7602229
7602230
7602254
7602259
7602266
7602277
7602284
7602289
7602315
7602325
7602329
7602342
7602346
7602356
7602371
7602373
7602374
7602378
7602385
7602392
7602404
7602408
7602416
7602445
7602454
7602460
7602467
7602473
7602482
7602499
7602501
7602502
7602508
7602514
7602520
7602529
7602536
7602544
7602563
7602565
7602566
7602569
7602580
7602584
7602594
7602600
7602608
7602716
7602732
7602740
7602836
7602840
7602852
7602856
7602864
7603226
7603242
7603250
7603274
7603282
7603288
7603304
7603312
7603736
7603752
7603760
7604249
7604265
7604273
7604489
7604504
7604513
7604520
7604528
7604760
7604776
7604784
7605272
7605288
7605296
7606291
7606293
7606294
7606531
7606533
7606534
7606546
7606548
7606804
7607314
7607824
7608337
7608577
7608592
7608848
7609360
7610379
7610381
7610382
7610499
7610501
7610502
7610505
7610506
7610892
7611012
7611016
7611402
7611912
7612425
7612936
7613448
7614467
7614469
7614470
7614980
7615490
7616000
7616513
7617024
7617536
7618595
7618597
7618598
7618627
7618629
7618630
7618657
7618660
7619108
7619618
7619650
7619680
7620128
7620641
7621152
7621664
7622659
7622661
7622662
7623172
7623682
7624192
7624705
7625216
7625728
7626755
7626757
7626758
7627268
7627778
7628288
7628801
7629312
7629824
7635106
7635138
7635168
7635234
7635266
7635296
7635330
7635360
7635616
7636002
7636034
7636064
7636512
7637280
7637536
7638048
7639298
7640066
7641344
7642112
7643266
7643776
7644162
7644672
7647234
7648256
7651362
7651394
7651424
7651872
7653408
7653888
7655426
7657472
7659522
7660032
7667793
7667857
7667905
7667920
7668033
7668048
7668097
7668112
7668368
7668816
7669264
7669777
7670017
7670032
7670288
7670800
7671825
7672065
7672080
7672336
7672848
7673344
7676033
7676544
7677953
7678464
7680001
7680512
7684161
7685184
7686145
7687168
7688193
7689216
7692289
7694336
7700672
7700800
7700864
7701120
7701568
7702016
7702784
7703040
7703552
7704832
7705600
7708800
7709184
7712768
7716928
7718912
7720960
7725056
7733324
7733444
7733448
7733516
7733572
7733576
7733636
7733640
7733772
7733892
7733896
7734344
7734792
7735560
7735816
7736328
7737604
7737860
7739648
7739904
7741452
7741572
7741576
7742472
7743496
7744512
7745540
7747584
7749700
7750148
7750720
7751168
7753732
7754240
7757828
7758848
7766208
7766336
7766400
7766656
7767104
7767552
7768320
7768576
7769088
7770368
7772160
7774336
7775232
7778304
7782464
7782912
7786496
7790592
7798976
7799104
7799168
7799424
7799872
7800320
7801088
7801344
7801856
7803136
7803392
7807104
7809024
7811072
7815232
7816192
7819264
7823360
7864347
7864349
7864350
7864363
7864365
7864366
7864371
7864373
7864374
7864398
7864403
7864410
7864421
7864428
7864433
7864459
7864469
7864473
7864486
7864490
7864500
7864515
7864517
7864518
7864522
7864529
7864536
7864548
7864552
7864560
7864589
7864598
7864604
7864611
7864617
7864626
7864643
7864645
7864646
7864652
7864658
7864664
7864673
7864680
7864688
7864707
7864709
7864710
7864713
7864724
7864728
7864738
7864744
7864752
7864857
7864873
7864881
7864969
7864977
7864984
7865000
7865008
7865372
7865388
7865396
7865420
7865432
7865444
7865448
7865456
7865880
7865896
7865904
7866394
7866410
7866418
7866642
7866648
7866658
7866664
7866672
7866904
7866920
7866928
7867416
7867432
7867440
7868435
7868437
7868438
7868483
7868485
7868486
7868497
7868498
7868945
7869460
7869508
7869520
7869968
7870482
7870992
7871504
7872523
7872525
7872526
7872771
7872773
7872774
7872777
7872780
7873033
7873548
7874056
7874570
7874818
7874824
7875080
7875592
7876611
7876613
7876614
7877121
7877636
7878144
7878658
7879168
7879680
7880739
7880741
7880742
7880835
7880837
7880838
7880866
7880868
7881249
7881345
7881376
7881764
7882272
7882786
7883296
7883808
7884803
7884805
7884806
7885313
7885828
7886336
7886850
7887360
7887872
7888899
7888901
7888902
7889409
7889924
7890432
7890946
7891456
7891968
7897162
7897226
7897282
7897288
7897410
7897416
7897474
7897480
7897736
7898184
7898632
7899146
7899394
7899400
7899656
7900168
7901250
7902272
7903234
7904256
7905290
7905538
7905544
7905800
7906312
7906816
7909378
7910400
7913602
7914112
7915522
7916032
7917570
7919616
7921666
7922176
7929953
7930049
7930080
7930145
7930177
7930208
7930241
7930272
7930401
7930497
7930528
7930976
7931424
7932192
7932448
7932960
7934017
7934465
7935040
7935488
7938305
7938561
7940352
7940608
7942145
7942656
7946273
7946369
7946400
7947296
7948320
7949312
7950337
7951360
7954433
7956480
7962816
7962944
7963008
7963264
7963712
7964160
7964928
7965184
7965696
7966784
7967744
7971072
7971328
7974912
7979136
7981056
7983104
7987200
7995540
7995588
7995600
7995668
7995716
7995728
7995780
7995792
7996048
7996436
7996484
7996496
7996944
7997712
7997968
7998480
7999508
7999556
7999568
8000016
8001552
8002048
8003844
8004612
8005888
8006656
8007684
8009728
8011908
8012416
8012804
8013312
8015876
8016384
8019972
8020992
8028352
8028480
8028544
8028800
8029248
8029696
8030464
8030720
8031232
8032320
8034304
8036608
8037376
8040448
8044672
8045056
8048640
8052736
8061120
8061248
8061312
8061568
8062016
8062464
8063232
8063488
8064000
8065088
8065536
8069376
8071168
8073216
8077440
8078336
8081408
8085504
8394283
8394285
8394286
8394509
8394531
8394537
8395307
8395309
8395310
8395342
8395365
8395372
8395819
8395821
8395822
8395915
8395942
8395946
8398387
8398389
8398390
8398614
8398627
8398642
8399411
8399413
8399414
8399443
8399461
8399473
8399923
8399925
8399926
8400021
8400038
8400052
8401509
8401699
8401731
8401733
8401734
8401761
8402086
8402211
8402307
8402309
8402310
8402338
8402467
8402469
8402470
8402691
8402693
8402694
8402721
8402722
8403045
8403110
8403139
8403141
8403142
8403172
8403491
8403493
8403494
8403523
8403525
8403526
8403553
8403556
8404003
8404005
8404006
8404099
8404101
8404102
8404130
8404132
8406555
8406557
8406558
8406797
8406806
8406812
8407579
8407581
8407582
8407630
8407635
8407642
8408091
8408093
8408094
8408203
8408213
8408217
8409678
8409869
8409923
8409925
8409926
8409932
8410251
8410381
8410499
8410501
8410502
8410505
8410635
8410637
8410638
8410883
8410885
8410886
8410889
8410892
8411214
8411275
8411331
8411333
8411334
8411338
8411659
8411661
8411662
8411715
8411717
8411718
8411722
8411724
8412171
8412173
8412174
8412291
8412293
8412294
8412297
8412298
8413779
8413974
8414019
8414021
8414022
8414034
8414357
8414486
8414595
8414597
8414598
8414612
8414739
8414741
8414742
8414979
8414981
8414982
8414994
8414996
8415315
8415381
8415427
8415429
8415430
8415441
8415763
8415765
8415766
8415811
8415813
8415814
8415825
8415826
8416275
8416277
8416278
8416387
8416389
8416390
8416401
8416404
8422941
8422957
8422965
8423181
8423196
8423209
8423965
8423981
8423989
8424037
8424044
8424049
8424477
8424493
8424501
8424597
8424601
8424628
8426541
8426765
8426793
8426885
8426889
8426920
8427565
8427621
8427628
8427717
8427748
8427752
8428557
8428581
8428585
8428588
8428677
8428681
8428708
8428712
8430133
8430181
8430193
8430405
8430433
8430448
8430645
8430741
8430772
8430981
8430996
8431024
8431125
8431141
8431153
8431156
8431365
8431380
8431393
8431408
8433765
8433861
8433892
8433989
8434017
8434053
8434725
8434821
8434852
8434949
8434977
8435073
8435076
8435104
8438301
8438541
8438556
8438597
8438604
8438616
8439837
8439957
8439961
8440005
8440017
8440024
8440333
8440341
8440345
8440348
8440389
8440396
8440401
8440408
8442053
8442125
8442181
8442188
8442245
8442249
8443917
8443973
8443980
8444037
8444041
8444097
8444100
8444104
8446101
8446149
8446161
8446277
8446341
8446356
8446485
8446533
8446545
8446725
8446740
8446785
8446788
8446800
8455710
8455726
8455734
8455958
8455964
8455986
8456734
8456750
8456758
8456782
8456794
8456812
8457246
8457262
8457270
8457382
8457386
8457396
8458798
8458830
8458860
8459078
8459084
8459112
8459310
8459430
8459434
8459654
8459682
8459688
8459790
8459814
8459818
8459820
8460038
8460044
8460066
8460072
8462902
8463126
8463154
8463174
8463186
8463216
8464438
8464550
8464564
8464582
8464612
8464624
8464918
8464934
8464946
8464948
8464966
8464978
8464996
8465008
8466598
8466630
8466660
8466758
8466822
8466850
8466982
8467014
8467044
8467206
8467234
8467266
8467268
8467296
8471582
8471830
8471836
8471942
8471956
8471960
8472606
8472654
8472666
8472774
8472778
8472792
8473614
8473622
8473626
8473628
8473734
8473738
8473748
8473752
8474702
8474822
8474826
8474950
8474956
8475014
8475662
8475782
8475786
8475910
8475916
8476034
8476036
8476040
8478918
8478998
8479046
8479058
8479110
8479124
8480790
8480838
8480850
8480902
8480916
8480962
8480964
8480976
8487532
8487708
8487756
8487768
8487784
8487792
8488116
8488220
8488340
8488344
8488360
8488368
8488476
8488492
8488500
8488716
8488724
8488728
8488744
8488752
8489068
8489140
8489176
8489188
8489192
8489200
8489500
8489516
8489524
8489548
8489560
8489572
8489576
8489584
8490012
8490028
8490036
8490132
8490136
8490148
8490152
8490160
8491116
8491236
8491240
8491340
8491368
8491432
8492076
8492196
8492200
8492300
8492328
8492420
8492424
8492448
8495284
8495332
8495344
8495472
8495508
8495536
8495668
8495716
8495728
8495892
8495920
8495940
8495952
8495968
8499300
8499364
8499396
8499424
8499524
8499552
8499588
8499616
8503512
8503580
8503628
8503640
8503700
8503704
8505372
8505420
8505432
8505492
8505496
8505540
8505544
8505552
8507468
8507588
8507592
8507660
8507716
8507720
8507780
8507784
8511636
8511684
8511696
8511764
8511812
8511824
8511876
8511888
8521243
8521259
8521267
8521507
8521513
8521522
8522267
8522283
8522291
8522323
8522330
8522353
8522779
8522795
8522803
8522891
8522905
8522922
8524331
8524579
8524585
8524611
8524641
8524648
8525867
8525963
8525994
8526019
8526026
8526056
8526347
8526371
8526377
8526378
8526403
8526410
8526433
8526440
8528947
8529187
8529202
8529283
8529314
8529328
8529971
8530003
8530033
8530115
8530129
8530160
8530963
8530979
8530993
8530994
8531075
8531089
8531106
8531120
8532163
8532259
8532291
8532321
8532355
8532386
8534051
8534083
8534113
8534147
8534178
8534209
8534210
8534240
8536603
8536659
8536666
8536899
8536914
8536920
8537115
8537227
8537241
8537475
8537481
8537496
8537611
8537619
8537625
8537626
8537859
8537865
8537874
8537880
8540299
8540355
8540362
8540483
8540547
8540553
8540683
8540739
8540746
8540931
8540937
8540993
8540994
8541000
8544339
8544451
8544465
8544579
8544594
8544643
8545299
8545411
8545425
8545539
8545554
8545665
8545666
8545680
8553073
8553257
8553304
8553313
8553320
8553328
8553625
8553769
8553865
8553880
8553896
8553904
8554009
8554025
8554033
8554249
8554264
8554273
8554280
8554288
8554609
8554649
8554705
8554712
8554728
8554736
8555033
8555049
8555057
8555089
8555096
8555105
8555112
8555120
8555545
8555561
8555569
8555657
8555665
8555672
8555688
8555696
8556776
8556841
8556897
8556904
8556937
8556968
8558633
8558689
8558696
8558729
8558760
8558785
8558792
8558816
8560753
8560849
8560880
8560993
8561008
8561072
8561713
8561809
8561840
8561953
8561968
8562049
8562064
8562080
8564833
8564929
8564960
8565025
8565057
8565088
8565121
8565152
8568985
8569041
8569048
8569176
8569225
8569240
8569369
8569425
8569432
8569609
8569624
8569665
8569672
8569680
8573065
8573121
8573128
8573193
8573249
8573256
8573313
8573320
8577105
8577169
8577217
8577232
8577345
8577360
8577409
8577424
8585818
8586034
8586066
8586072
8586088
8586096
8586410
8586546
8586648
8586658
8586664
8586672
8586778
8586794
8586802
8587026
8587032
8587042
8587048
8587056
8587354
8587434
8587466
8587480
8587496
8587504
8587802
8587818
8587826
8587850
8587858
8587864
8587880
8587888
8588314
8588330
8588338
8588426
8588440
8588450
8588456
8588464
8589482
8589514
8589544
8589672
8589730
8589736
8589866
8589898
8589928
8590114
8590120
8590146
8590152
8590176
8593648
8593714
8593746
8593776
8593826
8593840
8595506
8595538
8595568
8595618
8595632
8595650
8595664
8595680
8597666
8597698
8597728
8597794
8597826
8597856
8597890
8597920
8601690
8601802
8601816
8601938
8601944
8602008
8602650
8602762
8602776
8602898
8602904
8603010
8603016
8603024
8605770
8605834
8605890
8605896
8606018
8606024
8606082
8606088
8609874
8609986
8610000
8610066
8610114
8610128
8610178
8610192
8652594
8653420
8653977
8655406
8655915
8656011
8656042
8656163
8656169
8656259
8656265
8656290
8656296
8656426
8656674
8656680
8656941
8657452
8657961
8658057
8658088
8659510
8660019
8660530
8661045
8661093
8661105
8661141
8661172
8661189
8661201
8661220
8661232
8661556
8661604
8661616
8662065
8662161
8662192
8663206
8663590
8664099
8664195
8664226
8664610
8665125
8665221
8665252
8665636
8666145
8666241
8666272
8667678
8667726
8667738
8667926
8667932
8667974
8667980
8667986
8667992
8668187
8668698
8668946
8668952
8669213
8669724
8669772
8669784
8670233
8671501
8671758
8672006
8672012
8672267
8672515
8672521
8672778
8673026
8673032
8673293
8673804
8674313
8675411
8675862
8675910
8675922
8676371
8676882
8677397
8677445
8677457
8677908
8677956
8677968
8678417
8684400
8684976
8685360
8685621
8685669
8685681
8685717
8685748
8685765
8685777
8685796
8685808
8686132
8686180
8686192
8686641
8686737
8686768
8688005
8688929
8689025
8689056
8689701
8689797
8689828
8690721
8690817
8690848
8691765
8691813
8691825
8691861
8691892
8691909
8691921
8691940
8691952
8692276
8692324
8692336
8692785
8692881
8692912
8693296
8695845
8695941
8695972
8696865
8696961
8696992
8700229
8700692
8700740
8700752
8701973
8702021
8702033
8702484
8702532
8702544
8704261
8706053
8708117
8708165
8708177
8708628
8708676
8708688
8716830
8716878
8716890
8717078
8717084
8717126
8717132
8717138
8717144
8717720
8717850
8718098
8718104
8718552
8718876
8718924
8718936
8719512
8720774
8720910
8721158
8721164
8721546
8721794
8721800
8721930
8722178
8722184
8724678
8725014
8725062
8725074
8726676
8726724
8726736
8727060
8727108
8727120
8728710
8729094
8732702
8732750
8732762
8732950
8732956
8732998
8733004
8733010
8733016
8733722
8733970
8733976
8734748
8734796
8734808
8735768
8736782
8737030
8737036
8737802
8738050
8738056
8740886
8740934
8740946
8742932
8742980
8742992
8749460
8749844
8749892
8749904
8750480
8750864
8751252
8751300
8751312
8751636
8751684
8751696
8752272
8753540
8754560
8757396
8757444
8757456
8757780
8757828
8757840
8761476
8765716
8765764
8765776
8767508
8767556
8767568
8769796
8773652
8773700
8773712
8782696
8782891
8782987
8783018
8783139
8783145
8783235
8783241
8783266
8783272
8783402
8783650
8783656
8784104
8784488
8784937
8785033
8785064
8785963
8786059
8786090
8786211
8786217
8786307
8786313
8786338
8786344
8786474
8786722
8786728
8788009
8788105
8788136
8788520
8790211
8791075
8791171
8791202
8792161
8792257
8792288
8793121
8793217
8793248
8794147
8794243
8794274
8796193
8796289
8796320
8798531
8798794
8799042
8799048
8799243
8799491
8799497
8799754
8800002
8800008
8802315
8802563
8802569
8802826
8803074
8803080
8806467
8807427
8814945
8815456
8815905
8816001
8816032
8816416
8816737
8816833
8816864
8817248
8817697
8817793
8817824
8818977
8819073
8819104
8820769
8820865
8820896
8822881
8822977
8823008
8823841
8823937
8823968
8826913
8827009
8827040
8831297
8831808
8835329
8839233
8847562
8847946
8848194
8848200
8848522
8848770
8848776
8848906
8849154
8849160
8849608
8849992
8850568
8851594
8851842
8851848
8851978
8852226
8852232
8855746
8857792
8859778
8863818
8864066
8864072
8864778
8865026
8865032
8867850
8868098
8868104
8872002
8914729
8915546
8916148
8917547
8918061
8918569
8919086
8919118
8919148
8919206
8919210
8919238
8919242
8919268
8919272
8919594
8919626
8919656
8920108
8920228
8920232
8921651
8921683
8921713
8921891
8921906
8921923
8921938
8921953
8921968
8922165
8922673
8922913
8922928
8923190
8923698
8923730
8923760
8924212
8925285
8925731
8925763
8925793
8926245
8926753
8927270
8927302
8927332
8927778
8927810
8927840
8928292
8929819
8930333
8930453
8930457
8930573
8930588
8930693
8930697
8930708
8930712
8930841
8931081
8931096
8931358
8931866
8932380
8932500
8932504
8933515
8933899
8934413
8934533
8934537
8934921
8935438
8935558
8935562
8935946
8936460
8936580
8936584
8937750
8938003
8938243
8938258
8938517
8938757
8938772
8939025
8939265
8939280
8939542
8940050
8940564
8946520
8946717
8946837
8946841
8946957
8946972
8947077
8947081
8947092
8947096
8947225
8947465
8947480
8947928
8948312
8948764
8948884
8948888
8949957
8950797
8950917
8950921
8951884
8952004
8952008
8952844
8952964
8952968
8954181
8954449
8954689
8954704
8954901
8955141
8955156
8955409
8955649
8955664
8958021
8958981
8962077
8962197
8962201
8962317
8962332
8962437
8962441
8962452
8962456
8962585
8962825
8962840
8964124
8964244
8964248
8964632
8966157
8966277
8966281
8968204
8968324
8968328
8970261
8970501
8970516
8970769
8971009
8971024
8979304
8979880
8980264
8980526
8980558
8980588
8980646
8980650
8980678
8980682
8980708
8980712
8981034
8981066
8981096
8981548
8981668
8981672
8982574
8982606
8982636
8982694
8982698
8982726
8982730
8982756
8982760
8983082
8983114
8983144
8983596
8983716
8983720
8984104
8986950
8987426
8987458
8987488
8988710
8988742
8988772
8989218
8989250
8989280
8990758
8990790
8990820
8991266
8991298
8991328
8995206
8996108
8996228
8996232
8996878
8996998
8997002
8997900
8998020
8998024
8998926
8999046
8999050
8999948
9000068
9000072
9003270
9005062
9011532
9012040
9012492
9012612
9012616
9013000
9013324
9013444
9013448
9013832
9014284
9014404
9014408
9015372
9015492
9015496
9016332
9016452
9016456
9019716
9020224
9023556
9027852
9027972
9027976
9029644
9029764
9029768
9031692
9031812
9031816
9036036
9044531
9044563
9044593
9044771
9044786
9044803
9044818
9044833
9044848
9045424
9045553
9045793
9045808
9046256
9046578
9046610
9046640
9047216
9048259
9048611
9048643
9048673
9050274
9050306
9050336
9050658
9050690
9050720
9052211
9052243
9052273
9052451
9052466
9052483
9052498
9052513
9052528
9053233
9053473
9053488
9054258
9054290
9054320
9055280
9056291
9056323
9056353
9058338
9058370
9058400
9060739
9060883
9061123
9061138
9061521
9061761
9061776
9061905
9062145
9062160
9064579
9064963
9068563
9068803
9068818
9069585
9069825
9069840
9076945
9077329
9077569
9077584
9077905
9078145
9078160
9078289
9078529
9078544
9078992
9079376
9079952
9081025
9083072
9085009
9085249
9085264
9085969
9086209
9086224
9089089
9093265
9093505
9093520
9093649
9093889
9093904
9097345
9101329
9101569
9101584
9109922
9110306
9110338
9110368
9110944
9111328
9111714
9111746
9111776
9112098
9112130
9112160
9112736
9113762
9113794
9113824
9114146
9114178
9114208
9117986
9118018
9118048
9119778
9119810
9119840
9121826
9121858
9121888
9126274
9127296
9130114
9134338
9175642
9175858
9175890
9175896
9175912
9175920
9176217
9176361
9176457
9176472
9176488
9176496
9176856
9176872
9176880
9177196
9177268
9177304
9177316
9177320
9177328
9177688
9177704
9177712
9178264
9178280
9178288
9179179
9179181
9179182
9179275
9179302
9179306
9179690
9180201
9180297
9180328
9180712
9181228
9181348
9181352
9181736
9182248
9182344
9182368
9183283
9183285
9183286
9183315
9183333
9183345
9183794
9183826
9183856
9184305
9184816
9185332
9185380
9185392
9185840
9185872
9185888
9186352
9187363
9187365
9187366
9187874
9188385
9188896
9189412
9189920
9190432
9191451
9191453
9191454
9191693
9191702
9191708
9191962
9192210
9192216
9192473
9192713
9192728
9192984
9193224
9193232
9193500
9194008
9194520
9195531
9195533
9195534
9196042
9196553
9197064
9197580
9198088
9198600
9199635
9199637
9199638
9200146
9200657
9201168
9201684
9202192
9202704
9207957
9208005
9208017
9208133
9208197
9208212
9208656
9208977
9209217
9209232
9209616
9210004
9210052
9210064
9210448
9211024
9212037
9213057
9214084
9215104
9216021
9216069
9216081
9216592
9217041
9217552
9220101
9221121
9224213
9224453
9224468
9224976
9226260
9226768
9228293
9230340
9232389
9232401
9232404
9232912
9240654
9240774
9240778
9240902
9240908
9240966
9241162
9241410
9241416
9241992
9242376
9242700
9242820
9242824
9243208
9243784
9244686
9244806
9244810
9245194
9245832
9246216
9248838
9249346
9250884
9251392
9252870
9253378
9256974
9257222
9257228
9258248
9259020
9260040
9261062
9261066
9261068
9262088
9265158
9267204
9273540
9273668
9273732
9274176
9274752
9275136
9275460
9275524
9275584
9275968
9276544
9277572
9278592
9281604
9282112
9285636
9289988
9291780
9293828
9297924
9306307
9306403
9306435
9306465
9306499
9306530
9306914
9306946
9306976
9307425
9307521
9307552
9307936
9308384
9308768
9309344
9310243
9310339
9310370
9310754
9312416
9312800
9314339
9314371
9314401
9315361
9316448
9317408
9318403
9318433
9318434
9320480
9322755
9323266
9323777
9324288
9326595
9327106
9330691
9331713
9339073
9339201
9339265
9339712
9340033
9340161
9340288
9340672
9341120
9341504
9342080
9343105
9345152
9347137
9348097
9351169
9355521
9356032
9359361
9363457
9371842
9371970
9372034
9372226
9372418
9372480
9373056
9373440
9373888
9374272
9374848
9375874
9376258
9379906
9381952
9383938
9388290
9389312
9392130
9396226
9439004
9439857
9440426
9441837
9441893
9441900
9442061
9442089
9442117
9442124
9442145
9442152
9442350
9442860
9443084
9443112
9443371
9443881
9443937
9443944
9444394
9445941
9446454
9446566
9446580
9446678
9446706
9446790
9446804
9446818
9446832
9446964
9447188
9447216
9447475
9447985
9448498
9448610
9448624
9449763
9450021
9450245
9450273
9450534
9450758
9450786
9451044
9451268
9451296
9451555
9452065
9452578
9454109
9454622
9455132
9455643
9455699
9455706
9455755
9455769
9455811
9455818
9455825
9455832
9456153
9456209
9456216
9456666
9456778
9456792
9457742
9458189
9458245
9458252
9458702
9459212
9459723
9459779
9459786
9460233
9460289
9460296
9460746
9461909
9462293
9462806
9462918
9462932
9463316
9463827
9463939
9463953
9464337
9464850
9464962
9464976
9470509
9470565
9470572
9470733
9470761
9470789
9470796
9470817
9470824
9471400
9471532
9471756
9471784
9472232
9472553
9472609
9472616
9473192
9474093
9474149
9474156
9474317
9474345
9474373
9474380
9474401
9474408
9475116
9475340
9475368
9476137
9476193
9476200
9477160
9478533
9478693
9478917
9478945
9479332
9479556
9479584
9479716
9479940
9479968
9482277
9482501
9482529
9483300
9483524
9483552
9486533
9486861
9486917
9486924
9488521
9488577
9488584
9488905
9488961
9488968
9490445
9490501
9490508
9492489
9492545
9492552
9494661
9495045
9503600
9503798
9503910
9503924
9504022
9504050
9504134
9504148
9504162
9504176
9504308
9504532
9504560
9505008
9505392
9505842
9505954
9505968
9507142
9507428
9507652
9507680
9507878
9508102
9508130
9508388
9508612
9508640
9510966
9511078
9511092
9511190
9511218
9511302
9511316
9511330
9511344
9511476
9511700
9511728
9513010
9513122
9513136
9513520
9515046
9515270
9515298
9515556
9515780
9515808
9519302
9520150
9520262
9520276
9521234
9521346
9521360
9522194
9522306
9522320
9523270
9524230
9527318
9527430
9527444
9529362
9529474
9529488
9535716
9536100
9536324
9536352
9536676
9536900
9536928
9537060
9537284
9537312
9537760
9538144
9538720
9539684
9539908
9539936
9540644
9540868
9540896
9543844
9544068
9544096
9544228
9544452
9544480
9547812
9548036
9548064
9552068
9554112
9556036
9560196
9569112
9569688
9570072
9570331
9570387
9570394
9570443
9570457
9570499
9570506
9570513
9570520
9570841
9570897
9570904
9571354
9571466
9571480
9572675
9573129
9573185
9573192
9574411
9574467
9574474
9574921
9574977
9574984
9576835
9577746
9577858
9577872
9578515
9578627
9578641
9579538
9579650
9579664
9580803
9582595
9584667
9584723
9584730
9584779
9584793
9584835
9584842
9584849
9584856
9585177
9585233
9585240
9585690
9585802
9585816
9586200
9588747
9588803
9588810
9589257
9589313
9589320
9592851
9592963
9592977
9593874
9593986
9594000
9601417
9601801
9601857
9601864
9602440
9602824
9603209
9603265
9603272
9603593
9603649
9603656
9604232
9605385
9605441
9605448
9607177
9607233
9607240
9609601
9610624
9613569
9617545
9617601
9617608
9617929
9617985
9617992
9621513
9621569
9621576
9625729
9634130
9634640
9635090
9635202
9635216
9635600
9635922
9636034
9636048
9636432
9636882
9636994
9637008
9638210
9638720
9642258
9642370
9642384
9644050
9644162
9644176
9646338
9650258
9650370
9650384
9651218
9651330
9651344
9654338
9658386
9658498
9658512
9699948
9700124
9700172
9700184
9700200
9700208
9700522
9700658
9700760
9700770
9700776
9700784
9701144
9701160
9701168
9701489
9701529
9701585
9701592
9701608
9701616
9701976
9701992
9702000
9702552
9702568
9702576
9703467
9703469
9703470
9703693
9703715
9703721
9703980
9704204
9704232
9704490
9704738
9704744
9705000
9705224
9705248
9705513
9706024
9706536
9707571
9707573
9707574
9707669
9707686
9707700
9708084
9708594
9708706
9708720
9709104
9709617
9709713
9709744
9710128
9710640
9710736
9710752
9711651
9711653
9711654
9712164
9712674
9713184
9713697
9714208
9714720
9715739
9715741
9715742
9715790
9715795
9715802
9716252
9716300
9716312
9716762
9717272
9717785
9717841
9717848
9718296
9718344
9718352
9718808
9719819
9719821
9719822
9720332
9720842
9721352
9721865
9722376
9722888
9723923
9723925
9723926
9724436
9724946
9725456
9725969
9726480
9726992
9732197
9732293
9732324
9732421
9732449
9732485
9732708
9732932
9732960
9733536
9733920
9734241
9734337
9734368
9734752
9735328
9736229
9736453
9736481
9737504
9738273
9739296
9740325
9740421
9740452
9740836
9741472
9741856
9744389
9744417
9744420
9745440
9748549
9749060
9750593
9751104
9752581
9754625
9756677
9757188
9765062
9765142
9765190
9765202
9765254
9765268
9765652
9765700
9765712
9766162
9766274
9766288
9766672
9767120
9767504
9768080
9769222
9769732
9770242
9770752
9773078
9773190
9773204
9773588
9775248
9775632
9777158
9777668
9781270
9781318
9781330
9782290
9783376
9784336
9785350
9786370
9789446
9789458
9789460
9791504
9797828
9797956
9798020
9798212
9798404
9798464
9799040
9799424
9799872
9800256
9800832
9801988
9803008
9805956
9806340
9809924
9814084
9816128
9818116
9822212
9830539
9830595
9830602
9830723
9830787
9830793
9831240
9831562
9831810
9831816
9832200
9832585
9832641
9832648
9833032
9833608
9834507
9834755
9834761
9835272
9836553
9837064
9838723
9839746
9840769
9841792
9842691
9844737
9846795
9846851
9846858
9847368
9847818
9848328
9850883
9850889
9850890
9851400
9854979
9856002
9863361
9863489
9863553
9864000
9864576
9864960
9865281
9865345
9865408
9865792
9866368
9867521
9869313
9871489
9872512
9875457
9879617
9880128
9883649
9887745
9896130
9896258
9896322
9896768
9897090
9897218
9897344
9897728
9898176
9898560
9899136
9900290
9900800
9904258
9906304
9908226
9912386
9913346
9916418
9920514
9962097
9962281
9962328
9962337
9962344
9962352
9962676
9962780
9962900
9962904
9962920
9962928
9963288
9963304
9963312
9963610
9963690
9963722
9963736
9963752
9963760
9964120
9964136
9964144
9964696
9964712
9964720
9965611
9965613
9965614
9965646
9965669
9965676
9966121
9966177
9966184
9966636
9967144
9967658
9967690
9967720
9968168
9968200
9968224
9968680
9969715
9969717
9969718
9969942
9969955
9969970
9970225
9970465
9970480
9970740
9970964
9970992
9971248
9971472
9971488
9971762
9972272
9972784
9973795
9973797
9973798
9974305
9974820
9975328
9975842
9976352
9976864
9977883
9977885
9977886
9977995
9978005
9978009
9978393
9978908
9979028
9979032
9979416
9979930
9980042
9980056
9980440
9980952
9981064
9981072
9981963
9981965
9981966
9982473
9982988
9983496
9984010
9984520
9985032
9986067
9986069
9986070
9986577
9987092
9987600
9988114
9988624
9989136
9994437
9994509
9994565
9994572
9994629
9994633
9995017
9995073
9995080
9995532
9995652
9995656
9996040
9996488
9996872
9997448
9998349
9998405
9998412
9999372
10000456
10001416
10002693
10003201
10003716
10004224
10006533
10007556
10010637
10010757
10010761
10011145
10012808
10013192
10014725
10014729
10014732
10016776
10018821
10019329
10027174
10027206
10027236
10027334
10027398
10027426
10027872
10028196
10028420
10028448
10028832
10029218
10029250
10029280
10029664
10030240
10031142
10031174
10031204
10031712
10032164
10032672
10035238
10035462
10035490
10036000
10037282
10037792
10039302
10039330
10039332
10039840
10043526
10044548
10045570
10046592
10047494
10048516
10051590
10053634
10059972
10060100
10060164
10060608
10060932
10061060
10061184
10061568
10062016
10062400
10062976
10063940
10064900
10068228
10068736
10072068
10076292
10078336
10080260
10084356
10092627
10092739
10092753
10092867
10092882
10092931
10093137
10093377
10093392
10093968
10094352
10094674
10094786
10094800
10095184
10095760
10096707
10097217
10098754
10099264
10100755
10100995
10101010
10102032
10102802
10103824
10104835
10106882
10108947
10109059
10109073
10109457
10110096
10110480
10113027
10113537
10117123
10117137
10117138
10118160
10125505
10125633
10125697
10125889
10126081
10126144
10126720
10127104
10127552
10127936
10128512
10129473
10131520
10133761
10134784
10137601
10141825
10142209
10145793
10149889
10158274
10158402
10158466
10158912
10159488
10159872
10160194
10160258
10160320
10160704
10161280
10162242
10162752
10166530
10168322
10170370
10174594
10175616
10178562
10182658
10487323
10487325
10487326
10487339
10487341
10487342
10487347
10487349
10487350
10488347
10488349
10488350
10488363
10488365
10488366
10488371
10488373
10488374
10488859
10488861
10488862
10488875
10488877
10488878
10488883
10488885
10488886
10490659
10491046
10491427
10491429
10491430
10492005
10492451
10492453
10492454
10492963
10492965
10492966
10494742
10495125
10495507
10495509
10495510
10496083
10496531
10496533
10496534
10497043
10497045
10497046
10498243
10498245
10498246
10498371
10498373
10498374
10498435
10498437
10498438
10498819
10498821
10498822
10499203
10499205
10499206
10499587
10499589
10499590
10500163
10500165
10500166
10500611
10500613
10500614
10501123
10501125
10501126
10502925
10503307
10503691
10503693
10503694
10504270
10504715
10504717
10504718
10505227
10505229
10505230
10506435
10506437
10506438
10506563
10506565
10506566
10506627
10506629
10506630
10507011
10507013
10507014
10507395
10507397
10507398
10507779
10507781
10507782
10508355
10508357
10508358
10508803
10508805
10508806
10509315
10509317
10509318
10510531
10510533
10510534
10510659
10510661
10510662
10510723
10510725
10510726
10511107
10511109
10511110
10511491
10511493
10511494
10511875
10511877
10511878
10512451
10512453
10512454
10512899
10512901
10512902
10513411
10513413
10513414
10519324
10519732
10520092
10520108
10520116
10520684
10521116
10521132
10521140
10521628
10521644
10521652
10522852
10523812
10524772
10525732
10527124
10527508
10527892
10528276
10531012
10531140
10531204
10531972
10535244
10535692
10537036
10537484
10539204
10539332
10539396
10541124
10543300
10543428
10543492
10543876
10552114
10552490
10552858
10552874
10552882
10553434
10553882
10553898
10553906
10554394
10554410
10554418
10555810
10556194
10556578
10556962
10559826
10560274
10561618
10562066
10563778
10563906
10563970
10564354
10567882
10568842
10569802
10570762
10571970
10572098
10572162
10572930
10576066
10576194
10576258
10577986
10584280
10584296
10584304
10584408
10584424
10584432
10584472
10584488
10584496
10584856
10584872
10584880
10585240
10585256
10585264
10585624
10585640
10585648
10586200
10586216
10586224
10586648
10586664
10586672
10587160
10587176
10587184
10588384
10588512
10588576
10589344
10592464
10592592
10592656
10593040
10596544
10596672
10596736
10600648
10600776
10600840
10602568
10604736
10604864
10604928
10608832
10608960
10609024
10617641
10618009
10618393
10618409
10618417
10618993
10619417
10619433
10619441
10619929
10619945
10619953
10621281
10621729
10623073
10623521
10625233
10626193
10627153
10628113
10629313
10629441
10629505
10631233
10633609
10633993
10634377
10634761
10637505
10637633
10637697
10638081
10641601
10641729
10641793
10642561
10649816
10649832
10649840
10649944
10649960
10649968
10650008
10650024
10650032
10650392
10650408
10650416
10650776
10650792
10650800
10651160
10651176
10651184
10651736
10651752
10651760
10652184
10652200
10652208
10652696
10652712
10652720
10653920
10654048
10654112
10655840
10658000
10658128
10658192
10658960
10662080
10662208
10662272
10666184
10666312
10666376
10666760
10670272
10670400
10670464
10674368
10674496
10674560
10682584
10682600
10682608
10682712
10682728
10682736
10682776
10682792
10682800
10683160
10683176
10683184
10683544
10683560
10683568
10683928
10683944
10683952
10684504
10684520
10684528
10684952
10684968
10684976
10685464
10685480
10685488
10686688
10686816
10686880
10687264
10690768
10690896
10690960
10692688
10694848
10694976
10695040
10698952
10699080
10699144
10699912
10703040
10703168
10703232
10707136
10707264
10707328
10748446
10748462
10748470
10748694
10748700
10748722
10748955
10748971
10748979
10749067
10749081
10749098
10749466
10749482
10749490
10749981
10749997
10750005
10750053
10750060
10750065
10750492
10750508
10750516
10751001
10751017
10751025
10752166
10752291
10752387
10752389
10752390
10752418
10752550
10752774
10752802
10753059
10753155
10753186
10753570
10754085
10754596
10755105
10756179
10756245
10756291
10756293
10756294
10756305
10756630
10757139
10757251
10757265
10757650
10758165
10758213
10758225
10758676
10759185
10760323
10760325
10760326
10760710
10761219
10761345
10761346
10761730
10762245
10762756
10763265
10764366
10764557
10764611
10764613
10764614
10764620
10764814
10765062
10765068
10765323
10765834
10766349
10766405
10766412
10766860
10767369
10768643
10768645
10768646
10768902
10769154
10769156
10769411
10769922
10770437
10770948
10771457
10772547
10772549
10772550
10772998
10773507
10774018
10774533
10774593
10774596
10775044
10775553
10780852
10780900
10780912
10781040
10781076
10781104
10781236
10781460
10781488
10781872
10782256
10782772
10782820
10782832
10783252
10783268
10783280
10783792
10784932
10785156
10785184
10785952
10786852
10787872
10789012
10789060
10789072
10789396
10790032
10790416
10793092
10794112
10797380
10797828
10799172
10799620
10801412
10803204
10805316
10805764
10813530
10813642
10813656
10813778
10813784
10813848
10813978
10814226
10814232
10814490
10814602
10814616
10814986
10814994
10815000
10815576
10816024
10816536
10817922
10818306
10818690
10819074
10821714
10821826
10821840
10822162
10823760
10824208
10825858
10826242
10829898
10830146
10830152
10830858
10831944
10832904
10834178
10834946
10838082
10840128
10846416
10846544
10846608
10846992
10847376
10847760
10848336
10848784
10849296
10850688
10851456
10854480
10854544
10854592
10854928
10858624
10862912
10864704
10866944
10870848
10879208
10879273
10879329
10879336
10879369
10879400
10879784
10880041
10880137
10880168
10880552
10881065
10881121
10881128
10881576
10882057
10882081
10882088
10883361
10883457
10883488
10883872
10885153
10885664
10887361
10888321
10889281
10890241
10891393
10893313
10895625
10895681
10895688
10896136
10896393
10896904
10899713
10900224
10903617
10904577
10911968
10912096
10912160
10912544
10912928
10913312
10913888
10914336
10914848
10916000
10916128
10916224
10917920
10920128
10921088
10924160
10928448
10928896
10932480
10936384
10944712
10944840
10944904
10945288
10945672
10946056
10946632
10947080
10947592
10948992
10949376
10952896
10954816
10956928
10960968
10961160
10961216
10961928
10965248
10969152
11010587
11010603
11010611
11010851
11010857
11010866
11011101
11011117
11011125
11011221
11011225
11011252
11011609
11011625
11011633
11012126
11012142
11012150
11012174
11012186
11012204
11012634
11012650
11012658
11013148
11013164
11013172
11014245
11014310
11014339
11014341
11014342
11014372
11014691
11015205
11015301
11015332
11015713
11016230
11016262
11016292
11016738
11017252
11018323
11018518
11018563
11018565
11018566
11018578
11018771
11019011
11019026
11019285
11019793
11020310
11020358
11020370
11020818
11021332
11022403
11022405
11022406
11022851
11023365
11023873
11024390
11024450
11024452
11024898
11025412
11026571
11026701
11026819
11026821
11026822
11026825
11026955
11027203
11027209
11027469
11027589
11027593
11027977
11028494
11029002
11029516
11030659
11030661
11030662
11031043
11031557
11031681
11031684
11032065
11032582
11033090
11033604
11034883
11034885
11034886
11035139
11035393
11035394
11035653
11036161
11036678
11037186
11037700
11043032
11043100
11043148
11043160
11043220
11043224
11043608
11043868
11043988
11043992
11044376
11044892
11044940
11044952
11045400
11045900
11045908
11045912
11047108
11048068
11049028
11049988
11051284
11051332
11051344
11051792
11052052
11052560
11055172
11056132
11059468
11059588
11059592
11059976
11061260
11061768
11063428
11065348
11067652
11068160
11075754
11075786
11075816
11075944
11076002
11076008
11076138
11076386
11076392
11076776
11077160
11077674
11077706
11077736
11078154
11078178
11078184
11078696
11079842
11079874
11079904
11080226
11080864
11081248
11084098
11084546
11085890
11086338
11087938
11088386
11092106
11092354
11092360
11093128
11094026
11095048
11096194
11097216
11100418
11102210
11108552
11108680
11108744
11109128
11109512
11109896
11110472
11110920
11111432
11112640
11113600
11116864
11117312
11120704
11124872
11125000
11125120
11126792
11128960
11133184
11141233
11141329
11141360
11141473
11141488
11141552
11141681
11141921
11141936
11142193
11142289
11142320
11142673
11142689
11142704
11143280
11143728
11144240
11145313
11145409
11145440
11145761
11147360
11147808
11149393
11149633
11149648
11150353
11151440
11152400
11153473
11155520
11157889
11158273
11158657
11159041
11161729
11162113
11165953
11166721
11174096
11174224
11174288
11174672
11175056
11175440
11176016
11176464
11176976
11178176
11180096
11182160
11182352
11182400
11183120
11186240
11190656
11191040
11194496
11198720
11206880
11207008
11207072
11207456
11207840
11208224
11208800
11209248
11209760
11210848
11210912
11210944
11211296
11215168
11216960
11219008
11223424
11224192
11227264
11231488
11272219
11272221
11272222
11272235
11272237
11272238
11272243
11272245
11272246
11272270
11272275
11272282
11272293
11272300
11272305
11272331
11272341
11272345
11272358
11272362
11272372
11272387
11272389
11272390
11272394
11272401
11272408
11272420
11272424
11272432
11272461
11272470
11272476
11272483
11272489
11272498
11272515
11272517
11272518
11272524
11272530
11272536
11272545
11272552
11272560
11272579
11272581
11272582
11272585
11272596
11272600
11272610
11272616
11272624
11272730
11272746
11272754
11272978
11272984
11272994
11273000
11273008
11273241
11273257
11273265
11273353
11273361
11273368
11273384
11273392
11273752
11273768
11273776
11274268
11274284
11274292
11274316
11274328
11274340
11274344
11274352
11274776
11274792
11274800
11275288
11275304
11275312
11276323
11276325
11276326
11276419
11276421
11276422
11276450
11276452
11276834
11277345
11277441
11277472
11277856
11278372
11278880
11279392
11280403
11280405
11280406
11280451
11280453
11280454
11280465
11280466
11280914
11281425
11281936
11282452
11282500
11282512
11282960
11283472
11284483
11284485
11284486
11284994
11285505
11286016
11286532
11287040
11287552
11288587
11288589
11288590
11288835
11288837
11288838
11288841
11288844
11289098
11289346
11289352
11289609
11290120
11290636
11291144
11291656
11292675
11292677
11292678
11293186
11293697
11294208
11294724
11295232
11295744
11296771
11296773
11296774
11297282
11297793
11298304
11298820
11299328
11299840
11305108
11305156
11305168
11305236
11305284
11305296
11305348
11305360
11305744
11306128
11306512
11307028
11307076
11307088
11307536
11308048
11309188
11310208
11311108
11312128
11313172
11313220
11313232
11313680
11314192
11314688
11317252
11318272
11321604
11322112
11323396
11323904
11325444
11327488
11329540
11330048
11337802
11337866
11337922
11337928
11338050
11338056
11338114
11338120
11338250
11338498
11338504
11338888
11339272
11339848
11340296
11340808
11341954
11342338
11342976
11343360
11345986
11346434
11348032
11348480
11350018
11350528
11354122
11354370
11354376
11355144
11356168
11357184
11358210
11359232
11362306
11364352
11370688
11370816
11370880
11371264
11371648
11372032
11372608
11373056
11373568
11374720
11375616
11378752
11379200
11382784
11387136
11388928
11390976
11395072
11403361
11403457
11403488
11403553
11403585
11403616
11403649
11403680
11404064
11404321
11404417
11404448
11404832
11405408
11405856
11406368
11407393
11407489
11407520
11407904
11409440
11409920
11411521
11412481
11413568
11414528
11415553
11417600
11419905
11420416
11420673
11421184
11423745
11424256
11427841
11428864
11436224
11436352
11436416
11436800
11437184
11437568
11438144
11438592
11439104
11440256
11442176
11444288
11445248
11448320
11452672
11452928
11456512
11460608
11468992
11469120
11469184
11469568
11469952
11470336
11470912
11471360
11471872
11473024
11473408
11477056
11479040
11481088
11485440
11486208
11489280
11493376
11534877
11534893
11534901
11535117
11535132
11535145
11535390
11535406
11535414
11535526
11535530
11535540
11535900
11535916
11535924
11536411
11536427
11536435
11536467
11536474
11536497
11536921
11536937
11536945
11537434
11537450
11537458
11538533
11538723
11538755
11538757
11538758
11538785
11538981
11539205
11539233
11539494
11540004
11540515
11540547
11540577
11541025
11541538
11542677
11542806
11542915
11542917
11542918
11542932
11543061
11543301
11543316
11543574
11543686
11543700
11544084
11544595
11545105
11545618
11546883
11546885
11546886
11547141
11547393
11547396
11547654
11548164
11548675
11549185
11549698
11550798
11550859
11550915
11550917
11550918
11550922
11551245
11551758
11551878
11551882
11552268
11552779
11552835
11552842
11553289
11553802
11554883
11554885
11554886
11555333
11555846
11556356
11556867
11556929
11556930
11557377
11557890
11559043
11559045
11559046
11559429
11559942
11560066
11560068
11560452
11560963
11561473
11561986
11567212
11567332
11567336
11567436
11567464
11567528
11567660
11567884
11567912
11568172
11568292
11568296
11568652
11568676
11568680
11569256
11569704
11570216
11571300
11571524
11571552
11572260
11573344
11574304
11575684
11576068
11576452
11576836
11579652
11580420
11583564
11583684
11583688
11584012
11585608
11586056
11587652
11589696
11591812
11592196
11600112
11600178
11600210
11600240
11600290
11600304
11600688
11600946
11601058
11601072
11601456
11601970
11602002
11602032
11602480
11602962
11602978
11602992
11604258
11604290
11604320
11604768
11605026
11605536
11608338
11608450
11608464
11608848
11610130
11610640
11612418
11612928
11616450
11617410
11618370
11619330
11620418
11621378
11624578
11626498
11632864
11632992
11633056
11633440
11633824
11634208
11634784
11635232
11635744
11636832
11637024
11637056
11637792
11641216
11641600
11645184
11649216
11651136
11653184
11657344
11665561
11665617
11665624
11665752
11665801
11665816
11665945
11666185
11666200
11666584
11666968
11667481
11667537
11667544
11667977
11667985
11667992
11668504
11669825
11670273
11671617
11672065
11673745
11673985
11674000
11674768
11675665
11676688
11677953
11679745
11681929
11681985
11681992
11682313
11682952
11683336
11685953
11686401
11690113
11691136
11698376
11698504
11698568
11698952
11699336
11699720
11700296
11700744
11701256
11702592
11704384
11706752
11707520
11710720
11714632
11714696
11714752
11715080
11718720
11722880
11731152
11731280
11731344
11731728
11732112
11732496
11733072
11733520
11734032
11735360
11735808
11739280
11739408
11739520
11741200
11743488
11747520
11748480
11751488
11755648
11796507
11796509
11796510
11796523
11796525
11796526
11796531
11796533
11796534
11796558
11796563
11796570
11796581
11796588
11796593
11796619
11796629
11796633
11796646
11796650
11796660
11796675
11796677
11796678
11796682
11796689
11796696
11796708
11796712
11796720
11796749
11796758
11796764
11796771
11796777
11796786
11796803
11796805
11796806
11796812
11796818
11796824
11796833
11796840
11796848
11796867
11796869
11796870
11796873
11796884
11796888
11796898
11796904
11796912
11797020
11797036
11797044
11797260
11797268
11797272
11797288
11797296
11797530
11797546
11797554
11797642
11797656
11797666
11797672
11797680
11798040
11798056
11798064
11798553
11798569
11798577
11798609
11798616
11798625
11798632
11798640
11799064
11799080
11799088
11799576
11799592
11799600
11800611
11800613
11800614
11800835
11800837
11800838
11800865
11800866
11801124
11801348
11801376
11801634
11802144
11802657
11803168
11803680
11804691
11804693
11804694
11804803
11804805
11804806
11804817
11804820
11805204
11805714
11805826
11805840
11806224
11806737
11807248
11807760
11808771
11808773
11808774
11809284
11809794
11810304
11810817
11811328
11811840
11812875
11812877
11812878
11812931
11812933
11812934
11812938
11812940
11813388
11813898
11814408
11814921
11814977
11814984
11815432
11815944
11816963
11816965
11816966
11817476
11817986
11818496
11819009
11819520
11820032
11821059
11821061
11821062
11821572
11822082
11822592
11823105
11823616
11824128
11829348
11829412
11829444
11829472
11829572
11829600
11829636
11829664
11829796
11830020
11830048
11830432
11830816
11831392
11831840
11832352
11833380
11833604
11833632
11834400
11835424
11836416
11837572
11837956
11838592
11838976
11841540
11842560
11845700
11846148
11847744
11848192
11849732
11851776
11853828
11854336
11862098
11862210
11862224
11862290
11862338
11862352
11862402
11862416
11862800
11863058
11863170
11863184
11863568
11864144
11864592
11865104
11866370
11866880
11867138
11867648
11870226
11870338
11870352
11870736
11872272
11872768
11874306
11874816
11878466
11879426
11880512
11881472
11882498
11883520
11886594
11888640
11894976
11895104
11895168
11895552
11895936
11896320
11896896
11897344
11897856
11899136
11899904
11903104
11903488
11907072
11911232
11913216
11915264
11919360
11927689
11927745
11927752
11927817
11927873
11927880
11927937
11927944
11928328
11928712
11929096
11929609
11929665
11929672
11930120
11930632
11931905
11932416
11933697
11934208
11935873
11936896
11937793
11938816
11939841
11941888
11943945
11944001
11944008
11944456
11944968
11945472
11948033
11948544
11952129
11953152
11960512
11960640
11960704
11961088
11961472
11961856
11962432
11962880
11963392
11964672
11966464
11968640
11969536
11972608
11976768
11977216
11980800
11984896
11993280
11993408
11993472
11993856
11994240
11994624
11995200
11995648
11996160
11997440
11997696
12001408
12003328
12005376
12009536
12010496
12013568
12017664
12058651
12058653
12058654
12058667
12058669
12058670
12058675
12058677
12058678
12058702
12058707
12058714
12058725
12058732
12058737
12058763
12058773
12058777
12058790
12058794
12058804
12058819
12058821
12058822
12058826
12058833
12058840
12058852
12058856
12058864
12058893
12058902
12058908
12058915
12058921
12058930
12058947
12058949
12058950
12058956
12058962
12058968
12058977
12058984
12058992
12059011
12059013
12059014
12059017
12059028
12059032
12059042
12059048
12059056
12059161
12059177
12059185
12059401
12059416
12059425
12059432
12059440
12059676
12059692
12059700
12059796
12059800
12059812
12059816
12059824
12060184
12060200
12060208
12060698
12060714
12060722
12060746
12060754
12060760
12060776
12060784
12061208
12061224
12061232
12061720
12061736
12061744
12062755
12062757
12062758
12062787
12062789
12062790
12062817
12062820
12063265
12063780
12064288
12064802
12064834
12064864
12065312
12065824
12066835
12066837
12066838
12067075
12067077
12067078
12067090
12067092
12067345
12067585
12067600
12067860
12068368
12068882
12069392
12069904
12070915
12070917
12070918
12071425
12071940
12072448
12072962
12073472
12073984
12075019
12075021
12075022
12075139
12075141
12075142
12075145
12075146
12075529
12076044
12076164
12076168
12076552
12077066
12077576
12078088
12079107
12079109
12079110
12079617
12080132
12080640
12081154
12081664
12082176
12083203
12083205
12083206
12083713
12084228
12084736
12085250
12085760
12086272
12091468
12091588
12091592
12091660
12091716
12091720
12091780
12091784
12092168
12092428
12092548
12092552
12092936
12093512
12093960
12094472
12095556
12096516
12097600
12098560
12099844
12100352
12100612
12101120
12103684
12104704
12107788
12107908
12107912
12108296
12109832
12110336
12111876
12113920
12115972
12116480
12124322
12124354
12124384
12124450
12124482
12124512
12124546
12124576
12124960
12125344
12125728
12126242
12126274
12126304
12126752
12127264
12128290
12128322
12128352
12128800
12129312
12129792
12132610
12133120
12134402
12134912
12136450
12136960
12140674
12141696
12142594
12143616
12144642
12145664
12148738
12150784
12157120
12157248
12157312
12157696
12158080
12158464
12159040
12159488
12160000
12161088
12162048
12165376
12165632
12169216
12173440
12175360
12177408
12181504
12189777
12189841
12189889
12189904
12190017
12190032
12190081
12190096
12190225
12190465
12190480
12190864
12191248
12191824
12192272
12192784
12193857
12194305
12195904
12196352
12197905
12198145
12198160
12198928
12199952
12200960
12201985
12204032
12206209
12206593
12207232
12207616
12210177
12210688
12214273
12215296
12222656
12222784
12222848
12223232
12223616
12224000
12224576
12225024
12225536
12226624
12228608
12230912
12231680
12234752
12238976
12239360
12242944
12247040
12255424
12255552
12255616
12256000
12256384
12256768
12257344
12257792
12258304
12259392
12259840
12263680
12265472
12267520
12271744
12272640
12275712
12279808
12584475
12584477
12584478
12584491
12584493
12584494
12584499
12584501
12584502
12585499
12585501
12585502
12585515
12585517
12585518
12585523
12585525
12585526
12586011
12586013
12586014
12586027
12586029
12586030
12586035
12586037
12586038
12587598
12588301
12588555
12588557
12588558
12589195
12589579
12589581
12589582
12590091
12590093
12590094
12591717
12592419
12592675
12592677
12592678
12593318
12593699
12593701
12593702
12594211
12594213
12594214
12595395
12595397
12595398
12595523
12595525
12595526
12595587
12595589
12595590
12595779
12595781
12595782
12596483
12596485
12596486
12596739
12596741
12596742
12597379
12597381
12597382
12597763
12597765
12597766
12598275
12598277
12598278
12599891
12600598
12600851
12600853
12600854
12601493
12601875
12601877
12601878
12602387
12602389
12602390
12603587
12603589
12603590
12603715
12603717
12603718
12603779
12603781
12603782
12603971
12603973
12603974
12604675
12604677
12604678
12604931
12604933
12604934
12605571
12605573
12605574
12605955
12605957
12605958
12606467
12606469
12606470
12607683
12607685
12607686
12607811
12607813
12607814
12607875
12607877
12607878
12608067
12608069
12608070
12608771
12608773
12608774
12609027
12609029
12609030
12609667
12609669
12609670
12610051
12610053
12610054
12610563
12610565
12610566
12616305
12617001
12617241
12617257
12617265
12617881
12618265
12618281
12618289
12618777
12618793
12618801
12620169
12621065
12621961
12622857
12624225
12624481
12625185
12625441
12628161
12628289
12628353
12629249
12632273
12632657
12634257
12634641
12636353
12636481
12636545
12638337
12640449
12640577
12640641
12640833
12649068
12649756
12650012
12650028
12650036
12650676
12651036
12651052
12651060
12651548
12651564
12651572
12652876
12653132
12653836
12654092
12656868
12657252
12658852
12659236
12660932
12661060
12661124
12661316
12665236
12666132
12667028
12667924
12669124
12669252
12669316
12670212
12673220
12673348
12673412
12675204
12681432
12681448
12681456
12681560
12681576
12681584
12681624
12681640
12681648
12681816
12681832
12681840
12682520
12682536
12682544
12682776
12682792
12682800
12683416
12683432
12683440
12683800
12683816
12683824
12684312
12684328
12684336
12685512
12685640
12685704
12686600
12689632
12689760
12689824
12690016
12693696
12693824
12693888
12697808
12697936
12698000
12699792
12701888
12702016
12702080
12705984
12706112
12706176
12714586
12715314
12715546
12715562
12715570
12716202
12716570
12716586
12716594
12717082
12717098
12717106
12718282
12718666
12720266
12720650
12722594
12723490
12724386
12725282
12726466
12726594
12726658
12728450
12730706
12730962
12731666
12731922
12734658
12734786
12734850
12735042
12738754
12738882
12738946
12739842
12746968
12746984
12746992
12747096
12747112
12747120
12747160
12747176
12747184
12747352
12747368
12747376
12748056
12748072
12748080
12748312
12748328
12748336
12748952
12748968
12748976
12749336
12749352
12749360
12749848
12749864
12749872
12751048
12751176
12751240
12753032
12755168
12755296
12755360
12756256
12759232
12759360
12759424
12763344
12763472
12763536
12763728
12767424
12767552
12767616
12771520
12771648
12771712
12779736
12779752
12779760
12779864
12779880
12779888
12779928
12779944
12779952
12780120
12780136
12780144
12780824
12780840
12780848
12781080
12781096
12781104
12781720
12781736
12781744
12782104
12782120
12782128
12782616
12782632
12782640
12783816
12783944
12784008
12784200
12787936
12788064
12788128
12789920
12792000
12792128
12792192
12796112
12796240
12796304
12797200
12800192
12800320
12800384
12804288
12804416
12804480
12845598
12845614
12845622
12845646
12845658
12845676
12846107
12846123
12846131
12846371
12846377
12846386
12846618
12846634
12846642
12847133
12847149
12847157
12847253
12847257
12847284
12847644
12847660
12847668
12848153
12848169
12848177
12849291
12849421
12849539
12849541
12849542
12849545
12849678
12850187
12850435
12850441
12850698
12851213
12851333
12851337
12851724
12852233
12853349
12853414
12853443
12853445
12853446
12853476
12853798
12853830
12853860
12854307
12854818
12855333
12855429
12855460
12855844
12856353
12857475
12857477
12857478
12857862
12858371
12858882
12859397
12859521
12859524
12859908
12860417
12861523
12861718
12861763
12861765
12861766
12861778
12861974
12862022
12862034
12862483
12862723
12862738
12862994
12863509
12864020
12864529
12865795
12865797
12865798
12866054
12866563
12866817
12866818
12867074
12867589
12868100
12868609
12869699
12869701
12869702
12870150
12870210
12870212
12870659
12871170
12871685
12872196
12872705
12877937
12878033
12878064
12878177
12878192
12878256
12878448
12878897
12879137
12879152
12879408
12879921
12880017
12880048
12880432
12880913
12880929
12880944
12882305
12883201
12884097
12884993
12886113
12886209
12886240
12886624
12887073
12887584
12890241
12891137
12894289
12894529
12894544
12894800
12896273
12896784
12898561
12900353
12902465
12902976
12910808
12910876
12910924
12910936
12910996
12911000
12911132
12911180
12911192
12911896
12912152
12912668
12912788
12912792
12913164
12913172
12913176
12913688
12914956
12915076
12915080
12915212
12915976
12916232
12918980
12919364
12920964
12921348
12923012
12923396
12927252
12927300
12927312
12928272
12929044
12930064
12931332
12932352
12935236
12937220
12943568
12943696
12943760
12943952
12944656
12944912
12945552
12945936
12946448
12947840
12948736
12951744
12952128
12955776
12959824
12960016
12960064
12961808
12964096
12968000
12976298
12976330
12976360
12976488
12976546
12976552
12976682
12976714
12976744
12977194
12977442
12977448
12977674
12977698
12977704
12978344
12978728
12979240
12980362
12980610
12980616
12980746
12982408
12982792
12984482
12984514
12984544
12985378
12986528
12987424
12988546
12990592
12992834
12993090
12993794
12994050
12996866
12997122
13000770
13001730
13009120
13009248
13009312
13009504
13010208
13010464
13011104
13011488
13012000
13013376
13015168
13017184
13017248
13017280
13018144
13021312
13025600
13025856
13029632
13033536
13041864
13041992
13042056
13042248
13042952
13043208
13043848
13044232
13044744
13045896
13046024
13046144
13046280
13050048
13052032
13054080
13058368
13059328
13062400
13066304
13107739
13107755
13107763
13107795
13107802
13107825
13108253
13108269
13108277
13108493
13108508
13108521
13108761
13108777
13108785
13109278
13109294
13109302
13109414
13109418
13109428
13109786
13109802
13109810
13110300
13110316
13110324
13111374
13111435
13111491
13111493
13111494
13111498
13111819
13111875
13111882
13112333
13112841
13113358
13113478
13113482
13113866
13114380
13115493
13115683
13115715
13115717
13115718
13115745
13115939
13115971
13116001
13116453
13116677
13116705
13116961
13117478
13117986
13118500
13119555
13119557
13119558
13120003
13120065
13120066
13120517
13121025
13121542
13122050
13122564
13123733
13123862
13123971
13123973
13123974
13123988
13124115
13124629
13124869
13124884
13125137
13125654
13125766
13125780
13126162
13126676
13127811
13127813
13127814
13128195
13128709
13129217
13129734
13129858
13129860
13130242
13130756
13132035
13132037
13132038
13132291
13132805
13133057
13133060
13133313
13133830
13134338
13134852
13140121
13140177
13140184
13140312
13140361
13140376
13140505
13140561
13140568
13141017
13141257
13141272
13141513
13141521
13141528
13142168
13142552
13143064
13144201
13144257
13144264
13145097
13146248
13147144
13148481
13148737
13149441
13149697
13152321
13153281
13156497
13156737
13156752
13156881
13158544
13158928
13160577
13162624
13164801
13165057
13172844
13172964
13172968
13173068
13173096
13173160
13173352
13173804
13174028
13174056
13174312
13174828
13174948
13174952
13175336
13175820
13175844
13175848
13176908
13177028
13177032
13177416
13177868
13178376
13181028
13181252
13181280
13181536
13183012
13183520
13185092
13185600
13189508
13190404
13191300
13192196
13193348
13194244
13197572
13199364
13205704
13205832
13205896
13206088
13206792
13207048
13207688
13208072
13208584
13209672
13209736
13209792
13210632
13214016
13214272
13217856
13222272
13224064
13226112
13230336
13238512
13238578
13238610
13238640
13238690
13238704
13238834
13238866
13238896
13239600
13239856
13240370
13240482
13240496
13240850
13240866
13240880
13241392
13242562
13242946
13244546
13244930
13246754
13246786
13246816
13247776
13248546
13249568
13250626
13252610
13254930
13255042
13255056
13255186
13255952
13256208
13258882
13259266
13263106
13264128
13271248
13271376
13271440
13271632
13272336
13272592
13273232
13273616
13274128
13275328
13277312
13279552
13280512
13283392
13287568
13287696
13287808
13287952
13291648
13295872
13304032
13304160
13304224
13304416
13305120
13305376
13306016
13306400
13306912
13308096
13308480
13312096
13312288
13312320
13314080
13316160
13320576
13321472
13324416
13328640
13369371
13369373
13369374
13369387
13369389
13369390
13369395
13369397
13369398
13369422
13369427
13369434
13369445
13369452
13369457
13369483
13369493
13369497
13369510
13369514
13369524
13369539
13369541
13369542
13369546
13369553
13369560
13369572
13369576
13369584
13369613
13369622
13369628
13369635
13369641
13369650
13369667
13369669
13369670
13369676
13369682
13369688
13369697
13369704
13369712
13369731
13369733
13369734
13369737
13369748
13369752
13369762
13369768
13369776
13369882
13369898
13369906
13369930
13369938
13369944
13369960
13369968
13370393
13370409
13370417
13370633
13370648
13370657
13370664
13370672
13370904
13370920
13370928
13371420
13371436
13371444
13371540
13371544
13371556
13371560
13371568
13371928
13371944
13371952
13372440
13372456
13372464
13373451
13373453
13373454
13373571
13373573
13373574
13373577
13373578
13373962
13374473
13374984
13375500
13375620
13375624
13376008
13376520
13377571
13377573
13377574
13377603
13377605
13377606
13377633
13377636
13378082
13378114
13378144
13378593
13379104
13379620
13380128
13380640
13381635
13381637
13381638
13382146
13382657
13383168
13383684
13384192
13384704
13385747
13385749
13385750
13385987
13385989
13385990
13386002
13386004
13386258
13386769
13387009
13387024
13387280
13387796
13388304
13388816
13389827
13389829
13389830
13390338
13390849
13391360
13391876
13392384
13392896
13393923
13393925
13393926
13394434
13394945
13395456
13395972
13396480
13396992
13402193
13402257
13402305
13402320
13402433
13402448
13402497
13402512
13402704
13403153
13403393
13403408
13403664
13404304
13404688
13405200
13406337
13407233
13408384
13409280
13410369
13410880
13411329
13411840
13414401
13415424
13418513
13418753
13418768
13419024
13420560
13421056
13422593
13424640
13426689
13427200
13434956
13435076
13435080
13435148
13435204
13435208
13435268
13435272
13435464
13436168
13436424
13436940
13437060
13437064
13437448
13437960
13438988
13439108
13439112
13439496
13440008
13440512
13443140
13443648
13445124
13445632
13447172
13447680
13451524
13452544
13453316
13454336
13455364
13456384
13459460
13461504
13467840
13467968
13468032
13468224
13468928
13469184
13469824
13470208
13470720
13471872
13472768
13475904
13476352
13479936
13484288
13486080
13488128
13492224
13500578
13500610
13500640
13500706
13500738
13500768
13500802
13500832
13500962
13500994
13501024
13501728
13501984
13502624
13503008
13503520
13504642
13505026
13506688
13507072
13508642
13508674
13508704
13509664
13510688
13511680
13512706
13514752
13517058
13517314
13518080
13518336
13520898
13521408
13524994
13526016
13533376
13533504
13533568
13533760
13534464
13534720
13535360
13535744
13536256
13537408
13539328
13541440
13542400
13545472
13549824
13550080
13553664
13557760
13566144
13566272
13566336
13566528
13567232
13567488
13568128
13568512
13569024
13570176
13570560
13574208
13576192
13578240
13582592
13583360
13586432
13590528
13632029
13632045
13632053
13632101
13632108
13632113
13632542
13632558
13632566
13632790
13632796
13632818
13633052
13633068
13633076
13633563
13633579
13633587
13633675
13633689
13633706
13634073
13634089
13634097
13634586
13634602
13634610
13635662
13635853
13635907
13635909
13635910
13635916
13636109
13636165
13636172
13636622
13636870
13636876
13637132
13637643
13638153
13638666
13639846
13639971
13640067
13640069
13640070
13640098
13640229
13640742
13640966
13640994
13641252
13641763
13641859
13641890
13642273
13642786
13644035
13644037
13644038
13644293
13644806
13645058
13645060
13645316
13645827
13646337
13646850
13647955
13648021
13648067
13648069
13648070
13648081
13648405
13648453
13648465
13648918
13649428
13649939
13650051
13650065
13650449
13650962
13652035
13652037
13652038
13652485
13652545
13652548
13652998
13653508
13654019
13654529
13655042
13656195
13656197
13656198
13656581
13657094
13657604
13658115
13658241
13658242
13658625
13659138
13664488
13664553
13664609
13664616
13664649
13664680
13664809
13664865
13664872
13665576
13665832
13666345
13666441
13666472
13666825
13666849
13666856
13667368
13668617
13668673
13668680
13669640
13670409
13671432
13672737
13672833
13672864
13672993
13673760
13674016
13676801
13677824
13680833
13681217
13682817
13683201
13684801
13686785
13688961
13689345
13697204
13697252
13697264
13697392
13697428
13697456
13697588
13697636
13697648
13698100
13698324
13698352
13698580
13698596
13698608
13699248
13699632
13700144
13701444
13701700
13702404
13702660
13705380
13705604
13705632
13705764
13707424
13707808
13709572
13709828
13713556
13713604
13713616
13714452
13715600
13716496
13717572
13718532
13721732
13723776
13730016
13730144
13730208
13730400
13731104
13731360
13732000
13732384
13732896
13734208
13735168
13738144
13738272
13738368
13738528
13742336
13746368
13748352
13750336
13754496
13762650
13762762
13762776
13762898
13762904
13762968
13763160
13763610
13763858
13763864
13764120
13764634
13764746
13764760
13765144
13765642
13765650
13765656
13766730
13766978
13766984
13767240
13768714
13769224
13771138
13772034
13772930
13773826
13775106
13776898
13779026
13779138
13779152
13779536
13779986
13780496
13783106
13783616
13787266
13788162
13795528
13795656
13795720
13795912
13796616
13796872
13797512
13797896
13798408
13799496
13799688
13799744
13801480
13803904
13804800
13807872
13811904
13812288
13815872
13820032
13828304
13828432
13828496
13828688
13829392
13829648
13830288
13830672
13831184
13832512
13832768
13836672
13838464
13840640
13844560
13844624
13844672
13845520
13848640
13852800
13893659
13893661
13893662
13893675
13893677
13893678
13893683
13893685
13893686
13893710
13893715
13893722
13893733
13893740
13893745
13893771
13893781
13893785
13893798
13893802
13893812
13893827
13893829
13893830
13893834
13893841
13893848
13893860
13893864
13893872
13893901
13893910
13893916
13893923
13893929
13893938
13893955
13893957
13893958
13893964
13893970
13893976
13893985
13893992
13894000
13894019
13894021
13894022
13894025
13894036
13894040
13894050
13894056
13894064
13894172
13894188
13894196
13894220
13894232
13894244
13894248
13894256
13894682
13894698
13894706
13894930
13894936
13894946
13894952
13894960
13895192
13895208
13895216
13895705
13895721
13895729
13895817
13895825
13895832
13895848
13895856
13896216
13896232
13896240
13896728
13896744
13896752
13897739
13897741
13897742
13897987
13897989
13897990
13897993
13897996
13898252
13898762
13899010
13899016
13899272
13899785
13900296
13900808
13901859
13901861
13901862
13901955
13901957
13901958
13901986
13901988
13902372
13902882
13903392
13903905
13904001
13904032
13904416
13904928
13905923
13905925
13905926
13906436
13906946
13907456
13907969
13908480
13908992
13910035
13910037
13910038
13910083
13910085
13910086
13910097
13910098
13910548
13910596
13910608
13911058
13911568
13912081
13912592
13913104
13914115
13914117
13914118
13914628
13915138
13915648
13916161
13916672
13917184
13918211
13918213
13918214
13918724
13919234
13919744
13920257
13920768
13921280
13926497
13926593
13926624
13926689
13926721
13926752
13926785
13926816
13927008
13927712
13927968
13928481
13928577
13928608
13928992
13929504
13930753
13931776
13932545
13933568
13934625
13934721
13934752
13935136
13935648
13936128
13938689
13939712
13942849
13943360
13944833
13945344
13946881
13948928
13950977
13951488
13959316
13959364
13959376
13959444
13959492
13959504
13959556
13959568
13959700
13959748
13959760
13960464
13960720
13961360
13961744
13962256
13963524
13963780
13964544
13964800
13967492
13967876
13969536
13969920
13971460
13971968
13975572
13975620
13975632
13976592
13977616
13978624
13979652
13980672
13983748
13985792
13992128
13992256
13992320
13992512
13993216
13993472
13994112
13994496
13995008
13996288
13997056
14000256
14000640
14004224
14008384
14010368
14012416
14016512
14024778
14024842
14024898
14024904
14025026
14025032
14025090
14025096
14025288
14025738
14025986
14025992
14026248
14026888
14027272
14027784
14028810
14029058
14029064
14029320
14030856
14031360
14033026
14033922
14035072
14035968
14036994
14039040
14041154
14041664
14042114
14042624
14045186
14045696
14049282
14050304
14057664
14057792
14057856
14058048
14058752
14059008
14059648
14060032
14060544
14061824
14063616
14065792
14066688
14069760
14073920
14074368
14077952
14082048
14090432
14090560
14090624
14090816
14091520
14091776
14092416
14092800
14093312
14094592
14094848
14098560
14100480
14102528
14106688
14107648
14110720
14114816
14155803
14155805
14155806
14155819
14155821
14155822
14155827
14155829
14155830
14155854
14155859
14155866
14155877
14155884
14155889
14155915
14155925
14155929
14155942
14155946
14155956
14155971
14155973
14155974
14155978
14155985
14155992
14156004
14156008
14156016
14156045
14156054
14156060
14156067
14156073
14156082
14156099
14156101
14156102
14156108
14156114
14156120
14156129
14156136
14156144
14156163
14156165
14156166
14156169
14156180
14156184
14156194
14156200
14156208
14156313
14156329
14156337
14156369
14156376
14156385
14156392
14156400
14156828
14156844
14156852
14157068
14157076
14157080
14157096
14157104
14157336
14157352
14157360
14157850
14157866
14157874
14157962
14157976
14157986
14157992
14158000
14158360
14158376
14158384
14158872
14158888
14158896
14159883
14159885
14159886
14159939
14159941
14159942
14159946
14159948
14160393
14160449
14160456
14160908
14161416
14161930
14162440
14162952
14164003
14164005
14164006
14164227
14164229
14164230
14164257
14164258
14164513
14165028
14165252
14165280
14165536
14166050
14166560
14167072
14168067
14168069
14168070
14168577
14169092
14169600
14170114
14170624
14171136
14172179
14172181
14172182
14172291
14172293
14172294
14172305
14172308
14172689
14173204
14173712
14174226
14174338
14174352
14174736
14175248
14176259
14176261
14176262
14176769
14177284
14177792
14178306
14178816
14179328
14180355
14180357
14180358
14180865
14181380
14181888
14182402
14182912
14183424
14188681
14188737
14188744
14188809
14188865
14188872
14188929
14188936
14189065
14189121
14189128
14189832
14190088
14190728
14191112
14191624
14192649
14192705
14192712
14193672
14194696
14195712
14196993
14197249
14198016
14198272
14200833
14201856
14205057
14205441
14207104
14207488
14209025
14211072
14213121
14213632
14221412
14221476
14221508
14221536
14221636
14221664
14221700
14221728
14221920
14222372
14222596
14222624
14222880
14223520
14223904
14224416
14225476
14225984
14226436
14226944
14229540
14229764
14229792
14230048
14231584
14232064
14233604
14234112
14237828
14238724
14239872
14240768
14241796
14242816
14245892
14247936
14254272
14254400
14254464
14254656
14255360
14255616
14256256
14256640
14257152
14258240
14259200
14262528
14262784
14266368
14270592
14272512
14274560
14278656
14286930
14287042
14287056
14287122
14287170
14287184
14287234
14287248
14287440
14288144
14288400
14288914
14289026
14289040
14289424
14289936
14291010
14291520
14292994
14293504
14295298
14296320
14297090
14298112
14299138
14301184
14303250
14303362
14303376
14303760
14304272
14304768
14307330
14307840
14311426
14312448
14319808
14319936
14320000
14320192
14320896
14321152
14321792
14322176
14322688
14323776
14325760
14328064
14328832
14331904
14336128
14336512
14340096
14344192
14352576
14352704
14352768
14352960
14353664
14353920
14354560
14354944
14355456
14356544
14356992
14360832
14362624
14364672
14368896
14369792
14372864
14376960
16783046
16783126
16783174
16783186
16783238
16783252
16784038
16784070
16784100
16784198
16784262
16784290
16784462
16784582
16784586
16784710
16784716
16784774
16787027
16787139
16787153
16787267
16787282
16787331
16788163
16788259
16788291
16788321
16788355
16788386
16788619
16788675
16788682
16788803
16788867
16788873
16790256
16790322
16790354
16790384
16790434
16790448
16790618
16790730
16790744
16790866
16790872
16790936
16791122
16791234
16791248
16791314
16791362
16791376
16791426
16791440
16791722
16791754
16791784
16791912
16791970
16791976
16792226
16792258
16792288
16792354
16792386
16792416
16792450
16792480
16792650
16792714
16792770
16792776
16792898
16792904
16792962
16792968
16795285
16795333
16795345
16795461
16795525
16795540
16796261
16796357
16796388
16796485
16796513
16796549
16796869
16796941
16796997
16797004
16797061
16797065
16798388
16798436
16798448
16798576
16798612
16798640
16798936
16799004
16799052
16799064
16799124
16799128
16799380
16799428
16799440
16799508
16799556
16799568
16799620
16799632
16799852
16799972
16799976
16800076
16800104
16800168
16800356
16800420
16800452
16800480
16800580
16800608
16800644
16800672
16800844
16800964
16800968
16801036
16801092
16801096
16801156
16801160
16802417
16802513
16802544
16802657
16802672
16802736
16802969
16803025
16803032
16803160
16803209
16803224
16803409
16803473
16803521
16803536
16803649
16803664
16803713
16803728
16804072
16804137
16804193
16804200
16804233
16804264
16804449
16804545
16804576
16804641
16804673
16804704
16804737
16804768
16805001
16805057
16805064
16805129
16805185
16805192
16805249
16805256
16811669
16811798
16811907
16811909
16811910
16811924
16812710
16812835
16812931
16812933
16812934
16812962
16813195
16813325
16813443
16813445
16813446
16813449
16815134
16815382
16815388
16815494
16815508
16815512
16816174
16816294
16816298
16816518
16816546
16816552
16817166
16817286
16817290
16817414
16817420
16817538
16817540
16817544
16818739
16818979
16818994
16819075
16819106
16819120
16819227
16819339
16819353
16819587
16819593
16819608
16819731
16819843
16819857
16819971
16819986
16820097
16820098
16820112
16822442
16822578
16822680
16822690
16822696
16822704
16823322
16823434
16823448
16823570
16823576
16823682
16823688
16823696
16826933
16827029
16827060
16827269
16827284
16827312
16828461
16828685
16828713
16828805
16828809
16828840
16828965
16829061
16829092
16829189
16829217
16829313
16829316
16829344
16830644
16830748
16830868
16830872
16830888
16830896
16832556
16832676
16832680
16832780
16832808
16832900
16832904
16832928
16834713
16834857
16834953
16834968
16834984
16834992
16835121
16835217
16835248
16835361
16835376
16835457
16835472
16835488
16844371
16844437
16844483
16844485
16844486
16844497
16845413
16845478
16845507
16845509
16845510
16845540
16845902
16845963
16846019
16846021
16846022
16846026
16847414
16847526
16847540
16847558
16847588
16847600
16847902
16847950
16847962
16848070
16848074
16848088
16848406
16848454
16848466
16848518
16848532
16848578
16848580
16848592
16851507
16851539
16851569
16851651
16851665
16851696
16853035
16853131
16853162
16853187
16853194
16853224
16853539
16853571
16853601
16853635
16853666
16853697
16853698
16853728
16855130
16855210
16855242
16855256
16855272
16855280
16855602
16855634
16855664
16855714
16855728
16855746
16855760
16855776
16860189
16860309
16860313
16860357
16860369
16860376
16861229
16861285
16861292
16861381
16861412
16861416
16862221
16862277
16862284
16862341
16862345
16862401
16862404
16862408
16863340
16863412
16863448
16863460
16863464
16863472
16864284
16864332
16864344
16864404
16864408
16864452
16864456
16864464
16867441
16867481
16867537
16867544
16867560
16867568
16869417
16869473
16869480
16869513
16869544
16869569
16869576
16869600
16876083
16876085
16876086
16876181
16876198
16876212
16876571
16876573
16876574
16876683
16876693
16876697
16877075
16877077
16877078
16877187
16877189
16877190
16877201
16877204
16877611
16877613
16877614
16877707
16877734
16877738
16878115
16878117
16878118
16878211
16878213
16878214
16878242
16878244
16878603
16878605
16878606
16878723
16878725
16878726
16878729
16878730
16879646
16879662
16879670
16879782
16879786
16879796
16880654
16880662
16880666
16880668
16880774
16880778
16880788
16880792
16883739
16883755
16883763
16883851
16883865
16883882
16884243
16884259
16884273
16884274
16884355
16884369
16884386
16884400
16887834
16887850
16887858
16887946
16887960
16887970
16887976
16887984
16891933
16891949
16891957
16892053
16892057
16892084
16893965
16893989
16893993
16893996
16894085
16894089
16894116
16894120
16896028
16896044
16896052
16896148
16896152
16896164
16896168
16896176
16900121
16900137
16900145
16900233
16900241
16900248
16900264
16900272
16909907
16910102
16910147
16910149
16910150
16910162
16910949
16911139
16911171
16911173
16911174
16911201
16911438
16911629
16911683
16911685
16911686
16911692
16912950
16913174
16913202
16913222
16913234
16913264
16914478
16914510
16914540
16914758
16914764
16914792
16914982
16915014
16915044
16915206
16915234
16915266
16915268
16915296
16917531
16917587
16917594
16917827
16917842
16917848
16918571
16918819
16918825
16918851
16918881
16918888
16919563
16919619
16919626
16919811
16919817
16919873
16919874
16919880
16920666
16920882
16920914
16920920
16920936
16920944
16922666
16922698
16922728
16922914
16922920
16922946
16922952
16922976
16925237
16925285
16925297
16925509
16925537
16925552
16925725
16925965
16925980
16926021
16926028
16926040
16926229
16926277
16926289
16926469
16926484
16926529
16926532
16926544
16928876
16929052
16929100
16929112
16929128
16929136
16929332
16929380
16929392
16929556
16929584
16929604
16929616
16929632
16932977
16933161
16933208
16933217
16933224
16933232
16933913
16933969
16933976
16934153
16934168
16934209
16934216
16934224
16941619
16941621
16941622
16941846
16941859
16941874
16942107
16942109
16942110
16942349
16942358
16942364
16942611
16942613
16942614
16942851
16942853
16942854
16942866
16942868
16943147
16943149
16943150
16943373
16943395
16943401
16943651
16943653
16943654
16943875
16943877
16943878
16943905
16943906
16944139
16944141
16944142
16944387
16944389
16944390
16944393
16944396
16945182
16945198
16945206
16945430
16945436
16945458
16947214
16947238
16947242
16947244
16947462
16947468
16947490
16947496
16949275
16949291
16949299
16949539
16949545
16949554
16950283
16950291
16950297
16950298
16950531
16950537
16950546
16950552
16953370
16953386
16953394
16953618
16953624
16953634
16953640
16953648
16957469
16957485
16957493
16957709
16957724
16957737
16957973
16957989
16958001
16958004
16958213
16958228
16958241
16958256
16961564
16961580
16961588
16961804
16961812
16961816
16961832
16961840
16965657
16965673
16965681
16965897
16965912
16965921
16965928
16965936
16974387
16974389
16974390
16974419
16974437
16974449
16974875
16974877
16974878
16974926
16974931
16974938
16975379
16975381
16975382
16975427
16975429
16975430
16975441
16975442
16975915
16975917
16975918
16975950
16975973
16975980
16976419
16976421
16976422
16976451
16976453
16976454
16976481
16976484
16976907
16976909
16976910
16976963
16976965
16976966
16976970
16976972
16977950
16977966
16977974
16977998
16978010
16978028
16978454
16978470
16978482
16978484
16978502
16978514
16978532
16978544
16982043
16982059
16982067
16982099
16982106
16982129
16984075
16984099
16984105
16984106
16984131
16984138
16984161
16984168
16986138
16986154
16986162
16986186
16986194
16986200
16986216
16986224
16990237
16990253
16990261
16990309
16990316
16990321
16991245
16991253
16991257
16991260
16991301
16991308
16991313
16991320
16994332
16994348
16994356
16994380
16994392
16994404
16994408
16994416
16998425
16998441
16998449
16998481
16998488
16998497
16998504
16998512
17041234
17042148
17042825
17044022
17044134
17044148
17044246
17044274
17044358
17044372
17044386
17044400
17044888
17045266
17045378
17045392
17045928
17046180
17046404
17046432
17046920
17048304
17048603
17048659
17048666
17048715
17048729
17048771
17048778
17048785
17048792
17049170
17049282
17049296
17049832
17050336
17050761
17050817
17050824
17051818
17052210
17052322
17052336
17052698
17052810
17052824
17053202
17053314
17053328
17053864
17054368
17054856
17056624
17057112
17057616
17057837
17057893
17057900
17058061
17058089
17058117
17058124
17058145
17058152
17058404
17058628
17058656
17059081
17059137
17059144
17060124
17060404
17060628
17060656
17061144
17061648
17061932
17062156
17062184
17062436
17062660
17062688
17063176
17064049
17064560
17064985
17065041
17065048
17065552
17066025
17066081
17066088
17066592
17067017
17067073
17067080
17072694
17072806
17072820
17072918
17072946
17073030
17073044
17073058
17073072
17073539
17073938
17074050
17074064
17074565
17074852
17075076
17075104
17075585
17076278
17076390
17076404
17076502
17076530
17076614
17076628
17076642
17076656
17077522
17077634
17077648
17078436
17078660
17078688
17079680
17080371
17080882
17080994
17081008
17081363
17081475
17081489
17081874
17081986
17082000
17084466
17084578
17084592
17085458
17085570
17085584
17088565
17089076
17089300
17089328
17090597
17090821
17090849
17091108
17091332
17091360
17092660
17092884
17092912
17094692
17094916
17094944
17096753
17097264
17105606
17105947
17106003
17106010
17106059
17106073
17106115
17106122
17106129
17106136
17106514
17106626
17106640
17107141
17107652
17108105
17108161
17108168
17109022
17109526
17109638
17109652
17110042
17110154
17110168
17110546
17110658
17110672
17113115
17113171
17113178
17113227
17113241
17113283
17113290
17113297
17113304
17113682
17113794
17113808
17115273
17115329
17115336
17115840
17117210
17117322
17117336
17117714
17117826
17117840
17121309
17122329
17122385
17122392
17123341
17123397
17123404
17124361
17124417
17124424
17125404
17126424
17129497
17129553
17129560
17131529
17131585
17131592
17137813
17138198
17138310
17138324
17138707
17138819
17138833
17139218
17139330
17139344
17139845
17140356
17140865
17141782
17141894
17141908
17142802
17142914
17142928
17145875
17145987
17146001
17146386
17146498
17146512
17149970
17150082
17150096
17154069
17156101
17158164
17162257
17171270
17171779
17172290
17172525
17172581
17172588
17172749
17172777
17172805
17172812
17172833
17172840
17173092
17173316
17173344
17173769
17173825
17173832
17174574
17175078
17175302
17175330
17176620
17176844
17176872
17177124
17177348
17177376
17178667
17179659
17179715
17179722
17180713
17180769
17180776
17181705
17181761
17181768
17182762
17184808
17186861
17186917
17186924
17187085
17187113
17187141
17187148
17187169
17187176
17187428
17187652
17187680
17188105
17188161
17188168
17188672
17190956
17191180
17191208
17191460
17191684
17191712
17195049
17195105
17195112
17196041
17196097
17196104
17203491
17203750
17203974
17204002
17204483
17204994
17205285
17205509
17205537
17205796
17206020
17206048
17206529
17207334
17207558
17207586
17209380
17209604
17209632
17211427
17212419
17215522
17219621
17219845
17219873
17220132
17220356
17220384
17223716
17223940
17223968
17227809
17236046
17236550
17237003
17237059
17237066
17237570
17238029
17238085
17238092
17238596
17239049
17239105
17239112
17240078
17240582
17244171
17244227
17244234
17246217
17246273
17246280
17248266
17252365
17252421
17252428
17253385
17253441
17253448
17256460
17260553
17260609
17260616
17303249
17304482
17304908
17306352
17306840
17307344
17307694
17307726
17307756
17307814
17307818
17307846
17307850
17307876
17307880
17308322
17308354
17308384
17308748
17308868
17308872
17310259
17310291
17310321
17310499
17310514
17310531
17310546
17310561
17310576
17311064
17311313
17311553
17311568
17312104
17312546
17312578
17312608
17313096
17313882
17314354
17314386
17314416
17314904
17315408
17315882
17315914
17315944
17316386
17316418
17316448
17316936
17318832
17318941
17319061
17319065
17319181
17319196
17319301
17319305
17319316
17319320
17319569
17319809
17319824
17320360
17320864
17321228
17321348
17321352
17322164
17322672
17323036
17323156
17323160
17323664
17324076
17324196
17324200
17324704
17325068
17325188
17325192
17326377
17326641
17326881
17326896
17327129
17327369
17327384
17327633
17327873
17327888
17328424
17328928
17329416
17335171
17335325
17335445
17335449
17335565
17335580
17335685
17335689
17335700
17335704
17335953
17336193
17336208
17336710
17337218
17337612
17337732
17337736
17338398
17339420
17339540
17339544
17340430
17340550
17340554
17341452
17341572
17341576
17342491
17342995
17343235
17343250
17343513
17343753
17343768
17344017
17344257
17344272
17346586
17347608
17350685
17350805
17350809
17350925
17350940
17351045
17351049
17351060
17351064
17351313
17351553
17351568
17352972
17353092
17353096
17353600
17354780
17354900
17354904
17356812
17356932
17356936
17358873
17359113
17359128
17359377
17359617
17359632
17367747
17368261
17368769
17369134
17369166
17369196
17369254
17369258
17369286
17369290
17369316
17369320
17369762
17369794
17369824
17370188
17370308
17370312
17371182
17371214
17371244
17371302
17371306
17371334
17371338
17371364
17371368
17371810
17371842
17371872
17372236
17372356
17372360
17372864
17375275
17375779
17375811
17375841
17377322
17377354
17377384
17377826
17377858
17377888
17379370
17379402
17379432
17379874
17379906
17379936
17383469
17384461
17384581
17384585
17385516
17385636
17385640
17386508
17386628
17386632
17387564
17387684
17387688
17388556
17388676
17388680
17391657
17393704
17399947
17400451
17400845
17400965
17400969
17401473
17401870
17401990
17401994
17402498
17402892
17403012
17403016
17403918
17404038
17404042
17404940
17405060
17405064
17408011
17408515
17412106
17416205
17416325
17416329
17418252
17418372
17418376
17420300
17420420
17420424
17424393
17433139
17433171
17433201
17433379
17433394
17433411
17433426
17433441
17433456
17433925
17434193
17434433
17434448
17434950
17435426
17435458
17435488
17435972
17436726
17437234
17437266
17437296
17438758
17438790
17438820
17439266
17439298
17439328
17440819
17440851
17440881
17441059
17441074
17441091
17441106
17441121
17441136
17441873
17442113
17442128
17443106
17443138
17443168
17444160
17444914
17444946
17444976
17446946
17446978
17447008
17449013
17449521
17449761
17449776
17450005
17450245
17450260
17450513
17450753
17450768
17453108
17453616
17457201
17457441
17457456
17458193
17458433
17458448
17465622
17465875
17466115
17466130
17466389
17466629
17466644
17466897
17467137
17467152
17467654
17468162
17468676
17469462
17471494
17473555
17473795
17473810
17474577
17474817
17474832
17477650
17481749
17481989
17482004
17482257
17482497
17482512
17485844
17489937
17490177
17490192
17498213
17498659
17498691
17498721
17499205
17499713
17500198
17500230
17500260
17500706
17500738
17500768
17501252
17502246
17502278
17502308
17502754
17502786
17502816
17506339
17506371
17506401
17508386
17508418
17508448
17510434
17510466
17510496
17514533
17515525
17518628
17522721
17564400
17564466
17564498
17564528
17564578
17564592
17564825
17564881
17564888
17565016
17565065
17565080
17565392
17565520
17565584
17565804
17565924
17565928
17566028
17566056
17566120
17566432
17566560
17566624
17566920
17567048
17567112
17567774
17567790
17567798
17567910
17567914
17567924
17568306
17568418
17568432
17568920
17569424
17569836
17569956
17569960
17570464
17570952
17571867
17571883
17571891
17571923
17571930
17571953
17572402
17572434
17572464
17572889
17572945
17572952
17573456
17573992
17574496
17574984
17575962
17575978
17575986
17576466
17576482
17576496
17576984
17577488
17578024
17578528
17579016
17580061
17580077
17580085
17580301
17580316
17580329
17580848
17581081
17581321
17581336
17581840
17582124
17582348
17582376
17582880
17583368
17584156
17584172
17584180
17584688
17585176
17585680
17586188
17586212
17586216
17586720
17587208
17588249
17588265
17588273
17588784
17589257
17589265
17589272
17589776
17590312
17590816
17591304
17596565
17596694
17596803
17596805
17596806
17596820
17597202
17597314
17597328
17597585
17597825
17597840
17598096
17598224
17598336
17598852
17599360
17599872
17600534
17600646
17600660
17601680
17602692
17603712
17604627
17605138
17605649
17606160
17608722
17609744
17612821
17613061
17613076
17613584
17615108
17615616
17616916
17618948
17621009
17621520
17629262
17629323
17629379
17629381
17629382
17629386
17629890
17630345
17630401
17630408
17630912
17631308
17631428
17631432
17631936
17632328
17632392
17632448
17633294
17633414
17633418
17633922
17634440
17634944
17637387
17637443
17637450
17637954
17639496
17640000
17641482
17641986
17645581
17646601
17647628
17648648
17649676
17650696
17653769
17655816
17662083
17662085
17662086
17662594
17663105
17663616
17664132
17664640
17665152
17666054
17666178
17666180
17667200
17670147
17670658
17674242
17678341
17680388
17682436
17686529
17694821
17695011
17695043
17695045
17695046
17695073
17695522
17695554
17695584
17696065
17696576
17696868
17697092
17697120
17697376
17697568
17697600
17698112
17698854
17699362
17700900
17701408
17702947
17702979
17703009
17704001
17705056
17706048
17707042
17709088
17711141
17711365
17711393
17711904
17712385
17712896
17715236
17715744
17719329
17720321
17727747
17727749
17727750
17728258
17728769
17729280
17729796
17730304
17730816
17731590
17733636
17735683
17736705
17739778
17743877
17744129
17744132
17744640
17747972
17752065
17760323
17760325
17760326
17760834
17761345
17761856
17762372
17762880
17763392
17764358
17764866
17768451
17768513
17768514
17770560
17772546
17776645
17777665
17780740
17784833
17827732
17828705
17829066
17830768
17830942
17830990
17831002
17831190
17831196
17831238
17831244
17831250
17831256
17831700
17831748
17831760
17832296
17832800
17833034
17833282
17833288
17834928
17835416
17835920
17836075
17836171
17836202
17836323
17836329
17836419
17836425
17836450
17836456
17836833
17836929
17836960
17837194
17837442
17837448
17838386
17838896
17839130
17839378
17839384
17839888
17840170
17840418
17840424
17840928
17841162
17841410
17841416
17842741
17842789
17842801
17842837
17842868
17842885
17842897
17842916
17842928
17843416
17843860
17843908
17843920
17844456
17844833
17844929
17844960
17845448
17846380
17846836
17846884
17846896
17847324
17847372
17847384
17847828
17847876
17847888
17848424
17848928
17849416
17850521
17850929
17851025
17851056
17851544
17852048
17852457
17852553
17852584
17852961
17853057
17853088
17853576
17859461
17859974
17860484
17860651
17860747
17860778
17860899
17860905
17860995
17861001
17861026
17861032
17861409
17861505
17861536
17861770
17862018
17862024
17862702
17863694
17863942
17863948
17864746
17864994
17865000
17865738
17865986
17865992
17866795
17866891
17866922
17867043
17867049
17867139
17867145
17867170
17867176
17867553
17867649
17867680
17867914
17868162
17868168
17868672
17870890
17871138
17871144
17871882
17872130
17872136
17874989
17875493
17875589
17875620
17877033
17877129
17877160
17877537
17877633
17877664
17879084
17881128
17883177
17883273
17883304
17883681
17883777
17883808
17891893
17891941
17891953
17891989
17892020
17892037
17892049
17892068
17892080
17892550
17893012
17893060
17893072
17893571
17893985
17894081
17894112
17894594
17895478
17895988
17896036
17896048
17896470
17896518
17896530
17896980
17897028
17897040
17899571
17900081
17900177
17900208
17901603
17901699
17901730
17902113
17902209
17902240
17903666
17904176
17907765
17907813
17907825
17907861
17907892
17907909
17907921
17907940
17907952
17908884
17908932
17908944
17909857
17909953
17909984
17910976
17911860
17911908
17911920
17912852
17912900
17912912
17915953
17916049
17916080
17917985
17918081
17918112
17924262
17924645
17924741
17924772
17925254
17925764
17926179
17926275
17926306
17926689
17926785
17926816
17927298
17928230
17929222
17932323
17932419
17932450
17932833
17932929
17932960
17936418
17940517
17940613
17940644
17942561
17942657
17942688
17944612
17948705
17948801
17948832
17957701
17957918
17957966
17957978
17958166
17958172
17958214
17958220
17958226
17958232
17958676
17958724
17958736
17959235
17959745
17960010
17960258
17960264
17960990
17961038
17961050
17961238
17961244
17961286
17961292
17961298
17961304
17961748
17961796
17961808
17963082
17963330
17963336
17963840
17965083
17966106
17966354
17966360
17967115
17967363
17967369
17968138
17968386
17968392
17969178
17969426
17969432
17971210
17971458
17971464
17973277
17973781
17973829
17973841
17974300
17974348
17974360
17974804
17974852
17974864
17977372
17977420
17977432
17977876
17977924
17977936
17981465
17982488
17989901
17990405
17990670
17990918
17990924
17991428
17991691
17991939
17991945
17992449
17992714
17992962
17992968
17993742
17993990
17993996
17995786
17996034
17996040
17997835
17998083
17998089
17998858
17999106
17999112
18001930
18002178
18002184
18006029
18006533
18010124
18014217
18022483
18022933
18022981
18022993
18023446
18023494
18023506
18023956
18024004
18024016
18024515
18025025
18025538
18026518
18026566
18026578
18027028
18027076
18027088
18030611
18032643
18034706
18038805
18038853
18038865
18039828
18039876
18039888
18042900
18042948
18042960
18046993
18088628
18088676
18088688
18088816
18088852
18088880
18089050
18089162
18089176
18089298
18089304
18089368
18089680
18089808
18089872
18090216
18090281
18090337
18090344
18090377
18090408
18090720
18090848
18090912
18091208
18091336
18091400
18092062
18092078
18092086
18092310
18092316
18092338
18092596
18092820
18092848
18093082
18093330
18093336
18093840
18094376
18094880
18095368
18096155
18096171
18096179
18096267
18096281
18096298
18096816
18097178
18097290
18097304
18097808
18098217
18098313
18098344
18098848
18099336
18100250
18100266
18100274
18100784
18101258
18101266
18101272
18101776
18102312
18102816
18103304
18104349
18104365
18104373
18104421
18104428
18104433
18104884
18104932
18104944
18105432
18105936
18106409
18106465
18106472
18106976
18107464
18108444
18108460
18108468
18108948
18108964
18108976
18109464
18109968
18110504
18111008
18111496
18112537
18112553
18112561
18113072
18113560
18114064
18114569
18114593
18114600
18115104
18115592
18120870
18120995
18121091
18121093
18121094
18121122
18121380
18121604
18121632
18122114
18122624
18123041
18123137
18123168
18123424
18123552
18123648
18124160
18124838
18125062
18125090
18126082
18127136
18128128
18128931
18129027
18129058
18129568
18130050
18130560
18133026
18134018
18137125
18137636
18139169
18139680
18141220
18143264
18145313
18145824
18153555
18153621
18153667
18153669
18153670
18153681
18154132
18154180
18154192
18154578
18154690
18154704
18155088
18155152
18155200
18155713
18156224
18156736
18157590
18158100
18158610
18159120
18161683
18161795
18161809
18162320
18163841
18164352
18165778
18166288
18169877
18169925
18169937
18170960
18171969
18172992
18173972
18174992
18178065
18180097
18186371
18186373
18186374
18186884
18187394
18187904
18188417
18188928
18189440
18190342
18191362
18194435
18194561
18194562
18195072
18198530
18202629
18204673
18206724
18210817
18219086
18219277
18219331
18219333
18219334
18219340
18219844
18220106
18220354
18220360
18220864
18221321
18221377
18221384
18221888
18222152
18222344
18222400
18223118
18223366
18223372
18223876
18225416
18225920
18227211
18228234
18229257
18230280
18231306
18233352
18235405
18235461
18235468
18235972
18236488
18236992
18239500
18240004
18243593
18244616
18252035
18252037
18252038
18252548
18253058
18253568
18254081
18254592
18255104
18255878
18256130
18256132
18258176
18259971
18260994
18264066
18268165
18268676
18272260
18276353
18284611
18284613
18284614
18285124
18285634
18286144
18286657
18287168
18287680
18288646
18289156
18292739
18294785
18296834
18300933
18300993
18300996
18302016
18305028
18309121
18350705
18350801
18350832
18350945
18350960
18351024
18351320
18351388
18351436
18351448
18351508
18351512
18351824
18351952
18352016
18352298
18352330
18352360
18352488
18352546
18352552
18352864
18352992
18353056
18353352
18353480
18353544
18354206
18354222
18354230
18354254
18354266
18354284
18354800
18355228
18355276
18355288
18355792
18356266
18356298
18356328
18356832
18357320
18358299
18358315
18358323
18358563
18358569
18358578
18358833
18359073
18359088
18359576
18360080
18360362
18360610
18360616
18361120
18361608
18362394
18362410
18362418
18362928
18363416
18363920
18364426
18364450
18364456
18364960
18365448
18366493
18366509
18366517
18366613
18366617
18366644
18367025
18367121
18367152
18367516
18367636
18367640
18368144
18368680
18369184
18369672
18370588
18370604
18370612
18371120
18371596
18371604
18371608
18372112
18372648
18373152
18373640
18374681
18374697
18374705
18375185
18375201
18375216
18375704
18376208
18376744
18377248
18377736
18382987
18383117
18383235
18383237
18383238
18383241
18383745
18384140
18384260
18384264
18384768
18385034
18385282
18385288
18385792
18386056
18386184
18386304
18386958
18387980
18389002
18390024
18391051
18391299
18391305
18391809
18392328
18392832
18395146
18396168
18399245
18399365
18399369
18399873
18401416
18401920
18403340
18405384
18407433
18407937
18415717
18415782
18415811
18415813
18415814
18415844
18416225
18416321
18416352
18416836
18417344
18417826
18417858
18417888
18418272
18418336
18418368
18418880
18419750
18419782
18419812
18420320
18420804
18421312
18423843
18424353
18425890
18426400
18427938
18428448
18432037
18432133
18432164
18433156
18434208
18435200
18436132
18437124
18440225
18442272
18448515
18448517
18448518
18449025
18449540
18450048
18450562
18451072
18451584
18452486
18453508
18456579
18457089
18460674
18464773
18464897
18464900
18466944
18468868
18472961
18481235
18481430
18481475
18481477
18481478
18481490
18481745
18481985
18482000
18482452
18482500
18482512
18482768
18482960
18483008
18483522
18484032
18484544
18485270
18485318
18485330
18485840
18487362
18487872
18489363
18489603
18489618
18490640
18491650
18492672
18493458
18495490
18497557
18498065
18498580
18499088
18501652
18502160
18505745
18506768
18514179
18514181
18514182
18514689
18515204
18515712
18516226
18516736
18517248
18518022
18520066
18522115
18522369
18522370
18523392
18526210
18530309
18530817
18534404
18538497
18546755
18546757
18546758
18547265
18547780
18548288
18548802
18549312
18549824
18550790
18550850
18550852
18551360
18554883
18556930
18558978
18563077
18564100
18567172
18571265
18876053
18877219
18877518
18879030
18879142
18879156
18879254
18879282
18879366
18879380
18879394
18879408
18879686
18880022
18880134
18880148
18880838
18881062
18881286
18881314
18881606
18883459
18883611
18883667
18883674
18883723
18883737
18883779
18883786
18883793
18883800
18884115
18884227
18884241
18884931
18885379
18885643
18885699
18885706
18886994
18887442
18887554
18887568
18887762
18887874
18887888
18888210
18888322
18888336
18889026
18889474
18889794
18891653
18891973
18892421
18892845
18892901
18892908
18893069
18893097
18893125
18893132
18893153
18893160
18893349
18893573
18893601
18893837
18893893
18893900
18895076
18895524
18895748
18895776
18896068
18896516
18896996
18897220
18897248
18897444
18897668
18897696
18897988
18899337
18899841
18900105
18900161
18900168
18900609
18901257
18901313
18901320
18901761
18902025
18902081
18902088
18907702
18907814
18907828
18907926
18907954
18908038
18908052
18908066
18908080
18908190
18908694
18908806
18908820
18909230
18909734
18909958
18909986
18910222
18911286
18911398
18911412
18911510
18911538
18911622
18911636
18911650
18911664
18912278
18912390
18912404
18913318
18913542
18913570
18914310
18915736
18916114
18916226
18916240
18916378
18916490
18916504
18916882
18916994
18917008
18919698
18919810
18919824
18920466
18920578
18920592
18923944
18924196
18924420
18924448
18925612
18925836
18925864
18926116
18926340
18926368
18927780
18928004
18928032
18929700
18929924
18929952
18932104
18932608
18940467
18940955
18941011
18941018
18941067
18941081
18941123
18941130
18941137
18941144
18941459
18941571
18941585
18941995
18942499
18942987
18943043
18943050
18944240
18944562
18944674
18944688
18945106
18945218
18945232
18945554
18945666
18945680
18948123
18948179
18948186
18948235
18948249
18948291
18948298
18948305
18948312
18948627
18948739
18948753
18950155
18950211
18950218
18950659
18952274
18952386
18952400
18952722
18952834
18952848
18956520
18957449
18957505
18957512
18958377
18958433
18958440
18959369
18959425
18959432
18960608
18961600
18964617
18964673
18964680
18966537
18966593
18966600
18972842
18973234
18973346
18973360
18973722
18973834
18973848
18974226
18974338
18974352
18974762
18975266
18975754
18976818
18976930
18976944
18977810
18977922
18977936
18980890
18981002
18981016
18981394
18981506
18981520
18984978
18985090
18985104
18989224
18991144
18993312
18997384
19006005
19006493
19006997
19007533
19007589
19007596
19007757
19007785
19007813
19007820
19007841
19007848
19008037
19008261
19008289
19008525
19008581
19008588
19009904
19010100
19010324
19010352
19011684
19011908
19011936
19012132
19012356
19012384
19013976
19014681
19014737
19014744
19015945
19016001
19016008
19016713
19016769
19016776
19018064
19020096
19021869
19021925
19021932
19022093
19022121
19022149
19022156
19022177
19022184
19022373
19022597
19022625
19022861
19022917
19022924
19023365
19026020
19026244
19026272
19026468
19026692
19026720
19030281
19030337
19030344
19031049
19031105
19031112
19038492
19038772
19038996
19039024
19039260
19039764
19040300
19040524
19040552
19040804
19041028
19041056
19041292
19042356
19042580
19042608
19044388
19044612
19044640
19046680
19047448
19050768
19054636
19054860
19054888
19055140
19055364
19055392
19058724
19058948
19058976
19063048
19071089
19071537
19072025
19072081
19072088
19072529
19073065
19073121
19073128
19073569
19074057
19074113
19074120
19075184
19075632
19079193
19079249
19079256
19081225
19081281
19081288
19083344
19087401
19087457
19087464
19088393
19088449
19088456
19091552
19095561
19095617
19095624
19399219
19399459
19399474
19399555
19399586
19399600
19399709
19399829
19399833
19399877
19399889
19399896
19400337
19400750
19400782
19400812
19401030
19401036
19401064
19401506
19401804
19402806
19402918
19402932
19402950
19402980
19402992
19403314
19403426
19403440
19403924
19403972
19403984
19404432
19404838
19404870
19404900
19405346
19405892
19406875
19406931
19406938
19407171
19407186
19407192
19407379
19407619
19407634
19407897
19407953
19407960
19408401
19408970
19409218
19409224
19409666
19409992
19411026
19411474
19412048
19412496
19413058
19413506
19414080
19415085
19415309
19415337
19415429
19415433
19415464
19415841
19415937
19415968
19416077
19416197
19416201
19416705
19417132
19417356
19417384
19417888
19418124
19419300
19419808
19420292
19420800
19421220
19421728
19422212
19423497
19424001
19424265
19424769
19425544
19426048
19426312
19431454
19431702
19431708
19431814
19431828
19431832
19432210
19432322
19432336
19432476
19432596
19432600
19433104
19433486
19433734
19433740
19434242
19434508
19435542
19435654
19435668
19436564
19436676
19436688
19437574
19438596
19439642
19439890
19439896
19440146
19440386
19440400
19440664
19441168
19443730
19444752
19448076
19448196
19448200
19448704
19449868
19450116
19450120
19450624
19452036
19453956
19456264
19456768
19464235
19464331
19464362
19464387
19464394
19464424
19464739
19464835
19464866
19465353
19465409
19465416
19465857
19466282
19466314
19466344
19466786
19467336
19468450
19468482
19468512
19468834
19468930
19468960
19469504
19469952
19472395
19472451
19472458
19472899
19474442
19474498
19474504
19474946
19476546
19476994
19480617
19480713
19480744
19481609
19481729
19481736
19482664
19483656
19484832
19485824
19488777
19490824
19497098
19497602
19498120
19498624
19499018
19499522
19500040
19501186
19502208
19505162
19505666
19509250
19513480
19515400
19517568
19521544
19529781
19529829
19529841
19530053
19530081
19530096
19530289
19530529
19530544
19530773
19530821
19530833
19531281
19531876
19532100
19532128
19532576
19532868
19533876
19533924
19533936
19534384
19535908
19535940
19535968
19536416
19538001
19538241
19538256
19538961
19539009
19539024
19540288
19541056
19542096
19544128
19546149
19546373
19546401
19546657
19546881
19546912
19547141
19547649
19550244
19550752
19554561
19555329
19562772
19563280
19563540
19564048
19564804
19565312
19565572
19566612
19568644
19570960
19571728
19574800
19579140
19579648
19582980
19587328
19595361
19595809
19596353
19596801
19597408
19597856
19598400
19599456
19599904
19603521
19605568
19607616
19611681
19612673
19615776
19619841
19923509
19923605
19923636
19923845
19923860
19923888
19923998
19924046
19924058
19924166
19924170
19924184
19924628
19925035
19925283
19925289
19925315
19925345
19925352
19925793
19926090
19927094
19927318
19927346
19927366
19927378
19927408
19927604
19927828
19927856
19928086
19928134
19928146
19928596
19929378
19929410
19929440
19929888
19930178
19931163
19931275
19931289
19931523
19931529
19931544
19931793
19932033
19932048
19932186
19932298
19932312
19932816
19933195
19933443
19933449
19933953
19934218
19935506
19936016
19936274
19936784
19937538
19938048
19938306
19939373
19939429
19939436
19939525
19939556
19939560
19939877
19939973
19940004
19940428
19940548
19940552
19940996
19941417
19941473
19941480
19941921
19942472
19943524
19943972
19944516
19944964
19945568
19946016
19946560
19947657
19948161
19948680
19949184
19949577
19950081
19950600
19955758
19955878
19955882
19956102
19956130
19956136
19956388
19956612
19956640
19956750
19956870
19956874
19957380
19957802
19958050
19958056
19958560
19958794
19959846
19960070
19960098
19960838
19961890
19962114
19962144
19962882
19964042
19964290
19964296
19964800
19964938
19965058
19965064
19965568
19968258
19969026
19972140
19972260
19972264
19972644
19972740
19972768
19974184
19974688
19976228
19978272
19980424
19980928
19988531
19988563
19988593
19988675
19988689
19988720
19989041
19989137
19989168
19989586
19989698
19989712
19990160
19990563
19990595
19990625
19991073
19991618
19992626
19992658
19992688
19993136
19993618
19993666
19993680
19994128
19996691
19996803
19996817
19997201
19997313
19997328
19998723
19999233
20000786
20001296
20004961
20005057
20005088
20006080
20006945
20006977
20007008
20008000
20009056
20010048
20013185
20015105
20021410
20021920
20022402
20022912
20023330
20023840
20024322
20025378
20026370
20029570
20030080
20033538
20037792
20039712
20041760
20045952
20054045
20054285
20054300
20054341
20054348
20054360
20054549
20054789
20054804
20055068
20055116
20055128
20055572
20056329
20056385
20056392
20056833
20057160
20058388
20058436
20058448
20058644
20058884
20058896
20060480
20060928
20062233
20062473
20062488
20063256
20064265
20064513
20064520
20065288
20066576
20068608
20070413
20070469
20070476
20070917
20071436
20071492
20071496
20071940
20074564
20075012
20078601
20079624
20087052
20087556
20087820
20088324
20089096
20089600
20089864
20091140
20093184
20095240
20096008
20099328
20103180
20103684
20107268
20111368
20119633
20120081
20120656
20121104
20121665
20122113
20122688
20123728
20124176
20127761
20129793
20131856
20136001
20137024
20140096
20144129
20447259
20447261
20447262
20447275
20447277
20447278
20447283
20447285
20447286
20447310
20447315
20447322
20447333
20447340
20447345
20447371
20447381
20447385
20447398
20447402
20447412
20447427
20447429
20447430
20447434
20447441
20447448
20447460
20447464
20447472
20447501
20447510
20447516
20447523
20447529
20447538
20447555
20447557
20447558
20447564
20447570
20447576
20447585
20447592
20447600
20447619
20447621
20447622
20447625
20447636
20447640
20447650
20447656
20447664
20447793
20447889
20447920
20448033
20448048
20448129
20448144
20448160
20448284
20448332
20448344
20448404
20448408
20448452
20448456
20448464
20448912
20449322
20449354
20449384
20449570
20449576
20449602
20449608
20449632
20450080
20450376
20451350
20451366
20451378
20451380
20451398
20451410
20451428
20451440
20451888
20452372
20452420
20452432
20452880
20453410
20453442
20453472
20453920
20454464
20455435
20455443
20455449
20455450
20455683
20455689
20455698
20455704
20455953
20456193
20456208
20456472
20456976
20457482
20457730
20457736
20458240
20458504
20459538
20460048
20460560
20461056
20461570
20462080
20462592
20463629
20463653
20463657
20463660
20463749
20463753
20463780
20463784
20464161
20464257
20464288
20464652
20464772
20464776
20465280
20465704
20466208
20466696
20467748
20468256
20468740
20469248
20469792
20470272
20470784
20471817
20472321
20472840
20473344
20473864
20474368
20474880
20480014
20480134
20480138
20480262
20480268
20480386
20480388
20480392
20480896
20481036
20481156
20481160
20481664
20482058
20482306
20482312
20482816
20483080
20484102
20485124
20486146
20487168
20488202
20488450
20488456
20488960
20489224
20489728
20492290
20493312
20496396
20496516
20496520
20497024
20498440
20498944
20500484
20502528
20504584
20505088
20512803
20512835
20512865
20512899
20512930
20512961
20512962
20512992
20513313
20513409
20513440
20513984
20514432
20514850
20514882
20514912
20515360
20515904
20516898
20516930
20516960
20517408
20517952
20518400
20520963
20521473
20523010
20523520
20525058
20525568
20529185
20529281
20529312
20530304
20531232
20532224
20533280
20534272
20537345
20539392
20545666
20546176
20546688
20547072
20547586
20548096
20548608
20549634
20550656
20553730
20554240
20557824
20562048
20563968
20566016
20570112
20578325
20578373
20578385
20578565
20578580
20578625
20578628
20578640
20578833
20579073
20579088
20579348
20579396
20579408
20579856
20580672
20581120
20581440
20582420
20582468
20582480
20582928
20584512
20584960
20586513
20586753
20586768
20587536
20588800
20589568
20590608
20592640
20594693
20595201
20595716
20596224
20598788
20599296
20602881
20603904
20611332
20611840
20612100
20612608
20613376
20613632
20614144
20615172
20617216
20619520
20620288
20623360
20627460
20627968
20631552
20635648
20643905
20644353
20644928
20645376
20645952
20646400
20646912
20648000
20648448
20652033
20654080
20656128
20660225
20661248
20664320
20668416
20973139
20974246
20974861
20976326
20976670
20976718
20976730
20976918
20976924
20976966
20976972
20976978
20976984
20977174
20977222
20977234
20978054
20978310
20978702
20978950
20978956
20980419
20981059
20981315
20981803
20981899
20981930
20982051
20982057
20982147
20982153
20982178
20982184
20982307
20982403
20982434
20982795
20983043
20983049
20984010
20984514
20984906
20985154
20985160
20985410
20985994
20986242
20986248
20986498
20986890
20987138
20987144
20988469
20988517
20988529
20988565
20988596
20988613
20988625
20988644
20988656
20989253
20989461
20989509
20989521
20990341
20990501
20990597
20990628
20991237
20992404
20992660
20992708
20992720
20993300
20993348
20993360
20993556
20993604
20993616
20994436
20994692
20995332
20996449
20996705
20996801
20996832
20997441
20997697
20998433
20998529
20998560
20998689
20998785
20998816
20999425
21004851
21005339
21005843
21006379
21006475
21006506
21006627
21006633
21006723
21006729
21006754
21006760
21006883
21006979
21007010
21007371
21007619
21007625
21008792
21009434
21009682
21009688
21010570
21010818
21010824
21011466
21011714
21011720
21012523
21012619
21012650
21012771
21012777
21012867
21012873
21012898
21012904
21013027
21013123
21013154
21013515
21013763
21013769
21014019
21016714
21016962
21016968
21017610
21017858
21017864
21021104
21021233
21021329
21021360
21023009
21023105
21023136
21023265
21023361
21023392
21025168
21027200
21029153
21029249
21029280
21029409
21029505
21029536
21037621
21037669
21037681
21037717
21037748
21037765
21037777
21037796
21037808
21038109
21038613
21038661
21038673
21039149
21039653
21039749
21039780
21040141
21041368
21041812
21041860
21041872
21042204
21042252
21042264
21042708
21042756
21042768
21045480
21045857
21045953
21045984
21047337
21047433
21047464
21047841
21047937
21047968
21049544
21050048
21053493
21053541
21053553
21053589
21053620
21053637
21053649
21053668
21053680
21054485
21054533
21054545
21055525
21055621
21055652
21056517
21057684
21057732
21057744
21058580
21058628
21058640
21061729
21061825
21061856
21063713
21063809
21063840
21069977
21070385
21070481
21070512
21070873
21071377
21071913
21072009
21072040
21072417
21072513
21072544
21072905
21074072
21074968
21078057
21078153
21078184
21078561
21078657
21078688
21082248
21086257
21086353
21086384
21088289
21088385
21088416
21090448
21094433
21094529
21094560
21103158
21103646
21103694
21103706
21103894
21103900
21103942
21103948
21103954
21103960
21104150
21104198
21104210
21104686
21105190
21105678
21105926
21105932
21106718
21106766
21106778
21106966
21106972
21107014
21107020
21107026
21107032
21107222
21107270
21107282
21108750
21108998
21109004
21109254
21111144
21111882
21112130
21112136
21112874
21113122
21113128
21113866
21114114
21114120
21114954
21115202
21115208
21116938
21117186
21117192
21119344
21119540
21119588
21119600
21120276
21120324
21120336
21120532
21120580
21120592
21123348
21123396
21123408
21123604
21123652
21123664
21127520
21128512
21135666
21135922
21136410
21136658
21136664
21136914
21137450
21137698
21137704
21137954
21138442
21138690
21138696
21139482
21139730
21139736
21141514
21141762
21141768
21143594
21143842
21143848
21144586
21144834
21144840
21147658
21147906
21147912
21152048
21152304
21156112
21160224
21168236
21168692
21168740
21168752
21169180
21169228
21169240
21169684
21169732
21169744
21170220
21170724
21171212
21172252
21172300
21172312
21172756
21172804
21172816
21176424
21178408
21180488
21184564
21184612
21184624
21185556
21185604
21185616
21188628
21188676
21188688
21192800
21234230
21234342
21234356
21234374
21234404
21234416
21234715
21234771
21234778
21235011
21235026
21235032
21235282
21235757
21235981
21236009
21236101
21236105
21236136
21236388
21237001
21237790
21238038
21238044
21238150
21238164
21238168
21238294
21238406
21238420
21238810
21239058
21239064
21239314
21240076
21240196
21240200
21240452
21241096
21241899
21241995
21242026
21242051
21242058
21242088
21242530
21242562
21242592
21242891
21242947
21242954
21243458
21243945
21244041
21244072
21244576
21244937
21246090
21246594
21246986
21247490
21248136
21248640
21249032
21250101
21250149
21250161
21250373
21250401
21250416
21250612
21250660
21250672
21251153
21251393
21251408
21251664
21252133
21252357
21252385
21252644
21253377
21254420
21254676
21255440
21255696
21256452
21256708
21257472
21258337
21258848
21259329
21259840
21260321
21260832
21261313
21266483
21266723
21266738
21266819
21266850
21266864
21266994
21267106
21267120
21267475
21267715
21267730
21267986
21268769
21268865
21268896
21269152
21269761
21270802
21270914
21270928
21271570
21271810
21271824
21272960
21273856
21274659
21274755
21274786
21275170
21275266
21275296
21275651
21276162
21278850
21279746
21282865
21283105
21283120
21283376
21284897
21285121
21285152
21285408
21287184
21289216
21291041
21291552
21299229
21299349
21299353
21299397
21299409
21299416
21299860
21299908
21299920
21300249
21300305
21300312
21300816
21301261
21301381
21301385
21301892
21302281
21303324
21303444
21303448
21303828
21303940
21303952
21304344
21304848
21307529
21307585
21307592
21308096
21309449
21309569
21309576
21310080
21311624
21312128
21315605
21315653
21315665
21316625
21316673
21316688
21317637
21318657
21319700
21320720
21323841
21325825
21332113
21332624
21333009
21333520
21334145
21334656
21335041
21336208
21337104
21340289
21340800
21344384
21348369
21350401
21352464
21356545
21364782
21364814
21364844
21365062
21365068
21365096
21365286
21365318
21365348
21365834
21366082
21366088
21366338
21366828
21367052
21367080
21367332
21368072
21368846
21369094
21369100
21369350
21370892
21371140
21371144
21371396
21372970
21373002
21373032
21373962
21374018
21374024
21375016
21376008
21377034
21379080
21381220
21381444
21381472
21381668
21381700
21381728
21382464
21382720
21385476
21385732
21389408
21390400
21397794
21398050
21398786
21399042
21399840
21400096
21400832
21401858
21403904
21405730
21406722
21409794
21414176
21414432
21418240
21422112
21430348
21430852
21431368
21431872
21432332
21432836
21433352
21434380
21434884
21438536
21440520
21442568
21446724
21447744
21450756
21454912
21496371
21496403
21496433
21496515
21496529
21496560
21496861
21497101
21497116
21497157
21497164
21497176
21497425
21497902
21498022
21498026
21498246
21498274
21498280
21498530
21499148
21499934
21499982
21499994
21500102
21500106
21500120
21500498
21500610
21500624
21500956
21501004
21501016
21501520
21501966
21502086
21502090
21502594
21502988
21504043
21504291
21504297
21504323
21504353
21504360
21504547
21504579
21504609
21505289
21505345
21505352
21505601
21506090
21506338
21506344
21506594
21507336
21508170
21508674
21509192
21509696
21510154
21510658
21511176
21512245
21512341
21512372
21512581
21512596
21512624
21512753
21512849
21512880
21513237
21513477
21513492
21513745
21514404
21514628
21514656
21514912
21515524
21516436
21516944
21517332
21517840
21518468
21518976
21519364
21520673
21520929
21521665
21521921
21522720
21522976
21523712
21528603
21528715
21528729
21528963
21528969
21528984
21529107
21529219
21529233
21529625
21529865
21529880
21530129
21530762
21531010
21531016
21531266
21531912
21532698
21532810
21532824
21533720
21534730
21534850
21534856
21535752
21536779
21537027
21537033
21537283
21537801
21538049
21538056
21538305
21540874
21541896
21545105
21545345
21545360
21545489
21545601
21545616
21547392
21547648
21549200
21551232
21553409
21553665
21561389
21561445
21561452
21561541
21561572
21561576
21561953
21562049
21562080
21562381
21562437
21562444
21562945
21563436
21563556
21563560
21564064
21564428
21565516
21565636
21565640
21566144
21566476
21566532
21566536
21567040
21569577
21569633
21569640
21570081
21570113
21570144
21571624
21572128
21573704
21574208
21577765
21577861
21577892
21578757
21579812
21579908
21579936
21580804
21581956
21582852
21585953
21588000
21594249
21594753
21595145
21595649
21596296
21596800
21597192
21598344
21599240
21602313
21602817
21606408
21610625
21612672
21614720
21618689
21626934
21627158
21627186
21627206
21627218
21627248
21627442
21627474
21627504
21628180
21628228
21628240
21628496
21628966
21629190
21629218
21629474
21630212
21630998
21631046
21631058
21631506
21631554
21631568
21633030
21633538
21635362
21635394
21635424
21636416
21637154
21637378
21637408
21638400
21639234
21641218
21643316
21643540
21643568
21643824
21644308
21644548
21644560
21644816
21647380
21647888
21651744
21652736
21659922
21660178
21660944
21661200
21661954
21662210
21662976
21663762
21665794
21668098
21669120
21671938
21676304
21676560
21680144
21684480
21692516
21693024
21693508
21694016
21694500
21695008
21695492
21696580
21697088
21700704
21702688
21704768
21708836
21709828
21712900
21717024
21757979
21757981
21757982
21757995
21757997
21757998
21758003
21758005
21758006
21758030
21758035
21758042
21758053
21758060
21758065
21758091
21758101
21758105
21758118
21758122
21758132
21758147
21758149
21758150
21758154
21758161
21758168
21758180
21758184
21758192
21758221
21758230
21758236
21758243
21758249
21758258
21758275
21758277
21758278
21758284
21758290
21758296
21758305
21758312
21758320
21758339
21758341
21758342
21758345
21758356
21758360
21758370
21758376
21758384
21758514
21758546
21758576
21758626
21758640
21758658
21758672
21758688
21759001
21759057
21759064
21759241
21759256
21759297
21759304
21759312
21759568
21760044
21760164
21760168
21760268
21760296
21760388
21760392
21760416
21760672
21761288
21762062
21762070
21762074
21762076
21762182
21762186
21762196
21762200
21762578
21762690
21762704
21763096
21763600
21764108
21764228
21764232
21764736
21765128
21766155
21766179
21766185
21766186
21766211
21766218
21766241
21766248
21766690
21766722
21766752
21767177
21767233
21767240
21767744
21768232
21768736
21769224
21770250
21770754
21771272
21771776
21772296
21772800
21773312
21774357
21774373
21774385
21774388
21774597
21774612
21774625
21774640
21774896
21775377
21775617
21775632
21775888
21776420
21776644
21776672
21776928
21777664
21778452
21778960
21779472
21779968
21780484
21780992
21781504
21782561
21783072
21783553
21784064
21784608
21785088
21785600
21790739
21790851
21790865
21790979
21790994
21791105
21791106
21791120
21791250
21791362
21791376
21791761
21792001
21792016
21792272
21793152
21793408
21794048
21794834
21794946
21794960
21795856
21796992
21797888
21798915
21799426
21799937
21800448
21803010
21804032
21807121
21807361
21807376
21807632
21809408
21809664
21811216
21813248
21815297
21815808
21823501
21823557
21823564
21823621
21823625
21823681
21823684
21823688
21824192
21824521
21824577
21824584
21825088
21825548
21825668
21825672
21826176
21826568
21827596
21827716
21827720
21828224
21828616
21829120
21831689
21831745
21831752
21832256
21833736
21834240
21835784
21836288
21839877
21840897
21841924
21842944
21843972
21844992
21848065
21850112
21856385
21856896
21857281
21857792
21858432
21858816
21859328
21860480
21861376
21864449
21864960
21868544
21872641
21874688
21876736
21880832
21889062
21889094
21889124
21889286
21889314
21889346
21889348
21889376
21889570
21889602
21889632
21890368
21890624
21891108
21891332
21891360
21891616
21892352
21893126
21893634
21895172
21895680
21897250
21897282
21897312
21898304
21899296
21900288
21901314
21903360
21905444
21905668
21905696
21905952
21906688
21906944
21909508
21910016
21913632
21914624
21922050
21922306
21923072
21923328
21924096
21924352
21924864
21925890
21927936
21929986
21931008
21934080
21938432
21938688
21942272
21946368
21954628
21955136
21955648
21956096
21956612
21957120
21957632
21958660
21959168
21962816
21964800
21966848
21970948
21971968
21975040
21979136
23069235
23069237
23069238
23069333
23069350
23069364
23069723
23069725
23069726
23069774
23069779
23069786
23070227
23070229
23070230
23070763
23070765
23070766
23070989
23071011
23071017
23071267
23071269
23071270
23071755
23071757
23071758
23072966
23073046
23073094
23073106
23073158
23073172
23073302
23073414
23073428
23073814
23073862
23073874
23074310
23074322
23074324
23075078
23075334
23075846
23077003
23077059
23077066
23077187
23077251
23077257
23077507
23077899
23077955
23077962
23078403
23078923
23079171
23079177
23079427
23079939
23079945
23079946
23081154
23081282
23081346
23081602
23082050
23082498
23083266
23083522
23084034
23085157
23085253
23085284
23085381
23085409
23085445
23085605
23085701
23085732
23086149
23086597
23087141
23087365
23087393
23087621
23087649
23087652
23088133
23089348
23089476
23089540
23089796
23090244
23090692
23091460
23091716
23092228
23093441
23093569
23093633
23093889
23094337
23094785
23095553
23095809
23096321
23101610
23101746
23101848
23101858
23101864
23101872
23102002
23102114
23102128
23102490
23102994
23103530
23103778
23103784
23104034
23104522
23105810
23105922
23105936
23106578
23107842
23108610
23109770
23110018
23110024
23110274
23110666
23111170
23113858
23113986
23114112
23114754
23118240
23118496
23120160
23120416
23122304
23124224
23126400
23126656
23134321
23134361
23134417
23134424
23134440
23134448
23134769
23134865
23134896
23135257
23135313
23135320
23135761
23136297
23136801
23137289
23138512
23138960
23139408
23139856
23142537
23142593
23142600
23143041
23144457
23144961
23146688
23147136
23150689
23150785
23150816
23151681
23152673
23153665
23154880
23155776
23158849
23158913
23158976
23160833
23167128
23167144
23167152
23167536
23167632
23167648
23168024
23168528
23169064
23169568
23170056
23171216
23172112
23175304
23175808
23179392
23183520
23185440
23187584
23191680
23199852
23200028
23200076
23200088
23200104
23200112
23200308
23200796
23200844
23200856
23201300
23201836
23202060
23202088
23202340
23202828
23204116
23204164
23204176
23204372
23206148
23206404
23208264
23209032
23210248
23211016
23212352
23214336
23216228
23216452
23216480
23216676
23217220
23217668
23220292
23220484
23220544
23220740
23224640
23225408
23232792
23232808
23232816
23233072
23233560
23234064
23234600
23234824
23234848
23235104
23235592
23236880
23238912
23240968
23241736
23245056
23249184
23249440
23253248
23257344
23265368
23265384
23265392
23265840
23266328
23266376
23266384
23266832
23267368
23267872
23268360
23269456
23269904
23273544
23275528
23277632
23281760
23282752
23285824
23289920
23592987
23592989
23592990
23593003
23593005
23593006
23593011
23593013
23593014
23593038
23593043
23593050
23593061
23593068
23593073
23593099
23593109
23593113
23593126
23593130
23593140
23593155
23593157
23593158
23593162
23593169
23593176
23593188
23593192
23593200
23593229
23593238
23593244
23593251
23593257
23593266
23593283
23593285
23593286
23593292
23593298
23593304
23593313
23593320
23593328
23593347
23593349
23593350
23593353
23593364
23593368
23593378
23593384
23593392
23593491
23593507
23593521
23593522
23593603
23593617
23593634
23593648
23593997
23594005
23594009
23594012
23594053
23594060
23594065
23594072
23594513
23595022
23595046
23595050
23595052
23595270
23595276
23595298
23595304
23595554
23596044
23597078
23597126
23597138
23597190
23597204
23597250
23597252
23597264
23597586
23597698
23597712
23598100
23598148
23598160
23598608
23599110
23599618
23600132
23601163
23601219
23601226
23601411
23601417
23601473
23601474
23601480
23601667
23602185
23602241
23602248
23602689
23603210
23603458
23603464
23603714
23604232
23605314
23605762
23606336
23606784
23607298
23607808
23608320
23609381
23609477
23609508
23609605
23609633
23609729
23609732
23609760
23609889
23609985
23610016
23610373
23610881
23611428
23611652
23611680
23611936
23612420
23613572
23614080
23614468
23614976
23615492
23616000
23616512
23617793
23618049
23618561
23619072
23619840
23620096
23620608
23625754
23625866
23625880
23626002
23626008
23626114
23626120
23626128
23626258
23626370
23626384
23626776
23627280
23627786
23628034
23628040
23628290
23628808
23629842
23629954
23629968
23630864
23631874
23632896
23633930
23634178
23634184
23634434
23634952
23635456
23638018
23639040
23642496
23642752
23644416
23644672
23646336
23648256
23650560
23650816
23658537
23658593
23658600
23658633
23658664
23658689
23658696
23658720
23659041
23659137
23659168
23659529
23659585
23659592
23660033
23660584
23661088
23661576
23662784
23663232
23663680
23664128
23666697
23666753
23666760
23667201
23668744
23669248
23670848
23671296
23674913
23675009
23675040
23675905
23676960
23677952
23679104
23680000
23683073
23685120
23691400
23691904
23692296
23692800
23693320
23693824
23694336
23695488
23696384
23699464
23699968
23703552
23707776
23709696
23711744
23715840
23724084
23724132
23724144
23724308
23724336
23724356
23724368
23724384
23724592
23725076
23725124
23725136
23725584
23726116
23726340
23726368
23726624
23727108
23728148
23728196
23728208
23728656
23730180
23730688
23732544
23733312
23734528
23735296
23736384
23738368
23740452
23740676
23740704
23740960
23741444
23741952
23744516
23745024
23748864
23749632
23757072
23757328
23757840
23758336
23759104
23759360
23759872
23760912
23762944
23765248
23766016
23769088
23773440
23773696
23777280
23781376
23789664
23790112
23790656
23791104
23791648
23792128
23792640
23793728
23794176
23797824
23799808
23801856
23805984
23806976
23810048
23814144
25167638
25168485
25169035
25170758
25171334
25171718
25172014
25172046
25172076
25172134
25172138
25172166
25172170
25172196
25172200
25172518
25172550
25172580
25173006
25173126
25173130
25174579
25174611
25174641
25174819
25174834
25174851
25174866
25174881
25174896
25175427
25175571
25175811
25175826
25176259
25176611
25176643
25176673
25177219
25178530
25178914
25178946
25178976
25179522
25179906
25180322
25180354
25180384
25180706
25180738
25180768
25181314
25183045
25183261
25183381
25183385
25183501
25183516
25183621
25183625
25183636
25183640
25183765
25184005
25184020
25184453
25184837
25185293
25185413
25185417
25186636
25187140
25187596
25187716
25187720
25188100
25188428
25188548
25188552
25188932
25189388
25189508
25189512
25190609
25190993
25191233
25191248
25191569
25191809
25191824
25191953
25192193
25192208
25192641
25193025
25193601
25199157
25199645
25199765
25199769
25199885
25199900
25200005
25200009
25200020
25200024
25200149
25200389
25200404
25200685
25201189
25201677
25201797
25201801
25203112
25203980
25204100
25204104
25204780
25204900
25204904
25205772
25205892
25205896
25207216
25207345
25207585
25207600
25207953
25208193
25208208
25208337
25208577
25208592
25211296
25212288
25215005
25215125
25215129
25215245
25215260
25215365
25215369
25215380
25215384
25215509
25215749
25215764
25217037
25217157
25217161
25217541
25219340
25219460
25219464
25221132
25221252
25221256
25223313
25223553
25223568
25223697
25223937
25223952
25231926
25232414
25232918
25233454
25233486
25233516
25233574
25233578
25233606
25233610
25233636
25233640
25233958
25233990
25234020
25234446
25234566
25234570
25235502
25235534
25235564
25235622
25235626
25235654
25235658
25235684
25235688
25236006
25236038
25236068
25236494
25236614
25236618
25236998
25239792
25240114
25240146
25240176
25241762
25241794
25241824
25242146
25242178
25242208
25243810
25243842
25243872
25244194
25244226
25244256
25247960
25248796
25248916
25248920
25249868
25249988
25249992
25250828
25250948
25250952
25251916
25252036
25252040
25252876
25252996
25253000
25256144
25258176
25264308
25264692
25265180
25265300
25265304
25265684
25266220
25266340
25266344
25266724
25267212
25267332
25267336
25268268
25268388
25268392
25269260
25269380
25269384
25272496
25272880
25276576
25280540
25280660
25280664
25282572
25282692
25282696
25284620
25284740
25284744
25288848
25297459
25297491
25297521
25297699
25297714
25297731
25297746
25297761
25297776
25297947
25298451
25298691
25298706
25298987
25299491
25299523
25299553
25299979
25301352
25301794
25301826
25301856
25303082
25303114
25303144
25303586
25303618
25303648
25305139
25305171
25305201
25305379
25305394
25305411
25305426
25305441
25305456
25306131
25306371
25306386
25307171
25307203
25307233
25308163
25309474
25309506
25309536
25311266
25311298
25311328
25313624
25313873
25314113
25314128
25314329
25314569
25314584
25314833
25315073
25315088
25317704
25318208
25321553
25321793
25321808
25322513
25322753
25322768
25329961
25330225
25330465
25330480
25330713
25330953
25330968
25331217
25331457
25331472
25331753
25332257
25332745
25334056
25335848
25337905
25338145
25338160
25338897
25339137
25339152
25342240
25346073
25346313
25346328
25346577
25346817
25346832
25350408
25354257
25354497
25354512
25362522
25362994
25363026
25363056
25363482
25363986
25364522
25364554
25364584
25365026
25365058
25365088
25365514
25366570
25366602
25366632
25367074
25367106
25367136
25370674
25370706
25370736
25372706
25372738
25372768
25374754
25374786
25374816
25378904
25379864
25382984
25387088
25428534
25428758
25428786
25428806
25428818
25428848
25429019
25429131
25429145
25429379
25429385
25429400
25429778
25430061
25430117
25430124
25430213
25430244
25430248
25430628
25431177
25432110
25432230
25432234
25432454
25432482
25432488
25432614
25432838
25432866
25433226
25433474
25433480
25433858
25434156
25434276
25434280
25434660
25435272
25436211
25436243
25436273
25436355
25436369
25436400
25436722
25436754
25436784
25437203
25437315
25437329
25437714
25438305
25438401
25438432
25438816
25439361
25440418
25440802
25441410
25441794
25442464
25442848
25443456
25444381
25444621
25444636
25444677
25444684
25444696
25445140
25445188
25445200
25445401
25445641
25445656
25446160
25446413
25446469
25446476
25446980
25447433
25448716
25449220
25449736
25450240
25450508
25451012
25451528
25452625
25453136
25453585
25454096
25454657
25455168
25455617
25460789
25460885
25460916
25461125
25461140
25461168
25461300
25461524
25461552
25461905
25462145
25462160
25462544
25462821
25462917
25462948
25463332
25463937
25464996
25465220
25465248
25466240
25466916
25467012
25467040
25468032
25468977
25469073
25469104
25469488
25469969
25470081
25470096
25470480
25473184
25474176
25477141
25477381
25477396
25477652
25477892
25477904
25479173
25479684
25481476
25483268
25485329
25485840
25493534
25493582
25493594
25493702
25493706
25493720
25494038
25494086
25494098
25494554
25494666
25494680
25495058
25495628
25495748
25495752
25496132
25496712
25497614
25497734
25497738
25498118
25498634
25498754
25498760
25499138
25501778
25501890
25501904
25502226
25502274
25502288
25503936
25504320
25505922
25506306
25509916
25509964
25509976
25510936
25511948
25512004
25512008
25512968
25513996
25515016
25518160
25520192
25526420
25526804
25527440
25527824
25528452
25528836
25529472
25530500
25531520
25534608
25534992
25538688
25542676
25544708
25546756
25550864
25559083
25559331
25559337
25559363
25559393
25559400
25559842
25559874
25559904
25560075
25560323
25560329
25560834
25561129
25561185
25561192
25561696
25562121
25563178
25563426
25563432
25563682
25563906
25563936
25565224
25565728
25567267
25567299
25567329
25568259
25569313
25569345
25569376
25570305
25571362
25573408
25575689
25575745
25575752
25576256
25576457
25576705
25576712
25577216
25579784
25580288
25583681
25584641
25592097
25592608
25593089
25593600
25593889
25594400
25594881
25596192
25597984
25600033
25601025
25604128
25608449
25608960
25612544
25616385
25624650
25625154
25625610
25626114
25626696
25627200
25627656
25628682
25629186
25632834
25634880
25636866
25641032
25641992
25645064
25649216
26214965
26215013
26215025
26215237
26215265
26215280
26215454
26215702
26215708
26215814
26215828
26215832
26216212
26216491
26216587
26216618
26216643
26216650
26216680
26217057
26217610
26218542
26218574
26218604
26218822
26218828
26218856
26219108
26219332
26219360
26219534
26219782
26219788
26220292
26220586
26220618
26220648
26221152
26221578
26222643
26222883
26222898
26222979
26223010
26223024
26223153
26223393
26223408
26223890
26224002
26224016
26224400
26224675
26224771
26224802
26225185
26225794
26226978
26227488
26227970
26228480
26228770
26229280
26229762
26230813
26230933
26230937
26230981
26230993
26231000
26231317
26231365
26231377
26231836
26231956
26231960
26232340
26232969
26233025
26233032
26233409
26233992
26234956
26235460
26235916
26236420
26237000
26237504
26237960
26239121
26239505
26240144
26240528
26241153
26241537
26242176
26247213
26247437
26247465
26247557
26247561
26247592
26247717
26247941
26247969
26248460
26248580
26248584
26248964
26249257
26249353
26249384
26249761
26250376
26251308
26251532
26251560
26252300
26252548
26252552
26253352
26254344
26255649
26255745
26255776
26255905
26256129
26256160
26256768
26257152
26259744
26260736
26263565
26263685
26263689
26264069
26265609
26265729
26265736
26266113
26267660
26269704
26271873
26272257
26279990
26280102
26280116
26280134
26280164
26280176
26280500
26280548
26280560
26280982
26281094
26281108
26281492
26282146
26282178
26282208
26282592
26283138
26284070
26284102
26284132
26284580
26284612
26284640
26285062
26285572
26288178
26288290
26288304
26288688
26290210
26290306
26290336
26290720
26292258
26292768
26296468
26296516
26296528
26297364
26297476
26297488
26298560
26299520
26300484
26301444
26304656
26306688
26312868
26313252
26313860
26314244
26314912
26315296
26315904
26316836
26317828
26321056
26321440
26325024
26329220
26331264
26333188
26337408
26345499
26345555
26345562
26345795
26345810
26345816
26346065
26346305
26346320
26346522
26346770
26346776
26347280
26347531
26347587
26347594
26348097
26348554
26349642
26349890
26349896
26350400
26351626
26351682
26351688
26352192
26353683
26353923
26353938
26354706
26354946
26354960
26355715
26356738
26358018
26359810
26361881
26361937
26361944
26362385
26362433
26362448
26362904
26363408
26366024
26366528
26370065
26371088
26378505
26379009
26379528
26380032
26380297
26380801
26381320
26382600
26384392
26386689
26387712
26390784
26394633
26395137
26398728
26402817
26411090
26411600
26412050
26412560
26413122
26413632
26414082
26415170
26415680
26419218
26421250
26423298
26427472
26428432
26431552
26435600
26476571
26476573
26476574
26476587
26476589
26476590
26476595
26476597
26476598
26476622
26476627
26476634
26476645
26476652
26476657
26476683
26476693
26476697
26476710
26476714
26476724
26476739
26476741
26476742
26476746
26476753
26476760
26476772
26476776
26476784
26476813
26476822
26476828
26476835
26476841
26476850
26476867
26476869
26476870
26476876
26476882
26476888
26476897
26476904
26476912
26476931
26476933
26476934
26476937
26476948
26476952
26476962
26476968
26476976
26477108
26477156
26477168
26477332
26477360
26477380
26477392
26477408
26477594
26477706
26477720
26477842
26477848
26477954
26477960
26477968
26478352
26478633
26478689
26478696
26478729
26478760
26478785
26478792
26478816
26479200
26479752
26480654
26480678
26480682
26480684
26480902
26480908
26480930
26480936
26481188
26481412
26481440
26481674
26481922
26481928
26482432
26482728
26483232
26483720
26484755
26484771
26484785
26484786
26484867
26484881
26484898
26484912
26485296
26485778
26485890
26485904
26486288
26486817
26486913
26486944
26487328
26487936
26488866
26489376
26489858
26490368
26490912
26491392
26491904
26492941
26492949
26492953
26492956
26492997
26493004
26493009
26493016
26493460
26493508
26493520
26493976
26494480
26494985
26495041
26495048
26495552
26496008
26497036
26497540
26498056
26498560
26499080
26499584
26500096
26501137
26501648
26502160
26502656
26503169
26503680
26504192
26509349
26509445
26509476
26509573
26509601
26509697
26509700
26509728
26509860
26510084
26510112
26510720
26511104
26511393
26511489
26511520
26511904
26512512
26513444
26513668
26513696
26514688
26515488
26516480
26517537
26517633
26517664
26518048
26518656
26519040
26521632
26522624
26525701
26526212
26527745
26528256
26529796
26531840
26533889
26534400
26542102
26542150
26542162
26542214
26542228
26542274
26542276
26542288
26542612
26542660
26542672
26543122
26543234
26543248
26543632
26544320
26544704
26545280
26546182
26546692
26547202
26547712
26550290
26550402
26550416
26550800
26552448
26552832
26554370
26554880
26558484
26558532
26558544
26559504
26560576
26561536
26562564
26563584
26566672
26568704
26574980
26575364
26576000
26576384
26577024
26577408
26577920
26578948
26579968
26583168
26583552
26587136
26591236
26593280
26595328
26599424
26607627
26607683
26607690
26607875
26607881
26607937
26607938
26607944
26608448
26608650
26608898
26608904
26609408
26609673
26609729
26609736
26610240
26610696
26611722
26611970
26611976
26612480
26613768
26614272
26615811
26616834
26617857
26618880
26619906
26621952
26624009
26624065
26624072
26624576
26625032
26625536
26628104
26628608
26632193
26633216
26640641
26641152
26641664
26641920
26642433
26642944
26643456
26644736
26646528
26648577
26649600
26652672
26656769
26657280
26660864
26664960
26673218
26673728
26674178
26674688
26675264
26675712
26676224
26677250
26677760
26681346
26683392
26685440
26689600
26690560
26693632
26697728
27263539
27263541
27263542
27263766
27263779
27263794
27264027
27264029
27264030
27264139
27264149
27264153
27264531
27264533
27264534
27265067
27265069
27265070
27265102
27265125
27265132
27265571
27265573
27265574
27266059
27266061
27266062
27267238
27267270
27267300
27267398
27267462
27267490
27267622
27267846
27267874
27268230
27268614
27269158
27269190
27269220
27269638
27269666
27269668
27270150
27271251
27271363
27271377
27271491
27271506
27271555
27271699
27271939
27271954
27272211
27272323
27272337
27272707
27272721
27272722
27273283
27273731
27274243
27275458
27275586
27275650
27276034
27276418
27276802
27277378
27277826
27278338
27279557
27279629
27279685
27279692
27279749
27279753
27280133
27280397
27280517
27280521
27280901
27281421
27281477
27281484
27281925
27282437
27282441
27282444
27283652
27283780
27283844
27284228
27284612
27284996
27285572
27286020
27286532
27287745
27287873
27287937
27288321
27288705
27289089
27289665
27290113
27290625
27295924
27296028
27296148
27296152
27296168
27296176
27296308
27296532
27296560
27296796
27296916
27296920
27297300
27297836
27298340
27298828
27300004
27300228
27300256
27300996
27301924
27302916
27304336
27304720
27305104
27305488
27308416
27309184
27312396
27312516
27312520
27312900
27314188
27314692
27316356
27316484
27316608
27318276
27320704
27321088
27328602
27328682
27328714
27328728
27328744
27328752
27329074
27329562
27329674
27329688
27330066
27330602
27330634
27330664
27331106
27331594
27332770
27332802
27332832
27333154
27333762
27334146
27336786
27336898
27336912
27337234
27338818
27339266
27340866
27340930
27340992
27341314
27345096
27346056
27347016
27347976
27349184
27350144
27353280
27355200
27361432
27361448
27361456
27361840
27362328
27362440
27362448
27362832
27363368
27363872
27364360
27365536
27366528
27369616
27370000
27373696
27377800
27379720
27381888
27385984
27394161
27394345
27394392
27394401
27394408
27394416
27394609
27394849
27394864
27395097
27395601
27396137
27396193
27396200
27396641
27397129
27398496
27398944
27400288
27400736
27402321
27402561
27402576
27403281
27404353
27405313
27406656
27408448
27410697
27410753
27410760
27411201
27411465
27411969
27414848
27415296
27418689
27418881
27418944
27419649
27427096
27427112
27427120
27427376
27427600
27427616
27427864
27428368
27428904
27429408
27429896
27431200
27432992
27435280
27436048
27439360
27443464
27443968
27447552
27451648
27459672
27459688
27459696
27460144
27460632
27461136
27461672
27461704
27461728
27462176
27462664
27463776
27464224
27467856
27469888
27471936
27476040
27477000
27480128
27484224
28311579
28311581
28311582
28311595
28311597
28311598
28311603
28311605
28311606
28311630
28311635
28311642
28311653
28311660
28311665
28311691
28311701
28311705
28311718
28311722
28311732
28311747
28311749
28311750
28311754
28311761
28311768
28311780
28311784
28311792
28311821
28311830
28311836
28311843
28311849
28311858
28311875
28311877
28311878
28311884
28311890
28311896
28311905
28311912
28311920
28311939
28311941
28311942
28311945
28311956
28311960
28311970
28311976
28311984
28312085
28312101
28312113
28312116
28312325
28312340
28312353
28312368
28312590
28312598
28312602
28312604
28312710
28312714
28312724
28312728
28313108
28313611
28313635
28313641
28313642
28313667
28313674
28313697
28313704
28314145
28314634
28315686
28315718
28315748
28315910
28315938
28315970
28315972
28316000
28316196
28316420
28316448
28316678
28317188
28317730
28317762
28317792
28318240
28318722
28319763
28319875
28319889
28320003
28320018
28320129
28320130
28320144
28320273
28320513
28320528
28320786
28320898
28320912
28321296
28321795
28322305
28322818
28324098
28324608
28324866
28325376
28325890
28326400
28326912
28327949
28328005
28328012
28328069
28328073
28328129
28328132
28328136
28328453
28328972
28329092
28329096
28329476
28329993
28330049
28330056
28330497
28331016
28332100
28332548
28333060
28333568
28334144
28334592
28335104
28336257
28336641
28337280
28337664
28338177
28338688
28339200
28344364
28344484
28344488
28344588
28344616
28344708
28344712
28344736
28344868
28345092
28345120
28345356
28345476
28345480
28345860
28346408
28346912
28347400
28348452
28348676
28348704
28349444
28350496
28351488
28352896
28353280
28353664
28354048
28356864
28357632
28360716
28360836
28360840
28361220
28362760
28363264
28364804
28366848
28369024
28369408
28377138
28377170
28377200
28377250
28377264
28377282
28377296
28377312
28377648
28378130
28378242
28378256
28378640
28379170
28379202
28379232
28379680
28380162
28381218
28381250
28381280
28381728
28382210
28382720
28385298
28385410
28385424
28385808
28387330
28387840
28389378
28389888
28393664
28394624
28395584
28396544
28397632
28398592
28401792
28403712
28410016
28410400
28411008
28411392
28411936
28412416
28412928
28413984
28414976
28418176
28418560
28422144
28426368
28428288
28430336
28434432
28442649
28442705
28442712
28442889
28442904
28442945
28442952
28442960
28443153
28443393
28443408
28443672
28444176
28444681
28444737
28444744
28445185
28445704
28447040
28447488
28448832
28449280
28450833
28451073
28451088
28451856
28452865
28453888
28455168
28456960
28459017
28459073
28459080
28459521
28460040
28460544
28463168
28463616
28467201
28468224
28475656
28476160
28476424
28476928
28477448
28477952
28478464
28479744
28481536
28483840
28484608
28487680
28491784
28492288
28495872
28499968
28508240
28508688
28509200
28509696
28510272
28510720
28511232
28512320
28512768
28516368
28518400
28520448
28524608
28525568
28528640
28532736
29360691
29360693
29360694
29360723
29360741
29360753
29361179
29361181
29361182
29361421
29361430
29361436
29361683
29361685
29361686
29362219
29362221
29362222
29362315
29362342
29362346
29362723
29362725
29362726
29363211
29363213
29363214
29364302
29364422
29364426
29364550
29364556
29364614
29364806
29365262
29365510
29365516
29365766
29366286
29366406
29366410
29366790
29367302
29367306
29367308
29368515
29368611
29368643
29368673
29368707
29368738
29368867
29368899
29368929
29369603
29369859
29370403
29370499
29370530
29370883
29370913
29370914
29371395
29372610
29372738
29372802
29372994
29373698
29373954
29374594
29374978
29375490
29376661
29376709
29376721
29376837
29376901
29376916
29377045
29377093
29377105
29377557
29377797
29377812
29378053
29378065
29378068
29378693
29379077
29379589
29380804
29380932
29380996
29381188
29381892
29382148
29382788
29383172
29383684
29384897
29385025
29385089
29385281
29385985
29386241
29386881
29387265
29387777
29393049
29393193
29393289
29393304
29393320
29393328
29393457
29393945
29394185
29394200
29394449
29394985
29395081
29395112
29395489
29395977
29397384
29398280
29399176
29400072
29401377
29401473
29401504
29401633
29402369
29402625
29405568
29406464
29409425
29409665
29409680
29409809
29411457
29411841
29413760
29415552
29417601
29417729
29417856
29417985
29425772
29425844
29425880
29425892
29425896
29425904
29426228
29426276
29426288
29426716
29427220
29427756
29427876
29427880
29428260
29428748
29429836
29429956
29429960
29430340
29430796
29431300
29434080
29434464
29436064
29436448
29438144
29438528
29442196
29442244
29442256
29443092
29444228
29445124
29446212
29446276
29446336
29447172
29450432
29452416
29458584
29458600
29458608
29458992
29459480
29459984
29460520
29460616
29460640
29461024
29461512
29462664
29463560
29466784
29467168
29470848
29474960
29476992
29479040
29483136
29491290
29491506
29491538
29491544
29491560
29491568
29491762
29491794
29491824
29492250
29492498
29492504
29492754
29493290
29493794
29494282
29495370
29495618
29495624
29495874
29497354
29497858
29499682
29499714
29499744
29500674
29501474
29502466
29503554
29503746
29503808
29505538
29507920
29508176
29508880
29509136
29512000
29512256
29516096
29517056
29524248
29524264
29524272
29524528
29525016
29525256
29525264
29525520
29526056
29526560
29527048
29528328
29530120
29532448
29533440
29536512
29540624
29540880
29544704
29548800
29556824
29556840
29556848
29557296
29557328
29557344
29557784
29558288
29558824
29559328
29559816
29560904
29561408
29565024
29567008
29569088
29573200
29574160
29577280
29581376
29622299
29622301
29622302
29622315
29622317
29622318
29622323
29622325
29622326
29622350
29622355
29622362
29622373
29622380
29622385
29622411
29622421
29622425
29622438
29622442
29622452
29622467
29622469
29622470
29622474
29622481
29622488
29622500
29622504
29622512
29622541
29622550
29622556
29622563
29622569
29622578
29622595
29622597
29622598
29622604
29622610
29622616
29622625
29622632
29622640
29622659
29622661
29622662
29622665
29622676
29622680
29622690
29622696
29622704
29622806
29622822
29622834
29622836
29622854
29622866
29622884
29622896
29623307
29623315
29623321
29623322
29623555
29623561
29623570
29623576
29623826
29624333
29624357
29624361
29624364
29624453
29624457
29624484
29624488
29624868
29625353
29626382
29626502
29626506
29626630
29626636
29626754
29626756
29626760
29626886
29627402
29627650
29627656
29627906
29628428
29628548
29628552
29628932
29629448
29630499
29630531
29630561
29630595
29630626
29630657
29630658
29630688
29631010
29631042
29631072
29631491
29632002
29632545
29632641
29632672
29633056
29633537
29634690
29635074
29635586
29636096
29636736
29637120
29637632
29638677
29638725
29638737
29638917
29638932
29638977
29638980
29638992
29639188
29639236
29639248
29639697
29639937
29639952
29640208
29640709
29641220
29641729
29643012
29643268
29644032
29644288
29644804
29645312
29645824
29646913
29647424
29647873
29648384
29648897
29649408
29649920
29655089
29655185
29655216
29655329
29655344
29655425
29655440
29655456
29655600
29656081
29656321
29656336
29656592
29657121
29657217
29657248
29657632
29658113
29659520
29660416
29661312
29662208
29663265
29663361
29663392
29663776
29664257
29664768
29667456
29668352
29671441
29671681
29671696
29671952
29673473
29673984
29675776
29677568
29679617
29680128
29687836
29687884
29687896
29687956
29687960
29688004
29688008
29688016
29688340
29688388
29688400
29688856
29689360
29689868
29689988
29689992
29690372
29690888
29691916
29692036
29692040
29692420
29692936
29693440
29696192
29696576
29698176
29698560
29700224
29700608
29704212
29704260
29704272
29705232
29706244
29707264
29708292
29709312
29712448
29714432
29720720
29721104
29721616
29722112
29722752
29723136
29723648
29724800
29725696
29728896
29729280
29732864
29736976
29739008
29741056
29745152
29753386
29753418
29753448
29753634
29753640
29753666
29753672
29753696
29753890
29753922
29753952
29754378
29754626
29754632
29754882
29755432
29755936
29756424
29757450
29757698
29757704
29757954
29759496
29760000
29761570
29761602
29761632
29762562
29763616
29764608
29765634
29767680
29770048
29770304
29771008
29771264
29774080
29774336
29777984
29778944
29786400
29786656
29787392
29787648
29788192
29788672
29789184
29790464
29792256
29794336
29795328
29798400
29802752
29803008
29806592
29810688
29818952
29819456
29819912
29820416
29820936
29821440
29821952
29822984
29823488
29827136
29829120
29831168
29835328
29836288
29839360
29843456
33560203
33560259
33560266
33560387
33560451
33560457
33561171
33561283
33561297
33561411
33561426
33561475
33561795
33561891
33561923
33561953
33561987
33562018
33564357
33564429
33564485
33564492
33564549
33564553
33565333
33565381
33565393
33565509
33565573
33565588
33565797
33565893
33565924
33566021
33566049
33566085
33567385
33567441
33567448
33567576
33567625
33567640
33567976
33568041
33568097
33568104
33568137
33568168
33568393
33568449
33568456
33568521
33568577
33568584
33568641
33568648
33568881
33568977
33569008
33569121
33569136
33569200
33569361
33569425
33569473
33569488
33569601
33569616
33569665
33569680
33569889
33569985
33570016
33570081
33570113
33570144
33570177
33570208
33572430
33572550
33572554
33572678
33572684
33572742
33573574
33573654
33573702
33573714
33573766
33573780
33574054
33574086
33574116
33574214
33574278
33574306
33575514
33575626
33575640
33575762
33575768
33575832
33576106
33576138
33576168
33576296
33576354
33576360
33576522
33576586
33576642
33576648
33576770
33576776
33576834
33576840
33577200
33577266
33577298
33577328
33577378
33577392
33577554
33577666
33577680
33577746
33577794
33577808
33577858
33577872
33578146
33578178
33578208
33578274
33578306
33578336
33578370
33578400
33579736
33579804
33579852
33579864
33579924
33579928
33580140
33580260
33580264
33580364
33580392
33580456
33580620
33580740
33580744
33580812
33580868
33580872
33580932
33580936
33581236
33581284
33581296
33581424
33581460
33581488
33581716
33581764
33581776
33581844
33581892
33581904
33581956
33581968
33582180
33582244
33582276
33582304
33582404
33582432
33582468
33582496
33588814
33588875
33588931
33588933
33588934
33588938
33589843
33589909
33589955
33589957
33589958
33589969
33590373
33590438
33590467
33590469
33590470
33590500
33592363
33592459
33592490
33592515
33592522
33592552
33593395
33593427
33593457
33593539
33593553
33593584
33594403
33594435
33594465
33594499
33594530
33594561
33594562
33594592
33595933
33596053
33596057
33596101
33596113
33596120
33596461
33596517
33596524
33596613
33596644
33596648
33596941
33596997
33597004
33597061
33597065
33597121
33597124
33597128
33599601
33599641
33599697
33599704
33599720
33599728
33600553
33600609
33600616
33600649
33600680
33600705
33600712
33600736
33604126
33604174
33604186
33604294
33604298
33604312
33605686
33605798
33605812
33605830
33605860
33605872
33606166
33606214
33606226
33606278
33606292
33606338
33606340
33606352
33607770
33607850
33607882
33607896
33607912
33607920
33609778
33609810
33609840
33609890
33609904
33609922
33609936
33609952
33611884
33611956
33611992
33612004
33612008
33612016
33612316
33612364
33612376
33612436
33612440
33612484
33612488
33612496
33621582
33621773
33621827
33621829
33621830
33621836
33622611
33622806
33622851
33622853
33622854
33622866
33623141
33623331
33623363
33623365
33623366
33623393
33624603
33624659
33624666
33624899
33624914
33624920
33625131
33625379
33625385
33625411
33625441
33625448
33625611
33625667
33625674
33625859
33625865
33625921
33625922
33625928
33628701
33628941
33628956
33628997
33629004
33629016
33630261
33630309
33630321
33630533
33630561
33630576
33630741
33630789
33630801
33630981
33630996
33631041
33631044
33631056
33632369
33632553
33632600
33632609
33632616
33632624
33632793
33632849
33632856
33633033
33633048
33633089
33633096
33633104
33637422
33637454
33637484
33637702
33637708
33637736
33638454
33638678
33638706
33638726
33638738
33638768
33639462
33639494
33639524
33639686
33639714
33639746
33639748
33639776
33640538
33640754
33640786
33640792
33640808
33640816
33641514
33641546
33641576
33641762
33641768
33641794
33641800
33641824
33644652
33644828
33644876
33644888
33644904
33644912
33646644
33646692
33646704
33646868
33646896
33646916
33646928
33646944
33653275
33653277
33653278
33653326
33653331
33653338
33653803
33653805
33653806
33653838
33653861
33653868
33654283
33654285
33654286
33654339
33654341
33654342
33654346
33654348
33654835
33654837
33654838
33654867
33654885
33654897
33655315
33655317
33655318
33655363
33655365
33655366
33655377
33655378
33655843
33655845
33655846
33655875
33655877
33655878
33655905
33655908
33656859
33656875
33656883
33656915
33656922
33656945
33657867
33657891
33657897
33657898
33657923
33657930
33657953
33657960
33660957
33660973
33660981
33661029
33661036
33661041
33661453
33661461
33661465
33661468
33661509
33661516
33661521
33661528
33665049
33665065
33665073
33665105
33665112
33665121
33665128
33665136
33669150
33669166
33669174
33669198
33669210
33669228
33671190
33671206
33671218
33671220
33671238
33671250
33671268
33671280
33673242
33673258
33673266
33673290
33673298
33673304
33673320
33673328
33677340
33677356
33677364
33677388
33677400
33677412
33677416
33677424
33687179
33687309
33687427
33687429
33687430
33687433
33688213
33688342
33688451
33688453
33688454
33688468
33688742
33688867
33688963
33688965
33688966
33688994
33690139
33690251
33690265
33690499
33690505
33690520
33691699
33691939
33691954
33692035
33692066
33692080
33692179
33692291
33692305
33692419
33692434
33692545
33692546
33692560
33694765
33694989
33695017
33695109
33695113
33695144
33695797
33695893
33695924
33696133
33696148
33696176
33696805
33696901
33696932
33697029
33697057
33697153
33697156
33697184
33697945
33698089
33698185
33698200
33698216
33698224
33699889
33699985
33700016
33700129
33700144
33700225
33700240
33700256
33702430
33702678
33702684
33702790
33702804
33702808
33702958
33703078
33703082
33703302
33703330
33703336
33703438
33703558
33703562
33703686
33703692
33703810
33703812
33703816
33706154
33706290
33706392
33706402
33706408
33706416
33706522
33706634
33706648
33706770
33706776
33706882
33706888
33706896
33710260
33710364
33710484
33710488
33710504
33710512
33711148
33711268
33711272
33711372
33711400
33711492
33711496
33711520
33718811
33718813
33718814
33718923
33718933
33718937
33719339
33719341
33719342
33719435
33719462
33719466
33719819
33719821
33719822
33719939
33719941
33719942
33719945
33719946
33720371
33720373
33720374
33720469
33720486
33720500
33720851
33720853
33720854
33720963
33720965
33720966
33720977
33720980
33721379
33721381
33721382
33721475
33721477
33721478
33721506
33721508
33722395
33722411
33722419
33722507
33722521
33722538
33724435
33724451
33724465
33724466
33724547
33724561
33724578
33724592
33726493
33726509
33726517
33726613
33726617
33726644
33727501
33727525
33727529
33727532
33727621
33727625
33727652
33727656
33730585
33730601
33730609
33730697
33730705
33730712
33730728
33730736
33734686
33734702
33734710
33734822
33734826
33734836
33735182
33735190
33735194
33735196
33735302
33735306
33735316
33735320
33738778
33738794
33738802
33738890
33738904
33738914
33738920
33738928
33742876
33742892
33742900
33742996
33743000
33743012
33743016
33743024
33751579
33751581
33751582
33751821
33751830
33751836
33752107
33752109
33752110
33752333
33752355
33752361
33752587
33752589
33752590
33752835
33752837
33752838
33752841
33752844
33753139
33753141
33753142
33753366
33753379
33753394
33753619
33753621
33753622
33753859
33753861
33753862
33753874
33753876
33754147
33754149
33754150
33754371
33754373
33754374
33754401
33754402
33755163
33755179
33755187
33755427
33755433
33755442
33755659
33755667
33755673
33755674
33755907
33755913
33755922
33755928
33759261
33759277
33759285
33759501
33759516
33759529
33761301
33761317
33761329
33761332
33761541
33761556
33761569
33761584
33763353
33763369
33763377
33763593
33763608
33763617
33763624
33763632
33767454
33767470
33767478
33767702
33767708
33767730
33768462
33768486
33768490
33768492
33768710
33768716
33768738
33768744
33771546
33771562
33771570
33771794
33771800
33771810
33771816
33771824
33775644
33775660
33775668
33775884
33775892
33775896
33775912
33775920
33818314
33819540
33820001
33821592
33821739
33821835
33821866
33821987
33821993
33822083
33822089
33822114
33822120
33822346
33822594
33822600
33823152
33823632
33824033
33824129
33824160
33825496
33826024
33826504
33826869
33826917
33826929
33826965
33826996
33827013
33827025
33827044
33827056
33827476
33827524
33827536
33827937
33828033
33828064
33829017
33829528
33829929
33830025
33830056
33830536
33830961
33831057
33831088
33831568
33831969
33832065
33832096
33833502
33833550
33833562
33833750
33833756
33833798
33833804
33833810
33833816
33834344
33834570
33834818
33834824
33835376
33835796
33835844
33835856
33836384
33837362
33837594
33837842
33837848
33838122
33838370
33838376
33838602
33838850
33838856
33839408
33839888
33840416
33841260
33841692
33841740
33841752
33842280
33842760
33843252
33843300
33843312
33843732
33843780
33843792
33844320
33850054
33850563
33851074
33851445
33851493
33851505
33851541
33851572
33851589
33851601
33851620
33851632
33852052
33852100
33852112
33852513
33852609
33852640
33853491
33854499
33854595
33854626
33855537
33855633
33855664
33856545
33856641
33856672
33857589
33857637
33857649
33857685
33857716
33857733
33857745
33857764
33857776
33858196
33858244
33858256
33858657
33858753
33858784
33859264
33861681
33861777
33861808
33862689
33862785
33862816
33865782
33866262
33866310
33866322
33867828
33867876
33867888
33868308
33868356
33868368
33869874
33871920
33873972
33874020
33874032
33874452
33874500
33874512
33882654
33882702
33882714
33882902
33882908
33882950
33882956
33882962
33882968
33883459
33883722
33883970
33883976
33884485
33884948
33884996
33885008
33885505
33886235
33886746
33886994
33887000
33887243
33887491
33887497
33887754
33888002
33888008
33890333
33890844
33890892
33890904
33892373
33892421
33892433
33892884
33892932
33892944
33894425
33894936
33898526
33898574
33898586
33898774
33898780
33898822
33898828
33898834
33898840
33899594
33899842
33899848
33900820
33900868
33900880
33901888
33902618
33902866
33902872
33903626
33903874
33903880
33906716
33906764
33906776
33908756
33908804
33908816
33914963
33915414
33915462
33915474
33915971
33916482
33916949
33916997
33917009
33917460
33917508
33917520
33918017
33918995
33920003
33923093
33923141
33923153
33923604
33923652
33923664
33927185
33931286
33931334
33931346
33933332
33933380
33933392
33935378
33939476
33939524
33939536
33948550
33948715
33948811
33948842
33948963
33948969
33949059
33949065
33949090
33949096
33949322
33949570
33949576
33950085
33950596
33951009
33951105
33951136
33951787
33951883
33951914
33952035
33952041
33952131
33952137
33952162
33952168
33952394
33952642
33952648
33954081
33954177
33954208
33954688
33955885
33956905
33957001
33957032
33957925
33958021
33958052
33958945
33959041
33959072
33959977
33960073
33960104
33962017
33962113
33962144
33964078
33964558
33964806
33964812
33965098
33965346
33965352
33965578
33965826
33965832
33968170
33968418
33968424
33968650
33968898
33968904
33972268
33973288
33980582
33981062
33981475
33981571
33981602
33982082
33982501
33982597
33982628
33983108
33983521
33983617
33983648
33984547
33984643
33984674
33986593
33986689
33986720
33988645
33988741
33988772
33989665
33989761
33989792
33992737
33992833
33992864
33996838
33997318
34000930
34005028
34013453
34013710
34013958
34013964
34014219
34014467
34014473
34014730
34014978
34014984
34015493
34016004
34016513
34017291
34017539
34017545
34017802
34018050
34018056
34021389
34023429
34025481
34029582
34029830
34029836
34030602
34030850
34030856
34033674
34033922
34033928
34037772
34080649
34081618
34082020
34083355
34083411
34083418
34083467
34083481
34083523
34083530
34083537
34083544
34084072
34084489
34084545
34084552
34085104
34085458
34085570
34085584
34086112
34087768
34087981
34088037
34088044
34088205
34088233
34088261
34088268
34088289
34088296
34088713
34088769
34088776
34089328
34089808
34090084
34090308
34090336
34091121
34091545
34091601
34091608
34092073
34092129
34092136
34092553
34092609
34092616
34093168
34093648
34094176
34096024
34096552
34097032
34097206
34097318
34097332
34097430
34097458
34097542
34097556
34097570
34097584
34097938
34098050
34098064
34098340
34098564
34098592
34099370
34099738
34099850
34099864
34100392
34100872
34101298
34101410
34101424
34101778
34101890
34101904
34102432
34103580
34104088
34104364
34104588
34104616
34105096
34105396
34105620
34105648
34106128
34106404
34106628
34106656
34112027
34112083
34112090
34112139
34112153
34112195
34112202
34112209
34112216
34112709
34113161
34113217
34113224
34113734
34114130
34114242
34114256
34114756
34115611
34115667
34115674
34115723
34115737
34115779
34115786
34115793
34115800
34116745
34116801
34116808
34117714
34117826
34117840
34118848
34119709
34120217
34120273
34120280
34120717
34120773
34120780
34121225
34121281
34121288
34123801
34123857
34123864
34124809
34124865
34124872
34127902
34128410
34128522
34128536
34129942
34130054
34130068
34130450
34130562
34130576
34131994
34132106
34132120
34134034
34134146
34134160
34136092
34136600
34145091
34145325
34145381
34145388
34145549
34145577
34145605
34145612
34145633
34145640
34146057
34146113
34146120
34146630
34147138
34147428
34147652
34147680
34148395
34148875
34148931
34148938
34149417
34149473
34149480
34149897
34149953
34149960
34152493
34152549
34152556
34152717
34152745
34152773
34152780
34152801
34152808
34153225
34153281
34153288
34154596
34154820
34154848
34155328
34156585
34156641
34156648
34157065
34157121
34157128
34160686
34161708
34161932
34161960
34162726
34162950
34162978
34163748
34163972
34164000
34164778
34165800
34168876
34169100
34169128
34170916
34171140
34171168
34177102
34177547
34177603
34177610
34178061
34178117
34178124
34178569
34178625
34178632
34179142
34179650
34180164
34181131
34181187
34181194
34182153
34182209
34182216
34185229
34185285
34185292
34185737
34185793
34185800
34189321
34189377
34189384
34193422
34195462
34197514
34201612
34210691
34211205
34211713
34211894
34212006
34212020
34212118
34212146
34212230
34212244
34212258
34212272
34212626
34212738
34212752
34213028
34213252
34213280
34213939
34214419
34214531
34214545
34215986
34216098
34216112
34216466
34216578
34216592
34218037
34219045
34219269
34219297
34220084
34220308
34220336
34221092
34221316
34221344
34222129
34224176
34226230
34226342
34226356
34226454
34226482
34226566
34226580
34226594
34226608
34226962
34227074
34227088
34227364
34227588
34227616
34228096
34230322
34230434
34230448
34230802
34230914
34230928
34234420
34234644
34234672
34235428
34235652
34235680
34242709
34243091
34243203
34243217
34243717
34244225
34244630
34244742
34244756
34245138
34245250
34245264
34245764
34246675
34246787
34246801
34248722
34248834
34248848
34250773
34251781
34254865
34258966
34259078
34259092
34259474
34259586
34259600
34263058
34263170
34263184
34267156
34275619
34276099
34276389
34276613
34276641
34277121
34277414
34277638
34277666
34278146
34278436
34278660
34278688
34279459
34279939
34283557
34283781
34283809
34285604
34285828
34285856
34287649
34291750
34291974
34292002
34292772
34292996
34293024
34295842
34299940
34300164
34300192
34341466
34341578
34341592
34341714
34341720
34341784
34342120
34342185
34342241
34342248
34342281
34342312
34342600
34342728
34342792
34343092
34343140
34343152
34343280
34343316
34343344
34343632
34343760
34343824
34344160
34344288
34344352
34344987
34345003
34345011
34345099
34345113
34345130
34345498
34345610
34345624
34346025
34346121
34346152
34346632
34347184
34347664
34348192
34349085
34349101
34349109
34349157
34349164
34349169
34349656
34350121
34350177
34350184
34350664
34351156
34351204
34351216
34351696
34352224
34353177
34353193
34353201
34353688
34354185
34354209
34354216
34354696
34355248
34355728
34356256
34357278
34357294
34357302
34357526
34357532
34357554
34357786
34358034
34358040
34358568
34359048
34359348
34359572
34359600
34360080
34360608
34361370
34361386
34361394
34361866
34361874
34361880
34362408
34362888
34363440
34363920
34364448
34365468
34365484
34365492
34365976
34366504
34366984
34367508
34367524
34367536
34368016
34368544
34373715
34373781
34373827
34373829
34373830
34373841
34374226
34374338
34374352
34374849
34375360
34375828
34375876
34375888
34376272
34376336
34376384
34376896
34377747
34377859
34377873
34378881
34379920
34380928
34381845
34381893
34381905
34382416
34382913
34383424
34385937
34386945
34390038
34390546
34392084
34392592
34394130
34396176
34398228
34398736
34406478
34406669
34406723
34406725
34406726
34406732
34406986
34407234
34407240
34407689
34407745
34407752
34408008
34408200
34408256
34408772
34409280
34409792
34410507
34411018
34411529
34412040
34414605
34414661
34414668
34415176
34416708
34417216
34418697
34419208
34422798
34423046
34423052
34424072
34425092
34426112
34426890
34427912
34430988
34433028
34439235
34439237
34439238
34439746
34440257
34440768
34441284
34441792
34442304
34443267
34444289
34447365
34447425
34447428
34447936
34451457
34455558
34457604
34459650
34463748
34472102
34472227
34472323
34472325
34472326
34472354
34472834
34473249
34473345
34473376
34473856
34474148
34474372
34474400
34474880
34475168
34475296
34475392
34476067
34476163
34476194
34476674
34478240
34478720
34480165
34481185
34482212
34483232
34484257
34486304
34488358
34488582
34488610
34489090
34489632
34490112
34492450
34492930
34496548
34497568
34504835
34504837
34504838
34505346
34505857
34506368
34506884
34507392
34507904
34508803
34508929
34508930
34510976
34512901
34513921
34516993
34521094
34521602
34525186
34529284
34537731
34537733
34537734
34538242
34538753
34539264
34539780
34540288
34540800
34541571
34542082
34545669
34547716
34549761
34553862
34554114
34554116
34555136
34557954
34562052
34604876
34605777
34606498
34607960
34608488
34608968
34609203
34609235
34609265
34609443
34609458
34609475
34609490
34609505
34609520
34609745
34609985
34610000
34610466
34610498
34610528
34611741
34611861
34611865
34611981
34611996
34612101
34612105
34612116
34612120
34612648
34613004
34613124
34613128
34613680
34613905
34614145
34614160
34614688
34615593
34615833
34616073
34616088
34616616
34617096
34617393
34617633
34617648
34617873
34618113
34618128
34618656
34620120
34620462
34620494
34620524
34620582
34620586
34620614
34620618
34620644
34620648
34621004
34621124
34621128
34621680
34622160
34622626
34622658
34622688
34623578
34624088
34624554
34624586
34624616
34625096
34625586
34625618
34625648
34626128
34626594
34626626
34626656
34627764
34628124
34628244
34628248
34628652
34628772
34628776
34629132
34629252
34629256
34629808
34630288
34630816
34636485
34636846
34636878
34636908
34636966
34636970
34636998
34637002
34637028
34637032
34637388
34637508
34637512
34638019
34638529
34639010
34639042
34639072
34639915
34640938
34640970
34641000
34641955
34641987
34642017
34642978
34643010
34643040
34644013
34644493
34644613
34644617
34645036
34645156
34645160
34645516
34645636
34645640
34648105
34649128
34652206
34652238
34652268
34652326
34652330
34652358
34652362
34652388
34652392
34652748
34652868
34652872
34654370
34654402
34654432
34654912
34656298
34656330
34656360
34658338
34658370
34658400
34660396
34660516
34660520
34660876
34660996
34661000
34669381
34669894
34670404
34670643
34670675
34670705
34670883
34670898
34670915
34670930
34670945
34670960
34671185
34671425
34671440
34671906
34671938
34671968
34672691
34672723
34672753
34672931
34672946
34672963
34672978
34672993
34673008
34673233
34673473
34673488
34673954
34673986
34674016
34674496
34676789
34677269
34677509
34677524
34678833
34679073
34679088
34679313
34679553
34679568
34680881
34681121
34681136
34681361
34681601
34681616
34684982
34685990
34686022
34686052
34687026
34687058
34687088
34688034
34688066
34688096
34689074
34689106
34689136
34690082
34690114
34690144
34693172
34695216
34701413
34701893
34702374
34702406
34702436
34702916
34703395
34703427
34703457
34703937
34704418
34704450
34704480
34705443
34705475
34705505
34706466
34706498
34706528
34709541
34710021
34713633
34717734
34717766
34717796
34719778
34719810
34719840
34721826
34721858
34721888
34725924
34734621
34734741
34734745
34734861
34734876
34734981
34734985
34734996
34735000
34735494
34735884
34736004
34736008
34736515
34736785
34737025
34737040
34737538
34738203
34738713
34738953
34738968
34740243
34740483
34740498
34740753
34740993
34741008
34742301
34742421
34742425
34742541
34742556
34742661
34742665
34742676
34742680
34743564
34743684
34743688
34744465
34744705
34744720
34745728
34746393
34746633
34746648
34748433
34748673
34748688
34750494
34751004
34751124
34751128
34751502
34751622
34751626
34752012
34752132
34752136
34754586
34755096
34758684
34758804
34758808
34759692
34759812
34759816
34766987
34767373
34767493
34767497
34767886
34768006
34768010
34768396
34768516
34768520
34769027
34769537
34770050
34770955
34772995
34775053
34775173
34775177
34776076
34776196
34776200
34779145
34783246
34783366
34783370
34783756
34783876
34783880
34787338
34791436
34791556
34791560
34799894
34800149
34800389
34800404
34800902
34801412
34801683
34801923
34801938
34802193
34802433
34802448
34802946
34803731
34803971
34803986
34804241
34804481
34804496
34807829
34808069
34808084
34809873
34810113
34810128
34811921
34812161
34812176
34816022
34817030
34820114
34824212
34865880
34865948
34865996
34866008
34866068
34866072
34866346
34866378
34866408
34866536
34866594
34866600
34866888
34867016
34867080
34867313
34867409
34867440
34867553
34867568
34867632
34867920
34868048
34868112
34868448
34868576
34868640
34869275
34869291
34869299
34869539
34869545
34869554
34870040
34870314
34870562
34870568
34871048
34871345
34871585
34871600
34872080
34872608
34873373
34873389
34873397
34873493
34873497
34873524
34873884
34874004
34874008
34874536
34875016
34875441
34875537
34875568
34876048
34876576
34877465
34877481
34877489
34877976
34878504
34878984
34879505
34879521
34879536
34880016
34880544
34881566
34881582
34881590
34881614
34881626
34881644
34882076
34882124
34882136
34882602
34882634
34882664
34883144
34883696
34884176
34884704
34885658
34885674
34885682
34886168
34886666
34886690
34886696
34887176
34887728
34888208
34888736
34889756
34889772
34889780
34890252
34890260
34890264
34890792
34891272
34891824
34892304
34892832
34898021
34898086
34898115
34898117
34898118
34898148
34898628
34899106
34899138
34899168
34899648
34900065
34900161
34900192
34900672
34901088
34901152
34901184
34902051
34903074
34904097
34905120
34906149
34906245
34906276
34906756
34907296
34907776
34910241
34911264
34914342
34914374
34914404
34914884
34916448
34916928
34918434
34920480
34922532
34923012
34930771
34930966
34931011
34931013
34931014
34931026
34931476
34931524
34931536
34932034
34932544
34932817
34933057
34933072
34933328
34933520
34933568
34934080
34934803
34935043
34935058
34935568
34936066
34936576
34938901
34939412
34940945
34941456
34942993
34943504
34947094
34947142
34947154
34948162
34949200
34950208
34951186
34952194
34955284
34957328
34963523
34963525
34963526
34964036
34964546
34965056
34965569
34966080
34966592
34967555
34968578
34971653
34972164
34975745
34979846
34979906
34979908
34981952
34983938
34988036
34996363
34996493
34996611
34996613
34996614
34996617
34997004
34997124
34997128
34997386
34997634
34997640
34997896
34998024
34998144
34998657
34999168
34999680
35000331
35000579
35000585
35001096
35002625
35003136
35004429
35004549
35004553
35005576
35006593
35007616
35008521
35010561
35012622
35013132
35013642
35014152
35016714
35017224
35020812
35021832
35029123
35029125
35029126
35029636
35030146
35030656
35031169
35031680
35032192
35033091
35035137
35037189
35037313
35037316
35038336
35041281
35045382
35045892
35049474
35053572
35062019
35062021
35062022
35062532
35063042
35063552
35064065
35064576
35065088
35065859
35066113
35066114
35066624
35069957
35072001
35074049
35078150
35079170
35082242
35086340
35127961
35128017
35128024
35128152
35128201
35128216
35128428
35128548
35128552
35128652
35128680
35128744
35129032
35129160
35129224
35129584
35129650
35129682
35129712
35129762
35129776
35130064
35130192
35130256
35130592
35130720
35130784
35131419
35131435
35131443
35131475
35131482
35131505
35131929
35131985
35131992
35132520
35133000
35133490
35133522
35133552
35134032
35134560
35135517
35135533
35135541
35135757
35135772
35135785
35136025
35136265
35136280
35136556
35136780
35136808
35137288
35137840
35138320
35138848
35139609
35139625
35139633
35140105
35140113
35140120
35140648
35141128
35141680
35142160
35142688
35143710
35143726
35143734
35143846
35143850
35143860
35144344
35144748
35144868
35144872
35145352
35145778
35145890
35145904
35146384
35146912
35147802
35147818
35147826
35148312
35148840
35149320
35149842
35149858
35149872
35150352
35150880
35151900
35151916
35151924
35152408
35152908
35152932
35152936
35153416
35153968
35154448
35154976
35160142
35160203
35160259
35160261
35160262
35160266
35160713
35160769
35160776
35161164
35161284
35161288
35161672
35161736
35161792
35162306
35162816
35163328
35164171
35164227
35164234
35165256
35166274
35167296
35168269
35168777
35169292
35169800
35172361
35173384
35176462
35176582
35176586
35177096
35178626
35179136
35180554
35182594
35184652
35185160
35192933
35193123
35193155
35193157
35193158
35193185
35193665
35193956
35194180
35194208
35194688
35195170
35195202
35195232
35195712
35196000
35196192
35196224
35196963
35196995
35197025
35197505
35198048
35198528
35201061
35201285
35201313
35201793
35203360
35203840
35205153
35205633
35209254
35210276
35211298
35212320
35213346
35214368
35217444
35219488
35225667
35225669
35225670
35226177
35226692
35227200
35227714
35228224
35228736
35229699
35229761
35229762
35230784
35233797
35234305
35237889
35241990
35244034
35246082
35250180
35258517
35258646
35258755
35258757
35258758
35258772
35259025
35259265
35259280
35259780
35260288
35260690
35260802
35260816
35261072
35261200
35261312
35261824
35262483
35262993
35264530
35265040
35266581
35266821
35266836
35267844
35268880
35269888
35270673
35272720
35274774
35274886
35274900
35275408
35275908
35276416
35278866
35279376
35282964
35283972
35291267
35291269
35291270
35291777
35292292
35292800
35293314
35293824
35294336
35295235
35297282
35299333
35300356
35303425
35307526
35307650
35307652
35308160
35311618
35315716
35324163
35324165
35324166
35324673
35325188
35325696
35326210
35326720
35327232
35328003
35328513
35332101
35332353
35332356
35334400
35336193
35340294
35341316
35344386
35348484
35653259
35654422
35654757
35656579
35656899
35657347
35657779
35657811
35657841
35658019
35658034
35658051
35658066
35658081
35658096
35658259
35658499
35658514
35658787
35658819
35658849
35660317
35660437
35660441
35660557
35660572
35660677
35660681
35660692
35660696
35660997
35661325
35661445
35661449
35662149
35662357
35662597
35662612
35662917
35664081
35664529
35664769
35664784
35665089
35665537
35666001
35666241
35666256
35666449
35666689
35666704
35667009
35668870
35669038
35669070
35669100
35669158
35669162
35669190
35669194
35669220
35669224
35669518
35669638
35669642
35670342
35670790
35671078
35671110
35671140
35672482
35672962
35673250
35673282
35673312
35673730
35674402
35674434
35674464
35674882
35675170
35675202
35675232
35676492
35676940
35677060
35677064
35677260
35677380
35677384
35677708
35677828
35677832
35678532
35678980
35679300
35684894
35685422
35685454
35685484
35685542
35685546
35685574
35685578
35685604
35685608
35685902
35686022
35686026
35686454
35686934
35687462
35687494
35687524
35688688
35689634
35689666
35689696
35690546
35690578
35690608
35691554
35691586
35691616
35692760
35693084
35693204
35693208
35693644
35693764
35693768
35694092
35694212
35694216
35696848
35697856
35700782
35700814
35700844
35700902
35700906
35700934
35700938
35700964
35700968
35701262
35701382
35701386
35702822
35702854
35702884
35703302
35704994
35705026
35705056
35706914
35706946
35706976
35709004
35709124
35709128
35709452
35709572
35709576
35717659
35718187
35718667
35719219
35719251
35719281
35719459
35719474
35719491
35719506
35719521
35719536
35719699
35719939
35719954
35720227
35720259
35720289
35721267
35721299
35721329
35721507
35721522
35721539
35721554
35721569
35721584
35721747
35721987
35722002
35722275
35722307
35722337
35722755
35725656
35725849
35726089
35726104
35727441
35727681
35727696
35727889
35728129
35728144
35729489
35729729
35729744
35729937
35730177
35730192
35733864
35734570
35734602
35734632
35735842
35735874
35735904
35736610
35736642
35736672
35737890
35737922
35737952
35738658
35738690
35738720
35742024
35744064
35749978
35750426
35750954
35750986
35751016
35751434
35751986
35752018
35752048
35752466
35752994
35753026
35753056
35754034
35754066
35754096
35755042
35755074
35755104
35758168
35758616
35762256
35766314
35766346
35766376
35768354
35768386
35768416
35770402
35770434
35770464
35774536
35783197
35783317
35783321
35783437
35783452
35783557
35783561
35783572
35783576
35783725
35784205
35784325
35784329
35784757
35785237
35785477
35785492
35785765
35787184
35787409
35787649
35787664
35788849
35789089
35789104
35789329
35789569
35789584
35790877
35790997
35791001
35791117
35791132
35791237
35791241
35791252
35791256
35791885
35792005
35792009
35792917
35793157
35793172
35793925
35795089
35795329
35795344
35797009
35797249
35797264
35799464
35799820
35799940
35799944
35800108
35800228
35800232
35800588
35800708
35800712
35803552
35804032
35807500
35807620
35807624
35808268
35808388
35808392
35815604
35815964
35816084
35816088
35816492
35816612
35816616
35816972
35817092
35817096
35817524
35818004
35818532
35819696
35821616
35823644
35823764
35823768
35824652
35824772
35824776
35827856
35831852
35831972
35831976
35832332
35832452
35832456
35836064
35840012
35840132
35840136
35848489
35848729
35848969
35848984
35849257
35849737
35850289
35850529
35850544
35850769
35851009
35851024
35851297
35852337
35852577
35852592
35852817
35853057
35853072
35856409
35856649
35856664
35858449
35858689
35858704
35860497
35860737
35860752
35864872
35865640
35868960
35873032
35914270
35914518
35914524
35914630
35914644
35914648
35914795
35914891
35914922
35914947
35914954
35914984
35915402
35915829
35915877
35915889
35916101
35916129
35916144
35916564
35916897
35917875
35918115
35918130
35918211
35918242
35918256
35918610
35918722
35918736
35918883
35918979
35919010
35919490
35919921
35920161
35920176
35920656
35920929
35921949
35922069
35922073
35922117
35922129
35922136
35922460
35922580
35922584
35923081
35923137
35923144
35923592
35923989
35924037
35924049
35924500
35925057
35926161
35926672
35927169
35927680
35928081
35928592
35929089
35930158
35930190
35930220
35930438
35930444
35930472
35930638
35930886
35930892
35931178
35931210
35931240
35931658
35932260
35932484
35932512
35932932
35933280
35934498
35934978
35935266
35935746
35936544
35937024
35937312
35938380
35938828
35939400
35939848
35940420
35940868
35941440
35946550
35946662
35946676
35946694
35946724
35946736
35947030
35947142
35947156
35947682
35947714
35947744
35948162
35948596
35948644
35948656
35949076
35949664
35950642
35950754
35950768
35951650
35951746
35951776
35952688
35953696
35954836
35954884
35954896
35955220
35955332
35955344
35955904
35956352
35958928
35959936
35962918
35962950
35962980
35963398
35964964
35964996
35965024
35965444
35967010
35969056
35971140
35971588
35979291
35979347
35979354
35979587
35979602
35979608
35979802
35980050
35980056
35980299
35980355
35980362
35980810
35981393
35981633
35981648
35982096
35982401
35983379
35983619
35983634
35983890
35984130
35984144
35984387
35984898
35987481
35987537
35987544
35987992
35989521
35989569
35989584
35990032
35991569
35992080
35995722
35995970
35995976
35996682
35996738
35996744
35998016
35998784
36000002
36000770
36003912
36005952
36012114
36012562
36013122
36013570
36014160
36014608
36015168
36016146
36017154
36020304
36020752
36024336
36028482
36030528
36032514
36036672
36044845
36045069
36045097
36045189
36045193
36045224
36045580
36045700
36045704
36045865
36045961
36045992
36046472
36046885
36047109
36047137
36047620
36047905
36049185
36049281
36049312
36049792
36050977
36051201
36051232
36051712
36053005
36053125
36053129
36054025
36054145
36054152
36055045
36056065
36057217
36059137
36061228
36061452
36061480
36061708
36061956
36061960
36062248
36062728
36065568
36066048
36069388
36070408
36077732
36078212
36078752
36079232
36079652
36080132
36080672
36081824
36083744
36085892
36086912
36089984
36093988
36094468
36098080
36102148
36110601
36111112
36111369
36111880
36112641
36113152
36113409
36114689
36115200
36118537
36120577
36122625
36126984
36127752
36131072
36134920
36176411
36176523
36176537
36176771
36176777
36176792
36176941
36176997
36177004
36177093
36177124
36177128
36177545
36177974
36178198
36178226
36178246
36178258
36178288
36178706
36179044
36180019
36180051
36180081
36180163
36180177
36180208
36180499
36180611
36180625
36181089
36181185
36181216
36181633
36182066
36182098
36182128
36182546
36183136
36184093
36184333
36184348
36184389
36184396
36184408
36184601
36184841
36184856
36185101
36185157
36185164
36185609
36186388
36186436
36186448
36186896
36187204
36188241
36188689
36189249
36189697
36190288
36190736
36191296
36192302
36192422
36192426
36192646
36192674
36192680
36192906
36193154
36193160
36193324
36193444
36193448
36193928
36194342
36194566
36194594
36195074
36195364
36196514
36196994
36197536
36198016
36198434
36198914
36199456
36200716
36201224
36201484
36201992
36202756
36203264
36203524
36208670
36208718
36208730
36208838
36208842
36208856
36209178
36209290
36209304
36209740
36209860
36209864
36210312
36210710
36210758
36210770
36211218
36211780
36212818
36212930
36212944
36213952
36214802
36214850
36214864
36215872
36216860
36216908
36216920
36217368
36217868
36217924
36217928
36218376
36221008
36222016
36225038
36225158
36225162
36225546
36225666
36225672
36227078
36227586
36229250
36231170
36233228
36233736
36241451
36241699
36241705
36241731
36241761
36241768
36241931
36242179
36242185
36242473
36242529
36242536
36242953
36243746
36243778
36243808
36244226
36244576
36245539
36245571
36245601
36246019
36246561
36246593
36246624
36247041
36249865
36249921
36249928
36250121
36250369
36250376
36251968
36252416
36253761
36254209
36257834
36258082
36258088
36258856
36259874
36260098
36260128
36260896
36261922
36262944
36266248
36268288
36274250
36274698
36275272
36275720
36276290
36276738
36277312
36278338
36279360
36282440
36282888
36286528
36290570
36292610
36294658
36298760
36306997
36307093
36307124
36307333
36307348
36307376
36307601
36307841
36307856
36308005
36308101
36308132
36308609
36309044
36309268
36309296
36309776
36310052
36311089
36311185
36311216
36311569
36311681
36311696
36313136
36313616
36315157
36315397
36315412
36316165
36317204
36317444
36317456
36318212
36319249
36321296
36323492
36323716
36323744
36324224
36324388
36324484
36324512
36324992
36327584
36328064
36331780
36332548
36339860
36340368
36340868
36341376
36341780
36342288
36342788
36343952
36345872
36347924
36348932
36352016
36356228
36356736
36360320
36364292
36372769
36373249
36373537
36374017
36374816
36375296
36375584
36376609
36377089
36380929
36382976
36384769
36389152
36389920
36392992
36397312
36438043
36438045
36438046
36438059
36438061
36438062
36438067
36438069
36438070
36438094
36438099
36438106
36438117
36438124
36438129
36438155
36438165
36438169
36438182
36438186
36438196
36438211
36438213
36438214
36438218
36438225
36438232
36438244
36438248
36438256
36438285
36438294
36438300
36438307
36438313
36438322
36438339
36438341
36438342
36438348
36438354
36438360
36438369
36438376
36438384
36438403
36438405
36438406
36438409
36438420
36438424
36438434
36438440
36438448
36438554
36438666
36438680
36438802
36438808
36438914
36438920
36438928
36439081
36439137
36439144
36439177
36439208
36439233
36439240
36439264
36439688
36440116
36440164
36440176
36440340
36440368
36440388
36440400
36440416
36440848
36441184
36442131
36442147
36442161
36442162
36442243
36442257
36442274
36442288
36442642
36442754
36442768
36443169
36443265
36443296
36443776
36444208
36444688
36445216
36446221
36446229
36446233
36446236
36446277
36446284
36446289
36446296
36446744
36447241
36447297
36447304
36447752
36448276
36448324
36448336
36448784
36449344
36450321
36450832
36451329
36451840
36452368
36452864
36453376
36454414
36454438
36454442
36454444
36454662
36454668
36454690
36454696
36454922
36455170
36455176
36455464
36455944
36456484
36456708
36456736
36457216
36457504
36458530
36459010
36459552
36460032
36460576
36461056
36461568
36462604
36463112
36463624
36464128
36464644
36465152
36465664
36470806
36470854
36470866
36470918
36470932
36470978
36470980
36470992
36471314
36471426
36471440
36472000
36472448
36472852
36472900
36472912
36473360
36473920
36474898
36475010
36475024
36476032
36476944
36477952
36478996
36479044
36479056
36479504
36480064
36480512
36483088
36484096
36487174
36487682
36489220
36489728
36491266
36493312
36495364
36495872
36503563
36503619
36503626
36503811
36503817
36503873
36503874
36503880
36504074
36504322
36504328
36504585
36504641
36504648
36505096
36505920
36506368
36506688
36507651
36508162
36508673
36509184
36511753
36511809
36511816
36512264
36513856
36514304
36515841
36516352
36519946
36520194
36520200
36520968
36522240
36523008
36524034
36525056
36528136
36530176
36536386
36536834
36537408
36537856
36538432
36538880
36539392
36540418
36541440
36544576
36545024
36548608
36552706
36554752
36556800
36560896
36569125
36569221
36569252
36569349
36569377
36569473
36569476
36569504
36569984
36570145
36570241
36570272
36570752
36571172
36571396
36571424
36571904
36572192
36573217
36573313
36573344
36573824
36575264
36575744
36577285
36578305
36579332
36580352
36581377
36583424
36585508
36585732
36585760
36586240
36586528
36587008
36589600
36590080
36593668
36594688
36601988
36602496
36603008
36603392
36603908
36604416
36604928
36606080
36608000
36610052
36611072
36614144
36618244
36618752
36622336
36626432
36634881
36635392
36635649
36636160
36636928
36637184
36637696
36638721
36639232
36642817
36644864
36646912
36651264
36652032
36655104
36659200
37750350
37751445
37752099
37753371
37753427
37753434
37753483
37753497
37753539
37753546
37753553
37753560
37754179
37754379
37754435
37754442
37755267
37755411
37755523
37755537
37756163
37757637
37757997
37758053
37758060
37758221
37758249
37758277
37758284
37758305
37758312
37758477
37758533
37758540
37759365
37759621
37760037
37760261
37760289
37761417
37761673
37761729
37761736
37762313
37762369
37762376
37762569
37762625
37762632
37763457
37763713
37764353
37765830
37766470
37766726
37767222
37767334
37767348
37767446
37767474
37767558
37767572
37767586
37767600
37767702
37767814
37767828
37768230
37768454
37768482
37769554
37769810
37769922
37769936
37770562
37770818
37771538
37771650
37771664
37771794
37771906
37771920
37772546
37773540
37774020
37774436
37774660
37774688
37774916
37775524
37775748
37775776
37776004
37776420
37776644
37776672
37782043
37782099
37782106
37782155
37782169
37782211
37782218
37782225
37782232
37782571
37783051
37783107
37783114
37783603
37784083
37784195
37784209
37784611
37785627
37785683
37785690
37785739
37785753
37785795
37785802
37785809
37785816
37786635
37786691
37786698
37787667
37787779
37787793
37788675
37789928
37790345
37790401
37790408
37790761
37790817
37790824
37791241
37791297
37791304
37793929
37793985
37793992
37794825
37794881
37794888
37798128
37798482
37798594
37798608
37799986
37800098
37800112
37800466
37800578
37800592
37802066
37802178
37802192
37804050
37804162
37804176
37806304
37806784
37814813
37815341
37815397
37815404
37815565
37815593
37815621
37815628
37815649
37815656
37815821
37815877
37815884
37816373
37816853
37817381
37817605
37817633
37818712
37818905
37818961
37818968
37819657
37819713
37819720
37819913
37819969
37819976
37822509
37822565
37822572
37822733
37822761
37822789
37822796
37822817
37822824
37822989
37823045
37823052
37824549
37824773
37824801
37825029
37826825
37826881
37826888
37827081
37827137
37827144
37831024
37831780
37832004
37832032
37832756
37832980
37833008
37833764
37833988
37834016
37835088
37836096
37838948
37839172
37839200
37840932
37841156
37841184
37847153
37847577
37847633
37847640
37848105
37848161
37848168
37848585
37848641
37848648
37849137
37849617
37850145
37851161
37851217
37851224
37852169
37852225
37852232
37855273
37855329
37855336
37855753
37855809
37855816
37859337
37859393
37859400
37863536
37865520
37867600
37871712
37880350
37880878
37881358
37881910
37882022
37882036
37882134
37882162
37882246
37882260
37882274
37882288
37882390
37882502
37882516
37882918
37883142
37883170
37884312
37884442
37884554
37884568
37886226
37886338
37886352
37886482
37886594
37886608
37888424
37889068
37889292
37889320
37890212
37890436
37890464
37891108
37891332
37891360
37892488
37894528
37896246
37896358
37896372
37896470
37896498
37896582
37896596
37896610
37896624
37896726
37896838
37896852
37897254
37897478
37897506
37897734
37900562
37900674
37900688
37900818
37900930
37900944
37904548
37904772
37904800
37905444
37905668
37905696
37912746
37913114
37913226
37913240
37913642
37914122
37914674
37914786
37914800
37915154
37915266
37915280
37915682
37916698
37916810
37916824
37918738
37918850
37918864
37920936
37921832
37925000
37929010
37929122
37929136
37929490
37929602
37929616
37933074
37933186
37933200
37937312
37945628
37945884
37946412
37946636
37946664
37946892
37947444
37947668
37947696
37947924
37948452
37948676
37948704
37949720
37949976
37953580
37953804
37953832
37955620
37955844
37955872
37957896
37961780
37962004
37962032
37962788
37963012
37963040
37966096
37969956
37970180
37970208
38011422
38011470
38011482
38011590
38011594
38011608
38011947
38012195
38012201
38012227
38012257
38012264
38012490
38012981
38013077
38013108
38013317
38013332
38013360
38013588
38014241
38015003
38015115
38015129
38015363
38015369
38015384
38015514
38015626
38015640
38016011
38016259
38016265
38016522
38017169
38017409
38017424
38017680
38018305
38019117
38019173
38019180
38019269
38019300
38019304
38019660
38019780
38019784
38020137
38020193
38020200
38020680
38021157
38021253
38021284
38021764
38022177
38023305
38023816
38024201
38024712
38025345
38025856
38026241
38027318
38027542
38027570
38027590
38027602
38027632
38027798
38027846
38027858
38028578
38028610
38028640
38028866
38029364
38029588
38029616
38029844
38030624
38031634
38031890
38032642
38032898
38033680
38033936
38034688
38035556
38036036
38036576
38037056
38037540
38038020
38038560
38043699
38043731
38043761
38043843
38043857
38043888
38044242
38044354
38044368
38044707
38044739
38044769
38045250
38045745
38045841
38045872
38046352
38046753
38047763
38047875
38047889
38048771
38049809
38049921
38049936
38050817
38051937
38052033
38052064
38052544
38052897
38052929
38052960
38053440
38056065
38056961
38060082
38060114
38060144
38060562
38060610
38060624
38062128
38062608
38064146
38066192
38068320
38068800
38076445
38076685
38076700
38076741
38076748
38076760
38076956
38077004
38077016
38077705
38077761
38077768
38078024
38078485
38078725
38078740
38078996
38079745
38080537
38080777
38080792
38081048
38081545
38081793
38081800
38082056
38084621
38084677
38084684
38085132
38085188
38085192
38086661
38087172
38088713
38089224
38093076
38093124
38093136
38094144
38094868
38095108
38095120
38096128
38097168
38098176
38101060
38103044
38109265
38109776
38110273
38110784
38111249
38111760
38112257
38113297
38114305
38117441
38117952
38121473
38125648
38127632
38129680
38133824
38141998
38142118
38142122
38142342
38142370
38142376
38142478
38142598
38142602
38143018
38143266
38143272
38143498
38144164
38144388
38144416
38144644
38145312
38146186
38146434
38146440
38146570
38146690
38146696
38148480
38148736
38150188
38150308
38150312
38151208
38152228
38152324
38152352
38153248
38154376
38156416
38158374
38158598
38158626
38158854
38159394
38159618
38159648
38159874
38162690
38162946
38166564
38167584
38174882
38175362
38175778
38176258
38176928
38177408
38177824
38178946
38180992
38183072
38183968
38187136
38191138
38191618
38195202
38199328
38207756
38208012
38208776
38209032
38209796
38210052
38210816
38211848
38212104
38215692
38217732
38219784
38224132
38225152
38228224
38232068
38797853
38797973
38797977
38798021
38798033
38798040
38798382
38798414
38798444
38798662
38798668
38798696
38798924
38799411
38799651
38799666
38799747
38799778
38799792
38800017
38800674
38801435
38801491
38801498
38801731
38801746
38801752
38801945
38802001
38802008
38802506
38802754
38802760
38803016
38803475
38803715
38803730
38803985
38804738
38805549
38805773
38805801
38805893
38805897
38805928
38806029
38806149
38806153
38806572
38806796
38806824
38807052
38807841
38807937
38807968
38808193
38808864
38809865
38810121
38810888
38811144
38811905
38812161
38812928
38813750
38813862
38813876
38813894
38813924
38813936
38814356
38814404
38814416
38814758
38814790
38814820
38815300
38815794
38815906
38815920
38816400
38816802
38817874
38818384
38818882
38819392
38819858
38820368
38820866
38822052
38822532
38822948
38823428
38824096
38824576
38824992
38830123
38830219
38830250
38830275
38830282
38830312
38830729
38830785
38830792
38831146
38831178
38831208
38831688
38832163
38832259
38832290
38832769
38833186
38834187
38834243
38834250
38835210
38835266
38835272
38836227
38837250
38838313
38838409
38838440
38838793
38838913
38838920
38839336
38839816
38842377
38843400
38846626
38846658
38846688
38847168
38848546
38848642
38848672
38849152
38850626
38852610
38854816
38855296
38862901
38862949
38862961
38863173
38863201
38863216
38863381
38863429
38863441
38863972
38864196
38864224
38864452
38864945
38865185
38865200
38865425
38866208
38867025
38867265
38867280
38867473
38867521
38867536
38868288
38868544
38871077
38871301
38871329
38871557
38873121
38873345
38873376
38873601
38875393
38875649
38879284
38879332
38879344
38880292
38880324
38880352
38881328
38882336
38883408
38884416
38887460
38889504
38895713
38896193
38896736
38897216
38897697
38898177
38898720
38899777
38900800
38903841
38904321
38907905
38912096
38914080
38916160
38920224
38928414
38928662
38928668
38928774
38928788
38928792
38928924
38929044
38929048
38929422
38929670
38929676
38929932
38930706
38930818
38930832
38931088
38931714
38932506
38932754
38932760
38933016
38934546
38934786
38934800
38935056
38936844
38936964
38936968
38937612
38937860
38937864
38939008
38939904
38940936
38942976
38944790
38944902
38944916
38945300
38945412
38945424
38945798
38946308
38948882
38949392
38953092
38953988
38961290
38961800
38962186
38962696
38963330
38963840
38964226
38965258
38967298
38969480
38970376
38973448
38977666
38978176
38981634
38985856
38994196
38994452
38995204
38995460
38996240
38996496
38997248
38998288
38998544
39002372
39004416
39006464
39010324
39011332
39014416
39018500
39059483
39059485
39059486
39059499
39059501
39059502
39059507
39059509
39059510
39059534
39059539
39059546
39059557
39059564
39059569
39059595
39059605
39059609
39059622
39059626
39059636
39059651
39059653
39059654
39059658
39059665
39059672
39059684
39059688
39059696
39059725
39059734
39059740
39059747
39059753
39059762
39059779
39059781
39059782
39059788
39059794
39059800
39059809
39059816
39059824
39059843
39059845
39059846
39059849
39059860
39059864
39059874
39059880
39059888
39059996
39060044
39060056
39060116
39060120
39060164
39060168
39060176
39060522
39060554
39060584
39060770
39060776
39060802
39060808
39060832
39061064
39061553
39061649
39061680
39061793
39061808
39061889
39061904
39061920
39062160
39062816
39063563
39063571
39063577
39063578
39063811
39063817
39063826
39063832
39064088
39064586
39064834
39064840
39065096
39065617
39065857
39065872
39066128
39066880
39067661
39067685
39067689
39067692
39067781
39067785
39067812
39067816
39068172
39068292
39068296
39068712
39069192
39069729
39069825
39069856
39070336
39070752
39071753
39072264
39072776
39073280
39073793
39074304
39074816
39075862
39075878
39075890
39075892
39075910
39075922
39075940
39075952
39076372
39076420
39076432
39076898
39076930
39076960
39077440
39077936
39078416
39078944
39079954
39080464
39080962
39081472
39082000
39082496
39083008
39084068
39084548
39085088
39085568
39086112
39086592
39087104
39092259
39092291
39092321
39092355
39092386
39092417
39092418
39092448
39092928
39093282
39093314
39093344
39093824
39094305
39094401
39094432
39094912
39095328
39096323
39097346
39098369
39099392
39100449
39100545
39100576
39101056
39101472
39101952
39104513
39105536
39108642
39108674
39108704
39109184
39110688
39111168
39112706
39114752
39116832
39117312
39125013
39125061
39125073
39125253
39125268
39125313
39125316
39125328
39125524
39125572
39125584
39126336
39126592
39127057
39127297
39127312
39127568
39128320
39129105
39129345
39129360
39129616
39130368
39130624
39133189
39133700
39135233
39135744
39137281
39137792
39141396
39141444
39141456
39142464
39143440
39144448
39145488
39146496
39149572
39151616
39157825
39158336
39158848
39159296
39159809
39160320
39160832
39161857
39162880
39165953
39166464
39170048
39174208
39176192
39178240
39182336
39190542
39190662
39190666
39190790
39190796
39190914
39190916
39190920
39191052
39191172
39191176
39191562
39191810
39191816
39192072
39192960
39193216
39193856
39194634
39194882
39194888
39195144
39196928
39197184
39198732
39198852
39198856
39199752
39200896
39201792
39202824
39204864
39206918
39207428
39207938
39208448
39211010
39211520
39215108
39216128
39223426
39223936
39224322
39224832
39225472
39225856
39226368
39227394
39229440
39231616
39232512
39235584
39239682
39240192
39243776
39247872
39256324
39256580
39257344
39257600
39258368
39258624
39259136
39260416
39260672
39264260
39266304
39268352
39272452
39273472
39276544
39280640
39846427
39846429
39846430
39846539
39846549
39846553
39846955
39846957
39846958
39846990
39847013
39847020
39847435
39847437
39847438
39847987
39847989
39847990
39848214
39848227
39848242
39848467
39848469
39848470
39848995
39848997
39848998
39850067
39850179
39850193
39850307
39850322
39850371
39850515
39850627
39850641
39851075
39851523
39852051
39852291
39852306
39852547
39852561
39852562
39853059
39854277
39854349
39854405
39854412
39854469
39854473
39854605
39854725
39854729
39855117
39855173
39855180
39855621
39855625
39855628
39856389
39856645
39857157
39858369
39858497
39858561
39858817
39859265
39859713
39860481
39860737
39861249
39862438
39862470
39862500
39862598
39862662
39862690
39862918
39863334
39863366
39863396
39863814
39864358
39864582
39864610
39864838
39865350
39865378
39865380
39866562
39866690
39866754
39867010
39867458
39867906
39868674
39868930
39869442
39870660
39870788
39870852
39871108
39871556
39872004
39872772
39873028
39873540
39878746
39878826
39878858
39878872
39878888
39878896
39879194
39879306
39879320
39879722
39879754
39879784
39880202
39880754
39881234
39881762
39882834
39882946
39882960
39883842
39884818
39885826
39887048
39887496
39887944
39888392
39891136
39892032
39895202
39895234
39895264
39895682
39897122
39897602
39899202
39899266
39899328
39901186
39903424
39903872
39911537
39911721
39911768
39911777
39911784
39911792
39911961
39912489
39912545
39912552
39912969
39913521
39913761
39913776
39914001
39914529
39915601
39915841
39915856
39916049
39916609
39917057
39919881
39919937
39919944
39920137
39921921
39922177
39923777
39923969
39924032
39924225
39928160
39928928
39930144
39930912
39932224
39932992
39936320
39938304
39944280
39944296
39944304
39944728
39945256
39945288
39945312
39945736
39946288
39946768
39947296
39948368
39949376
39952456
39952904
39956544
39960672
39962656
39964736
39968832
39977140
39977244
39977364
39977368
39977384
39977392
39977500
39977620
39977624
39978028
39978508
39979060
39979284
39979312
39979540
39980068
39981456
39981712
39983376
39983632
39985420
39985540
39985544
39986188
39987460
39988228
39989632
39991552
39993508
39993732
39993760
39993988
39994404
39994884
39997824
39998080
40001668
40001796
40001920
40002564
40009880
40009896
40009904
40010264
40010376
40010384
40010792
40011272
40011824
40012304
40012832
40013968
40015888
40018056
40018952
40022144
40026272
40026752
40030336
40034432
40042776
40042792
40042800
40043032
40043560
40044040
40044592
40044816
40044832
40045072
40045600
40046864
40047120
40050952
40052992
40055040
40059168
40059936
40063232
40067328
40108059
40108061
40108062
40108075
40108077
40108078
40108083
40108085
40108086
40108110
40108115
40108122
40108133
40108140
40108145
40108171
40108181
40108185
40108198
40108202
40108212
40108227
40108229
40108230
40108234
40108241
40108248
40108260
40108264
40108272
40108301
40108310
40108316
40108323
40108329
40108338
40108355
40108357
40108358
40108364
40108370
40108376
40108385
40108392
40108400
40108419
40108421
40108422
40108425
40108436
40108440
40108450
40108456
40108464
40108558
40108566
40108570
40108572
40108678
40108682
40108692
40108696
40109067
40109091
40109097
40109098
40109123
40109130
40109153
40109160
40109578
40110101
40110117
40110129
40110132
40110341
40110356
40110369
40110384
40110612
40111137
40112147
40112259
40112273
40112387
40112402
40112513
40112514
40112528
40112658
40112770
40112784
40113155
40113666
40114193
40114433
40114448
40114704
40115201
40116237
40116293
40116300
40116357
40116361
40116417
40116420
40116424
40116748
40116868
40116872
40117257
40117313
40117320
40117768
40118277
40118788
40119297
40120449
40120960
40121345
40121856
40122369
40122880
40123392
40124454
40124486
40124516
40124678
40124706
40124738
40124740
40124768
40124934
40125474
40125506
40125536
40125954
40126500
40126724
40126752
40126980
40127520
40128770
40129026
40129538
40130048
40130816
40131072
40131584
40132676
40133124
40133696
40134144
40134660
40135168
40135680
40140850
40140882
40140912
40140962
40140976
40140994
40141008
40141024
40141330
40141442
40141456
40141858
40141890
40141920
40142338
40142896
40143376
40143904
40144914
40145026
40145040
40145922
40146960
40147968
40149184
40149632
40150080
40150528
40153216
40154112
40157218
40157250
40157280
40157698
40159264
40159744
40161282
40163328
40165440
40165888
40173593
40173649
40173656
40173833
40173848
40173889
40173896
40173904
40174104
40174601
40174657
40174664
40175112
40175633
40175873
40175888
40176144
40176641
40177681
40177921
40177936
40178192
40178689
40179200
40181769
40181825
40181832
40182280
40183809
40184320
40185857
40186368
40190272
40191040
40192256
40193024
40194304
40195072
40198208
40200192
40206416
40206864
40207424
40207872
40208400
40208896
40209408
40210448
40211456
40214592
40215040
40218624
40222784
40224768
40226816
40230912
40239148
40239268
40239272
40239372
40239400
40239492
40239496
40239520
40239628
40239748
40239752
40240168
40240648
40241188
40241412
40241440
40241668
40242208
40243584
40243840
40245504
40245760
40247308
40247428
40247432
40248328
40249348
40250368
40251520
40253440
40255524
40255748
40255776
40256004
40256544
40257024
40259840
40260096
40263684
40264704
40272032
40272512
40272928
40273408
40273952
40274432
40274944
40276096
40278016
40280192
40281088
40284160
40288288
40288768
40292352
40296448
40304904
40305160
40305672
40306176
40306944
40307200
40307712
40308992
40309248
40312840
40314880
40316928
40321280
40322048
40325120
40329216
41944845
41945683
41946278
41947971
41948203
41948299
41948330
41948451
41948457
41948547
41948553
41948578
41948584
41948683
41948931
41948937
41949379
41949763
41950243
41950339
41950370
41952069
41952645
41953029
41953333
41953381
41953393
41953429
41953460
41953477
41953489
41953508
41953520
41953813
41953861
41953873
41954341
41954437
41954468
41955681
41956161
41956641
41956737
41956768
41957121
41957473
41957569
41957600
41957953
41958433
41958529
41958560
41959966
41960014
41960026
41960214
41960220
41960262
41960268
41960274
41960280
41960838
41960974
41961222
41961228
41961670
41962006
41962054
41962066
41962630
41963722
41964106
41964354
41964360
41964682
41964930
41964936
41965066
41965314
41965320
41965762
41966146
41966722
41968020
41968404
41968452
41968464
41969028
41969412
41969812
41969860
41969872
41970196
41970244
41970256
41970820
41976349
41976877
41977357
41977909
41977957
41977969
41978005
41978036
41978053
41978065
41978084
41978096
41978389
41978437
41978449
41978917
41979013
41979044
41980136
41980969
41981065
41981096
41982049
41982145
41982176
41983009
41983105
41983136
41984053
41984101
41984113
41984149
41984180
41984197
41984209
41984228
41984240
41984533
41984581
41984593
41985061
41985157
41985188
41985541
41988193
41988289
41988320
41989153
41989249
41989280
41992408
41992732
41992780
41992792
41994388
41994436
41994448
41994772
41994820
41994832
41996488
41998528
42000532
42000580
42000592
42000916
42000964
42000976
42009118
42009166
42009178
42009366
42009372
42009414
42009420
42009426
42009432
42009646
42010126
42010374
42010380
42010678
42011158
42011206
42011218
42011686
42013032
42013258
42013506
42013512
42013738
42013986
42013992
42014218
42014466
42014472
42017136
42017556
42017604
42017616
42018868
42018916
42018928
42019348
42019396
42019408
42021216
42021696
42024990
42025038
42025050
42025238
42025244
42025286
42025292
42025298
42025304
42025998
42026246
42026252
42027030
42027078
42027090
42028038
42029130
42029378
42029384
42030090
42030338
42030344
42033428
42033476
42033488
42035220
42035268
42035280
42041452
42041884
42041932
42041944
42042412
42042892
42043444
42043492
42043504
42043924
42043972
42043984
42044452
42045544
42046504
42049588
42049636
42049648
42050068
42050116
42050128
42053728
42057756
42057804
42057816
42059796
42059844
42059856
42061896
42065940
42065988
42066000
42074651
42075179
42075275
42075306
42075427
42075433
42075523
42075529
42075554
42075560
42075659
42075907
42075913
42076211
42076691
42077219
42077315
42077346
42078251
42078347
42078378
42078499
42078505
42078595
42078601
42078626
42078632
42078731
42078979
42078985
42080291
42080387
42080418
42080771
42082736
42083617
42083713
42083744
42084401
42084497
42084528
42085409
42085505
42085536
42086689
42086785
42086816
42088481
42088577
42088608
42090904
42091034
42091282
42091288
42091658
42091906
42091912
42092042
42092290
42092296
42094730
42094978
42094984
42095114
42095362
42095368
42099088
42100096
42107033
42107417
42107945
42108041
42108072
42108425
42108977
42109073
42109104
42109457
42109985
42110081
42110112
42111017
42111113
42111144
42113057
42113153
42113184
42115121
42115217
42115248
42116129
42116225
42116256
42119201
42119297
42119328
42123416
42123800
42127496
42131600
42139954
42140186
42140434
42140440
42140714
42140962
42140968
42141194
42141442
42141448
42141746
42142226
42142754
42143786
42144034
42144040
42144266
42144514
42144520
42148144
42149936
42152224
42156058
42156306
42156312
42157066
42157314
42157320
42160138
42160386
42160392
42164496
42467867
42467923
42467930
42468163
42468178
42468184
42468397
42468621
42468649
42468741
42468745
42468776
42469129
42469430
42469542
42469556
42469574
42469604
42469616
42469970
42470564
42471467
42471563
42471594
42471619
42471626
42471656
42471947
42472003
42472010
42472489
42472585
42472616
42472969
42473634
42473666
42473696
42474050
42474656
42475573
42475621
42475633
42475845
42475873
42475888
42476113
42476353
42476368
42476581
42476805
42476833
42477313
42477620
42477668
42477680
42478160
42478628
42479713
42480193
42480673
42481153
42481760
42482240
42482720
42483742
42483990
42483996
42484102
42484116
42484120
42484250
42484498
42484504
42485004
42485124
42485128
42485512
42485782
42485894
42485908
42486290
42486916
42487946
42488330
42488968
42489352
42489986
42490370
42491008
42492180
42492688
42493188
42493696
42493972
42494480
42494980
42500125
42500245
42500249
42500293
42500305
42500312
42500633
42500689
42500696
42501133
42501253
42501257
42501641
42502292
42502340
42502352
42502736
42503300
42504329
42504385
42504392
42505225
42505345
42505352
42506432
42507392
42508309
42508357
42508369
42508817
42508865
42508880
42509317
42509825
42512449
42513409
42516508
42516628
42516632
42517016
42518548
42518660
42518672
42519056
42520712
42522752
42524692
42525200
42532910
42532942
42532972
42533190
42533196
42533224
42533450
42533698
42533704
42533932
42534156
42534184
42534664
42534950
42534982
42535012
42535490
42535972
42537002
42537034
42537064
42537482
42537538
42537544
42538024
42538504
42541156
42541380
42541408
42541888
42543140
42543172
42543200
42543680
42545248
42545728
42549262
42549510
42549516
42550284
42550532
42550536
42551302
42552324
42553354
42554376
42557700
42559492
42565708
42566216
42566668
42567176
42567748
42568256
42568708
42569800
42570760
42573892
42574400
42577984
42582028
42584068
42586120
42590212
42598451
42598691
42598706
42598787
42598818
42598832
42598931
42599171
42599186
42599713
42599809
42599840
42600193
42600498
42600610
42600624
42600978
42601632
42602531
42602627
42602658
42603011
42604578
42604674
42604704
42605058
42606641
42606881
42606896
42607649
42607873
42607904
42608688
42609696
42610721
42612768
42615058
42615170
42615184
42615314
42615554
42615568
42616192
42616576
42619010
42619394
42623248
42624256
42631313
42631697
42632321
42632705
42633360
42633744
42634368
42635393
42637440
42639377
42640385
42643457
42647696
42648080
42651776
42655760
42664226
42664706
42665248
42665728
42666018
42666498
42667040
42668066
42668546
42672416
42674208
42676256
42680578
42681600
42684418
42688768
42992157
42992397
42992412
42992453
42992460
42992472
42992686
42992806
42992810
42993030
42993058
42993064
42993420
42993715
42993747
42993777
42993859
42993873
42993904
42994257
42994850
42995755
42996003
42996009
42996035
42996065
42996072
42996489
42996545
42996552
42996778
42997026
42997032
42997512
42997795
42997827
42997857
42998337
42998818
42999861
42999957
42999988
43000197
43000212
43000240
43000341
43000581
43000596
43000996
43001220
43001248
43001604
43001905
43002001
43002032
43002385
43003040
43004193
43004673
43005216
43005696
43005985
43006465
43007008
43008030
43008078
43008090
43008198
43008202
43008216
43008540
43008588
43008600
43009038
43009158
43009162
43009548
43010130
43010242
43010256
43010640
43011202
43012170
43012680
43013130
43013640
43014210
43014720
43015170
43016340
43016724
43017348
43017732
43018384
43018768
43019392
43024429
43024485
43024492
43024581
43024612
43024616
43024909
43024965
43024972
43025452
43025572
43025576
43025932
43026529
43026625
43026656
43027009
43027616
43028521
43028577
43028584
43029544
43030561
43030593
43030624
43031584
43032613
43032709
43032740
43033093
43033636
43033732
43033760
43034116
43036705
43037728
43040844
43040964
43040968
43041292
43041348
43041352
43043008
43043392
43044936
43046976
43049092
43049476
43057206
43057430
43057458
43057478
43057490
43057520
43057940
43057988
43058000
43058214
43058438
43058466
43058948
43059250
43059282
43059312
43059792
43060258
43061538
43061570
43061600
43062080
43062306
43062530
43062560
43063040
43065396
43065620
43065648
43065876
43066116
43066128
43067440
43067920
43069728
43070208
43073558
43073606
43073618
43074566
43075602
43075650
43075664
43076610
43077698
43078658
43081748
43083792
43090020
43090500
43090980
43091460
43092064
43092544
43093024
43094112
43095072
43098148
43098628
43102240
43106372
43108416
43110464
43114500
43122715
43122827
43122841
43123075
43123081
43123096
43123225
43123465
43123480
43123850
43124098
43124104
43124488
43124755
43124867
43124881
43125265
43125890
43126795
43127043
43127049
43127305
43127553
43127560
43128835
43129345
43131025
43131265
43131280
43132288
43132945
43133057
43133072
43134080
43135233
43137025
43139098
43139210
43139224
43139608
43140106
43140226
43140232
43140616
43143178
43143688
43147408
43148416
43155593
43155977
43156616
43157000
43157633
43158017
43158656
43159561
43161601
43163777
43164800
43167745
43171976
43172360
43175944
43180160
43188498
43189008
43189506
43190016
43190290
43190800
43191298
43192578
43193088
43196688
43198480
43200768
43204626
43205634
43208706
43212816
43515931
43515933
43515934
43515947
43515949
43515950
43515955
43515957
43515958
43515982
43515987
43515994
43516005
43516012
43516017
43516043
43516053
43516057
43516070
43516074
43516084
43516099
43516101
43516102
43516106
43516113
43516120
43516132
43516136
43516144
43516173
43516182
43516188
43516195
43516201
43516210
43516227
43516229
43516230
43516236
43516242
43516248
43516257
43516264
43516272
43516291
43516293
43516294
43516297
43516308
43516312
43516322
43516328
43516336
43516441
43516497
43516504
43516681
43516696
43516737
43516744
43516752
43516972
43517092
43517096
43517196
43517224
43517316
43517320
43517344
43517704
43518002
43518034
43518064
43518114
43518128
43518146
43518160
43518176
43518544
43519136
43520011
43520035
43520041
43520042
43520067
43520074
43520097
43520104
43520521
43520577
43520584
43521064
43521544
43522082
43522114
43522144
43522624
43523104
43524117
43524133
43524145
43524148
43524357
43524372
43524385
43524400
43524625
43524865
43524880
43525156
43525380
43525408
43525888
43526192
43526672
43527200
43528225
43528705
43529248
43529728
43530272
43530752
43531264
43532302
43532310
43532314
43532316
43532422
43532426
43532436
43532440
43532824
43533324
43533444
43533448
43533832
43534354
43534466
43534480
43534864
43535488
43536394
43536904
43537416
43537920
43538434
43538944
43539456
43540500
43541008
43541508
43542016
43542544
43543040
43543552
43548685
43548741
43548748
43548805
43548809
43548865
43548868
43548872
43549193
43549249
43549256
43549708
43549828
43549832
43550216
43550912
43551296
43551872
43552777
43552833
43552840
43553800
43554880
43555840
43556869
43557377
43557892
43558400
43560961
43561984
43565068
43565188
43565192
43565576
43567232
43567616
43569160
43571200
43573252
43573760
43581478
43581510
43581540
43581702
43581730
43581762
43581764
43581792
43582272
43582500
43582724
43582752
43583232
43583522
43583554
43583584
43584064
43584544
43585570
43585602
43585632
43586112
43586592
43587072
43589668
43589892
43589920
43590400
43591712
43592192
43593760
43594240
43597830
43598852
43599874
43600896
43601922
43602944
43606020
43608064
43614276
43614784
43615236
43615744
43616320
43616768
43617280
43618368
43619328
43622404
43622912
43626496
43630596
43632640
43634688
43638784
43646995
43647107
43647121
43647235
43647250
43647361
43647362
43647376
43647505
43647745
43647760
43648384
43648768
43649042
43649154
43649168
43649552
43650176
43651075
43651585
43653122
43653632
43655185
43655425
43655440
43656448
43657232
43658240
43659265
43661312
43663378
43663490
43663504
43663888
43664512
43664896
43667458
43667968
43671568
43672576
43679873
43680257
43680896
43681280
43681920
43682304
43682816
43683841
43685888
43687937
43688960
43692032
43696256
43696640
43700224
43704320
43712770
43713280
43713792
43714048
43714562
43715072
43715584
43716610
43717120
43720960
43722752
43724800
43728898
43729920
43732992
43737088
44040731
44040733
44040734
44040973
44040982
44040988
44041259
44041261
44041262
44041355
44041382
44041386
44041739
44041741
44041742
44042291
44042293
44042294
44042323
44042341
44042353
44042771
44042773
44042774
44043299
44043301
44043302
44044483
44044579
44044611
44044641
44044675
44044706
44045059
44045347
44045443
44045474
44045827
44046371
44046403
44046433
44046851
44047363
44047393
44047394
44048533
44048581
44048593
44048709
44048773
44048788
44048917
44049157
44049172
44049541
44049925
44050453
44050501
44050513
44050949
44050961
44050964
44051461
44052673
44052801
44052865
44053249
44053633
44054017
44054593
44055041
44055553
44056654
44056774
44056778
44056902
44056908
44056966
44057102
44057350
44057356
44057614
44057734
44057738
44058118
44058122
44058124
44058694
44059142
44059654
44060866
44060994
44061058
44061442
44061826
44062210
44062786
44063234
44063746
44064964
44065092
44065156
44065540
44065924
44066308
44066884
44067332
44067844
44073068
44073140
44073176
44073188
44073192
44073200
44073500
44074028
44074148
44074152
44074508
44075060
44075108
44075120
44075540
44076068
44077280
44078240
44079200
44080160
44081300
44081348
44081360
44081684
44082308
44082692
44085440
44086400
44089420
44089540
44089544
44089868
44091460
44091908
44093632
44095552
44097604
44097668
44097728
44098052
44105818
44106034
44106066
44106072
44106088
44106096
44106266
44106514
44106520
44106794
44107274
44107826
44107858
44107888
44108306
44108834
44110114
44110146
44110176
44110594
44110882
44111362
44114256
44114704
44116048
44116496
44118336
44118784
44122186
44122434
44122440
44123146
44124226
44125186
44126274
44126466
44126528
44127234
44130624
44132416
44138584
44138600
44138608
44139032
44139560
44140040
44140592
44140624
44140640
44141072
44141600
44142688
44143648
44146768
44147216
44150848
44154952
44156992
44159040
44163136
44171417
44171561
44171657
44171672
44171688
44171696
44171801
44172041
44172056
44172329
44172425
44172456
44172809
44173361
44173841
44174369
44175649
44175745
44175776
44176129
44177441
44177921
44179601
44179841
44179856
44180609
44181521
44182529
44183681
44183809
44183936
44185601
44188040
44188424
44188808
44189192
44192128
44192512
44196224
44196992
44204184
44204200
44204208
44204568
44205096
44205192
44205216
44205576
44206128
44206608
44207136
44208288
44210208
44212368
44213376
44216448
44220552
44220936
44224640
44228736
44237080
44237096
44237104
44237336
44237576
44237584
44237864
44238344
44238896
44239376
44239904
44241184
44241664
44245264
44247056
44249344
44253448
44254216
44257536
44261632
44564507
44564509
44564510
44564523
44564525
44564526
44564531
44564533
44564534
44564558
44564563
44564570
44564581
44564588
44564593
44564619
44564629
44564633
44564646
44564650
44564660
44564675
44564677
44564678
44564682
44564689
44564696
44564708
44564712
44564720
44564749
44564758
44564764
44564771
44564777
44564786
44564803
44564805
44564806
44564812
44564818
44564824
44564833
44564840
44564848
44564867
44564869
44564870
44564873
44564884
44564888
44564898
44564904
44564912
44565003
44565011
44565017
44565018
44565251
44565257
44565266
44565272
44565517
44565541
44565545
44565548
44565637
44565641
44565668
44565672
44566025
44566550
44566566
44566578
44566580
44566598
44566610
44566628
44566640
44567058
44567588
44568611
44568643
44568673
44568707
44568738
44568769
44568770
44568800
44569091
44569633
44569729
44569760
44570113
44570658
44570690
44570720
44571138
44571680
44572693
44572741
44572753
44572933
44572948
44572993
44572996
44573008
44573201
44573441
44573456
44573701
44574209
44574740
44574788
44574800
44575248
44575748
44576833
44577281
44577793
44578304
44578880
44579328
44579840
44580878
44580998
44581002
44581126
44581132
44581250
44581252
44581256
44581386
44581634
44581640
44581900
44582020
44582024
44582408
44582918
44583426
44583940
44585090
44585474
44586112
44586496
44587010
44587520
44588032
44589316
44589824
44590084
44590592
44591108
44591616
44592128
44597276
44597324
44597336
44597396
44597400
44597444
44597448
44597456
44597784
44598284
44598404
44598408
44598792
44599316
44599364
44599376
44599824
44600324
44601536
44602496
44603456
44604416
44605460
44605508
44605520
44605968
44606468
44606976
44609600
44610560
44613644
44613764
44613768
44614152
44615684
44616192
44617856
44619776
44621828
44622336
44630058
44630090
44630120
44630306
44630312
44630338
44630344
44630368
44630538
44630786
44630792
44631080
44631560
44632098
44632130
44632160
44632578
44633120
44634146
44634178
44634208
44634626
44635168
44635648
44638528
44638976
44640320
44640768
44642368
44642816
44646410
44646658
44646664
44647432
44648450
44649472
44650498
44651520
44654848
44656640
44662856
44663304
44663816
44664320
44664896
44665344
44665856
44666944
44667904
44671040
44671488
44675072
44679176
44681216
44683264
44687360
44695601
44695697
44695728
44695841
44695856
44695937
44695952
44695968
44696081
44696321
44696336
44696609
44696705
44696736
44697089
44697648
44698128
44698656
44699681
44699777
44699808
44700161
44701728
44702208
44703761
44704001
44704016
44704769
44705808
44706816
44707841
44709888
44712320
44712704
44713088
44713472
44716160
44716544
44720384
44721152
44728464
44728848
44729472
44729856
44730384
44730880
44731392
44732544
44734464
44736528
44737536
44740608
44744832
44745216
44748800
44752896
44761376
44761856
44762144
44762624
44763168
44763648
44764160
44765216
44765696
44769536
44771328
44773376
44777728
44778496
44781568
44785664
46137883
46137885
46137886
46137934
46137939
46137946
46138411
46138413
46138414
46138637
46138659
46138665
46138891
46138893
46138894
46139443
46139445
46139446
46139541
46139558
46139572
46139923
46139925
46139926
46140451
46140453
46140454
46141579
46141635
46141642
46141763
46141827
46141833
46141963
46142019
46142026
46142475
46142723
46142729
46142979
46142985
46142986
46143619
46144003
46144515
46145637
46145733
46145764
46145861
46145889
46145925
46146117
46146597
46146821
46146849
46147077
46147621
46147717
46147748
46148101
46148613
46148641
46148644
46149825
46149953
46150017
46150209
46150913
46151169
46151809
46152193
46152705
46153926
46154006
46154054
46154066
46154118
46154132
46154262
46154310
46154322
46155014
46155270
46155798
46155910
46155924
46156294
46156306
46156308
46156806
46158018
46158146
46158210
46158402
46159106
46159362
46160002
46160386
46160898
46162116
46162244
46162308
46162500
46163204
46163460
46164100
46164484
46164996
46170225
46170265
46170321
46170328
46170344
46170352
46170649
46170705
46170712
46171177
46171657
46172209
46172305
46172336
46172689
46173217
46174345
46174401
46174408
46175241
46176385
46177281
46178401
46178497
46178528
46178881
46179361
46179841
46182465
46182529
46182592
46183425
46186704
46187088
46188688
46189072
46190784
46192768
46194880
46195264
46202988
46203164
46203212
46203224
46203240
46203248
46203420
46203468
46203480
46203948
46204172
46204200
46204428
46204980
46205460
46205988
46207304
46207560
46208264
46208520
46211172
46211396
46211424
46211652
46213156
46213636
46215488
46215744
46219540
46219588
46219600
46220548
46221332
46222340
46223680
46224640
46227524
46227716
46227776
46229508
46235736
46235752
46235760
46236184
46236232
46236240
46236712
46237192
46237744
46238224
46238752
46239816
46240776
46243936
46244416
46248000
46252112
46254096
46256192
46260288
46268586
46268722
46268824
46268834
46268840
46268848
46268954
46269482
46269730
46269736
46269962
46270514
46270626
46270640
46270994
46271522
46272650
46272898
46272904
46273034
46274690
46275074
46277024
46277920
46278816
46279712
46281088
46282880
46285074
46285186
46285200
46285330
46286082
46286338
46289026
46289154
46289280
46289410
46293376
46294272
46301336
46301352
46301360
46301720
46302248
46302728
46303280
46303376
46303392
46303760
46304288
46305416
46307456
46309536
46310432
46313600
46317712
46318096
46321792
46325888
46334232
46334248
46334256
46334488
46335016
46335240
46335264
46335496
46336048
46336528
46337056
46338312
46338568
46342432
46344224
46346496
46350608
46351616
46354688
46358784
47185947
47185949
47185950
47185963
47185965
47185966
47185971
47185973
47185974
47185998
47186003
47186010
47186021
47186028
47186033
47186059
47186069
47186073
47186086
47186090
47186100
47186115
47186117
47186118
47186122
47186129
47186136
47186148
47186152
47186160
47186189
47186198
47186204
47186211
47186217
47186226
47186243
47186245
47186246
47186252
47186258
47186264
47186273
47186280
47186288
47186307
47186309
47186310
47186313
47186324
47186328
47186338
47186344
47186352
47186445
47186453
47186457
47186460
47186501
47186508
47186513
47186520
47186958
47186982
47186986
47186988
47187206
47187212
47187234
47187240
47187468
47187987
47188003
47188017
47188018
47188099
47188113
47188130
47188144
47188497
47189026
47190027
47190083
47190090
47190275
47190281
47190337
47190338
47190344
47190537
47190593
47190600
47191050
47191298
47191304
47191560
47192067
47192577
47193090
47194149
47194245
47194276
47194373
47194401
47194497
47194500
47194528
47194629
47195172
47195396
47195424
47195652
47196193
47196289
47196320
47196673
47197216
47198465
47198721
47199488
47199744
47200257
47200768
47201280
47202326
47202374
47202386
47202438
47202452
47202498
47202500
47202512
47202836
47202884
47202896
47203334
47203844
47204370
47204482
47204496
47204880
47205378
47206466
47206976
47207426
47207936
47208450
47208960
47209472
47210628
47211012
47211524
47212032
47212672
47213056
47213568
47218729
47218785
47218792
47218825
47218856
47218881
47218888
47218912
47219209
47219265
47219272
47219752
47220232
47220769
47220865
47220896
47221249
47221792
47222793
47222849
47222856
47223816
47224833
47225856
47226913
47227009
47227040
47227393
47227936
47228416
47230977
47232000
47235264
47235648
47237248
47237632
47239232
47241216
47243392
47243776
47251508
47251556
47251568
47251732
47251760
47251780
47251792
47251808
47251988
47252036
47252048
47252516
47252740
47252768
47252996
47253552
47254032
47254560
47255872
47256128
47256832
47257088
47259684
47259908
47259936
47260164
47261728
47262208
47264000
47264256
47267860
47267908
47267920
47268868
47269904
47270912
47272000
47272960
47276036
47278080
47284320
47284800
47285280
47285760
47286304
47286784
47287296
47288384
47289344
47292448
47292928
47296512
47300672
47302656
47304704
47308800
47317018
47317130
47317144
47317266
47317272
47317378
47317384
47317392
47317528
47318026
47318274
47318280
47318536
47319058
47319170
47319184
47319568
47320066
47321098
47321346
47321352
47321608
47323138
47323648
47325568
47326464
47327360
47328256
47329536
47331328
47333394
47333506
47333520
47333904
47334402
47334912
47337474
47337984
47341696
47342592
47349896
47350280
47350792
47351296
47351936
47352320
47352832
47353864
47355904
47358080
47358976
47362048
47366272
47366656
47370240
47374336
47382800
47383056
47383808
47384064
47384592
47385088
47385600
47386880
47387136
47390976
47392768
47394816
47398928
47399936
47403008
47407104
50333379
50333381
50333382
50333507
50333509
50333510
50333571
50333573
50333574
50334403
50334405
50334406
50334531
50334533
50334534
50334595
50334597
50334598
50334915
50334917
50334918
50335043
50335045
50335046
50335107
50335109
50335110
50336594
50336970
50337474
50337602
50337666
50338210
50338498
50338626
50338690
50339010
50339138
50339202
50340561
50341257
50341569
50341697
50341761
50342241
50342593
50342721
50342785
50343105
50343233
50343297
50344152
50344168
50344176
50344280
50344296
50344304
50344344
50344360
50344368
50344656
50344784
50344848
50345160
50345288
50345352
50345664
50345792
50345856
50346208
50346336
50346400
50346688
50346816
50346880
50347200
50347328
50347392
50348948
50349388
50349764
50349892
50349956
50350308
50350788
50350916
50350980
50351300
50351428
50351492
50352344
50352360
50352368
50352472
50352488
50352496
50352536
50352552
50352560
50352848
50352976
50353040
50353352
50353480
50353544
50353856
50353984
50354048
50354400
50354528
50354592
50354880
50355008
50355072
50355392
50355520
50355584
50356440
50356456
50356464
50356568
50356584
50356592
50356632
50356648
50356656
50356944
50357072
50357136
50357448
50357576
50357640
50357952
50358080
50358144
50358496
50358624
50358688
50358976
50359104
50359168
50359488
50359616
50359680
50365077
50365579
50366083
50366085
50366086
50366630
50367107
50367109
50367110
50367619
50367621
50367622
50368682
50369674
50370722
50371714
50372761
50373265
50373769
50374273
50376856
50376872
50376880
50377864
50380980
50381460
50383012
50383492
50385048
50385064
50385072
50387104
50389144
50389160
50389168
50389648
50397779
50398286
50398787
50398789
50398790
50399333
50399811
50399813
50399814
50400323
50400325
50400326
50401370
50401874
50402378
50402882
50405489
50405969
50407521
50408001
50409560
50409576
50409584
50410064
50413676
50414668
50415716
50416708
50417752
50417768
50417776
50418760
50421848
50421864
50421872
50423904
50429979
50429981
50429982
50429995
50429997
50429998
50430003
50430005
50430006
50430483
50430485
50430486
50430987
50430989
50430990
50431491
50431493
50431494
50432035
50432037
50432038
50432515
50432517
50432518
50433027
50433029
50433030
50434074
50434090
50434098
50435082
50438169
50438185
50438193
50438673
50442264
50442280
50442288
50446364
50446380
50446388
50448420
50450456
50450472
50450480
50454552
50454568
50454576
50463510
50464013
50464515
50464517
50464518
50465059
50465539
50465541
50465542
50466051
50466053
50466054
50467122
50467602
50469154
50469634
50471209
50472201
50473249
50474241
50475288
50475304
50475312
50477344
50479388
50479892
50480396
50480900
50483480
50483496
50483504
50483984
50487576
50487592
50487600
50488584
50495515
50495517
50495518
50495531
50495533
50495534
50495539
50495541
50495542
50496019
50496021
50496022
50496523
50496525
50496526
50497027
50497029
50497030
50497571
50497573
50497574
50498051
50498053
50498054
50498563
50498565
50498566
50499610
50499626
50499634
50501666
50503705
50503721
50503729
50504713
50507800
50507816
50507824
50511900
50511916
50511924
50512404
50515992
50516008
50516016
50520088
50520104
50520112
50528283
50528285
50528286
50528299
50528301
50528302
50528307
50528309
50528310
50528787
50528789
50528790
50529291
50529293
50529294
50529795
50529797
50529798
50530339
50530341
50530342
50530819
50530821
50530822
50531331
50531333
50531334
50532378
50532394
50532402
50532882
50536473
50536489
50536497
50538529
50540568
50540584
50540592
50544668
50544684
50544692
50545676
50548760
50548776
50548784
50552856
50552872
50552880
50594502
50594582
50594630
50594642
50594694
50594708
50594955
50595011
50595018
50595139
50595203
50595209
50595522
50595650
50595714
50595941
50596037
50596068
50596165
50596193
50596229
50596548
50596676
50596740
50597057
50597185
50597249
50598058
50598194
50598296
50598306
50598312
50598320
50598674
50598786
50598800
50599050
50599298
50599304
50599554
50599682
50599808
50600352
50600832
50601344
50602097
50602137
50602193
50602200
50602216
50602224
50602704
50603145
50603201
50603208
50603712
50604129
50604225
50604256
50604736
50605121
50605185
50605248
50606232
50606248
50606256
50606736
50607240
50607744
50608288
50608768
50609280
50610284
50610460
50610508
50610520
50610536
50610544
50610964
50611012
50611024
50611528
50612032
50612324
50612548
50612576
50612804
50612996
50613056
50613568
50614552
50614568
50614576
50615056
50615560
50616064
50616608
50617088
50617600
50618456
50618472
50618480
50618960
50619464
50619968
50620512
50620992
50621504
50626611
50626613
50626614
50626709
50626726
50626740
50627094
50627206
50627220
50627715
50628226
50628645
50628741
50628772
50629252
50629761
50630706
50630818
50630832
50631810
50632864
50633856
50634801
50634897
50634928
50635408
50635905
50636416
50638896
50638992
50639008
50640000
50642996
50643476
50645028
50645508
50647088
50649120
50651184
50651664
50659355
50659357
50659358
50659406
50659411
50659418
50659862
50659910
50659922
50660363
50660419
50660426
50660930
50661445
50661956
50662465
50663450
50663954
50664458
50664962
50667545
50667601
50667608
50668112
50669633
50670144
50671640
50672144
50675740
50675788
50675800
50676808
50677828
50678848
50679832
50680840
50683928
50683976
50683984
50686016
50692115
50692117
50692118
50692614
50692626
50692628
50693123
50693634
50694149
50694660
50695169
50696210
50697218
50700305
50700816
50704400
50708500
50710532
50712592
50716688
50724907
50724909
50724910
50725133
50725155
50725161
50725638
50725899
50726147
50726153
50726658
50726949
50727173
50727201
50727684
50728193
50729002
50729250
50729256
50729730
50731296
50731776
50733097
50734089
50735137
50736129
50737192
50739232
50741292
50741516
50741544
50742020
50742536
50743040
50745384
50745608
50745632
50746112
50749480
50750472
50757667
50757669
50757670
50758150
50758659
50759170
50759685
50759713
50759716
50760196
50760705
50761762
50763808
50765857
50766849
50769952
50774052
50774532
50778144
50782240
50790411
50790413
50790414
50790918
50791427
50791433
50791434
50791938
50792453
50792964
50793473
50794506
50795010
50798601
50800641
50802696
50806796
50807816
50810888
50814984
50856531
50856643
50856657
50856771
50856786
50856835
50857157
50857229
50857285
50857292
50857349
50857353
50857665
50857793
50857857
50858150
50858182
50858212
50858310
50858374
50858402
50858690
50858818
50858882
50859204
50859332
50859396
50860122
50860202
50860234
50860248
50860264
50860272
50860626
50860738
50860752
50861256
50861760
50862242
50862274
50862304
50862658
50862722
50862784
50863296
50864241
50864425
50864472
50864481
50864488
50864496
50864721
50864961
50864976
50865417
50865473
50865480
50865729
50865921
50865984
50866528
50867008
50867520
50868312
50868328
50868336
50868816
50869320
50869824
50870368
50870848
50871360
50872500
50872604
50872724
50872728
50872744
50872752
50873232
50873612
50873732
50873736
50874240
50874532
50874756
50874784
50875264
50875524
50875652
50875776
50876568
50876584
50876592
50877072
50877576
50878080
50878624
50879104
50879616
50880792
50880808
50880816
50881296
50881800
50882304
50882848
50883328
50883840
50888731
50888733
50888734
50888843
50888853
50888857
50889235
50889347
50889361
50889741
50889861
50889865
50890369
50890886
50891394
50891908
50892826
50892938
50892952
50893960
50894978
50896000
50896921
50897425
50897929
50898433
50901016
50902024
50905116
50905236
50905240
50905744
50907268
50907776
50909208
50909320
50909328
50911360
50913304
50913808
50921515
50921517
50921518
50921550
50921573
50921580
50922051
50922509
50922565
50922572
50923073
50923558
50923590
50923620
50924098
50924612
50925610
50925642
50925672
50926146
50926664
50927168
50929705
50929761
50929768
50930241
50931808
50932288
50933800
50933832
50933856
50934336
50937900
50938892
50939940
50940932
50941992
50942984
50946088
50948128
50954251
50954253
50954254
50954755
50955269
50955273
50955276
50955777
50956294
50956802
50957316
50958346
50959368
50962441
50962945
50966536
50970636
50972676
50974728
50978824
50987059
50987061
50987062
50987286
50987299
50987314
50987539
50987779
50987794
50988293
50988801
50989094
50989318
50989346
50989826
50990340
50991154
50991634
50993186
50993666
50995249
50995489
50995504
50996481
50997536
50998528
50999344
51001376
51003444
51003668
51003696
51004176
51004676
51005184
51007536
51008016
51011632
51011856
51011872
51012864
51019795
51019797
51019798
51020291
51020305
51020306
51020805
51021313
51021830
51022338
51022852
51023890
51025922
51027985
51028993
51032080
51036180
51036688
51040272
51044368
51052579
51052581
51052582
51053059
51053573
51054081
51054598
51054626
51054628
51055106
51055620
51056674
51057154
51060769
51062816
51064864
51068964
51069956
51073056
51077152
51118107
51118109
51118110
51118123
51118125
51118126
51118131
51118133
51118134
51118158
51118163
51118170
51118181
51118188
51118193
51118219
51118229
51118233
51118246
51118250
51118260
51118275
51118277
51118278
51118282
51118289
51118296
51118308
51118312
51118320
51118349
51118358
51118364
51118371
51118377
51118386
51118403
51118405
51118406
51118412
51118418
51118424
51118433
51118440
51118448
51118467
51118469
51118470
51118473
51118484
51118488
51118498
51118504
51118512
51118674
51118786
51118800
51118866
51118914
51118928
51118978
51118992
51119241
51119297
51119304
51119369
51119425
51119432
51119489
51119496
51119808
51119936
51120000
51120228
51120292
51120324
51120352
51120452
51120480
51120516
51120544
51120832
51120960
51121024
51121344
51121472
51121536
51122202
51122218
51122226
51122314
51122328
51122338
51122344
51122352
51122706
51122818
51122832
51123336
51123840
51124384
51124864
51125376
51126297
51126313
51126321
51126353
51126360
51126369
51126376
51126384
51126864
51127305
51127361
51127368
51127872
51128416
51128896
51129408
51130392
51130408
51130416
51130896
51131400
51131904
51132448
51132928
51133440
51134492
51134508
51134516
51134732
51134740
51134744
51134760
51134768
51135248
51135752
51136256
51136548
51136772
51136800
51137280
51137792
51138584
51138600
51138608
51139088
51139592
51140096
51140640
51141120
51141632
51142680
51142696
51142704
51143184
51143688
51144192
51144736
51145216
51145728
51150867
51150869
51150870
51150979
51150981
51150982
51150993
51150996
51151378
51151490
51151504
51152001
51152512
51153028
51153536
51154048
51154962
51155074
51155088
51156096
51157120
51158016
51159057
51159568
51160065
51160576
51163152
51164160
51167252
51167760
51169284
51169792
51171344
51173376
51175440
51175936
51183627
51183629
51183630
51183683
51183685
51183686
51183690
51183692
51184194
51184649
51184705
51184712
51185216
51185732
51186240
51186752
51187722
51188226
51188744
51189248
51191817
51191873
51191880
51192384
51193920
51194368
51195912
51196416
51200012
51201032
51202052
51203072
51204104
51205120
51208200
51210240
51216387
51216389
51216390
51216898
51217409
51217920
51218436
51218944
51219456
51220482
51221504
51224577
51225088
51228672
51232772
51234816
51236864
51240960
51249187
51249189
51249190
51249411
51249413
51249414
51249441
51249442
51249922
51250433
51250944
51251236
51251460
51251488
51251968
51252480
51253282
51253762
51255328
51255808
51257377
51258369
51259424
51260416
51261472
51263488
51265572
51265796
51265824
51266304
51266816
51267072
51269664
51270144
51273760
51274752
51281923
51281925
51281926
51282434
51282945
51283456
51283972
51284480
51284992
51286018
51288064
51290113
51291136
51294208
51298308
51298816
51302400
51306496
51314691
51314693
51314694
51315202
51315713
51316224
51316740
51317248
51317760
51318786
51319296
51322881
51324928
51326976
51331076
51332096
51335168
51339264
51380885
51380933
51380945
51381061
51381125
51381140
51381326
51381446
51381450
51381574
51381580
51381638
51381956
51382084
51382148
51382467
51382563
51382595
51382625
51382659
51382690
51382977
51383105
51383169
51383490
51383618
51383682
51384410
51384626
51384658
51384664
51384680
51384688
51385168
51385418
51385666
51385672
51386176
51386658
51386690
51386720
51387200
51387458
51387650
51387712
51388569
51388713
51388809
51388824
51388840
51388848
51389073
51389313
51389328
51389832
51390336
51390753
51390849
51390880
51391105
51391233
51391360
51391872
51392792
51392808
51392816
51393296
51393800
51394304
51394848
51395328
51395840
51396716
51396788
51396824
51396836
51396840
51396848
51397268
51397316
51397328
51397708
51397828
51397832
51398212
51398276
51398336
51398880
51399360
51399872
51400792
51400808
51400816
51401296
51401800
51402304
51402848
51403328
51403840
51404952
51404968
51404976
51405456
51405960
51406464
51407008
51407488
51408000
51413035
51413037
51413038
51413131
51413158
51413162
51413637
51414030
51414150
51414154
51414660
51415075
51415171
51415202
51415681
51416194
51417130
51418122
51419170
51420162
51421225
51421321
51421352
51421825
51422344
51422848
51425320
51426312
51429420
51429540
51429544
51430020
51431584
51432064
51433512
51435552
51437608
51437704
51437728
51438208
51445811
51445813
51445814
51445843
51445861
51445873
51446293
51446341
51446353
51446854
51447364
51447843
51447875
51447905
51448385
51448898
51449906
51449938
51449968
51450448
51450946
51451456
51454001
51454481
51456033
51456513
51458096
51458576
51462196
51462244
51462256
51463236
51464288
51465280
51466288
51466320
51466336
51467328
51470384
51472416
51478563
51478565
51478566
51479045
51479558
51480068
51480579
51480609
51480610
51481089
51481602
51482658
51483650
51486753
51487233
51490848
51494948
51496992
51499040
51503136
51511323
51511325
51511326
51511565
51511574
51511580
51511829
51512069
51512084
51512334
51512582
51512588
51513092
51513603
51514113
51514626
51515418
51515666
51515672
51516176
51517698
51518208
51519513
51519753
51519768
51520776
51521793
51522816
51523608
51523848
51523856
51525888
51527708
51528212
51528716
51529220
51531800
51532304
51535896
51536904
51544075
51544077
51544078
51544581
51545094
51545098
51545100
51545604
51546115
51546625
51547138
51548170
51550210
51552265
51553288
51556360
51560460
51560964
51564552
51568648
51576851
51576853
51576854
51577349
51577361
51577364
51577862
51578372
51578883
51579393
51579906
51580946
51581456
51585041
51587073
51589136
51593236
51594244
51597328
51601424
51642395
51642397
51642398
51642411
51642413
51642414
51642419
51642421
51642422
51642446
51642451
51642458
51642469
51642476
51642481
51642507
51642517
51642521
51642534
51642538
51642548
51642563
51642565
51642566
51642570
51642577
51642584
51642596
51642600
51642608
51642637
51642646
51642652
51642659
51642665
51642674
51642691
51642693
51642694
51642700
51642706
51642712
51642721
51642728
51642736
51642755
51642757
51642758
51642761
51642772
51642776
51642786
51642792
51642800
51643028
51643076
51643088
51643156
51643204
51643216
51643268
51643280
51643466
51643530
51643586
51643592
51643714
51643720
51643778
51643784
51644096
51644224
51644288
51644513
51644609
51644640
51644705
51644737
51644768
51644801
51644832
51645120
51645248
51645312
51645632
51645760
51645824
51646490
51646506
51646514
51646738
51646744
51646754
51646760
51646768
51647248
51647498
51647746
51647752
51648256
51648800
51649280
51649792
51650585
51650601
51650609
51650697
51650705
51650712
51650728
51650736
51651216
51651720
51652224
51652641
51652737
51652768
51653248
51653760
51654680
51654696
51654704
51655184
51655688
51656192
51656736
51657216
51657728
51658780
51658796
51658804
51658828
51658840
51658852
51658856
51658864
51659284
51659332
51659344
51659848
51660352
51660896
51661376
51661888
51662872
51662888
51662896
51663376
51663880
51664384
51664928
51665408
51665920
51666968
51666984
51666992
51667472
51667976
51668480
51669024
51669504
51670016
51675171
51675173
51675174
51675267
51675269
51675270
51675298
51675300
51675780
51676290
51676800
51677217
51677313
51677344
51677824
51678336
51679266
51680258
51681312
51682304
51683361
51683457
51683488
51683968
51684480
51684864
51687456
51688448
51691556
51692036
51693600
51694080
51695648
51697664
51699744
51700224
51707923
51707925
51707926
51707971
51707973
51707974
51707985
51707986
51708436
51708484
51708496
51708994
51709504
51710017
51710528
51711040
51712018
51712528
51713026
51713536
51716113
51716624
51718145
51718656
51720208
51720704
51724308
51724356
51724368
51725376
51726400
51727360
51728400
51729408
51732496
51734528
51740675
51740677
51740678
51741188
51741698
51742208
51742721
51743232
51743744
51744770
51745792
51748865
51749376
51752960
51757060
51759104
51761152
51765248
51773451
51773453
51773454
51773699
51773701
51773702
51773705
51773708
51774212
51774474
51774722
51774728
51775232
51775745
51776256
51776768
51777546
51777794
51777800
51778304
51779840
51780096
51781641
51782664
51783681
51784704
51785736
51787776
51789836
51790340
51790856
51791360
51793928
51794432
51798024
51799040
51806211
51806213
51806214
51806724
51807234
51807744
51808257
51808768
51809280
51810306
51812352
51814401
51815424
51818496
51822596
51823104
51826688
51830784
51838979
51838981
51838982
51839492
51840002
51840512
51841025
51841536
51842048
51843074
51843584
51847169
51849216
51851264
51855364
51856384
51859456
51863552
51904539
51904541
51904542
51904555
51904557
51904558
51904563
51904565
51904566
51904590
51904595
51904602
51904613
51904620
51904625
51904651
51904661
51904665
51904678
51904682
51904692
51904707
51904709
51904710
51904714
51904721
51904728
51904740
51904744
51904752
51904781
51904790
51904796
51904803
51904809
51904818
51904835
51904837
51904838
51904844
51904850
51904856
51904865
51904872
51904880
51904899
51904901
51904902
51904905
51904916
51904920
51904930
51904936
51904944
51905105
51905169
51905217
51905232
51905345
51905360
51905409
51905424
51905612
51905732
51905736
51905804
51905860
51905864
51905924
51905928
51906240
51906368
51906432
51906722
51906754
51906784
51906850
51906882
51906912
51906946
51906976
51907264
51907392
51907456
51907776
51907904
51907968
51908634
51908650
51908658
51908682
51908690
51908696
51908712
51908720
51909200
51909704
51910208
51910690
51910722
51910752
51911232
51911744
51912729
51912745
51912753
51912969
51912984
51912993
51913000
51913008
51913233
51913473
51913488
51913992
51914496
51915040
51915520
51916032
51916824
51916840
51916848
51917328
51917832
51918336
51918880
51919360
51919872
51920924
51920940
51920948
51921044
51921048
51921060
51921064
51921072
51921552
51921932
51922052
51922056
51922560
51923104
51923584
51924096
51925016
51925032
51925040
51925520
51926024
51926528
51927072
51927552
51928064
51929112
51929128
51929136
51929616
51930120
51930624
51931168
51931648
51932160
51937291
51937293
51937294
51937411
51937413
51937414
51937417
51937418
51937921
51938316
51938436
51938440
51938944
51939458
51939968
51940480
51941386
51942408
51943426
51944448
51945481
51945985
51946504
51947008
51949576
51950592
51953676
51953796
51953800
51954304
51955840
51956224
51957768
51959808
51961864
51962368
51970083
51970085
51970086
51970115
51970117
51970118
51970145
51970148
51970625
51971140
51971648
51972130
51972162
51972192
51972672
51973184
51974178
51974210
51974240
51974720
51975232
51975680
51978273
51978753
51980320
51980800
51982368
51982848
51986468
51987460
51988512
51989504
51990560
51991552
51994656
51996672
52002819
52002821
52002822
52003329
52003844
52004352
52004866
52005376
52005888
52006914
52007936
52011009
52011520
52015104
52019204
52021248
52023296
52027392
52035603
52035605
52035606
52035843
52035845
52035846
52035858
52035860
52036113
52036353
52036368
52036868
52037376
52037890
52038400
52038912
52039698
52040208
52041730
52042240
52043793
52044033
52044048
52045056
52046080
52046848
52047888
52049920
52051988
52052496
52052996
52053504
52056080
52056576
52060176
52061184
52068355
52068357
52068358
52068865
52069380
52069888
52070402
52070912
52071424
52072450
52074496
52076545
52077568
52080640
52084740
52085248
52088832
52092928
52101123
52101125
52101126
52101633
52102148
52102656
52103170
52103680
52104192
52105218
52105728
52109313
52111360
52113408
52117508
52118528
52121600
52125696
52429461
52429590
52429699
52429701
52429702
52429716
52429902
52429963
52430019
52430021
52430022
52430026
52430467
52430469
52430470
52430949
52431139
52431171
52431173
52431174
52431201
52431619
52431621
52431622
52431939
52431941
52431942
52433136
52433202
52433234
52433264
52433314
52433328
52433682
52433794
52433808
52434114
52434562
52435234
52435266
52435296
52435714
52436034
52437145
52437201
52437208
52437336
52437385
52437400
52437649
52437889
52437904
52438153
52438209
52438216
52438657
52439361
52439809
52440129
52441296
52441424
52441488
52441744
52441872
52441984
52442304
52442752
52443456
52443904
52444224
52445292
52445412
52445416
52445516
52445544
52445608
52446084
52446284
52446404
52446408
52446852
52447332
52447556
52447584
52448004
52448324
52449504
52449632
52449696
52450176
52450496
52450944
52451424
52451616
52451648
52452096
52452416
52453576
52453704
52453768
52454272
52454472
52454536
52454592
52455040
52455744
52456192
52456512
52461598
52461614
52461622
52461734
52461738
52461748
52462102
52462214
52462228
52462606
52462726
52462730
52463110
52463234
52463236
52463654
52464134
52464646
52465714
52465826
52465840
52466818
52467746
52468738
52469912
52470416
52470920
52471424
52474000
52475008
52477996
52478116
52478120
52478596
52480036
52480516
52482208
52484128
52486280
52486784
52494363
52494379
52494387
52494419
52494426
52494449
52494867
52495371
52495427
52495434
52495875
52496419
52496451
52496481
52496899
52497411
52497473
52497474
52498482
52498514
52498544
52498962
52499522
52499970
52502553
52502609
52502616
52503057
52504641
52505089
52506704
52507152
52510824
52511816
52512864
52513856
52514912
52515904
52518984
52521024
52527130
52527146
52527154
52527634
52528138
52528642
52529186
52529666
52530178
52531218
52531234
52531248
52532226
52535320
52535824
52539408
52543528
52545568
52547616
52551688
52559901
52559917
52559925
52560141
52560156
52560169
52560405
52560645
52560660
52560909
52561413
52561957
52562181
52562209
52562437
52562689
52562692
52562949
52564272
52564752
52566304
52566784
52568089
52568329
52568344
52569097
52570369
52571137
52572432
52574464
52576300
52576524
52576552
52577028
52577292
52577796
52580640
52581120
52584712
52585480
52592668
52592684
52592692
52593172
52593676
52594180
52594724
52595204
52595716
52596784
52598816
52600856
52601864
52604944
52609036
52609060
52609064
52609540
52613152
52617224
52625433
52625449
52625457
52625937
52626441
52626945
52627489
52627969
52628481
52629552
52630032
52633609
52633617
52633624
52635649
52637712
52641832
52642824
52645920
52649992
52953115
52953117
52953118
52953131
52953133
52953134
52953139
52953141
52953142
52953166
52953171
52953178
52953189
52953196
52953201
52953227
52953237
52953241
52953254
52953258
52953268
52953283
52953285
52953286
52953290
52953297
52953304
52953316
52953320
52953328
52953357
52953366
52953372
52953379
52953385
52953394
52953411
52953413
52953414
52953420
52953426
52953432
52953441
52953448
52953456
52953475
52953477
52953478
52953481
52953492
52953496
52953506
52953512
52953520
52953619
52953731
52953745
52953859
52953874
52953985
52953986
52954000
52954125
52954181
52954188
52954245
52954249
52954305
52954308
52954312
52954753
52955174
52955206
52955236
52955398
52955426
52955458
52955460
52955488
52955906
52956228
52957234
52957266
52957296
52957346
52957360
52957378
52957392
52957408
52957714
52957826
52957840
52958400
52958848
52959266
52959298
52959328
52959746
52960320
52961305
52961361
52961368
52961545
52961560
52961601
52961608
52961616
52961809
52962049
52962064
52962313
52962369
52962376
52962817
52963648
52964096
52964416
52965456
52965904
52966464
52966912
52967488
52967936
52968448
52969516
52969636
52969640
52969740
52969768
52969860
52969864
52969888
52970368
52970508
52970628
52970632
52971136
52971556
52971780
52971808
52972288
52972548
52973728
52974208
52974720
52975104
52975648
52976128
52976640
52977928
52978432
52978696
52979200
52979968
52980224
52980736
52985870
52985878
52985882
52985884
52985990
52985994
52986004
52986008
52986386
52986498
52986512
52986892
52987012
52987016
52987520
52987910
52988418
52988932
52989970
52990082
52990096
52991104
52992002
52993024
52994072
52994576
52995080
52995584
52998160
52999168
53002252
53002372
53002376
53002880
53004292
53004800
53006464
53008384
53010440
53010944
53018635
53018659
53018665
53018666
53018691
53018698
53018721
53018728
53019139
53019657
53019713
53019720
53020161
53020706
53020738
53020768
53021186
53021760
53022754
53022786
53022816
53023234
53023808
53024256
53026825
53026881
53026888
53027329
53028928
53029376
53030976
53031424
53035048
53036040
53037088
53038080
53039136
53040128
53043208
53045248
53051402
53051906
53052424
53052928
53053442
53053952
53054464
53055490
53056512
53059592
53060096
53063680
53067784
53069824
53071872
53075968
53084181
53084197
53084209
53084212
53084421
53084436
53084449
53084464
53084689
53084929
53084944
53085189
53085697
53086244
53086468
53086496
53086976
53087236
53088304
53088784
53090336
53090816
53092369
53092609
53092624
53093377
53094656
53095424
53096464
53098496
53100580
53100804
53100832
53101312
53101572
53102080
53104672
53105152
53108992
53109760
53116948
53117456
53117956
53118464
53118980
53119488
53120000
53121040
53123072
53125136
53126144
53129216
53133316
53133824
53137408
53141504
53149729
53150209
53150721
53151232
53151776
53152256
53152768
53153824
53154304
53157889
53159936
53161984
53166112
53167104
53170176
53174272
54526547
54526613
54526659
54526661
54526662
54526673
54527054
54527245
54527299
54527301
54527302
54527308
54527555
54527557
54527558
54528166
54528291
54528387
54528389
54528390
54528418
54528643
54528645
54528646
54529283
54529285
54529286
54530138
54530250
54530264
54530386
54530392
54530456
54530642
54530754
54530768
54531146
54531394
54531400
54531650
54532482
54532738
54533378
54534376
54534441
54534497
54534504
54534537
54534568
54534849
54535433
54535489
54535496
54535745
54536481
54536577
54536608
54536833
54537473
54538440
54538568
54538632
54538944
54539336
54539528
54539584
54539840
54540672
54540928
54541568
54542516
54542564
54542576
54542704
54542740
54542768
54542996
54543044
54543056
54543684
54543940
54544548
54544772
54544800
54545028
54545668
54546640
54546768
54546832
54547024
54547088
54547136
54547776
54548032
54548864
54549120
54549760
54550752
54550880
54550944
54551232
54551872
54552128
54552736
54552864
54552960
54553216
54553856
54558747
54558763
54558771
54558859
54558873
54558890
54559251
54559363
54559377
54559755
54560259
54560803
54560899
54560930
54561283
54561409
54561410
54561795
54562842
54562954
54562968
54563850
54564994
54565890
54566953
54567049
54567080
54567553
54567945
54568449
54571144
54572040
54575280
54575760
54577312
54577792
54579344
54581376
54583456
54583936
54591517
54591533
54591541
54591589
54591596
54591601
54592021
54592069
54592081
54592525
54592581
54592588
54593029
54593089
54593092
54593573
54594053
54594565
54595672
54596176
54596680
54597184
54599721
54599777
54599784
54600257
54601761
54602241
54603848
54604352
54607924
54607972
54607984
54608964
54609956
54610948
54612048
54613056
54616160
54618144
54624281
54624297
54624305
54624785
54625289
54625793
54626337
54626817
54627329
54628376
54629384
54632457
54632481
54632488
54632961
54636552
54640688
54642720
54644752
54648864
54657054
54657070
54657078
54657302
54657308
54657330
54657558
54658062
54658310
54658316
54658566
54659110
54659334
54659362
54659590
54660102
54660354
54660356
54661146
54661394
54661400
54661650
54663426
54663682
54665512
54666504
54667552
54668544
54669576
54671616
54673460
54673684
54673712
54673940
54674692
54674948
54677776
54678032
54681888
54682880
54689818
54689834
54689842
54690322
54690826
54691330
54691874
54692354
54692866
54693898
54693906
54693912
54695938
54698024
54699016
54702088
54706224
54706704
54710288
54714400
54722588
54722604
54722612
54723092
54723596
54724100
54724644
54725124
54725636
54726680
54727184
54730792
54732832
54734856
54738964
54738980
54738992
54739972
54743056
54747168
54788123
54788125
54788126
54788139
54788141
54788142
54788147
54788149
54788150
54788174
54788179
54788186
54788197
54788204
54788209
54788235
54788245
54788249
54788262
54788266
54788276
54788291
54788293
54788294
54788298
54788305
54788312
54788324
54788328
54788336
54788365
54788374
54788380
54788387
54788393
54788402
54788419
54788421
54788422
54788428
54788434
54788440
54788449
54788456
54788464
54788483
54788485
54788486
54788489
54788500
54788504
54788514
54788520
54788528
54788630
54788678
54788690
54788742
54788756
54788802
54788804
54788816
54789131
54789187
54789194
54789379
54789385
54789441
54789442
54789448
54789698
54790181
54790277
54790308
54790405
54790433
54790529
54790532
54790560
54790788
54791425
54792218
54792330
54792344
54792466
54792472
54792578
54792584
54792592
54792722
54792834
54792848
54793226
54793474
54793480
54793730
54794624
54794880
54795520
54796329
54796385
54796392
54796425
54796456
54796481
54796488
54796512
54796992
54797321
54797377
54797384
54797888
54798369
54798465
54798496
54798976
54799361
54800520
54801024
54801416
54801920
54802560
54802944
54803456
54804532
54804580
54804592
54804756
54804784
54804804
54804816
54804832
54805012
54805060
54805072
54805824
54806080
54806564
54806788
54806816
54807044
54807808
54808848
54809104
54809856
54810112
54810880
54811136
54811648
54812768
54813248
54813760
54814208
54814752
54815232
54815744
54820883
54820899
54820913
54820914
54820995
54821009
54821026
54821040
54821394
54821506
54821520
54821891
54822402
54822945
54823041
54823072
54823552
54823937
54824978
54825090
54825104
54825986
54827136
54828032
54829089
54829185
54829216
54829696
54830081
54830592
54833280
54834176
54837296
54837776
54839328
54839808
54841360
54843392
54845472
54845952
54853645
54853653
54853657
54853660
54853701
54853708
54853713
54853720
54854164
54854212
54854224
54854665
54854721
54854728
54855232
54855685
54856196
54856705
54857752
54858256
54858760
54859264
54861833
54861889
54861896
54862400
54863873
54864384
54865928
54866432
54870036
54870084
54870096
54871104
54872068
54873088
54874128
54875136
54878272
54880256
54886417
54886928
54887425
54887936
54888449
54888960
54889472
54890512
54891520
54894593
54895104
54898688
54902800
54904832
54906880
54910976
54919182
54919206
54919210
54919212
54919430
54919436
54919458
54919464
54919686
54920202
54920450
54920456
54920706
54921252
54921476
54921504
54921732
54922496
54923274
54923522
54923528
54923778
54925568
54925824
54927400
54928392
54929440
54930432
54931464
54933504
54935588
54935812
54935840
54936068
54936832
54937088
54939904
54940160
54943776
54944768
54951970
54952450
54952962
54953472
54954016
54954496
54955008
54956034
54958080
54960160
54961152
54964224
54968352
54968832
54972416
54976512
54984716
54985220
54985736
54986240
54986756
54987264
54987776
54988808
54989312
54992904
54994944
54996992
55001092
55002112
55005184
55009280
56623131
56623133
56623134
56623147
56623149
56623150
56623155
56623157
56623158
56623182
56623187
56623194
56623205
56623212
56623217
56623243
56623253
56623257
56623270
56623274
56623284
56623299
56623301
56623302
56623306
56623313
56623320
56623332
56623336
56623344
56623373
56623382
56623388
56623395
56623401
56623410
56623427
56623429
56623430
56623436
56623442
56623448
56623457
56623464
56623472
56623491
56623493
56623494
56623497
56623508
56623512
56623522
56623528
56623536
56623635
56623637
56623638
56623747
56623749
56623750
56623761
56623764
56624139
56624141
56624142
56624195
56624197
56624198
56624202
56624204
56624643
56624645
56624646
56625187
56625189
56625190
56625411
56625413
56625414
56625441
56625442
56625667
56625669
56625670
56626179
56626181
56626182
56627282
56627394
56627408
56627474
56627522
56627536
56627586
56627600
56627730
56627842
56627856
56628290
56628738
56629506
56629762
56630274
56631433
56631489
56631496
56631561
56631617
56631624
56631681
56631688
56631937
56632329
56632385
56632392
56632833
56633601
56633857
56634369
56635584
56635712
56635776
56636032
56636480
56636928
56637696
56637952
56638464
56639588
56639652
56639684
56639712
56639812
56639840
56639876
56639904
56640132
56640580
56641028
56641572
56641796
56641824
56642052
56642564
56643776
56643904
56643968
56644224
56644672
56645120
56645888
56646144
56646656
56647872
56648000
56648064
56648320
56648768
56649216
56649984
56650240
56650752
56655898
56655914
56655922
56656010
56656024
56656034
56656040
56656048
56656402
56656514
56656528
56656906
56657410
56657954
56658434
56658946
56659986
56660098
56660112
56660994
56662018
56663040
56664200
56664704
56665096
56665600
56668288
56669184
56672416
56672896
56674336
56674816
56676480
56678400
56680576
56680960
56688665
56688681
56688689
56688721
56688728
56688737
56688744
56688752
56689169
56689673
56689729
56689736
56690177
56690721
56691201
56691713
56692816
56693264
56693824
56694272
56696841
56696897
56696904
56697345
56698881
56699392
56700992
56701440
56705120
56706112
56707104
56708096
56709184
56710144
56713280
56715264
56721432
56721448
56721456
56721936
56722440
56722944
56723488
56723968
56724480
56725520
56726528
56729608
56730112
56733696
56737824
56739840
56741888
56745984
56754204
56754220
56754228
56754444
56754452
56754456
56754472
56754480
56754708
56755212
56755716
56756260
56756484
56756512
56756740
56757252
56758544
56758800
56760576
56760832
56762632
56763400
56764672
56765440
56766720
56768512
56770596
56770820
56770848
56771076
56771588
56772096
56774912
56775168
56779008
56779776
56786968
56786984
56786992
56787472
56787976
56788480
56789024
56789504
56790016
56791056
56793088
56795144
56796160
56799232
56803360
56803840
56807424
56811520
56819736
56819752
56819760
56820240
56820744
56821248
56821792
56822272
56822784
56823824
56824320
56827912
56829952
56832000
56836128
56837120
56840192
56844288
58720851
58721046
58721091
58721093
58721094
58721106
58721419
58721549
58721667
58721669
58721670
58721673
58722051
58722053
58722054
58722405
58722470
58722499
58722501
58722502
58722532
58722883
58722885
58722886
58723459
58723461
58723462
58724522
58724554
58724584
58724712
58724770
58724776
58725186
58725514
58725762
58725768
58726146
58726562
58726594
58726624
58726978
58727554
58728561
58728657
58728688
58728801
58728816
58728880
58729041
58729281
58729296
58729857
58730241
58730593
58730689
58730720
58731073
58731649
58732768
58732896
58732960
58733376
58733952
58734336
58734688
58734752
58734784
58735168
58735744
58736856
58736924
58736972
58736984
58737044
58737048
58737428
58737476
58737488
58737932
58738052
58738056
58738436
58738884
58739268
58739844
58740936
58741064
58741128
58741568
58741896
58742024
58742144
58742528
58742976
58743360
58743936
58745040
58745168
58745232
58745424
58745616
58745664
58746240
58746624
58747072
58747456
58748032
58753053
58753069
58753077
58753173
58753177
58753204
58753557
58754061
58754181
58754185
58754565
58755109
58755205
58755236
58755589
58756101
58756225
58756228
58757288
58758280
58759328
58760320
58761265
58761361
58761392
58761745
58762369
58762753
58765472
58766464
58769436
58769556
58769560
58769940
58771588
58771972
58773640
58775680
58777744
58778128
58785822
58785838
58785846
58785870
58785882
58785900
58786326
58786374
58786386
58786830
58787334
58787878
58787910
58787940
58788358
58788418
58788420
58788870
58789930
58789962
58789992
58790466
58790922
58791426
58794096
58794576
58796128
58796608
58798176
58798656
58802204
58802252
58802264
58803212
58804292
58805252
58806344
58807304
58810448
58812480
58818588
58818604
58818612
58819092
58819596
58820100
58820644
58821124
58821636
58822696
58823688
58826800
58827280
58830880
58834956
58834964
58834968
58836996
58839048
58843152
58851355
58851371
58851379
58851619
58851625
58851634
58851859
58852099
58852114
58852363
58852611
58852617
58852867
58853121
58853122
58853411
58853891
58854403
58855466
58855714
58855720
58856194
58857506
58857986
58859569
58859809
58859824
58860801
58861601
58862593
58863904
58865696
58867992
58868496
58869000
58869504
58872072
58872576
58876176
58877184
58884121
58884137
58884145
58884625
58885129
58885633
58886177
58886657
58887169
58888232
58890272
58892305
58892321
58892336
58893313
58896416
58900504
58901008
58904584
58908688
58916890
58916906
58916914
58917394
58917898
58918402
58918946
58919426
58919938
58920970
58920994
58921000
58921474
58925104
58927136
58929184
58933272
58934280
58937352
58941456
59768859
59768861
59768862
59768875
59768877
59768878
59768883
59768885
59768886
59768910
59768915
59768922
59768933
59768940
59768945
59768971
59768981
59768985
59768998
59769002
59769012
59769027
59769029
59769030
59769034
59769041
59769048
59769060
59769064
59769072
59769101
59769110
59769116
59769123
59769129
59769138
59769155
59769157
59769158
59769164
59769170
59769176
59769185
59769192
59769200
59769219
59769221
59769222
59769225
59769236
59769240
59769250
59769256
59769264
59769365
59769413
59769425
59769605
59769620
59769665
59769668
59769680
59769870
59769990
59769994
59770118
59770124
59770242
59770244
59770248
59770628
59770915
59770947
59770977
59771011
59771042
59771073
59771074
59771104
59771457
59772034
59772970
59773002
59773032
59773218
59773224
59773250
59773256
59773280
59773760
59773962
59774210
59774216
59774720
59775010
59775042
59775072
59775552
59776002
59777073
59777169
59777200
59777313
59777328
59777409
59777424
59777440
59777553
59777793
59777808
59778432
59778816
59779105
59779201
59779232
59779585
59780224
59781408
59781888
59782400
59782656
59783200
59783680
59784192
59785244
59785292
59785304
59785364
59785368
59785412
59785416
59785424
59785748
59785796
59785808
59786252
59786372
59786376
59786756
59787456
59787840
59788416
59789384
59789888
59790344
59790848
59791424
59791872
59792384
59793552
59793936
59794560
59794944
59795584
59795968
59796480
59801613
59801637
59801641
59801644
59801733
59801737
59801764
59801768
59802117
59802636
59802756
59802760
59803140
59803681
59803777
59803808
59804161
59804800
59805736
59806728
59807776
59808768
59809825
59809921
59809952
59810305
59810944
59811328
59813920
59814912
59817996
59818116
59818120
59818500
59820160
59820544
59822088
59824128
59826304
59826688
59834390
59834406
59834418
59834420
59834438
59834450
59834468
59834480
59834900
59834948
59834960
59835398
59835908
59836450
59836482
59836512
59836992
59837442
59838498
59838530
59838560
59839040
59839490
59840000
59842608
59843088
59844640
59845120
59846688
59847168
59850772
59850820
59850832
59851780
59852864
59853824
59854912
59855872
59858960
59860992
59867172
59867652
59868164
59868672
59869216
59869696
59870208
59871264
59872256
59875360
59875840
59879424
59883524
59885568
59887616
59891712
59899915
59899923
59899929
59899930
59900163
59900169
59900178
59900184
59900433
59900673
59900688
59900938
59901186
59901192
59901696
59901955
59902465
59902978
59904010
59904258
59904264
59904768
59906050
59906560
59908113
59908353
59908368
59909376
59910145
59911168
59912448
59914240
59916312
59916816
59917320
59917824
59920392
59920896
59924496
59925504
59932681
59933185
59933704
59934208
59934721
59935232
59935744
59936776
59938816
59940865
59941888
59944960
59949064
59949568
59953152
59957248
59965458
59965968
59966466
59966976
59967490
59968000
59968512
59969538
59970048
59973648
59975680
59977728
59981840
59982848
59985920
59990016
60817435
60817437
60817438
60817451
60817453
60817454
60817459
60817461
60817462
60817486
60817491
60817498
60817509
60817516
60817521
60817547
60817557
60817561
60817574
60817578
60817588
60817603
60817605
60817606
60817610
60817617
60817624
60817636
60817640
60817648
60817677
60817686
60817692
60817699
60817705
60817714
60817731
60817733
60817734
60817740
60817746
60817752
60817761
60817768
60817776
60817795
60817797
60817798
60817801
60817812
60817816
60817826
60817832
60817840
60817939
60817941
60817942
60818179
60818181
60818182
60818194
60818196
60818443
60818445
60818446
60818563
60818565
60818566
60818569
60818570
60818947
60818949
60818950
60819491
60819493
60819494
60819523
60819525
60819526
60819553
60819556
60819971
60819973
60819974
60820483
60820485
60820486
60821666
60821698
60821728
60821794
60821826
60821856
60821890
60821920
60822274
60822658
60823042
60823586
60823618
60823648
60824066
60824578
60825681
60825745
60825793
60825808
60825921
60825936
60825985
60826000
60826129
60826369
60826384
60826753
60827137
60827713
60828161
60828673
60829888
60830016
60830080
60830464
60830848
60831232
60831808
60832256
60832768
60833868
60833988
60833992
60834060
60834116
60834120
60834180
60834184
60834564
60834828
60834948
60834952
60835332
60835908
60836356
60836868
60838080
60838208
60838272
60838656
60839040
60839424
60840000
60840448
60840960
60842176
60842304
60842368
60842752
60843136
60843520
60844096
60844544
60845056
60850204
60850220
60850228
60850324
60850328
60850340
60850344
60850352
60850708
60851212
60851332
60851336
60851716
60852260
60852740
60853252
60854432
60855424
60856352
60857344
60858512
60858896
60859520
60859904
60862592
60863488
60866572
60866692
60866696
60867076
60868612
60869120
60870784
60872704
60874880
60875264
60882970
60882986
60882994
60883018
60883026
60883032
60883048
60883056
60883474
60883978
60884482
60885026
60885058
60885088
60885506
60886018
60887074
60887106
60887136
60887554
60888066
60888576
60891216
60891664
60893248
60893696
60895296
60895744
60899400
60900360
60901440
60902400
60903488
60904448
60907584
60909568
60915736
60915752
60915760
60916240
60916744
60917248
60917792
60918272
60918784
60919840
60920832
60923920
60924416
60928000
60932104
60934144
60936192
60940288
60948505
60948521
60948529
60948745
60948760
60948769
60948776
60948784
60949009
60949249
60949264
60949513
60950017
60950561
60951041
60951553
60952864
60953344
60954656
60955136
60956689
60956929
60956944
60957697
60958721
60959744
60961024
60962816
60965128
60965632
60965896
60966400
60969216
60969472
60973312
60974080
60981272
60981288
60981296
60981776
60982280
60982784
60983328
60983808
60984320
60985376
60987392
60989456
60990464
60993536
60997640
60998144
61001728
61005824
61014040
61014056
61014064
61014544
61015048
61015552
61016096
61016576
61017088
61018144
61018624
61022224
61024256
61026304
61030408
61031424
61034496
61038592
62914587
62914589
62914590
62914603
62914605
62914606
62914611
62914613
62914614
62914638
62914643
62914650
62914661
62914668
62914673
62914699
62914709
62914713
62914726
62914730
62914740
62914755
62914757
62914758
62914762
62914769
62914776
62914788
62914792
62914800
62914829
62914838
62914844
62914851
62914857
62914866
62914883
62914885
62914886
62914892
62914898
62914904
62914913
62914920
62914928
62914947
62914949
62914950
62914953
62914964
62914968
62914978
62914984
62914992
62915091
62915093
62915094
62915139
62915141
62915142
62915153
62915154
62915595
62915597
62915598
62915843
62915845
62915846
62915849
62915852
62916099
62916101
62916102
62916643
62916645
62916646
62916739
62916741
62916742
62916770
62916772
62917123
62917125
62917126
62917635
62917637
62917638
62918730
62918794
62918850
62918856
62918978
62918984
62919042
62919048
62919234
62919690
62919938
62919944
62920194
62920834
62921218
62921730
62922849
62922945
62922976
62923041
62923073
62923104
62923137
62923168
62923329
62924033
62924289
62924833
62924929
62924960
62925313
62925825
62927040
62927168
62927232
62927424
62928128
62928384
62929024
62929408
62929920
62931092
62931140
62931152
62931220
62931268
62931280
62931332
62931344
62931476
62931524
62931536
62932228
62932484
62933124
62933508
62934020
62935232
62935360
62935424
62935616
62936320
62936576
62937216
62937600
62938112
62939328
62939456
62939520
62939712
62940416
62940672
62941312
62941696
62942208
62947353
62947369
62947377
62947465
62947473
62947480
62947496
62947504
62947857
62948361
62948865
62949409
62949505
62949536
62949889
62950401
62951560
62952456
62953600
62954496
62955553
62955649
62955680
62956033
62956545
62957056
62959744
62960640
62963856
62964240
62965888
62966272
62967936
62969856
62972032
62972416
62980124
62980140
62980148
62980172
62980184
62980196
62980200
62980208
62980628
62980676
62980688
62981132
62981636
62982180
62982660
62983172
62984264
62984768
62985224
62985728
62988384
62988864
62990368
62990848
62992448
62992896
62996500
62996548
62996560
62997508
62998532
62999552
63000640
63001600
63004736
63006720
63012888
63012904
63012912
63013392
63013896
63014400
63014944
63015424
63015936
63016968
63017984
63021088
63021568
63025152
63029264
63031296
63033344
63037440
63045658
63045674
63045682
63045906
63045912
63045922
63045928
63045936
63046162
63046666
63046914
63046920
63047170
63047714
63048194
63048706
63049738
63049986
63049992
63050242
63051778
63052288
63054112
63055104
63055904
63056896
63058176
63059968
63062288
63062544
63063296
63063552
63066368
63066624
63070464
63071232
63078424
63078440
63078448
63078928
63079432
63079936
63080480
63080960
63081472
63082504
63084544
63086624
63087616
63090688
63094800
63095296
63098880
63102976
63111192
63111208
63111216
63111696
63112200
63112704
63113248
63113728
63114240
63115272
63115776
63119392
63121408
63123456
63127568
63128576
63131648
63135744
67114597
67114693
67114724
67114821
67114849
67114885
67115717
67115789
67115845
67115852
67115909
67115913
67116181
67116229
67116241
67116357
67116421
67116436
67118758
67118790
67118820
67118918
67118982
67119010
67119694
67119814
67119818
67119942
67119948
67120006
67120326
67120406
67120454
67120466
67120518
67120532
67121772
67121892
67121896
67121996
67122024
67122088
67122356
67122404
67122416
67122544
67122580
67122608
67122788
67122852
67122884
67122912
67123012
67123040
67123076
67123104
67123416
67123484
67123532
67123544
67123604
67123608
67123788
67123908
67123912
67123980
67124036
67124040
67124100
67124104
67124372
67124420
67124432
67124500
67124548
67124560
67124612
67124624
67126979
67127075
67127107
67127137
67127171
67127202
67127947
67128003
67128010
67128131
67128195
67128201
67128403
67128515
67128529
67128643
67128658
67128707
67130088
67130153
67130209
67130216
67130249
67130280
67130481
67130577
67130608
67130721
67130736
67130800
67130977
67131073
67131104
67131169
67131201
67131232
67131265
67131296
67131545
67131601
67131608
67131736
67131785
67131800
67132041
67132097
67132104
67132169
67132225
67132232
67132289
67132296
67132497
67132561
67132609
67132624
67132737
67132752
67132801
67132816
67134122
67134154
67134184
67134312
67134370
67134376
67134704
67134770
67134802
67134832
67134882
67134896
67135138
67135170
67135200
67135266
67135298
67135328
67135362
67135392
67135578
67135690
67135704
67135826
67135832
67135896
67136074
67136138
67136194
67136200
67136322
67136328
67136386
67136392
67136594
67136706
67136720
67136786
67136834
67136848
67136898
67136912
67143269
67143459
67143491
67143493
67143494
67143521
67144270
67144461
67144515
67144517
67144518
67144524
67144787
67144982
67145027
67145029
67145030
67145042
67146805
67146853
67146865
67147077
67147105
67147120
67147805
67148045
67148060
67148101
67148108
67148120
67148821
67148869
67148881
67149061
67149076
67149121
67149124
67149136
67150382
67150414
67150444
67150662
67150668
67150696
67150902
67151126
67151154
67151174
67151186
67151216
67151398
67151430
67151460
67151622
67151650
67151682
67151684
67151712
67154028
67154204
67154252
67154264
67154280
67154288
67154996
67155044
67155056
67155220
67155248
67155268
67155280
67155296
67158571
67158819
67158825
67158851
67158881
67158888
67160091
67160147
67160154
67160387
67160402
67160408
67160587
67160643
67160650
67160835
67160841
67160897
67160898
67160904
67162225
67162409
67162456
67162465
67162472
67162480
67164185
67164241
67164248
67164425
67164440
67164481
67164488
67164496
67166298
67166514
67166546
67166552
67166568
67166576
67166762
67166794
67166824
67167010
67167016
67167042
67167048
67167072
67176102
67176227
67176323
67176325
67176326
67176354
67177099
67177229
67177347
67177349
67177350
67177353
67177621
67177750
67177859
67177861
67177862
67177876
67179053
67179277
67179305
67179397
67179401
67179432
67179573
67179669
67179700
67179909
67179924
67179952
67180069
67180165
67180196
67180293
67180321
67180417
67180420
67180448
67183150
67183270
67183274
67183494
67183522
67183528
67184670
67184918
67184924
67185030
67185044
67185048
67185166
67185286
67185290
67185414
67185420
67185538
67185540
67185544
67186868
67186972
67187092
67187096
67187112
67187120
67187244
67187364
67187368
67187468
67187496
67187588
67187592
67187616
67191859
67192099
67192114
67192195
67192226
67192240
67192859
67192971
67192985
67193219
67193225
67193240
67193875
67193987
67194001
67194115
67194130
67194241
67194242
67194256
67195033
67195177
67195273
67195288
67195304
67195312
67195953
67196049
67196080
67196193
67196208
67196289
67196304
67196320
67199146
67199282
67199384
67199394
67199400
67199408
67201050
67201162
67201176
67201298
67201304
67201410
67201416
67201424
67207723
67207725
67207726
67207949
67207971
67207977
67208243
67208245
67208246
67208470
67208483
67208498
67208739
67208741
67208742
67208963
67208965
67208966
67208993
67208994
67209243
67209245
67209246
67209485
67209494
67209500
67209739
67209741
67209742
67209987
67209989
67209990
67209993
67209996
67210259
67210261
67210262
67210499
67210501
67210502
67210514
67210516
67211293
67211309
67211317
67211533
67211548
67211561
67212309
67212325
67212337
67212340
67212549
67212564
67212577
67212592
67215390
67215406
67215414
67215638
67215644
67215666
67215886
67215910
67215914
67215916
67216134
67216140
67216162
67216168
67219484
67219500
67219508
67219724
67219732
67219736
67219752
67219760
67223579
67223595
67223603
67223843
67223849
67223858
67225611
67225619
67225625
67225626
67225859
67225865
67225874
67225880
67227673
67227689
67227697
67227913
67227928
67227937
67227944
67227952
67231770
67231786
67231794
67232018
67232024
67232034
67232040
67232048
67241573
67241638
67241667
67241669
67241670
67241700
67242574
67242635
67242691
67242693
67242694
67242698
67243091
67243157
67243203
67243205
67243206
67243217
67244589
67244645
67244652
67244741
67244772
67244776
67246109
67246229
67246233
67246277
67246289
67246296
67246605
67246661
67246668
67246725
67246729
67246785
67246788
67246792
67249206
67249318
67249332
67249350
67249380
67249392
67250206
67250254
67250266
67250374
67250378
67250392
67251222
67251270
67251282
67251334
67251348
67251394
67251396
67251408
67252332
67252404
67252440
67252452
67252456
67252464
67254300
67254348
67254360
67254420
67254424
67254468
67254472
67254480
67256875
67256971
67257002
67257027
67257034
67257064
67257395
67257427
67257457
67257539
67257553
67257584
67257891
67257923
67257953
67257987
67258018
67258049
67258050
67258080
67260529
67260569
67260625
67260632
67260648
67260656
67260969
67261025
67261032
67261065
67261096
67261121
67261128
67261152
67264602
67264682
67264714
67264728
67264744
67264752
67265586
67265618
67265648
67265698
67265712
67265730
67265744
67265760
67273259
67273261
67273262
67273294
67273317
67273324
67273779
67273781
67273782
67273811
67273829
67273841
67274275
67274277
67274278
67274307
67274309
67274310
67274337
67274340
67274779
67274781
67274782
67274830
67274835
67274842
67275275
67275277
67275278
67275331
67275333
67275334
67275338
67275340
67275795
67275797
67275798
67275843
67275845
67275846
67275857
67275858
67276829
67276845
67276853
67276901
67276908
67276913
67278861
67278869
67278873
67278876
67278917
67278924
67278929
67278936
67280926
67280942
67280950
67280974
67280986
67281004
67281942
67281958
67281970
67281972
67281990
67282002
67282020
67282032
67285020
67285036
67285044
67285068
67285080
67285092
67285096
67285104
67289115
67289131
67289139
67289171
67289178
67289201
67289611
67289635
67289641
67289642
67289667
67289674
67289697
67289704
67293209
67293225
67293233
67293265
67293272
67293281
67293288
67293296
67297306
67297322
67297330
67297354
67297362
67297368
67297384
67297392
67306027
67306029
67306030
67306123
67306150
67306154
67306547
67306549
67306550
67306645
67306662
67306676
67307043
67307045
67307046
67307139
67307141
67307142
67307170
67307172
67307547
67307549
67307550
67307659
67307669
67307673
67308043
67308045
67308046
67308163
67308165
67308166
67308169
67308170
67308563
67308565
67308566
67308675
67308677
67308678
67308689
67308692
67309597
67309613
67309621
67309717
67309721
67309748
67310093
67310117
67310121
67310124
67310213
67310217
67310244
67310248
67313694
67313710
67313718
67313830
67313834
67313844
67315726
67315734
67315738
67315740
67315846
67315850
67315860
67315864
67317788
67317804
67317812
67317908
67317912
67317924
67317928
67317936
67321883
67321899
67321907
67321995
67322009
67322026
67322899
67322915
67322929
67322930
67323011
67323025
67323042
67323056
67325977
67325993
67326001
67326089
67326097
67326104
67326120
67326128
67330074
67330090
67330098
67330186
67330200
67330210
67330216
67330224
67372962
67373900
67374289
67376040
67376560
67377056
67377181
67377301
67377305
67377421
67377436
67377541
67377545
67377556
67377560
67377932
67378052
67378056
67378321
67378561
67378576
67379758
67379790
67379820
67379878
67379882
67379910
67379914
67379940
67379944
67380464
67380898
67380930
67380960
67381464
67381836
67381956
67381960
67382480
67383476
67383852
67383972
67383976
67384496
67384992
67385372
67385492
67385496
67385868
67385988
67385992
67386512
67388264
67388467
67388499
67388529
67388707
67388722
67388739
67388754
67388769
67388784
67389218
67389250
67389280
67389784
67390280
67390545
67390785
67390800
67391785
67392296
67392561
67392801
67392816
67393312
67393561
67393801
67393816
67394312
67394577
67394817
67394832
67395674
67396138
67396170
67396200
67396658
67396690
67396720
67397154
67397186
67397216
67397720
67398216
67398736
67404614
67404851
67404883
67404913
67405091
67405106
67405123
67405138
67405153
67405168
67405602
67405634
67405664
67406149
67406660
67406929
67407169
67407184
67407925
67408945
67409185
67409200
67409941
67410181
67410196
67410961
67411201
67411216
67412022
67412518
67412550
67412580
67413042
67413074
67413104
67413538
67413570
67413600
67416116
67417136
67420211
67420243
67420273
67420451
67420466
67420483
67420498
67420513
67420528
67420962
67420994
67421024
67422289
67422529
67422544
67423040
67424305
67424545
67424560
67426321
67426561
67426576
67428402
67428434
67428464
67428898
67428930
67428960
67437446
67437955
67438466
67438621
67438741
67438745
67438861
67438876
67438981
67438985
67438996
67439000
67439372
67439492
67439496
67439761
67440001
67440016
67440669
67440789
67440793
67440909
67440924
67441029
67441033
67441044
67441048
67441420
67441540
67441544
67441809
67442049
67442064
67442560
67444766
67445262
67445382
67445386
67446812
67446932
67446936
67447308
67447428
67447432
67448860
67448980
67448984
67449356
67449476
67449480
67452955
67453971
67454211
67454226
67455001
67455241
67455256
67456017
67456257
67456272
67457049
67457289
67457304
67458065
67458305
67458320
67461146
67463192
67469590
67470086
67470355
67470595
67470610
67471106
67471381
67471621
67471636
67472132
67472401
67472641
67472656
67473429
67473669
67473684
67474449
67474689
67474704
67477526
67478022
67481620
67485715
67485955
67485970
67487761
67488001
67488016
67489809
67490049
67490064
67493906
67502638
67502670
67502700
67502758
67502762
67502790
67502794
67502820
67502824
67503299
67503778
67503810
67503840
67504325
67504716
67504836
67504840
67505345
67506221
67506732
67506852
67506856
67508237
67508357
67508361
67508748
67508868
67508872
67510318
67510350
67510380
67510438
67510442
67510470
67510474
67510500
67510504
67511458
67511490
67511520
67512396
67512516
67512520
67513536
67514412
67514532
67514536
67516428
67516548
67516552
67518507
67519018
67519050
67519080
67519523
67519555
67519585
67520034
67520066
67520096
67522601
67523112
67526698
67526730
67526760
67527714
67527746
67527776
67534949
67535398
67535430
67535460
67535907
67535939
67535969
67536418
67536450
67536480
67536965
67537476
67537985
67538981
67540997
67543078
67543110
67543140
67544098
67544130
67544160
67547172
67551267
67551299
67551329
67551778
67551810
67551840
67555361
67559458
67559490
67559520
67567755
67568142
67568262
67568266
67568771
67569282
67569677
67569797
67569801
67570188
67570308
67570312
67570817
67571725
67571845
67571849
67572236
67572356
67572360
67575822
67575942
67575946
67577868
67577988
67577992
67579916
67580036
67580040
67584011
67585027
67588105
67592202
67635041
67635914
67636628
67637992
67638325
67638373
67638385
67638421
67638452
67638469
67638481
67638500
67638512
67638881
67638977
67639008
67639512
67640008
67640468
67640516
67640528
67642216
67642736
67643232
67643422
67643470
67643482
67643670
67643676
67643718
67643724
67643730
67643736
67643978
67644226
67644232
67644692
67644740
67644752
67645548
67646056
67646516
67646564
67646576
67647072
67647516
67647564
67647576
67648072
67648532
67648580
67648592
67650091
67650187
67650218
67650339
67650345
67650435
67650441
67650466
67650472
67650992
67651361
67651457
67651488
67651992
67652234
67652482
67652488
67653008
67653785
67654185
67654281
67654312
67654705
67654801
67654832
67655201
67655297
67655328
67655832
67656328
67656848
67658034
67658282
67658530
67658536
67659056
67659552
67659802
67660050
67660056
67660298
67660546
67660552
67661072
67666755
67667269
67667777
67667998
67668046
67668058
67668246
67668252
67668294
67668300
67668306
67668312
67668554
67668802
67668808
67669268
67669316
67669328
67670045
67671061
67671109
67671121
67672092
67672140
67672152
67673108
67673156
67673168
67674142
67674190
67674202
67674390
67674396
67674438
67674444
67674450
67674456
67674698
67674946
67674952
67675412
67675460
67675472
67675968
67678236
67678284
67678296
67679252
67679300
67679312
67682331
67682827
67683075
67683081
67684378
67684626
67684632
67684874
67685122
67685128
67686425
67688472
67690522
67690770
67690776
67691018
67691266
67691272
67699243
67699339
67699370
67699491
67699497
67699587
67699593
67699618
67699624
67700101
67700513
67700609
67700640
67701126
67701386
67701634
67701640
67702148
67702829
67703337
67703433
67703464
67703845
67703941
67703972
67704353
67704449
67704480
67706926
67707434
67707682
67707688
67708942
67709190
67709196
67709450
67709698
67709704
67711020
67711528
67715115
67715211
67715242
67715363
67715369
67715459
67715465
67715490
67715496
67716385
67716481
67716512
67717258
67717506
67717512
67718528
67719209
67719305
67719336
67720225
67720321
67720352
67723306
67723554
67723560
67725322
67725570
67725576
67731725
67731979
67732227
67732233
67732741
67733249
67733518
67733766
67733772
67734026
67734274
67734280
67734788
67735565
67736581
67739662
67739910
67739916
67740170
67740418
67740424
67743756
67747851
67748099
67748105
67749898
67750146
67750152
67751945
67756042
67756290
67756296
67764931
67765301
67765349
67765361
67765397
67765428
67765445
67765457
67765476
67765488
67765857
67765953
67765984
67766470
67766978
67767444
67767492
67767504
67768373
67768421
67768433
67768469
67768500
67768517
67768529
67768548
67768560
67768929
67769025
67769056
67770516
67770564
67770576
67771072
67772470
67773492
67773540
67773552
67774486
67774534
67774546
67775508
67775556
67775568
67776564
67776612
67776624
67778580
67778628
67778640
67780659
67781155
67781251
67781282
67781681
67781777
67781808
67782177
67782273
67782304
67784753
67784849
67784880
67785249
67785345
67785376
67788850
67789872
67797075
67797571
67798037
67798085
67798097
67798593
67799062
67799110
67799122
67799618
67800084
67800132
67800144
67801109
67801157
67801169
67803156
67803204
67803216
67805206
67805254
67805266
67806228
67806276
67806288
67809300
67809348
67809360
67813395
67813891
67817489
67821586
67829926
67830307
67830403
67830434
67830821
67830917
67830948
67831329
67831425
67831456
67831942
67832450
67832964
67833893
67833989
67834020
67834401
67834497
67834528
67837990
67840006
67842084
67846179
67846275
67846306
67847201
67847297
67847328
67850273
67850369
67850400
67854370
67895978
67896010
67896040
67896168
67896226
67896232
67896433
67896529
67896560
67896673
67896688
67896752
67897056
67897184
67897248
67897560
67897628
67897676
67897688
67897748
67897752
67898056
67898184
67898248
67898576
67898704
67898768
67899421
67899437
67899445
67899541
67899545
67899572
67900072
67900465
67900561
67900592
67901088
67901468
67901588
67901592
67902088
67902608
67903518
67903534
67903542
67903566
67903578
67903596
67904042
67904074
67904104
67904624
67905120
67905564
67905612
67905624
67906120
67906640
67907612
67907628
67907636
67908136
67908656
67909152
67909644
67909652
67909656
67910152
67910672
67911707
67911723
67911731
67911971
67911977
67911986
67912234
67912482
67912488
67912753
67912993
67913008
67913504
67914008
67914504
67915024
67915801
67915817
67915825
67916328
67916817
67916833
67916848
67917344
67917848
67918344
67918864
67919898
67919914
67919922
67920394
67920418
67920424
67920944
67921440
67921944
67922440
67922960
67928147
67928342
67928387
67928389
67928390
67928402
67928898
67929169
67929409
67929424
67929920
67930388
67930436
67930448
67930944
67931216
67931408
67931456
67932181
67933201
67934228
67935248
67936278
67936326
67936338
67936834
67937360
67937856
67940372
67941392
67944467
67944707
67944722
67945218
67946768
67947264
67948561
67950608
67952658
67953154
67960971
67961101
67961219
67961221
67961222
67961225
67961482
67961730
67961736
67962241
67962752
67963148
67963268
67963272
67963528
67963656
67963776
67964288
67964941
67965061
67965065
67965576
67966081
67966592
67969038
67969546
67971084
67971592
67973132
67973640
67977227
67977475
67977481
67978497
67979528
67980544
67981321
67982337
67985418
67987464
67993859
67993861
67993862
67994370
67994881
67995392
67995908
67996416
67996928
67997701
67998721
68001798
68002306
68005892
68009987
68010241
68010242
68012288
68014081
68018178
68026469
68026534
68026563
68026565
68026566
68026596
68027042
68027074
68027104
68027489
68027585
68027616
68028000
68028064
68028096
68028612
68029120
68029632
68030501
68030597
68030628
68031136
68032644
68033152
68034598
68034630
68034660
68035680
68036676
68037696
68038692
68040708
68042787
68043298
68043809
68044320
68046881
68047392
68050978
68052000
68059203
68059205
68059206
68059714
68060225
68060736
68061252
68061760
68062272
68063237
68065284
68067334
68067394
68067396
68068416
68071428
68075523
68076034
68079617
68083714
68092035
68092037
68092038
68092546
68093057
68093568
68094084
68094592
68095104
68096005
68096129
68096132
68096640
68100102
68102148
68104196
68108291
68109313
68112385
68116482
68159204
68160393
68160850
68162093
68162149
68162156
68162317
68162345
68162373
68162380
68162401
68162408
68162928
68163172
68163396
68163424
68163928
68164361
68164417
68164424
68164944
68166568
68166710
68166822
68166836
68166934
68166962
68167046
68167060
68167074
68167088
68167332
68167556
68167584
68168088
68168584
68168978
68169090
68169104
68170012
68170284
68170508
68170536
68170804
68171028
68171056
68171300
68171524
68171552
68172056
68172552
68173072
68174568
68175088
68175584
68175899
68175955
68175962
68176011
68176025
68176067
68176074
68176081
68176088
68176521
68176577
68176584
68176978
68177090
68177104
68178033
68178473
68178529
68178536
68179056
68179552
68179993
68180049
68180056
68180489
68180545
68180552
68181072
68182186
68182696
68183090
68183202
68183216
68183712
68184090
68184202
68184216
68184712
68185106
68185218
68185232
68190765
68190821
68190828
68190989
68191017
68191045
68191052
68191073
68191080
68191558
68191844
68192068
68192096
68192579
68193033
68193089
68193096
68193602
68194349
68194405
68194412
68194573
68194601
68194629
68194636
68194657
68194664
68195428
68195652
68195680
68196617
68196673
68196680
68197696
68198446
68198956
68199180
68199208
68199462
68199686
68199714
68199972
68200196
68200224
68202540
68202764
68202792
68203556
68203780
68203808
68206635
68207145
68207201
68207208
68208651
68208707
68208714
68209161
68209217
68209224
68210729
68210785
68210792
68212745
68212801
68212808
68214826
68215336
68223877
68224054
68224166
68224180
68224278
68224306
68224390
68224404
68224418
68224432
68224676
68224900
68224928
68225411
68225921
68226322
68226434
68226448
68227125
68227621
68227845
68227873
68228148
68228372
68228400
68228644
68228868
68228896
68231222
68231334
68231348
68231446
68231474
68231558
68231572
68231586
68231600
68231844
68232068
68232096
68233490
68233602
68233616
68234112
68235316
68235540
68235568
68235812
68236036
68236064
68239411
68240434
68240546
68240560
68241427
68241539
68241553
68242450
68242562
68242576
68243505
68244528
68247602
68247714
68247728
68249618
68249730
68249744
68256035
68256293
68256517
68256545
68256806
68257030
68257058
68257316
68257540
68257568
68258051
68258561
68259074
68259877
68260101
68260129
68260900
68261124
68261152
68263974
68264198
68264226
68264484
68264708
68264736
68268068
68268292
68268320
68272163
68274179
68276257
68280354
68289221
68289734
68290244
68290587
68290643
68290650
68290699
68290713
68290755
68290762
68290769
68290776
68291209
68291265
68291272
68291666
68291778
68291792
68292637
68293133
68293189
68293196
68294681
68294737
68294744
68295177
68295233
68295240
68296734
68297750
68297862
68297876
68298778
68298890
68298904
68299794
68299906
68299920
68300828
68302872
68304923
68304979
68304986
68305035
68305049
68305091
68305098
68305105
68305112
68305545
68305601
68305608
68306002
68306114
68306128
68306624
68309017
68309073
68309080
68309513
68309569
68309576
68313114
68313226
68313240
68314130
68314242
68314256
68321358
68321805
68321861
68321868
68322374
68322884
68323339
68323395
68323402
68323849
68323905
68323912
68324418
68325389
68325445
68325452
68327433
68327489
68327496
68329486
68330502
68333580
68337675
68337731
68337738
68338185
68338241
68338248
68341769
68341825
68341832
68345866
68354197
68354693
68355094
68355206
68355220
68355716
68356115
68356227
68356241
68356737
68357138
68357250
68357264
68358165
68358661
68362262
68362374
68362388
68364306
68364418
68364432
68366356
68370451
68370563
68370577
68371474
68371586
68371600
68374545
68378642
68378754
68378768
68420204
68420324
68420328
68420428
68420456
68420520
68420848
68420914
68420946
68420976
68421026
68421040
68421344
68421472
68421536
68421785
68421841
68421848
68421976
68422025
68422040
68422344
68422472
68422536
68422864
68422992
68423056
68423709
68423725
68423733
68423949
68423964
68423977
68424236
68424460
68424488
68425008
68425504
68425753
68425993
68426008
68426504
68427024
68427806
68427822
68427830
68427942
68427946
68427956
68428332
68428452
68428456
68428850
68428962
68428976
68429472
68429976
68430472
68430992
68431900
68431916
68431924
68432396
68432420
68432424
68432944
68433440
68433944
68434440
68434960
68435995
68436011
68436019
68436051
68436058
68436081
68436584
68437042
68437074
68437104
68437600
68438041
68438097
68438104
68438600
68439120
68440089
68440105
68440113
68440616
68441136
68441632
68442121
68442129
68442136
68442632
68443152
68444186
68444202
68444210
68444712
68445202
68445218
68445232
68445728
68446232
68446728
68447248
68452453
68452643
68452675
68452677
68452678
68452705
68452964
68453188
68453216
68453666
68453698
68453728
68453984
68454176
68454208
68454721
68455232
68455744
68456485
68456709
68456737
68457760
68458753
68459776
68460582
68461092
68461602
68462112
68464676
68465696
68468771
68468803
68468833
68469344
68470849
68471360
68472865
68474881
68476962
68477472
68485269
68485398
68485507
68485509
68485510
68485524
68486020
68486418
68486530
68486544
68487040
68487313
68487553
68487568
68488064
68488336
68488464
68488576
68489237
68489477
68489492
68489988
68490512
68491008
68493334
68493446
68493460
68493956
68495504
68496000
68497428
68497924
68501523
68502546
68503569
68504592
68505617
68506640
68509714
68511760
68518147
68518149
68518150
68518660
68519170
68519680
68520193
68520704
68521216
68521989
68522241
68522244
68523264
68526086
68526596
68530180
68534275
68536321
68538369
68542466
68550734
68550795
68550851
68550853
68550854
68550858
68551244
68551364
68551368
68551874
68552384
68552841
68552897
68552904
68553288
68553352
68553408
68553920
68554765
68555276
68556809
68557320
68558862
68558982
68558986
68560002
68561032
68562048
68562956
68565000
68567051
68567107
68567114
68567624
68568130
68568640
68571145
68571656
68575242
68576258
68583491
68583493
68583494
68584004
68584514
68585024
68585537
68586048
68586560
68587525
68589569
68591622
68592642
68595716
68599811
68599873
68599874
68600384
68603905
68608002
68616323
68616325
68616326
68616836
68617346
68617856
68618369
68618880
68619392
68620293
68620804
68624390
68624514
68624516
68626560
68628484
68632579
68633602
68636673
68640770
68682472
68682537
68682593
68682600
68682633
68682664
68682932
68682980
68682992
68683120
68683156
68683184
68683488
68683616
68683680
68683866
68683978
68683992
68684114
68684120
68684184
68684488
68684616
68684680
68685008
68685136
68685200
68685853
68685869
68685877
68685925
68685932
68685937
68686377
68686433
68686440
68686900
68686948
68686960
68687456
68687960
68688456
68688976
68689950
68689966
68689974
68690198
68690204
68690226
68690728
68690996
68691220
68691248
68691744
68691994
68692242
68692248
68692744
68693264
68694044
68694060
68694068
68694568
68695060
68695076
68695088
68695584
68696088
68696584
68697104
68698139
68698155
68698163
68698251
68698265
68698282
68698665
68698761
68698792
68699312
68699808
68700186
68700298
68700312
68700808
68701328
68702233
68702249
68702257
68702729
68702753
68702760
68703280
68703776
68704280
68704776
68705296
68706330
68706346
68706354
68706856
68707376
68707872
68708362
68708370
68708376
68708872
68709392
68714574
68714765
68714819
68714821
68714822
68714828
68715273
68715329
68715336
68715844
68716352
68716618
68716866
68716872
68717128
68717320
68717376
68717888
68718605
68718661
68718668
68719684
68720712
68721728
68722702
68722950
68722956
68723464
68723972
68724480
68726796
68727812
68730891
68731401
68732938
68733448
68734985
68737032
68739082
68739592
68747430
68747555
68747651
68747653
68747654
68747682
68748065
68748161
68748192
68748452
68748676
68748704
68748960
68749088
68749184
68749698
68750208
68750720
68751397
68751905
68752420
68752928
68755494
68755718
68755746
68756256
68757762
68758272
68759588
68760096
68763683
68763779
68763810
68764832
68765826
68766848
68767777
68768800
68771874
68773890
68780291
68780293
68780294
68780801
68781316
68781824
68782338
68782848
68783360
68784133
68785156
68788230
68788482
68788484
68788992
68792324
68796419
68798466
68800513
68804610
68812883
68812949
68812995
68812997
68812998
68813009
68813505
68813972
68814020
68814032
68814528
68814930
68815042
68815056
68815552
68815952
68816016
68816064
68816917
68816965
68816977
68817473
68819024
68819520
68821014
68822036
68823058
68824080
68825108
68827152
68829203
68829315
68829329
68829825
68830352
68830848
68833297
68833793
68837394
68838416
68845635
68845637
68845638
68846145
68846660
68847168
68847682
68848192
68848704
68849669
68849729
68849732
68851776
68853766
68854788
68857860
68861955
68862465
68866049
68870146
68878467
68878469
68878470
68878977
68879492
68880000
68880514
68881024
68881536
68882437
68882945
68886534
68888578
68890628
68894723
68894849
68894850
68895872
68898817
68902914
69207718
69208845
69209171
69211013
69211189
69211237
69211249
69211285
69211316
69211333
69211345
69211364
69211376
69211685
69211781
69211812
69212485
69212933
69213205
69213253
69213265
69215110
69215430
69215878
69216286
69216334
69216346
69216534
69216540
69216582
69216588
69216594
69216600
69216782
69217030
69217036
69217302
69217350
69217362
69218708
69219204
69219476
69219524
69219536
69219972
69220628
69220676
69220688
69221124
69221396
69221444
69221456
69222955
69223051
69223082
69223203
69223209
69223299
69223305
69223330
69223336
69223619
69223971
69224067
69224098
69224771
69224971
69225219
69225225
69225539
69226849
69227297
69227393
69227424
69227617
69227713
69227744
69228065
69228161
69228192
69228865
69229313
69229633
69230794
69231242
69231490
69231496
69231810
69232258
69232714
69232962
69232968
69233162
69233410
69233416
69233730
69239342
69239862
69240358
69240862
69240910
69240922
69241110
69241116
69241158
69241164
69241170
69241176
69241358
69241606
69241612
69241878
69241926
69241938
69243248
69243956
69244004
69244016
69245204
69245252
69245264
69245972
69246020
69246032
69247006
69247054
69247066
69247254
69247260
69247302
69247308
69247314
69247320
69247502
69247750
69247756
69248022
69248070
69248082
69248518
69251348
69251396
69251408
69252116
69252164
69252176
69255528
69255722
69255970
69255976
69257290
69257538
69257544
69257738
69257986
69257992
69259616
69261632
69263434
69263682
69263688
69263882
69264130
69264136
69272107
69272203
69272234
69272355
69272361
69272451
69272457
69272482
69272488
69272627
69273123
69273219
69273250
69273627
69274123
69274371
69274377
69274643
69276080
69276449
69276545
69276576
69276721
69276817
69276848
69277217
69277313
69277344
69280152
69280394
69280642
69280648
69281818
69282066
69282072
69282314
69282562
69282568
69284240
69284736
69287979
69288075
69288106
69288227
69288233
69288323
69288329
69288354
69288360
69288995
69289091
69289122
69289995
69290243
69290249
69291011
69292321
69292417
69292448
69293089
69293185
69293216
69296266
69296514
69296520
69298186
69298434
69298440
69304626
69304874
69305122
69305128
69305394
69305890
69306394
69306642
69306648
69306890
69307138
69307144
69307410
69308720
69309488
69312538
69312786
69312792
69313034
69313282
69313288
69316880
69320746
69320994
69321000
69322762
69323010
69323016
69325088
69328906
69329154
69329160
69337645
69338165
69338213
69338225
69338261
69338292
69338309
69338321
69338340
69338352
69338661
69338757
69338788
69339165
69339661
69340181
69340229
69340241
69341237
69341285
69341297
69341333
69341364
69341381
69341393
69341412
69341424
69341733
69341829
69341860
69343253
69343301
69343313
69343749
69345496
69346452
69346500
69346512
69347356
69347404
69347416
69348372
69348420
69348432
69349524
69349572
69349584
69351444
69351492
69351504
69353704
69354025
69354121
69354152
69354593
69354689
69354720
69355041
69355137
69355168
69357665
69357761
69357792
69358113
69358209
69358240
69361864
69362880
69369964
69370412
69370932
69370980
69370992
69371428
69371932
69371980
69371992
69372428
69372948
69372996
69373008
69374004
69374052
69374064
69376020
69376068
69376080
69378076
69378124
69378136
69379092
69379140
69379152
69382164
69382212
69382224
69386344
69386792
69390432
69394504
69402777
69403177
69403273
69403304
69403697
69403793
69403824
69404193
69404289
69404320
69404697
69405193
69405713
69406769
69406865
69406896
69407265
69407361
69407392
69410968
69412888
69415056
69419049
69419145
69419176
69420065
69420161
69420192
69423137
69423233
69423264
69427336
69468718
69468838
69468842
69469062
69469090
69469096
69469235
69469267
69469297
69469379
69469393
69469424
69469858
69470237
69470477
69470492
69470533
69470540
69470552
69470988
69471313
69472309
69472405
69472436
69472645
69472660
69472688
69472932
69473156
69473184
69473329
69473425
69473456
69473952
69474325
69474565
69474580
69475076
69475345
69476382
69476430
69476442
69476550
69476554
69476568
69476878
69476998
69477002
69477458
69477570
69477584
69478018
69478428
69478476
69478488
69478924
69479504
69480596
69481092
69481616
69482112
69482516
69483012
69483536
69484587
69484835
69484841
69484867
69484897
69484904
69485098
69485346
69485352
69485603
69485635
69485665
69486114
69486857
69486913
69486920
69487368
69487681
69488929
69489440
69489697
69490208
69490945
69491456
69491713
69492810
69493258
69493826
69494274
69494856
69495304
69495872
69500982
69501206
69501234
69501254
69501266
69501296
69501478
69501702
69501730
69502002
69502034
69502064
69502498
69503252
69503300
69503312
69503748
69504080
69505076
69505300
69505328
69506096
69507092
69507332
69507344
69508112
69509142
69509190
69509202
69509638
69510162
69510210
69510224
69510658
69513236
69514256
69517602
69517634
69517664
69517858
69518082
69518112
69519680
69520128
69521696
69523712
69525570
69526018
69533723
69533835
69533849
69534083
69534089
69534104
69534346
69534594
69534600
69534739
69534851
69534865
69535362
69535769
69536009
69536024
69536520
69536785
69537937
69538177
69538192
69538688
69538833
69538945
69538960
69539456
69541914
69542026
69542040
69542410
69542530
69542536
69543960
69544456
69546128
69546624
69550091
69550339
69550345
69551107
69552137
69552385
69552392
69553153
69554433
69555201
69558282
69560328
69566738
69567234
69567506
69568002
69568784
69569280
69569552
69570832
69571600
69574674
69575170
69578768
69583106
69585152
69587200
69591042
69599277
69599333
69599340
69599429
69599460
69599464
69599788
69599908
69599912
69600353
69600449
69600480
69600928
69601293
69601349
69601356
69601804
69602369
69603365
69603461
69603492
69603876
69603972
69604000
69605381
69605892
69607500
69607620
69607624
69608640
69609484
69609540
69609544
69610560
69611652
69613572
69615657
69615713
69615720
69616168
69616673
69616705
69616736
69617184
69619745
69620256
69623880
69624896
69632100
69632548
69633120
69633568
69634116
69634564
69635136
69636132
69638148
69640260
69641280
69644292
69648480
69648928
69652512
69656640
69664905
69665416
69665921
69666432
69666825
69667336
69667841
69668993
69669504
69673096
69675016
69677184
69681161
69682177
69685249
69689352
70255149
70255373
70255401
70255493
70255497
70255528
70255670
70255782
70255796
70255814
70255844
70255856
70256292
70256667
70256723
70256730
70256963
70256978
70256984
70257417
70257746
70258741
70258789
70258801
70259013
70259041
70259056
70259237
70259461
70259489
70259764
70259812
70259824
70260260
70260817
70261057
70261072
70261505
70261840
70262814
70263062
70263068
70263174
70263188
70263192
70263564
70263684
70263688
70263830
70263942
70263956
70264452
70264858
70265106
70265112
70265608
70265874
70267156
70267652
70267924
70268420
70269200
70269696
70269968
70271019
70271115
70271146
70271171
70271178
70271208
70271529
70271625
70271656
70272162
70272194
70272224
70272672
70273035
70273091
70273098
70273545
70274114
70275169
70275617
70276192
70276640
70277185
70277633
70278208
70279306
70279816
70280322
70280832
70281226
70281736
70282242
70287406
70287438
70287468
70287686
70287692
70287720
70287916
70288140
70288168
70288422
70288454
70288484
70288932
70289482
70289730
70289736
70290184
70290498
70291556
70291780
70291808
70292516
70292548
70292576
70293824
70294592
70295566
70295814
70295820
70296076
70296324
70296328
70296582
70297092
70299908
70300676
70303786
70303818
70303848
70304296
70305802
70305858
70305864
70306312
70307936
70309952
70311946
70312456
70320179
70320419
70320434
70320515
70320546
70320560
70320929
70321025
70321056
70321202
70321314
70321328
70321824
70322195
70322435
70322450
70322945
70323218
70324273
70324513
70324528
70324769
70324993
70325024
70325296
70325792
70328594
70328706
70328720
70329216
70330386
70330626
70330640
70331136
70332688
70333184
70336547
70336643
70336674
70337570
70337666
70337696
70338563
70339586
70340641
70341664
70344834
70346754
70353186
70353696
70353954
70354464
70355202
70355712
70355970
70357280
70358048
70361346
70361856
70365440
70369314
70371330
70373408
70377474
70385693
70385813
70385817
70385861
70385873
70385880
70386189
70386309
70386313
70386836
70386884
70386896
70387332
70387737
70387793
70387800
70388233
70388816
70389781
70389829
70389841
70390277
70391825
70391873
70391888
70392321
70393884
70394004
70394008
70394900
70395012
70395024
70395928
70396944
70397972
70400016
70402185
70402241
70402248
70402569
70402689
70402696
70403264
70403712
70406209
70406657
70410376
70411392
70418508
70418956
70419524
70419972
70420552
70421000
70421568
70422596
70424640
70426636
70427652
70430724
70434888
70435336
70438976
70443016
70451345
70451841
70452368
70452864
70453265
70453761
70454288
70455313
70455809
70459536
70461456
70463504
70467713
70468736
70471681
70475904
70516763
70516765
70516766
70516779
70516781
70516782
70516787
70516789
70516790
70516814
70516819
70516826
70516837
70516844
70516849
70516875
70516885
70516889
70516902
70516906
70516916
70516931
70516933
70516934
70516938
70516945
70516952
70516964
70516968
70516976
70517005
70517014
70517020
70517027
70517033
70517042
70517059
70517061
70517062
70517068
70517074
70517080
70517089
70517096
70517104
70517123
70517125
70517126
70517129
70517140
70517144
70517154
70517160
70517168
70517292
70517412
70517416
70517516
70517544
70517636
70517640
70517664
70517810
70517842
70517872
70517922
70517936
70517954
70517968
70517984
70518432
70518809
70518865
70518872
70519049
70519064
70519105
70519112
70519120
70519560
70519888
70520853
70520869
70520881
70520884
70521093
70521108
70521121
70521136
70521380
70521604
70521632
70521904
70522400
70522897
70523137
70523152
70523648
70523920
70524942
70524950
70524954
70524956
70525062
70525066
70525076
70525080
70525452
70525572
70525576
70525970
70526082
70526096
70526592
70527000
70527496
70528016
70529044
70529540
70530064
70530560
70531088
70531584
70532096
70533131
70533155
70533161
70533162
70533187
70533194
70533217
70533224
70533672
70534178
70534210
70534240
70534688
70535177
70535233
70535240
70535688
70536256
70537249
70537760
70538272
70538752
70539265
70539776
70540288
70541322
70541832
70542338
70542848
70543368
70543872
70544384
70549542
70549574
70549604
70549766
70549794
70549826
70549828
70549856
70550052
70550276
70550304
70550562
70550594
70550624
70551072
70551872
70552320
70552640
70553636
70553860
70553888
70554656
70555904
70556672
70557702
70558212
70558722
70559232
70561796
70562816
70565922
70565954
70565984
70566432
70568000
70568448
70570016
70572032
70574082
70574592
70582291
70582403
70582417
70582531
70582546
70582657
70582658
70582672
70583168
70583314
70583426
70583440
70583936
70584337
70584577
70584592
70585088
70585360
70586385
70586625
70586640
70587136
70587408
70587904
70590482
70590594
70590608
70591104
70592528
70593024
70594576
70595072
70598659
70599682
70600705
70601728
70602753
70603776
70606850
70608896
70615298
70615808
70616066
70616576
70617344
70617600
70618112
70619392
70620160
70623234
70623744
70627328
70631426
70633472
70635520
70639616
70647821
70647877
70647884
70647941
70647945
70648001
70648004
70648008
70648332
70648452
70648456
70649024
70649472
70649865
70649921
70649928
70650376
70650944
70651909
70652420
70653953
70654464
70656012
70656132
70656136
70657152
70658056
70659072
70660100
70662144
70664201
70664257
70664264
70664712
70665280
70665728
70668289
70668800
70672392
70673408
70680644
70681092
70681664
70682112
70682688
70683136
70683648
70684676
70686720
70688772
70689792
70692864
70697024
70697472
70701056
70705152
70713473
70713984
70714496
70714880
70715393
70715904
70716416
70717441
70717952
70721664
70723584
70725632
70729729
70730752
70733824
70737920
71304805
71305867
71306518
71307973
71308613
71308869
71309341
71309461
71309465
71309581
71309596
71309701
71309705
71309716
71309720
71309837
71309957
71309961
71310357
71310597
71310612
71311918
71311950
71311980
71312038
71312042
71312070
71312074
71312100
71312104
71312710
71312934
71312966
71312996
71313798
71313934
71314054
71314058
71314694
71315788
71316044
71316164
71316168
71316804
71317060
71317772
71317892
71317896
71318028
71318148
71318152
71318788
71320259
71320627
71320659
71320689
71320867
71320882
71320899
71320914
71320929
71320944
71321123
71321155
71321185
71321987
71322243
71322643
71322883
71322898
71323857
71324353
71324753
71324993
71325008
71325249
71325841
71326081
71326096
71326337
71326737
71326977
71326992
71328162
71328418
71328450
71328480
71329058
71329090
71329120
71329314
71329346
71329376
71330178
71330434
71331074
71336491
71337011
71337043
71337073
71337251
71337266
71337283
71337298
71337313
71337328
71337507
71337539
71337569
71338011
71338507
71339027
71339267
71339282
71340376
71341137
71341377
71341392
71342105
71342345
71342360
71343121
71343361
71343376
71344488
71344682
71344714
71344744
71345442
71345474
71345504
71345698
71345730
71345760
71348552
71349568
71352371
71352403
71352433
71352611
71352626
71352643
71352658
71352673
71352688
71352867
71352899
71352929
71354387
71354627
71354642
71354883
71356497
71356737
71356752
71358481
71358721
71358736
71360802
71360834
71360864
71361058
71361090
71361120
71369261
71369781
71370277
71370781
71370901
71370905
71371021
71371036
71371141
71371145
71371156
71371160
71371277
71371397
71371401
71371797
71372037
71372052
71372829
71372949
71372953
71373069
71373084
71373189
71373193
71373204
71373208
71373325
71373445
71373449
71373845
71374085
71374100
71374341
71377320
71377452
71377572
71377576
71379212
71379332
71379336
71379468
71379588
71379592
71381260
71381380
71381384
71381516
71381636
71381640
71385520
71386161
71386401
71386416
71387281
71387521
71387536
71388177
71388417
71388432
71389329
71389569
71389584
71390225
71390465
71390480
71393696
71395712
71401769
71402025
71402545
71402785
71402800
71403041
71403545
71403785
71403800
71404041
71404561
71404801
71404816
71405593
71405833
71405848
71406609
71406849
71406864
71409960
71410216
71414024
71417905
71418145
71418160
71419921
71420161
71420176
71421969
71422209
71422224
71426336
71434798
71434830
71434860
71434918
71434922
71434950
71434954
71434980
71434984
71435318
71435814
71435846
71435876
71436318
71436814
71436934
71436938
71437334
71438552
71438924
71439044
71439048
71440412
71440532
71440536
71440908
71441028
71441032
71442478
71442510
71442540
71442598
71442602
71442630
71442634
71442660
71442664
71443494
71443526
71443556
71444494
71444614
71444618
71445510
71446604
71446724
71446728
71448588
71448708
71448712
71450864
71451298
71451330
71451360
71451698
71451730
71451760
71452194
71452226
71452256
71454928
71455424
71458978
71459010
71459040
71459874
71459906
71459936
71467098
71467562
71467594
71467624
71468082
71468114
71468144
71468578
71468610
71468640
71469082
71469578
71470098
71471192
71473176
71475242
71475274
71475304
71476258
71476290
71476320
71479368
71483442
71483474
71483504
71483938
71483970
71484000
71487568
71491618
71491650
71491680
71499956
71500332
71500452
71500456
71500852
71501348
71501852
71501972
71501976
71502348
71502468
71502472
71502868
71503900
71504020
71504024
71504396
71504516
71504520
71508012
71508132
71508136
71510028
71510148
71510152
71512076
71512196
71512200
71516336
71517232
71520400
71524512
71828011
71828107
71828138
71828163
71828170
71828200
71828533
71828581
71828593
71828805
71828833
71828848
71829089
71829534
71829782
71829788
71829894
71829908
71829912
71830154
71830804
71831581
71831701
71831705
71831749
71831761
71831768
71832201
71832257
71832264
71832597
71832645
71832657
71833153
71833628
71833748
71833752
71834248
71834644
71835694
71835726
71835756
71835974
71835980
71836008
71836202
71836234
71836264
71836772
71836996
71837024
71837280
71837710
71837958
71837964
71838218
71838980
71839820
71840328
71840836
71841344
71841804
71842312
71842820
71843891
71844131
71844146
71844227
71844258
71844272
71844387
71844483
71844514
71844913
71845153
71845168
71845409
71846162
71846274
71846288
71846530
71847184
71848081
71848577
71848977
71849473
71850128
71850624
71851024
71852322
71852578
71853344
71853600
71854338
71854594
71855360
71860251
71860307
71860314
71860547
71860562
71860568
71860747
71860803
71860810
71861329
71861569
71861584
71861825
71862298
71862546
71862552
71862794
71863568
71864345
71864401
71864408
71865361
71865409
71865424
71866392
71867408
71868490
71868738
71868744
71868938
71868994
71869000
71869760
71870016
71872584
71873600
71876627
71876867
71876882
71877123
71878674
71878914
71878928
71879170
71880721
71882768
71885058
71885314
71893037
71893261
71893289
71893381
71893385
71893416
71893545
71893641
71893672
71894053
71894277
71894305
71894561
71895308
71895428
71895432
71895688
71896324
71897101
71897221
71897225
71897609
71897729
71897736
71898117
71898625
71901228
71901452
71901480
71901736
71903244
71903492
71903496
71903752
71905292
71905800
71909665
71909761
71909792
71910433
71910657
71910688
71911808
71912704
71913601
71914497
71917856
71919872
71926025
71926281
71927041
71927297
71928072
71928328
71929088
71929865
71930881
71934216
71934472
71938056
71942401
71944448
71946241
71950592
71958582
71958694
71958708
71958726
71958756
71958768
71959202
71959234
71959264
71959604
71959652
71959664
71960160
71960598
71960710
71960724
71961218
71961620
71962772
71962820
71962832
71963328
71964692
71964804
71964816
71965312
71966758
71966790
71966820
71967780
71967812
71967840
71968774
71969796
71970884
71972868
71974962
71975074
71975088
71975458
71975554
71975584
71975984
71976480
71979152
71979648
71983138
71984160
71991378
71991874
71992400
71992896
71993362
71993858
71994384
71995472
71997456
71999554
72000576
72003648
72007698
72008194
72011792
72015874
72024228
72024736
72025124
72025632
72026244
72026752
72027140
72028292
72028800
72032292
72034308
72036356
72040608
72041504
72044672
72048672
72352301
72352357
72352364
72352453
72352484
72352488
72352822
72353046
72353074
72353094
72353106
72353136
72353380
72353819
72353931
72353945
72354179
72354185
72354200
72354441
72355090
72355869
72356109
72356124
72356165
72356172
72356184
72356365
72356421
72356428
72357140
72357188
72357200
72357444
72357913
72358153
72358168
72358409
72359184
72359982
72360102
72360106
72360326
72360354
72360360
72360492
72360612
72360616
72360998
72361222
72361250
72361508
72362122
72362370
72362376
72362632
72363266
72364300
72364556
72365316
72365572
72366344
72366600
72367360
72368179
72368211
72368241
72368323
72368337
72368368
72368737
72368833
72368864
72369202
72369234
72369264
72369760
72370195
72370307
72370321
72370817
72371218
72372305
72372801
72373328
72373824
72374289
72374785
72375312
72376482
72376992
72377378
72377888
72378498
72379008
72379394
72384555
72384803
72384809
72384835
72384865
72384872
72385065
72385121
72385128
72385826
72385858
72385888
72386144
72386571
72386819
72386825
72387081
72387842
72388873
72388929
72388936
72389952
72390665
72390913
72390920
72391936
72392746
72392994
72393000
72393256
72393762
72393986
72394016
72394272
72397064
72398080
72400931
72400963
72400993
72401441
72401473
72401504
72402947
72403457
72405057
72407041
72409122
72409632
72417333
72417429
72417460
72417669
72417684
72417712
72417829
72417925
72417956
72418356
72418580
72418608
72418852
72419473
72419713
72419728
72419969
72420624
72421397
72421637
72421652
72421893
72422420
72422660
72422672
72422916
72425636
72425860
72425888
72426020
72426116
72426144
72427904
72428160
72429828
72430084
72433713
72433809
72433840
72434736
72435729
72435841
72435856
72436752
72437777
72438800
72442016
72444032
72450337
72450593
72451360
72451616
72452353
72452609
72453376
72454401
72455424
72458528
72458784
72462592
72466465
72468481
72470529
72474656
72482846
72482894
72482906
72483014
72483018
72483032
72483404
72483524
72483528
72483862
72483910
72483922
72484420
72484890
72485002
72485016
72485512
72485906
72486940
72486988
72487000
72487436
72487492
72487496
72488984
72489480
72491022
72491142
72491146
72492038
72493066
72493186
72493192
72494082
72495116
72497160
72499282
72499394
72499408
72499904
72500242
72500290
72500304
72500800
72503376
72503872
72507522
72508418
72515658
72516168
72516674
72517184
72517642
72518152
72518658
72519752
72521736
72523786
72524802
72527880
72532034
72532544
72536128
72540162
72548500
72548996
72549396
72549892
72550544
72551040
72551440
72552468
72552964
72556676
72558720
72560644
72564880
72565776
72568848
72573056
72876059
72876061
72876062
72876075
72876077
72876078
72876083
72876085
72876086
72876110
72876115
72876122
72876133
72876140
72876145
72876171
72876181
72876185
72876198
72876202
72876212
72876227
72876229
72876230
72876234
72876241
72876248
72876260
72876264
72876272
72876301
72876310
72876316
72876323
72876329
72876338
72876355
72876357
72876358
72876364
72876370
72876376
72876385
72876392
72876400
72876419
72876421
72876422
72876425
72876436
72876440
72876450
72876456
72876464
72876585
72876641
72876648
72876681
72876712
72876737
72876744
72876768
72877108
72877156
72877168
72877332
72877360
72877380
72877392
72877408
72877664
72878106
72878218
72878232
72878354
72878360
72878466
72878472
72878480
72878728
72879376
72880141
72880149
72880153
72880156
72880197
72880204
72880209
72880216
72880649
72880705
72880712
72881172
72881220
72881232
72881728
72882200
72882696
72883216
72884238
72884262
72884266
72884268
72884486
72884492
72884514
72884520
72884776
72885284
72885508
72885536
72885792
72886282
72886530
72886536
72886792
72887552
72888332
72888840
72889348
72889856
72890376
72890880
72891392
72892435
72892451
72892465
72892466
72892547
72892561
72892578
72892592
72892961
72893057
72893088
72893488
72893984
72894482
72894594
72894608
72895104
72895504
72896529
72897025
72897552
72898048
72898576
72899072
72899584
72900642
72901152
72901664
72902144
72902658
72903168
72903680
72908811
72908867
72908874
72909059
72909065
72909121
72909122
72909128
72909321
72909377
72909384
72910144
72910400
72910858
72911106
72911112
72911368
72912128
72912905
72912961
72912968
72913984
72914952
72915968
72917002
72917250
72917256
72917512
72918272
72918528
72921096
72922112
72925187
72925697
72927234
72927744
72929281
72931328
72933378
72933888
72941605
72941701
72941732
72941829
72941857
72941953
72941956
72941984
72942113
72942209
72942240
72942628
72942852
72942880
72943136
72944000
72944256
72944896
72945669
72946177
72946692
72947200
72949796
72950020
72950048
72950304
72952064
72952320
72953860
72954368
72957985
72958081
72958112
72959008
72960128
72961024
72962049
72963072
72966176
72968192
72974593
72974849
72975616
72975872
72976640
72976896
72977408
72978433
72979456
72982784
72983040
72986624
72990721
72992768
72994816
72998912
73007126
73007174
73007186
73007238
73007252
73007298
73007300
73007312
73007808
73008148
73008196
73008208
73008704
73009170
73009282
73009296
73009792
73010192
73011220
73011268
73011280
73011776
73013264
73013760
73015302
73016324
73017346
73018368
73019396
73021440
73023506
73023618
73023632
73024128
73024528
73025024
73027600
73028096
73031682
73032704
73039938
73040448
73040960
73041408
73041922
73042432
73042944
73044032
73046016
73048066
73049088
73052160
73056258
73056768
73060352
73064448
73072772
73073280
73073668
73074176
73074816
73075200
73075712
73076740
73077248
73080836
73082880
73084928
73089152
73090048
73093120
73097216
73400875
73400877
73400878
73400971
73400998
73401002
73401395
73401397
73401398
73401427
73401445
73401457
73401891
73401893
73401894
73402395
73402397
73402398
73402637
73402646
73402652
73402891
73402893
73402894
73403411
73403413
73403414
73404565
73404613
73404625
73404741
73404805
73404820
73405061
73405461
73405509
73405521
73405957
73406485
73406725
73406740
73406981
73407493
73407505
73407508
73408590
73408710
73408714
73408838
73408844
73408902
73409038
73409158
73409162
73409606
73410054
73410574
73410822
73410828
73411078
73411082
73411084
73411590
73412804
73412932
73412996
73413252
73413700
73414148
73414916
73415172
73415684
73416899
73416995
73417027
73417057
73417091
73417122
73417251
73417347
73417378
73417763
73417795
73417825
73418243
73418273
73418274
73419011
73419267
73419779
73420993
73421121
73421185
73421441
73421889
73422337
73423105
73423361
73423873
73425090
73425218
73425282
73425538
73425986
73426434
73427202
73427458
73427970
73433178
73433394
73433426
73433432
73433448
73433456
73433642
73434162
73434194
73434224
73434658
73435162
73435410
73435416
73435658
73436178
73437520
73438288
73439504
73440272
73441354
73441602
73441608
73441802
73442370
73442818
73445696
73446464
73449762
73449794
73449824
73450018
73451778
73452034
73453888
73455872
73457730
73457922
73457984
73458178
73466009
73466153
73466249
73466264
73466280
73466288
73466409
73466505
73466536
73466929
73467425
73467929
73468169
73468184
73468425
73468945
73470097
73470337
73470352
73470593
73470993
73471489
73474440
73474696
73476360
73476616
73478528
73478784
73482529
73482625
73482656
73483297
73484545
73485313
73486465
73486593
73486720
73487361
73490816
73492736
73498904
73498920
73498928
73499176
73499696
73500192
73500696
73500936
73500944
73501192
73501712
73502992
73503760
73507080
73507336
73511168
73515296
73517312
73519360
73523456
73531500
73531572
73531608
73531620
73531624
73531632
73531948
73532068
73532072
73532468
73532516
73532528
73532964
73533468
73533964
73534484
73535636
73535684
73535696
73536132
73537556
73538052
73539660
73539780
73539784
73540676
73541644
73542660
73543748
73543812
73543872
73545732
73548000
73548448
73548896
73549344
73552064
73552512
73556160
73557056
73564248
73564264
73564272
73564712
73565232
73565264
73565280
73565728
73566232
73566728
73567248
73568336
73570320
73572424
73573440
73576512
73580640
73581088
73584704
73588800
73597080
73597096
73597104
73597480
73597576
73597600
73598000
73598496
73599000
73599496
73600016
73601168
73601664
73605256
73607176
73609344
73613472
73614368
73617536
73621632
74448923
74448925
74448926
74448939
74448941
74448942
74448947
74448949
74448950
74448974
74448979
74448986
74448997
74449004
74449009
74449035
74449045
74449049
74449062
74449066
74449076
74449091
74449093
74449094
74449098
74449105
74449112
74449124
74449128
74449136
74449165
74449174
74449180
74449187
74449193
74449202
74449219
74449221
74449222
74449228
74449234
74449240
74449249
74449256
74449264
74449283
74449285
74449286
74449289
74449300
74449304
74449314
74449320
74449328
74449421
74449445
74449449
74449452
74449541
74449545
74449572
74449576
74449942
74449958
74449970
74449972
74449990
74450002
74450020
74450032
74450468
74450955
74450963
74450969
74450970
74451203
74451209
74451218
74451224
74451465
74451986
74453013
74453061
74453073
74453253
74453268
74453313
74453316
74453328
74453509
74454036
74454084
74454096
74454532
74455057
74455297
74455312
74455553
74456080
74457102
74457222
74457226
74457350
74457356
74457474
74457476
74457480
74457612
74457732
74457736
74458118
74458628
74459146
74459394
74459400
74459656
74460162
74461444
74461700
74462212
74462720
74463488
74463744
74464256
74465315
74465347
74465377
74465411
74465442
74465473
74465474
74465504
74465825
74465921
74465952
74466338
74466370
74466400
74466848
74467331
74467841
74468354
74469441
74469889
74470464
74470912
74471425
74471936
74472448
74473602
74474112
74474498
74475008
74475522
74476032
74476544
74481706
74481738
74481768
74481954
74481960
74481986
74481992
74482016
74482216
74482722
74482754
74482784
74483232
74483722
74483970
74483976
74484232
74484738
74486080
74486848
74488064
74488832
74489866
74490114
74490120
74490376
74490882
74491392
74494208
74494976
74498082
74498114
74498144
74498592
74500098
74500608
74502208
74504192
74506242
74506752
74514481
74514577
74514608
74514721
74514736
74514817
74514832
74514848
74514977
74515073
74515104
74515504
74516000
74516497
74516737
74516752
74516993
74517520
74518545
74518785
74518800
74519041
74519568
74520064
74523008
74523264
74524928
74525184
74526976
74527232
74530849
74530945
74530976
74531872
74532865
74533888
74534913
74535936
74539136
74541056
74547488
74547744
74548256
74548736
74549504
74549760
74550272
74551552
74552320
74555648
74555904
74559488
74563616
74565632
74567680
74571776
74579996
74580044
74580056
74580116
74580120
74580164
74580168
74580176
74580492
74580612
74580616
74581012
74581060
74581072
74581508
74582040
74582536
74583056
74584084
74584132
74584144
74584580
74586128
74586624
74588172
74588292
74588296
74589188
74590216
74591232
74592260
74594304
74596544
74596992
74597440
74597888
74600512
74600960
74604672
74605568
74612808
74613256
74613824
74614272
74614792
74615296
74615808
74616896
74618880
74620936
74621952
74625024
74629184
74629632
74633216
74637312
74645648
74646144
74646544
74647040
74647568
74648064
74648576
74649616
74650112
74653824
74655744
74657792
74662016
74662912
74665984
74670080
75499299
75500110
75500693
75502125
75502181
75502188
75502349
75502377
75502405
75502412
75502433
75502440
75502981
75503141
75503365
75503393
75503813
75504141
75504197
75504204
75504773
75506502
75506742
75506854
75506868
75506966
75506994
75507078
75507092
75507106
75507120
75507238
75507462
75507490
75507910
75508294
75508758
75508870
75508884
75509988
75510372
75510596
75510624
75510948
75511172
75511200
75511332
75511556
75511584
75512004
75512388
75512964
75514691
75515267
75515651
75515931
75515987
75515994
75516043
75516057
75516099
75516106
75516113
75516120
75516427
75516483
75516490
75516947
75517059
75517073
75518345
75518729
75518785
75518792
75519361
75519745
75520137
75520193
75520200
75520521
75520577
75520584
75521153
75522386
75522882
75523346
75523458
75523472
75523842
75524178
75524290
75524304
75524674
75525138
75525250
75525264
75530797
75530853
75530860
75531021
75531049
75531077
75531084
75531105
75531112
75531317
75531813
75532037
75532065
75532317
75532813
75532869
75532876
75533333
75534381
75534437
75534444
75534605
75534633
75534661
75534668
75534689
75534696
75535397
75535621
75535649
75536397
75536453
75536460
75537413
75538800
75539044
75539268
75539296
75539508
75539732
75539760
75540004
75540228
75540256
75542628
75542852
75542880
75543588
75543812
75543840
75546968
75547401
75547457
75547464
75548697
75548753
75548760
75549193
75549249
75549256
75550985
75551041
75551048
75552777
75552833
75552840
75555152
75555648
75563566
75564086
75564198
75564212
75564310
75564338
75564422
75564436
75564450
75564464
75564582
75564806
75564834
75565086
75565582
75566102
75566214
75566228
75567528
75567660
75567884
75567912
75568292
75568516
75568544
75568676
75568900
75568928
75571254
75571366
75571380
75571478
75571506
75571590
75571604
75571618
75571632
75571750
75571974
75572002
75573270
75573382
75573396
75573766
75575460
75575684
75575712
75575844
75576068
75576096
75579800
75580690
75580802
75580816
75581466
75581578
75581592
75582482
75582594
75582608
75583880
75584896
75587858
75587970
75587984
75589650
75589762
75589776
75596060
75596332
75596556
75596584
75596852
75597076
75597104
75597348
75597572
75597600
75597852
75598348
75598868
75599916
75600140
75600168
75600932
75601156
75601184
75604020
75604244
75604272
75604516
75604740
75604768
75608100
75608324
75608352
75612440
75614232
75616520
75620624
75629099
75629619
75630115
75630619
75630675
75630682
75630731
75630745
75630787
75630794
75630801
75630808
75631115
75631171
75631178
75631635
75631747
75631761
75632872
75633193
75633249
75633256
75634825
75634881
75634888
75635209
75635265
75635272
75636976
75637810
75637922
75637936
75638866
75638978
75638992
75639826
75639938
75639952
75641056
75643072
75644955
75645011
75645018
75645067
75645081
75645123
75645130
75645137
75645144
75645451
75645507
75645514
75645971
75646083
75646097
75646467
75649161
75649217
75649224
75649545
75649601
75649608
75653202
75653314
75653328
75654162
75654274
75654288
75661425
75661865
75661921
75661928
75662385
75662881
75663385
75663441
75663448
75663881
75663937
75663944
75664401
75665449
75665505
75665512
75667465
75667521
75667528
75669616
75670576
75673696
75677721
75677777
75677784
75678217
75678273
75678280
75681801
75681857
75681864
75685968
75694250
75694634
75695154
75695266
75695280
75695650
75696154
75696266
75696280
75696650
75697170
75697282
75697296
75698344
75698728
75702322
75702434
75702448
75704338
75704450
75704464
75706528
75710490
75710602
75710616
75711506
75711618
75711632
75714696
75718674
75718786
75718800
75760174
75760206
75760236
75760454
75760460
75760488
75760691
75760931
75760946
75761027
75761058
75761072
75761442
75761693
75761813
75761817
75761861
75761873
75761880
75762252
75762833
75763757
75763981
75764009
75764101
75764105
75764136
75764268
75764492
75764520
75765025
75765121
75765152
75765536
75765773
75765893
75765897
75766284
75766913
75767862
75767974
75767988
75768006
75768036
75768048
75768358
75768390
75768420
75768882
75768994
75769008
75769378
75770004
75770052
75770064
75770436
75771024
75772068
75772452
75773088
75773472
75774084
75774468
75775104
75776027
75776083
75776090
75776323
75776338
75776344
75776586
75776834
75776840
75777043
75777283
75777298
75777794
75778073
75778129
75778136
75778632
75779089
75780361
75780872
75781377
75781888
75782153
75782664
75783169
75784274
75784770
75785234
75785730
75786320
75786816
75787280
75792437
75792485
75792497
75792709
75792737
75792752
75792996
75793220
75793248
75793457
75793697
75793712
75794208
75794453
75794501
75794513
75795012
75795473
75796517
75796741
75796769
75797537
75797761
75797792
75798533
75799553
75800628
75800676
75800688
75801124
75801156
75801184
75801648
75802144
75804708
75805728
75808849
75809089
75809104
75809600
75810833
75810881
75810896
75811392
75813121
75814913
75817040
75817536
75825182
75825430
75825436
75825542
75825556
75825560
75825678
75825926
75825932
75826450
75826562
75826576
75826946
75827228
75827348
75827352
75827724
75828368
75829516
75829636
75829640
75829772
75830020
75830024
75830656
75831040
75833366
75833478
75833492
75833862
75835412
75835524
75835536
75835908
75837572
75837956
75841562
75841810
75841816
75842578
75842818
75842832
75843608
75844624
75845896
75846912
75849746
75851792
75858196
75858692
75859216
75859712
75859988
75860484
75861008
75862276
75863296
75866132
75866628
75870212
75874576
75876368
75878656
75882512
75890731
75890827
75890858
75890883
75890890
75890920
75891242
75891274
75891304
75891747
75891843
75891874
75892258
75892873
75892929
75892936
75893320
75893889
75894825
75894921
75894952
75895336
75896841
75896961
75896968
75897352
75899042
75899074
75899104
75899938
75900034
75900064
75901120
75902080
75903136
75905152
75907083
75907139
75907146
75907594
75907650
75907656
75908099
75908610
75911177
75911688
75915330
75916290
75923553
75924064
75924513
75925024
75925569
75926080
75926529
75927585
75929601
75931744
75932704
75935776
75939905
75940416
75943937
75948096
75956362
75956746
75957378
75957762
75958408
75958792
75959424
75960456
75960840
75964546
75966592
75968640
75972618
75973634
75976712
75980802
76022315
76022563
76022569
76022595
76022625
76022632
76022837
76022933
76022964
76023173
76023188
76023216
76023585
76023838
76023886
76023898
76024006
76024010
76024024
76024394
76024980
76025901
76025957
76025964
76026053
76026084
76026088
76026409
76026465
76026472
76026917
76027013
76027044
76027425
76027980
76028100
76028104
76028488
76029060
76030006
76030230
76030258
76030278
76030290
76030320
76030754
76030786
76030816
76031028
76031252
76031280
76031776
76032022
76032070
76032082
76032578
76033044
76034148
76034656
76035108
76035616
76036164
76036672
76037124
76038171
76038283
76038297
76038531
76038537
76038552
76038667
76038915
76038921
76039313
76039553
76039568
76039937
76040218
76040330
76040344
76040714
76041360
76042377
76042761
76043393
76043777
76044424
76044808
76045440
76046610
76047106
76047632
76048128
76048402
76048898
76049424
76054557
76054797
76054812
76054853
76054860
76054872
76055305
76055361
76055368
76055573
76055813
76055828
76056321
76056604
76056652
76056664
76057160
76057620
76058637
76058693
76058700
76059653
76060684
76060740
76060744
76061700
76062996
76063044
76063056
76063552
76063764
76064004
76064016
76064512
76066884
76067844
76070937
76071177
76071192
76071433
76071681
76071688
76072984
76073480
76075017
76077064
76079376
76079872
76087342
76087462
76087466
76087686
76087714
76087720
76087850
76088098
76088104
76088484
76088708
76088736
76089120
76089358
76089478
76089482
76089866
76090500
76091436
76091556
76091560
76091944
76092452
76092548
76092576
76092960
76095526
76095750
76095778
76096034
76096258
76096288
76097542
76098050
76099620
76100128
76103818
76104066
76104072
76105088
76105738
76105858
76105864
76106880
76107912
76108928
76112130
76113922
76120332
76120840
76121348
76121856
76122124
76122632
76123140
76124172
76125188
76128516
76129024
76132356
76136712
76138504
76140552
76144896
76152883
76152915
76152945
76153027
76153041
76153072
76153379
76153411
76153441
76153905
76154001
76154032
76154401
76154962
76155074
76155088
76155458
76156048
76157025
76157121
76157152
76157473
76157505
76157536
76159168
76159552
76161074
76161106
76161136
76162096
76163090
76163138
76163152
76164112
76165216
76167232
76169235
76169347
76169361
76169731
76170257
76170369
76170384
76170753
76173441
76173825
76177426
76178448
76185681
76186177
76186641
76187137
76187728
76188224
76188688
76189761
76191808
76193872
76194832
76197952
76202001
76202497
76206081
76210192
76218530
76218914
76219552
76219936
76220546
76220930
76221568
76222624
76223008
76226594
76228610
76230688
76234882
76235904
76238976
76242946
76283931
76283933
76283934
76283947
76283949
76283950
76283955
76283957
76283958
76283982
76283987
76283994
76284005
76284012
76284017
76284043
76284053
76284057
76284070
76284074
76284084
76284099
76284101
76284102
76284106
76284113
76284120
76284132
76284136
76284144
76284173
76284182
76284188
76284195
76284201
76284210
76284227
76284229
76284230
76284236
76284242
76284248
76284257
76284264
76284272
76284291
76284293
76284294
76284297
76284308
76284312
76284322
76284328
76284336
76284458
76284490
76284520
76284706
76284712
76284738
76284744
76284768
76284977
76285073
76285104
76285217
76285232
76285313
76285328
76285344
76285728
76285980
76286028
76286040
76286100
76286104
76286148
76286152
76286160
76286536
76287120
76288013
76288037
76288041
76288044
76288133
76288137
76288164
76288168
76288552
76289057
76289153
76289184
76289568
76290060
76290180
76290184
76290568
76291200
76292118
76292134
76292146
76292148
76292166
76292178
76292196
76292208
76292642
76292674
76292704
76293168
76293664
76294164
76294212
76294224
76294720
76295184
76296228
76296736
76297248
76297728
76298244
76298752
76299264
76300299
76300307
76300313
76300314
76300547
76300553
76300562
76300568
76300810
76301058
76301064
76301329
76301569
76301584
76302080
76302360
76302856
76303376
76304393
76304904
76305409
76305920
76306440
76306944
76307456
76308498
76308994
76309520
76310016
76310544
76311040
76311552
76316693
76316741
76316753
76316933
76316948
76316993
76316996
76317008
76317504
76317713
76317953
76317968
76318464
76318740
76318788
76318800
76319296
76319760
76320773
76321793
76322820
76323840
76324884
76324932
76324944
76325440
76325904
76326400
76328964
76329984
76333073
76333313
76333328
76333824
76335120
76335616
76337153
76339200
76341264
76341760
76349454
76349574
76349578
76349702
76349708
76349826
76349828
76349832
76349962
76350210
76350216
76350848
76351232
76351500
76351620
76351624
76352008
76352640
76353548
76353668
76353672
76354056
76354688
76355072
76357638
76358146
76359684
76360192
76361732
76362240
76365834
76366082
76366088
76367104
76367880
76368896
76369928
76370944
76374018
76376064
76382468
76382976
76383488
76383744
76384260
76384768
76385280
76386308
76387328
76390404
76390912
76394496
76398848
76400640
76402688
76406784
76415011
76415043
76415073
76415107
76415138
76415169
76415170
76415200
76415522
76415554
76415584
76416033
76416129
76416160
76416544
76417216
76417600
76418176
76419105
76419201
76419232
76419616
76421248
76421632
76423202
76423234
76423264
76424224
76425280
76426240
76427296
76429312
76431363
76431874
76432385
76432896
76435457
76435968
76439554
76440576
76447809
76448320
76448769
76449280
76449856
76450304
76450816
76451841
76453888
76456000
76456960
76460032
76464129
76464640
76468224
76472320
76480642
76481026
76481664
76482048
76482688
76483072
76483584
76484736
76485120
76488706
76490752
76492800
76496898
76497920
76500992
76505088
77595179
77595181
77595182
77595405
77595427
77595433
77595699
77595701
77595702
77595797
77595814
77595828
77596195
77596197
77596198
77596699
77596701
77596702
77596750
77596755
77596762
77597195
77597197
77597198
77597715
77597717
77597718
77598821
77598917
77598948
77599045
77599073
77599109
77599269
77599493
77599521
77599781
77599877
77599908
77600261
77600289
77600292
77600837
77601285
77601797
77603014
77603094
77603142
77603154
77603206
77603220
77603590
77603862
77603974
77603988
77604358
77604886
77604934
77604946
77605382
77605894
77605906
77605908
77607108
77607236
77607300
77607684
77608068
77608452
77609028
77609476
77609988
77611147
77611203
77611210
77611331
77611395
77611401
77611531
77611779
77611785
77612163
77612547
77613067
77613123
77613130
77613571
77613577
77613578
77614083
77615297
77615425
77615489
77615873
77616257
77616641
77617217
77617665
77618177
77619394
77619522
77619586
77619970
77620354
77620738
77621314
77621762
77622274
77627500
77627676
77627724
77627736
77627752
77627760
77627948
77628172
77628200
77628468
77628964
77629468
77629516
77629528
77629964
77630484
77631588
77631812
77631840
77632548
77633604
77634564
77635860
77635908
77635920
77636356
77636628
77637124
77639748
77639940
77640000
77640708
77644104
77644552
77645896
77646344
77648192
77649984
77652288
77652736
77660330
77660466
77660568
77660578
77660584
77660592
77660714
77660962
77660968
77661234
77661346
77661360
77661730
77662234
77662730
77663250
77664672
77665056
77665440
77665824
77668626
77668738
77668752
77669122
77670418
77670914
77672832
77673216
77676682
77676930
77676936
77677698
77678602
77679618
77681024
77681792
77684866
77684994
77685120
77686786
77693208
77693224
77693232
77693480
77693704
77693728
77694000
77694496
77695000
77695496
77696016
77697312
77698080
77701392
77701888
77705472
77709576
77711368
77713664
77717760
77725809
77725849
77725905
77725912
77725928
77725936
77726249
77726769
77726865
77726896
77727265
77727769
77727825
77727832
77728265
77728785
77729889
77729985
77730016
77730337
77731905
77732353
77734096
77735056
77736016
77736976
77738176
77740096
77742217
77742273
77742280
77742601
77743233
77743617
77746241
77746305
77746368
77746689
77750464
77751424
77758552
77758568
77758576
77759016
77759536
77760032
77760536
77760584
77760592
77761032
77761552
77762656
77764672
77766736
77767696
77770816
77774920
77775368
77779008
77783104
77791384
77791400
77791408
77791784
77792304
77792400
77792416
77792800
77793304
77793800
77794320
77795488
77795872
77799568
77801488
77803648
77807752
77808768
77811840
77815936
77856795
77856797
77856798
77856811
77856813
77856814
77856819
77856821
77856822
77856846
77856851
77856858
77856869
77856876
77856881
77856907
77856917
77856921
77856934
77856938
77856948
77856963
77856965
77856966
77856970
77856977
77856984
77856996
77857000
77857008
77857037
77857046
77857052
77857059
77857065
77857074
77857091
77857093
77857094
77857100
77857106
77857112
77857121
77857128
77857136
77857155
77857157
77857158
77857161
77857172
77857176
77857186
77857192
77857200
77857294
77857318
77857322
77857324
77857542
77857548
77857570
77857576
77857811
77857827
77857841
77857842
77857923
77857937
77857954
77857968
77858338
77858829
77858837
77858841
77858844
77858885
77858892
77858897
77858904
77859340
77859857
77860901
77860997
77861028
77861125
77861153
77861249
77861252
77861280
77861412
77861636
77861664
77861921
77862017
77862048
77862432
77862917
77863428
77863937
77864982
77865030
77865042
77865094
77865108
77865154
77865156
77865168
77865478
77866002
77866114
77866128
77866498
77867028
77867076
77867088
77867524
77868048
77869188
77869572
77870208
77870592
77871108
77871616
77872128
77873163
77873219
77873226
77873411
77873417
77873473
77873474
77873480
77873674
77873922
77873928
77874179
77874690
77875209
77875265
77875272
77875720
77876225
77877505
77878016
77878273
77878784
77879297
77879808
77880320
77881410
77881858
77882370
77882880
77883456
77883904
77884416
77889588
77889636
77889648
77889812
77889840
77889860
77889872
77889888
77890084
77890308
77890336
77890608
77891104
77891604
77891652
77891664
77892100
77892624
77893668
77893892
77893920
77894688
77895684
77896704
77897748
77897796
77897808
77898244
77898768
77899264
77901828
77902848
77906240
77906688
77908032
77908480
77910272
77912064
77914176
77914624
77922330
77922442
77922456
77922578
77922584
77922690
77922696
77922704
77922826
77923074
77923080
77923346
77923458
77923472
77923842
77924376
77924872
77925392
77926784
77927168
77927552
77927936
77930514
77930626
77930640
77931010
77932560
77933056
77934720
77935104
77938698
77938946
77938952
77939714
77940744
77941760
77943040
77943808
77946882
77948928
77955344
77955840
77956112
77956608
77957136
77957632
77958144
77959424
77960192
77963280
77963776
77967360
77971712
77973504
77975552
77979648
77987881
77987937
77987944
77987977
77988008
77988033
77988040
77988064
77988392
77988897
77988993
77989024
77989408
77989897
77989953
77989960
77990408
77990913
77991969
77992065
77992096
77992480
77993985
77994496
77996224
77997184
77998144
77999104
78000256
78002176
78004233
78004289
78004296
78004744
78005249
78005760
78008321
78008832
78012480
78013440
78020704
78021152
78021664
78022144
78022720
78023168
78023680
78024736
78026752
78028864
78029824
78032896
78037056
78037504
78041088
78045184
78053512
78053896
78054528
78054912
78055432
78055936
78056448
78057600
78057984
78061696
78063616
78065664
78069768
78070784
78073856
78077952
79692331
79692333
79692334
79692366
79692389
79692396
79692851
79692853
79692854
79693078
79693091
79693106
79693347
79693349
79693350
79693851
79693853
79693854
79693963
79693973
79693977
79694347
79694349
79694350
79694867
79694869
79694870
79696069
79696141
79696197
79696204
79696261
79696265
79696397
79696453
79696460
79697157
79697413
79697933
79698053
79698057
79698437
79698441
79698444
79698949
79700134
79700166
79700196
79700294
79700358
79700386
79700518
79700550
79700580
79701030
79701254
79701282
79701510
79701538
79701540
79702150
79702534
79703046
79704260
79704388
79704452
79704644
79705348
79705604
79706244
79706628
79707140
79708243
79708355
79708369
79708483
79708498
79708547
79708739
79709203
79709443
79709458
79709699
79710227
79710339
79710353
79710723
79711235
79711249
79711250
79712449
79712577
79712641
79712833
79713537
79713793
79714433
79714817
79715329
79716546
79716674
79716738
79716930
79717634
79717890
79718530
79718914
79719426
79724657
79724841
79724888
79724897
79724904
79724912
79725097
79725153
79725160
79725617
79725857
79725872
79726113
79726617
79727113
79727633
79728905
79728961
79728968
79729921
79730697
79731713
79733088
79733344
79734048
79734304
79737152
79738112
79741009
79741249
79741264
79741505
79742993
79743489
79745089
79745281
79745344
79747073
79749440
79749696
79757492
79757596
79757716
79757720
79757736
79757744
79757868
79758388
79758612
79758640
79758884
79759388
79759508
79759512
79759884
79760404
79761676
79761796
79761800
79761932
79762692
79762948
79765668
79765892
79765920
79766052
79767684
79768068
79769732
79769860
79769984
79770116
79774096
79774992
79775888
79776784
79778176
79779072
79782272
79784064
79790360
79790376
79790384
79790632
79791152
79791376
79791392
79791648
79792152
79792648
79793168
79794440
79795456
79798560
79798816
79802624
79806736
79808528
79810816
79814912
79822938
79823018
79823050
79823064
79823080
79823088
79823402
79823434
79823464
79823922
79824418
79824922
79825034
79825048
79825418
79825938
79827144
79827528
79829128
79829512
79831202
79831234
79831264
79832098
79833218
79834114
79835328
79837312
79839314
79839426
79839440
79839810
79840274
79840770
79843520
79843904
79847490
79847554
79847616
79848450
79855704
79855720
79855728
79856168
79856200
79856224
79856688
79857184
79857688
79858184
79858704
79859784
79861768
79863904
79864864
79867968
79872080
79872576
79876160
79880256
79888536
79888552
79888560
79888936
79889456
79889952
79890456
79890568
79890576
79890952
79891472
79892616
79893000
79896736
79898752
79900800
79904912
79905808
79908992
79913088
80216091
80216093
80216094
80216107
80216109
80216110
80216115
80216117
80216118
80216142
80216147
80216154
80216165
80216172
80216177
80216203
80216213
80216217
80216230
80216234
80216244
80216259
80216261
80216262
80216266
80216273
80216280
80216292
80216296
80216304
80216333
80216342
80216348
80216355
80216361
80216370
80216387
80216389
80216390
80216396
80216402
80216408
80216417
80216424
80216432
80216451
80216453
80216454
80216457
80216468
80216472
80216482
80216488
80216496
80216587
80216611
80216617
80216618
80216643
80216650
80216673
80216680
80217109
80217125
80217137
80217140
80217349
80217364
80217377
80217392
80217633
80218126
80218134
80218138
80218140
80218246
80218250
80218260
80218264
80218634
80219156
80220173
80220229
80220236
80220293
80220297
80220353
80220356
80220360
80220681
80220737
80220744
80221189
80221697
80222220
80222340
80222344
80222728
80223236
80224294
80224326
80224356
80224518
80224546
80224578
80224580
80224608
80224802
80224834
80224864
80225316
80225540
80225568
80225824
80226310
80226818
80227332
80228420
80228928
80229380
80229888
80230404
80230912
80231424
80232467
80232579
80232593
80232707
80232722
80232833
80232834
80232848
80232963
80233489
80233729
80233744
80233985
80234514
80234626
80234640
80235010
80235536
80236673
80237057
80237569
80238080
80238720
80239104
80239616
80240898
80241154
80241920
80242176
80242690
80243200
80243712
80248857
80248913
80248920
80249097
80249112
80249153
80249160
80249168
80249353
80249409
80249416
80249873
80250113
80250128
80250369
80250904
80251400
80251920
80252937
80252993
80253000
80253953
80254984
80256000
80257344
80257600
80258304
80258560
80261184
80262144
80265233
80265473
80265488
80265729
80267280
80267776
80269313
80271360
80273664
80273920
80281644
80281764
80281768
80281868
80281896
80281988
80281992
80282016
80282152
80282660
80282884
80282912
80283168
80283660
80283780
80283784
80284168
80284676
80285708
80285828
80285832
80286216
80286724
80287232
80289828
80290052
80290080
80290336
80291844
80292352
80293892
80294400
80298368
80299264
80300160
80301056
80302208
80303104
80306432
80308224
80314632
80314888
80315648
80315904
80316424
80316928
80317440
80318472
80319488
80322816
80323072
80326656
80331008
80332800
80334848
80338944
80347186
80347218
80347248
80347298
80347312
80347330
80347344
80347360
80347682
80347714
80347744
80348208
80348704
80349202
80349314
80349328
80349698
80350224
80351424
80351808
80353408
80353792
80355362
80355394
80355424
80356384
80357378
80358400
80359488
80361472
80363538
80363650
80363664
80364034
80364560
80365056
80367744
80368128
80371714
80372736
80379984
80380480
80380944
80381440
80381968
80382464
80382976
80384064
80386048
80388160
80389120
80392192
80396304
80396800
80400384
80404480
80412832
80413216
80413728
80414208
80414848
80415232
80415744
80416896
80417280
80420896
80422912
80424960
80429184
80430080
80433152
80437248
83887811
83887813
83887814
83887939
83887941
83887942
83888003
83888005
83888006
83888835
83888837
83888838
83888963
83888965
83888966
83889027
83889029
83889030
83889347
83889349
83889350
83889475
83889477
83889478
83889539
83889541
83889542
83890916
83891604
83891908
83892036
83892100
83892556
83892932
83893060
83893124
83893444
83893572
83893636
83895202
83895634
83896002
83896130
83896194
83896522
83897026
83897154
83897218
83897538
83897666
83897730
83898584
83898600
83898608
83898712
83898728
83898736
83898776
83898792
83898800
83899104
83899232
83899296
83899600
83899728
83899792
83900096
83900224
83900288
83900616
83900744
83900808
83901120
83901248
83901312
83901632
83901760
83901824
83903329
83903697
83904193
83904321
83904385
83904905
83905217
83905345
83905409
83905729
83905857
83905921
83906776
83906792
83906800
83906904
83906920
83906928
83906968
83906984
83906992
83907296
83907424
83907488
83907792
83907920
83907984
83908288
83908416
83908480
83908808
83908936
83909000
83909312
83909440
83909504
83909824
83909952
83910016
83910872
83910888
83910896
83911000
83911016
83911024
83911064
83911080
83911088
83911392
83911520
83911584
83911888
83912016
83912080
83912384
83912512
83912576
83912904
83913032
83913096
83913408
83913536
83913600
83913920
83914048
83914112
83919651
83920150
83920643
83920645
83920646
83921165
83921667
83921669
83921670
83922179
83922181
83922182
83923228
83924244
83925260
83926276
83927346
83927842
83928338
83928834
83931416
83931432
83931440
83932432
83935529
83936033
83937545
83938049
83939608
83939624
83939632
83941640
83943704
83943720
83943728
83944224
83952294
83952789
83953283
83953285
83953286
83953803
83954307
83954309
83954310
83954819
83954821
83954822
83955892
83956388
83956884
83957380
83959978
83960482
83961994
83962498
83964056
83964072
83964080
83964576
83968153
83969169
83970185
83971201
83972248
83972264
83972272
83973264
83976344
83976360
83976368
83978376
83984411
83984413
83984414
83984427
83984429
83984430
83984435
83984437
83984438
83984931
83984933
83984934
83985427
83985429
83985430
83985923
83985925
83985926
83986443
83986445
83986446
83986947
83986949
83986950
83987459
83987461
83987462
83988508
83988524
83988532
83989524
83992602
83992618
83992626
83993122
83996696
83996712
83996720
84000793
84000809
84000817
84002825
84004888
84004904
84004912
84008984
84009000
84009008
84017765
84018259
84018755
84018757
84018758
84019278
84019779
84019781
84019782
84020291
84020293
84020294
84021356
84021860
84023372
84023876
84025434
84026450
84027466
84028482
84029528
84029544
84029552
84031560
84033649
84034145
84034641
84035137
84037720
84037736
84037744
84038240
84041816
84041832
84041840
84042832
84049947
84049949
84049950
84049963
84049965
84049966
84049971
84049973
84049974
84050467
84050469
84050470
84050963
84050965
84050966
84051459
84051461
84051462
84051979
84051981
84051982
84052483
84052485
84052486
84052995
84052997
84052998
84054044
84054060
84054068
84056076
84058138
84058154
84058162
84059154
84062232
84062248
84062256
84066329
84066345
84066353
84066849
84070424
84070440
84070448
84074520
84074536
84074544
84082715
84082717
84082718
84082731
84082733
84082734
84082739
84082741
84082742
84083235
84083237
84083238
84083731
84083733
84083734
84084227
84084229
84084230
84084747
84084749
84084750
84085251
84085253
84085254
84085763
84085765
84085766
84086812
84086828
84086836
84087332
84090906
84090922
84090930
84092938
84095000
84095016
84095024
84099097
84099113
84099121
84100113
84103192
84103208
84103216
84107288
84107304
84107312
84148902
84148934
84148964
84149062
84149126
84149154
84149331
84149443
84149457
84149571
84149586
84149635
84149954
84150082
84150146
84150469
84150541
84150597
84150604
84150661
84150665
84150980
84151108
84151172
84151489
84151617
84151681
84152500
84152604
84152724
84152728
84152744
84152752
84152996
84153220
84153248
84153744
84154240
84154636
84154756
84154760
84155012
84155140
84155264
84155776
84156506
84156586
84156618
84156632
84156648
84156656
84157090
84157122
84157152
84157522
84157634
84157648
84158018
84158082
84158144
84158664
84159168
84159680
84160664
84160680
84160688
84161184
84161680
84162176
84162696
84163200
84163712
84164721
84164905
84164952
84164961
84164968
84164976
84165472
84165713
84165953
84165968
84166464
84166921
84166977
84166984
84167488
84167745
84167937
84168000
84168984
84169000
84169008
84169504
84170000
84170496
84171016
84171520
84172032
84172888
84172904
84172912
84173408
84173904
84174400
84174920
84175424
84175936
84181043
84181045
84181046
84181270
84181283
84181298
84181542
84181766
84181794
84182035
84182275
84182290
84182786
84183301
84183812
84184321
84185140
84185364
84185392
84186384
84187396
84188416
84189234
84189730
84190226
84190722
84193328
84194320
84197425
84197665
84197680
84198176
84199681
84200192
84201520
84201744
84201760
84203776
84205616
84206112
84213787
84213789
84213790
84213899
84213909
84213913
84214406
84214803
84214915
84214929
84215426
84215821
84215941
84215945
84216452
84216961
84217884
84218004
84218008
84218500
84219024
84219520
84221978
84222090
84222104
84222594
84224136
84224640
84226072
84226184
84226192
84226688
84230169
84231185
84232201
84233217
84234264
84235280
84238360
84240392
84246547
84246549
84246550
84247046
84247555
84247569
84247570
84248066
84248581
84249092
84249601
84250644
84251664
84254738
84255234
84258832
84262929
84264961
84267024
84271120
84279339
84279341
84279342
84279374
84279397
84279404
84279846
84279878
84279908
84280387
84280898
84281357
84281413
84281420
84281924
84282433
84283436
84283940
84285452
84285956
84287530
84287562
84287592
84288578
84289608
84290624
84291624
84293640
84295721
84295777
84295784
84296288
84296769
84297280
84299816
84300320
84303912
84303944
84303968
84304960
84312099
84312101
84312102
84312582
84312610
84312612
84313091
84313602
84314117
84314628
84315137
84316196
84318212
84320290
84321282
84324384
84328481
84328992
84332576
84336672
84344843
84344845
84344846
84345350
84345859
84346370
84346885
84346889
84346892
84347396
84347905
84348940
84349444
84353034
84355080
84357128
84361225
84362241
84365320
84369416
84411075
84411171
84411203
84411233
84411267
84411298
84411541
84411589
84411601
84411717
84411781
84411796
84412097
84412225
84412289
84412494
84412614
84412618
84412742
84412748
84412806
84413122
84413250
84413314
84413636
84413764
84413828
84414572
84414644
84414680
84414692
84414696
84414704
84415200
84415636
84415684
84415696
84416192
84416588
84416708
84416712
84417216
84417604
84417668
84417728
84418650
84418866
84418898
84418904
84418920
84418928
84419362
84419394
84419424
84419920
84420416
84420682
84420930
84420936
84421186
84421378
84421440
84421952
84422744
84422760
84422768
84423264
84423760
84424256
84424776
84425280
84425792
84426905
84427049
84427145
84427160
84427176
84427184
84427553
84427649
84427680
84427921
84428161
84428176
84428417
84428545
84428672
84429192
84429696
84430208
84431000
84431016
84431024
84431520
84432016
84432512
84433032
84433536
84434048
84435224
84435240
84435248
84435744
84436240
84436736
84437256
84437760
84438272
84443163
84443165
84443166
84443405
84443414
84443420
84443907
84444181
84444421
84444436
84444929
84445198
84445446
84445452
84445954
84446468
84447260
84448276
84449292
84450308
84451354
84451602
84451608
84452098
84452624
84453120
84455448
84456464
84459545
84459785
84459800
84460289
84461832
84462336
84463640
84465672
84467736
84467976
84467984
84468480
84475947
84475949
84475950
84476043
84476070
84476074
84476451
84476547
84476578
84477061
84477569
84477966
84478086
84478090
84478594
84479108
84480044
84480164
84480168
84480672
84481156
84481664
84484138
84484642
84486154
84486658
84488232
84488736
84492329
84492425
84492456
84493441
84494472
84495488
84496424
84496520
84496544
84497536
84500520
84502536
84508683
84508685
84508686
84509187
84509701
84510209
84510726
84510730
84510732
84511234
84511748
84512780
84513796
84516874
84517378
84520968
84525065
84527112
84529160
84533256
84541491
84541493
84541494
84541523
84541541
84541553
84541987
84542019
84542049
84542485
84542533
84542545
84543041
84543558
84544066
84544580
84545588
84545636
84545648
84546144
84547652
84548160
84549682
84549714
84549744
84550736
84551746
84552768
84553776
84553808
84553824
84555840
84557873
84558369
84558865
84559361
84561968
84562464
84566064
84567056
84574227
84574229
84574230
84574723
84575237
84575249
84575252
84575745
84576262
84576770
84577284
84578324
84580356
84582418
84583440
84586512
84590609
84591105
84594704
84598800
84607011
84607013
84607014
84607491
84607521
84607522
84608005
84608513
84609030
84609538
84610052
84611108
84611616
84615202
84617218
84619296
84623393
84624385
84627488
84631584
84672539
84672541
84672542
84672555
84672557
84672558
84672563
84672565
84672566
84672590
84672595
84672602
84672613
84672620
84672625
84672651
84672661
84672665
84672678
84672682
84672692
84672707
84672709
84672710
84672714
84672721
84672728
84672740
84672744
84672752
84672781
84672790
84672796
84672803
84672809
84672818
84672835
84672837
84672838
84672844
84672850
84672856
84672865
84672872
84672880
84672899
84672901
84672902
84672905
84672916
84672920
84672930
84672936
84672944
84673186
84673218
84673248
84673314
84673346
84673376
84673410
84673440
84673617
84673681
84673729
84673744
84673857
84673872
84673921
84673936
84674240
84674368
84674432
84674636
84674756
84674760
84674828
84674884
84674888
84674948
84674952
84675264
84675392
84675456
84675776
84675904
84675968
84676636
84676652
84676660
84676756
84676760
84676772
84676776
84676784
84677280
84677776
84678272
84678668
84678788
84678792
84679296
84679808
84680730
84680746
84680754
84680778
84680786
84680792
84680808
84680816
84681250
84681282
84681312
84681808
84682304
84682824
84683328
84683840
84684824
84684840
84684848
84685344
84685840
84686336
84686856
84687360
84687872
84688921
84688937
84688945
84689161
84689176
84689185
84689192
84689200
84689696
84689937
84690177
84690192
84690688
84691208
84691712
84692224
84693016
84693032
84693040
84693536
84694032
84694528
84695048
84695552
84696064
84697112
84697128
84697136
84697632
84698128
84698624
84699144
84699648
84700160
84705299
84705301
84705302
84705539
84705541
84705542
84705554
84705556
84706050
84706321
84706561
84706576
84707072
84707588
84708096
84708608
84709396
84710416
84711428
84712448
84713490
84713986
84714512
84715008
84717584
84718592
84721681
84721921
84721936
84722432
84723968
84724224
84725776
84727808
84729872
84730368
84738059
84738061
84738062
84738179
84738181
84738182
84738185
84738186
84738690
84739201
84739712
84740108
84740228
84740232
84740736
84741248
84742156
84742276
84742280
84742784
84743296
84743680
84746250
84746754
84748296
84748800
84750344
84750848
84754441
84755457
84756488
84757504
84758536
84759552
84762632
84764672
84770819
84770821
84770822
84771330
84771841
84772352
84772868
84773376
84773888
84774916
84775936
84779010
84779520
84783104
84787201
84789248
84791296
84795392
84803619
84803621
84803622
84803651
84803653
84803654
84803681
84803684
84804130
84804162
84804192
84804673
84805184
84805700
84806208
84806720
84807716
84808224
84809732
84810240
84811810
84811842
84811872
84812864
84813888
84814848
84815904
84817920
84820001
84820512
84820993
84821504
84824096
84824576
84828192
84829184
84836355
84836357
84836358
84836866
84837377
84837888
84838404
84838912
84839424
84840452
84842496
84844546
84845568
84848640
84852737
84853248
84856832
84860928
84869123
84869125
84869126
84869634
84870145
84870656
84871172
84871680
84872192
84873220
84873728
84877314
84879360
84881408
84885505
84886528
84889600
84893696
84935269
84935365
84935396
84935493
84935521
84935557
84935878
84935958
84936006
84936018
84936070
84936084
84936388
84936516
84936580
84936843
84936899
84936906
84937027
84937091
84937097
84937409
84937537
84937601
84937922
84938050
84938114
84938860
84939036
84939084
84939096
84939112
84939120
84939364
84939588
84939616
84940052
84940100
84940112
84940356
84940548
84940608
84941128
84941632
84942144
84943018
84943154
84943256
84943266
84943272
84943280
84943776
84944146
84944258
84944272
84944768
84945034
84945282
84945288
84945792
84946050
84946178
84946304
84947224
84947240
84947248
84947744
84948240
84948736
84949256
84949760
84950272
84951153
84951193
84951249
84951256
84951272
84951280
84951649
84951745
84951776
84952272
84952768
84953225
84953281
84953288
84953665
84953729
84953792
84954304
84955224
84955240
84955248
84955744
84956240
84956736
84957256
84957760
84958272
84959384
84959400
84959408
84959904
84960400
84960896
84961416
84961920
84962432
84967467
84967469
84967470
84967693
84967715
84967721
84967973
84968197
84968225
84968710
84969220
84969483
84969731
84969737
84970241
84970754
84971564
84971788
84971816
84972804
84973832
84974848
84975658
84975906
84975912
84976416
84976898
84977408
84979752
84979976
84980000
84980992
84983849
84984353
84985865
84986369
84987944
84989960
84992040
84992544
85000243
85000245
85000246
85000341
85000358
85000372
85000741
85000837
85000868
85001238
85001350
85001364
85001860
85002371
85002881
85003394
85004340
85004836
85005332
85005828
85008434
85008546
85008560
85009056
85010562
85011072
85012528
85013024
85016625
85016721
85016752
85017744
85018753
85019776
85020720
85021712
85024816
85024912
85024928
85026944
85032995
85032997
85032998
85033477
85033505
85033508
85033990
85034500
85035011
85035521
85036034
85037092
85038084
85041186
85041696
85045280
85049377
85051393
85053472
85057568
85065755
85065757
85065758
85065806
85065811
85065818
85066309
85066774
85066822
85066834
85067332
85067787
85067843
85067850
85068353
85068866
85069852
85069900
85069912
85070404
85071944
85072448
85073946
85074962
85075978
85076994
85078040
85080072
85082137
85082193
85082200
85082689
85083216
85083712
85086232
85086280
85086288
85086784
85090328
85091344
85098507
85098509
85098510
85099013
85099526
85100036
85100547
85100553
85100554
85101057
85101570
85102604
85104648
85106698
85107714
85110792
85114889
85115393
85118984
85123080
85131283
85131285
85131286
85131781
85132294
85132306
85132308
85132804
85133315
85133825
85134338
85135380
85135876
85139474
85141506
85143568
85147665
85148688
85151760
85155856
85196827
85196829
85196830
85196843
85196845
85196846
85196851
85196853
85196854
85196878
85196883
85196890
85196901
85196908
85196913
85196939
85196949
85196953
85196966
85196970
85196980
85196995
85196997
85196998
85197002
85197009
85197016
85197028
85197032
85197040
85197069
85197078
85197084
85197091
85197097
85197106
85197123
85197125
85197126
85197132
85197138
85197144
85197153
85197160
85197168
85197187
85197189
85197190
85197193
85197204
85197208
85197218
85197224
85197232
85197412
85197476
85197508
85197536
85197636
85197664
85197700
85197728
85197906
85198018
85198032
85198098
85198146
85198160
85198210
85198224
85198528
85198656
85198720
85198985
85199041
85199048
85199113
85199169
85199176
85199233
85199240
85199552
85199680
85199744
85200064
85200192
85200256
85200924
85200940
85200948
85201164
85201172
85201176
85201192
85201200
85201444
85201668
85201696
85202192
85202688
85203208
85203712
85204224
85205018
85205034
85205042
85205130
85205144
85205154
85205160
85205168
85205664
85206034
85206146
85206160
85206656
85207176
85207680
85208192
85209112
85209128
85209136
85209632
85210128
85210624
85211144
85211648
85212160
85213209
85213225
85213233
85213265
85213272
85213281
85213288
85213296
85213792
85214288
85214784
85215241
85215297
85215304
85215808
85216320
85217304
85217320
85217328
85217824
85218320
85218816
85219336
85219840
85220352
85221400
85221416
85221424
85221920
85222416
85222912
85223432
85223936
85224448
85229603
85229605
85229606
85229827
85229829
85229830
85229857
85229858
85230116
85230340
85230368
85230850
85231360
85231873
85232384
85232896
85233700
85233924
85233952
85234944
85235968
85236736
85237794
85238304
85238786
85239296
85241888
85242880
85245985
85246496
85248001
85248512
85250080
85252096
85254176
85254656
85262355
85262357
85262358
85262467
85262469
85262470
85262481
85262484
85262980
85263378
85263490
85263504
85264000
85264513
85265024
85265536
85266452
85266948
85267472
85267968
85270546
85270658
85270672
85271168
85272704
85273088
85274640
85275136
85278737
85279760
85280769
85281792
85282832
85283840
85286928
85288960
85295107
85295109
85295110
85295620
85296130
85296640
85297153
85297664
85298176
85299204
85300224
85303298
85303808
85307392
85311489
85313536
85315584
85319680
85327883
85327885
85327886
85327939
85327941
85327942
85327946
85327948
85328452
85328962
85329472
85329929
85329985
85329992
85330496
85331008
85331980
85332484
85334024
85334528
85336074
85337090
85338120
85339136
85340168
85342208
85344265
85344321
85344328
85344832
85345344
85345792
85348360
85348864
85352456
85353472
85360643
85360645
85360646
85361156
85361666
85362176
85362689
85363200
85363712
85364740
85366784
85368834
85369856
85372928
85377025
85377536
85381120
85385216
85393411
85393413
85393414
85393924
85394434
85394944
85395457
85395968
85396480
85397508
85398016
85401602
85403648
85405696
85409793
85410816
85413888
85417984
85458971
85458973
85458974
85458987
85458989
85458990
85458995
85458997
85458998
85459022
85459027
85459034
85459045
85459052
85459057
85459083
85459093
85459097
85459110
85459114
85459124
85459139
85459141
85459142
85459146
85459153
85459160
85459172
85459176
85459184
85459213
85459222
85459228
85459235
85459241
85459250
85459267
85459269
85459270
85459276
85459282
85459288
85459297
85459304
85459312
85459331
85459333
85459334
85459337
85459348
85459352
85459362
85459368
85459376
85459553
85459649
85459680
85459745
85459777
85459808
85459841
85459872
85460116
85460164
85460176
85460244
85460292
85460304
85460356
85460368
85460672
85460800
85460864
85461066
85461130
85461186
85461192
85461314
85461320
85461378
85461384
85461696
85461824
85461888
85462208
85462336
85462400
85463068
85463084
85463092
85463116
85463128
85463140
85463144
85463152
85463648
85464084
85464132
85464144
85464640
85465160
85465664
85466176
85467162
85467178
85467186
85467410
85467416
85467426
85467432
85467440
85467936
85468432
85468928
85469194
85469442
85469448
85469952
85470464
85471256
85471272
85471280
85471776
85472272
85472768
85473288
85473792
85474304
85475353
85475369
85475377
85475465
85475473
85475480
85475496
85475504
85475873
85475969
85476000
85476496
85476992
85477512
85478016
85478528
85479448
85479464
85479472
85479968
85480464
85480960
85481480
85481984
85482496
85483544
85483560
85483568
85484064
85484560
85485056
85485576
85486080
85486592
85491723
85491725
85491726
85491971
85491973
85491974
85491977
85491980
85492481
85492996
85493504
85493770
85494018
85494024
85494528
85495040
85495820
85496836
85497864
85498880
85499914
85500162
85500168
85500672
85501184
85501440
85504008
85505024
85508105
85508609
85510152
85510656
85512200
85514240
85516296
85516800
85524515
85524517
85524518
85524611
85524613
85524614
85524642
85524644
85525025
85525121
85525152
85525636
85526144
85526658
85527168
85527680
85528612
85529120
85529604
85530112
85532706
85533216
85534722
85535232
85536800
85537280
85540897
85540993
85541024
85542016
85543040
85543936
85544992
85545984
85549088
85551104
85557251
85557253
85557254
85557761
85558276
85558784
85559298
85559808
85560320
85561348
85562368
85565442
85565952
85569536
85573633
85575680
85577728
85581824
85590035
85590037
85590038
85590083
85590085
85590086
85590097
85590098
85590593
85591060
85591108
85591120
85591616
85592130
85592640
85593152
85594132
85594180
85594192
85594688
85596224
85596672
85598226
85599248
85600258
85601280
85602320
85604352
85606417
85606913
85607440
85607936
85610512
85611008
85614608
85615616
85622787
85622789
85622790
85623297
85623812
85624320
85624834
85625344
85625856
85626884
85628928
85630978
85632000
85635072
85639169
85639680
85643264
85647360
85655555
85655557
85655558
85656065
85656580
85657088
85657602
85658112
85658624
85659652
85660160
85663746
85665792
85667840
85671937
85672960
85676032
85680128
85983910
85984035
85984131
85984133
85984134
85984162
85984339
85984405
85984451
85984453
85984454
85984465
85984899
85984901
85984902
85985358
85985549
85985603
85985605
85985606
85985612
85986051
85986053
85986054
85986371
85986373
85986374
85987508
85987556
85987568
85987696
85987732
85987760
85988004
85988228
85988256
85988500
85988548
85988560
85988996
85989700
85990148
85990468
85991514
85991626
85991640
85991762
85991768
85991832
85992322
85992530
85992642
85992656
85993090
85993546
85993794
85993800
85994242
85994562
85995728
85995856
85995920
85996416
85996624
85996688
85996736
85997184
85997888
85998336
85998656
85999848
85999913
85999969
85999976
86000009
86000040
86000417
86000513
86000544
86000833
86001281
86001929
86001985
86001992
86002433
86002753
86003936
86004064
86004128
86004384
86004512
86004608
86004928
86005376
86006080
86006528
86006848
86008008
86008136
86008200
86008704
86009024
86009472
86009928
86010120
86010176
86010624
86010944
86016030
86016046
86016054
86016278
86016284
86016306
86016550
86016774
86016802
86017046
86017542
86018062
86018310
86018316
86018566
86018818
86018820
86019078
86020148
86020372
86020400
86021140
86022404
86023172
86024218
86024466
86024472
86024962
86025234
86025730
86028560
86029328
86032680
86033184
86034696
86035200
86036768
86038784
86040840
86041344
86048795
86048811
86048819
86048907
86048921
86048938
86049315
86049411
86049442
86049811
86049923
86049937
86050307
86050433
86050434
86050827
86051331
86051843
86053040
86053536
86054032
86054528
86056986
86057098
86057112
86057602
86059018
86059522
86061200
86061696
86065193
86065289
86065320
86066305
86067209
86068225
86069408
86070400
86073480
86075400
86081562
86081578
86081586
86082082
86082578
86083074
86083594
86084098
86084610
86085680
86086672
86089738
86089746
86089752
86090242
86093840
86097960
86099976
86102048
86106120
86114333
86114349
86114357
86114405
86114412
86114417
86114853
86115349
86115397
86115409
86115845
86116365
86116421
86116428
86116869
86117381
86117441
86117444
86118452
86118500
86118512
86118948
86120516
86120964
86122584
86123600
86124616
86125632
86126672
86128704
86130729
86130785
86130792
86131233
86131777
86132225
86134880
86135328
86138952
86139968
86147100
86147116
86147124
86147620
86148116
86148612
86149132
86149636
86150148
86151188
86151204
86151216
86153220
86155288
86156304
86159376
86163496
86164000
86167584
86171656
86179865
86179881
86179889
86180385
86180881
86181377
86181897
86182401
86182913
86183984
86184480
86188056
86190088
86192144
86196233
86196257
86196264
86197249
86200352
86204424
87031835
87031837
87031838
87031851
87031853
87031854
87031859
87031861
87031862
87031886
87031891
87031898
87031909
87031916
87031921
87031947
87031957
87031961
87031974
87031978
87031988
87032003
87032005
87032006
87032010
87032017
87032024
87032036
87032040
87032048
87032077
87032086
87032092
87032099
87032105
87032114
87032131
87032133
87032134
87032140
87032146
87032152
87032161
87032168
87032176
87032195
87032197
87032198
87032201
87032212
87032216
87032226
87032232
87032240
87032357
87032453
87032484
87032581
87032609
87032705
87032708
87032736
87032854
87032902
87032914
87032966
87032980
87033026
87033028
87033040
87033476
87033867
87033923
87033930
87034115
87034121
87034177
87034178
87034184
87034625
87034946
87035956
87036004
87036016
87036180
87036208
87036228
87036240
87036256
87036452
87036676
87036704
87036948
87036996
87037008
87037444
87038272
87038720
87039040
87040026
87040138
87040152
87040274
87040280
87040386
87040392
87040400
87040896
87041042
87041154
87041168
87041664
87042058
87042306
87042312
87042816
87043074
87044368
87044864
87045136
87045632
87046400
87046656
87047168
87048233
87048289
87048296
87048329
87048360
87048385
87048392
87048416
87048737
87048833
87048864
87049408
87049856
87050249
87050305
87050312
87050753
87051328
87052384
87052832
87053376
87053824
87054400
87054848
87055360
87056520
87057024
87057536
87057920
87058440
87058944
87059456
87064590
87064614
87064618
87064620
87064838
87064844
87064866
87064872
87065124
87065348
87065376
87065606
87066116
87066634
87066882
87066888
87067392
87067650
87068708
87068932
87068960
87069700
87070976
87071744
87072778
87073026
87073032
87073536
87073794
87074304
87077120
87077888
87081000
87081504
87083016
87083520
87085088
87087104
87089160
87089664
87097363
87097379
87097393
87097394
87097475
87097489
87097506
87097520
87097889
87097985
87098016
87098386
87098498
87098512
87099008
87099395
87099905
87100418
87101488
87101984
87102480
87102976
87105554
87105666
87105680
87106176
87107586
87108096
87109648
87110144
87113761
87113857
87113888
87114880
87115777
87116800
87117856
87118848
87122048
87123968
87130146
87130656
87131138
87131648
87132162
87132672
87133184
87134240
87135232
87138306
87138816
87142400
87146528
87148544
87150592
87154688
87162893
87162901
87162905
87162908
87162949
87162956
87162961
87162968
87163397
87163924
87163972
87163984
87164420
87164937
87164993
87165000
87165441
87166016
87166996
87167044
87167056
87167492
87169088
87169536
87171096
87172112
87173128
87174144
87175184
87177216
87179273
87179329
87179336
87179777
87180352
87180800
87183424
87183872
87187464
87188480
87195660
87196164
87196676
87197184
87197704
87198208
87198720
87199748
87201792
87203848
87204864
87207936
87212040
87212544
87216128
87220224
87228433
87228929
87229456
87229952
87230465
87230976
87231488
87232528
87233024
87236624
87238656
87240704
87244801
87245824
87248896
87252992
88080997
88081062
88081091
88081093
88081094
88081124
88081491
88081686
88081731
88081733
88081734
88081746
88081987
88081989
88081990
88082571
88082701
88082819
88082821
88082822
88082825
88083075
88083077
88083078
88083715
88083717
88083718
88084696
88084764
88084812
88084824
88084884
88084888
88085188
88085780
88085828
88085840
88086084
88086796
88086916
88086920
88087172
88087812
88088746
88088778
88088808
88088936
88088994
88089000
88089250
88089282
88089312
88089922
88090178
88090762
88091010
88091016
88091266
88091906
88092872
88093000
88093064
88093376
88094016
88094272
88094856
88094984
88095104
88095360
88096000
88096881
88096977
88097008
88097121
88097136
88097200
88097377
88097473
88097504
88097873
88098113
88098128
88098369
88099201
88099457
88100097
88101072
88101200
88101264
88101568
88101968
88102160
88102208
88102464
88103296
88103552
88104192
88105184
88105312
88105376
88105568
88105632
88105664
88106304
88106560
88107392
88107648
88108288
88113179
88113195
88113203
88113443
88113449
88113458
88113699
88114195
88114435
88114450
88114691
88115211
88115459
88115465
88115715
88116227
88116481
88116482
88117528
88118544
88119560
88120576
88121386
88121634
88121640
88121890
88122626
88122882
88125704
88126720
88129585
88129825
88129840
88130081
88131841
88132097
88133904
88135936
88138016
88138272
88145949
88145965
88145973
88146069
88146073
88146100
88146469
88146565
88146596
88146965
88147461
88147981
88148101
88148105
88148485
88148609
88148612
88148997
88150044
88150164
88150168
88150660
88151060
88151556
88154280
88154784
88156296
88156800
88158344
88158848
88162353
88162449
88162480
88163345
88164481
88165377
88166544
88167440
88170656
88172672
88178713
88178729
88178737
88179233
88179729
88180225
88180745
88181249
88181761
88182808
88183824
88186920
88187424
88190984
88195089
88195105
88195120
88197121
88199184
88203296
88211486
88211502
88211510
88211534
88211546
88211564
88212006
88212038
88212068
88212502
88212550
88212562
88212998
88213058
88213060
88213518
88214022
88214534
88215580
88215628
88215640
88216132
88217612
88218116
88219690
88219722
88219752
88220738
88221706
88222722
88223816
88225800
88227952
88228448
88228944
88229440
88232016
88232512
88236128
88237120
88244250
88244266
88244274
88244770
88245266
88245762
88246282
88246786
88247298
88248344
88250376
88252426
88252450
88252456
88253442
88256520
88260656
88261152
88264720
88268832
88277020
88277036
88277044
88277540
88278036
88278532
88279052
88279556
88280068
88281100
88281108
88281112
88281604
88285224
88287240
88289288
88293424
88294416
88297488
88301600
88604699
88604701
88604702
88604715
88604717
88604718
88604723
88604725
88604726
88604750
88604755
88604762
88604773
88604780
88604785
88604811
88604821
88604825
88604838
88604842
88604852
88604867
88604869
88604870
88604874
88604881
88604888
88604900
88604904
88604912
88604941
88604950
88604956
88604963
88604969
88604978
88604995
88604997
88604998
88605004
88605010
88605016
88605025
88605032
88605040
88605059
88605061
88605062
88605065
88605076
88605080
88605090
88605096
88605104
88605219
88605251
88605281
88605315
88605346
88605377
88605378
88605408
88605717
88605765
88605777
88605957
88605972
88606017
88606020
88606032
88606273
88606734
88606854
88606858
88606982
88606988
88607106
88607108
88607112
88607362
88608004
88608796
88608844
88608856
88608916
88608920
88608964
88608968
88608976
88609472
88609812
88609860
88609872
88610368
88610828
88610948
88610952
88611456
88611844
88612906
88612938
88612968
88613154
88613160
88613186
88613192
88613216
88613410
88613442
88613472
88614208
88614464
88614922
88615170
88615176
88615426
88616192
88617032
88617536
88618048
88618496
88619016
88619520
88620032
88621105
88621201
88621232
88621345
88621360
88621441
88621456
88621472
88621601
88621697
88621728
88622097
88622337
88622352
88622593
88623488
88623744
88624384
88625296
88625792
88626192
88626688
88627328
88627712
88628224
88629536
88629792
88630528
88630784
88631552
88631808
88632320
88637451
88637459
88637465
88637466
88637699
88637705
88637714
88637720
88637955
88638481
88638721
88638736
88638977
88639498
88639746
88639752
88640002
88640768
88641560
88642576
88643592
88644608
88645642
88645890
88645896
88646146
88646912
88647168
88649736
88650752
88653841
88654081
88654096
88654337
88656128
88656384
88657936
88659968
88662272
88662528
88670221
88670245
88670249
88670252
88670341
88670345
88670372
88670376
88670753
88670849
88670880
88671237
88671745
88672268
88672388
88672392
88672896
88673284
88674316
88674436
88674440
88674944
88675332
88675840
88678440
88678944
88680456
88680960
88682504
88683008
88686625
88686721
88686752
88687617
88688768
88689664
88690816
88691712
88694816
88696832
88702985
88703489
88704001
88704512
88705032
88705536
88706048
88707080
88708096
88711176
88711680
88715264
88719361
88721408
88723456
88727552
88735766
88735782
88735794
88735796
88735814
88735826
88735844
88735856
88736290
88736322
88736352
88736788
88736836
88736848
88737344
88737798
88738306
88738820
88739860
88739908
88739920
88740416
88741892
88742400
88743970
88744002
88744032
88745024
88745986
88747008
88748096
88750080
88752176
88752672
88753168
88753664
88756240
88756736
88760352
88761344
88768530
88769026
88769552
88770048
88770562
88771072
88771584
88772624
88774656
88776706
88777728
88780800
88784912
88785408
88788992
88793088
88801316
88801824
88802308
88802816
88803332
88803840
88804352
88805380
88805888
88809504
88811520
88813568
88817696
88818688
88821760
88825856
90177563
90177565
90177566
90177579
90177581
90177582
90177587
90177589
90177590
90177614
90177619
90177626
90177637
90177644
90177649
90177675
90177685
90177689
90177702
90177706
90177716
90177731
90177733
90177734
90177738
90177745
90177752
90177764
90177768
90177776
90177805
90177814
90177820
90177827
90177833
90177842
90177859
90177861
90177862
90177868
90177874
90177880
90177889
90177896
90177904
90177923
90177925
90177926
90177929
90177940
90177944
90177954
90177960
90177968
90178083
90178085
90178086
90178179
90178181
90178182
90178210
90178212
90178579
90178581
90178582
90178627
90178629
90178630
90178641
90178642
90179075
90179077
90179078
90179595
90179597
90179598
90179843
90179845
90179846
90179849
90179852
90180099
90180101
90180102
90180611
90180613
90180614
90181780
90181828
90181840
90181908
90181956
90181968
90182020
90182032
90182276
90182676
90182724
90182736
90183172
90183940
90184196
90184708
90185802
90185866
90185922
90185928
90186050
90186056
90186114
90186120
90186370
90186818
90187266
90187786
90188034
90188040
90188290
90188802
90190016
90190144
90190208
90190464
90190912
90191360
90192128
90192384
90192896
90194017
90194113
90194144
90194209
90194241
90194272
90194305
90194336
90194465
90194561
90194592
90195009
90195457
90196225
90196481
90196993
90198208
90198336
90198400
90198656
90199104
90199552
90200320
90200576
90201088
90202304
90202432
90202496
90202752
90203200
90203648
90204416
90204672
90205184
90210330
90210346
90210354
90210578
90210584
90210594
90210600
90210608
90210850
90211346
90211842
90212362
90212610
90212616
90212866
90213378
90214672
90215440
90216704
90217472
90218506
90218754
90218760
90219010
90219522
90220032
90222848
90223616
90226976
90227232
90228992
90229248
90231040
90232832
90235136
90235392
90243097
90243113
90243121
90243209
90243217
90243224
90243240
90243248
90243617
90243713
90243744
90244113
90244609
90245129
90245633
90246145
90247312
90247808
90248208
90248704
90251400
90251904
90253320
90253824
90255488
90255872
90259489
90259585
90259616
90260481
90261505
90262528
90263680
90264576
90267776
90269696
90275864
90275880
90275888
90276384
90276880
90277376
90277896
90278400
90278912
90279952
90280960
90284040
90284544
90288128
90292256
90294272
90296320
90300416
90308636
90308652
90308660
90308684
90308696
90308708
90308712
90308720
90309156
90309652
90309700
90309712
90310148
90310668
90311172
90311684
90312724
90312772
90312784
90313220
90314756
90315264
90316872
90317888
90318856
90319872
90320960
90322944
90325088
90325536
90326080
90326528
90329152
90329600
90333248
90334208
90341400
90341416
90341424
90341920
90342416
90342912
90343432
90343936
90344448
90345488
90347520
90349576
90350592
90353664
90357792
90358272
90361856
90365952
90374168
90374184
90374192
90374688
90375184
90375680
90376200
90376704
90377216
90378256
90378752
90382344
90384384
90386432
90390560
90391552
90394624
90398720
92275301
92275491
92275523
92275525
92275526
92275553
92275861
92275990
92276099
92276101
92276102
92276116
92276483
92276485
92276486
92276814
92276875
92276931
92276933
92276934
92276938
92277315
92277317
92277318
92277891
92277893
92277894
92278892
92279012
92279016
92279116
92279144
92279208
92279396
92279620
92279648
92280196
92280580
92280908
92281028
92281032
92281412
92281988
92283120
92283186
92283218
92283248
92283298
92283312
92283682
92283714
92283744
92284178
92284290
92284304
92284674
92285122
92285506
92286082
92287200
92287328
92287392
92287584
92287776
92287808
92288384
92288768
92289216
92289600
92290176
92291225
92291281
92291288
92291416
92291465
92291480
92291905
92292241
92292481
92292496
92292865
92293257
92293313
92293320
92293697
92294273
92295368
92295496
92295560
92296000
92296576
92296960
92297288
92297352
92297408
92297792
92298368
92299472
92299600
92299664
92300096
92300432
92300560
92300672
92301056
92301504
92301888
92302464
92307485
92307501
92307509
92307725
92307740
92307753
92308005
92308229
92308257
92308501
92308741
92308756
92308997
92309249
92309252
92309517
92310021
92310533
92311596
92311820
92311848
92312836
92313612
92314628
92315952
92316448
92316944
92317440
92320032
92321024
92323865
92324105
92324120
92324609
92325897
92326401
92328200
92329992
92332304
92332800
92340254
92340270
92340278
92340390
92340394
92340404
92340774
92341270
92341382
92341396
92341766
92342286
92342406
92342410
92342790
92343302
92343426
92343428
92344364
92344484
92344488
92344868
92345476
92345860
92348466
92348578
92348592
92348962
92350594
92350978
92352672
92353056
92356760
92357776
92358792
92359808
92360840
92361856
92364944
92366976
92373020
92373036
92373044
92373540
92374036
92374532
92375052
92375556
92376068
92377100
92377124
92377128
92378116
92381232
92381728
92385312
92389400
92391432
92393480
92397584
92405787
92405803
92405811
92405843
92405850
92405873
92406307
92406339
92406369
92406803
92407299
92407819
92407875
92407882
92408323
92408385
92408386
92408835
92409960
92410464
92411976
92412480
92414002
92414034
92414064
92414994
92416066
92417026
92418144
92420160
92422169
92422225
92422232
92422721
92423185
92423681
92426312
92426816
92430416
92431376
92438553
92438569
92438577
92439073
92439569
92440065
92440585
92441089
92441601
92442664
92444680
92446768
92447760
92450848
92454921
92454929
92454936
92455425
92459016
92463120
92471322
92471338
92471346
92471842
92472338
92472834
92473354
92473858
92474370
92475432
92475936
92479506
92479522
92479536
92481538
92483616
92487704
92488720
92491784
92495888
92536859
92536861
92536862
92536875
92536877
92536878
92536883
92536885
92536886
92536910
92536915
92536922
92536933
92536940
92536945
92536971
92536981
92536985
92536998
92537002
92537012
92537027
92537029
92537030
92537034
92537041
92537048
92537060
92537064
92537072
92537101
92537110
92537116
92537123
92537129
92537138
92537155
92537157
92537158
92537164
92537170
92537176
92537185
92537192
92537200
92537219
92537221
92537222
92537225
92537236
92537240
92537250
92537256
92537264
92537382
92537414
92537444
92537606
92537634
92537666
92537668
92537696
92537875
92537987
92538001
92538115
92538130
92538241
92538242
92538256
92538626
92538893
92538949
92538956
92539013
92539017
92539073
92539076
92539080
92539460
92540033
92540972
92541092
92541096
92541196
92541224
92541316
92541320
92541344
92541476
92541700
92541728
92542336
92542720
92542988
92543108
92543112
92543492
92544128
92545074
92545106
92545136
92545186
92545200
92545218
92545232
92545248
92545570
92545602
92545632
92546066
92546178
92546192
92546562
92547264
92547648
92548224
92549280
92549664
92550272
92550656
92551296
92551680
92552192
92553241
92553297
92553304
92553481
92553496
92553537
92553544
92553552
92554048
92554257
92554497
92554512
92555008
92555273
92555329
92555336
92555840
92556289
92557576
92558080
92558592
92558848
92559368
92559872
92560384
92561488
92561984
92562448
92562944
92563520
92563968
92564480
92569621
92569637
92569649
92569652
92569861
92569876
92569889
92569904
92570148
92570372
92570400
92570641
92570881
92570896
92571392
92571653
92572164
92572673
92573732
92573956
92573984
92574976
92575748
92576768
92577840
92578336
92578832
92579328
92581920
92582912
92586001
92586241
92586256
92586752
92588033
92588544
92590336
92592128
92594192
92594688
92602382
92602390
92602394
92602396
92602502
92602506
92602516
92602520
92602886
92603410
92603522
92603536
92603906
92604428
92604548
92604552
92604932
92605568
92606476
92606596
92606600
92606980
92607616
92608000
92610578
92610690
92610704
92611074
92612736
92613120
92614784
92615168
92618776
92619792
92620808
92621824
92622856
92623872
92626960
92628992
92635156
92635652
92636176
92636672
92637188
92637696
92638208
92639236
92640256
92643344
92643840
92647424
92651536
92653568
92655616
92659712
92667915
92667939
92667945
92667946
92667971
92667978
92668001
92668008
92668450
92668482
92668512
92668931
92669442
92669961
92670017
92670024
92670528
92670977
92672040
92672544
92674056
92674560
92676130
92676162
92676192
92677122
92678208
92679168
92680224
92682240
92684297
92684353
92684360
92684864
92685313
92685824
92688392
92688896
92692544
92693504
92700705
92701216
92701697
92702208
92702721
92703232
92703744
92704800
92706816
92708896
92709888
92712960
92717057
92717568
92721152
92725248
92733450
92733954
92734466
92734976
92735496
92736000
92736512
92737544
92738048
92741634
92743680
92745728
92749832
92750848
92753920
92758016
94371867
94371869
94371870
94371883
94371885
94371886
94371891
94371893
94371894
94371918
94371923
94371930
94371941
94371948
94371953
94371979
94371989
94371993
94372006
94372010
94372020
94372035
94372037
94372038
94372042
94372049
94372056
94372068
94372072
94372080
94372109
94372118
94372124
94372131
94372137
94372146
94372163
94372165
94372166
94372172
94372178
94372184
94372193
94372200
94372208
94372227
94372229
94372230
94372233
94372244
94372248
94372258
94372264
94372272
94372387
94372389
94372390
94372611
94372613
94372614
94372641
94372642
94372883
94372885
94372886
94372995
94372997
94372998
94373009
94373012
94373379
94373381
94373382
94373899
94373901
94373902
94373955
94373957
94373958
94373962
94373964
94374403
94374405
94374406
94374915
94374917
94374918
94376036
94376100
94376132
94376160
94376260
94376288
94376324
94376352
94376484
94376708
94376736
94377092
94377476
94378052
94378500
94379012
94380114
94380226
94380240
94380306
94380354
94380368
94380418
94380432
94380802
94381074
94381186
94381200
94381570
94382146
94382594
94383106
94384320
94384448
94384512
94384896
94385280
94385664
94386240
94386688
94387200
94388361
94388417
94388424
94388489
94388545
94388552
94388609
94388616
94388993
94389377
94389761
94390281
94390337
94390344
94390785
94391297
94392512
94392640
94392704
94393088
94393472
94393856
94394432
94394880
94395392
94396608
94396736
94396800
94397184
94397568
94397952
94398528
94398976
94399488
94404636
94404652
94404660
94404876
94404884
94404888
94404904
94404912
94405156
94405380
94405408
94405652
94406148
94406668
94407172
94407684
94408740
94408964
94408992
94409732
94410756
94411776
94413072
94413568
94413840
94414336
94417152
94417920
94421256
94421760
94423048
94423552
94425344
94427136
94429440
94429696
94437402
94437418
94437426
94437514
94437528
94437538
94437544
94437552
94437922
94438418
94438530
94438544
94438914
94439434
94439938
94440450
94441632
94442016
94442624
94443008
94445586
94445698
94445712
94446082
94447618
94448128
94449792
94450176
94453896
94454912
94455816
94456832
94457984
94458880
94462080
94464000
94470168
94470184
94470192
94470688
94471184
94471680
94472200
94472704
94473216
94474272
94475264
94478352
94478848
94482432
94486536
94488576
94490624
94494720
94502937
94502953
94502961
94502993
94503000
94503009
94503016
94503024
94503457
94503953
94504449
94504969
94505025
94505032
94505473
94505985
94507104
94507552
94509120
94509568
94511184
94512144
94513216
94514176
94515264
94517248
94519305
94519361
94519368
94519809
94520321
94520832
94523456
94523904
94527552
94528512
94535704
94535720
94535728
94536224
94536720
94537216
94537736
94538240
94538752
94539808
94541824
94543888
94544896
94547968
94552072
94552576
94556160
94560256
94568472
94568488
94568496
94568992
94569488
94569984
94570504
94571008
94571520
94572576
94573056
94576656
94578688
94580736
94584840
94585856
94588928
94593024
96469019
96469021
96469022
96469035
96469037
96469038
96469043
96469045
96469046
96469070
96469075
96469082
96469093
96469100
96469105
96469131
96469141
96469145
96469158
96469162
96469172
96469187
96469189
96469190
96469194
96469201
96469208
96469220
96469224
96469232
96469261
96469270
96469276
96469283
96469289
96469298
96469315
96469317
96469318
96469324
96469330
96469336
96469345
96469352
96469360
96469379
96469381
96469382
96469385
96469396
96469400
96469410
96469416
96469424
96469539
96469541
96469542
96469571
96469573
96469574
96469601
96469604
96470035
96470037
96470038
96470275
96470277
96470278
96470290
96470292
96470531
96470533
96470534
96471051
96471053
96471054
96471171
96471173
96471174
96471177
96471178
96471555
96471557
96471558
96472067
96472069
96472070
96473164
96473284
96473288
96473356
96473412
96473416
96473476
96473480
96473668
96474372
96474628
96475148
96475268
96475272
96475652
96476164
96477346
96477378
96477408
96477474
96477506
96477536
96477570
96477600
96477730
96477762
96477792
96478466
96478722
96479362
96479746
96480258
96481472
96481600
96481664
96481856
96482560
96482816
96483456
96483840
96484352
96485457
96485521
96485569
96485584
96485697
96485712
96485761
96485776
96485953
96486417
96486657
96486672
96486913
96487553
96487937
96488449
96489664
96489792
96489856
96490048
96490752
96491008
96491648
96492032
96492544
96493760
96493888
96493952
96494144
96494848
96495104
96495744
96496128
96496640
96501785
96501801
96501809
96502025
96502040
96502049
96502056
96502064
96502305
96502801
96503041
96503056
96503297
96503817
96504321
96504833
96506120
96507136
96507912
96508928
96510240
96510496
96511232
96511488
96514304
96515072
96518161
96518401
96518416
96518657
96520193
96520704
96522496
96524288
96526592
96526848
96534556
96534572
96534580
96534676
96534680
96534692
96534696
96534704
96535076
96535572
96536068
96536588
96536708
96536712
96537092
96537604
96538636
96538756
96538760
96539140
96539652
96540160
96542880
96543264
96544896
96545280
96546944
96547328
96551056
96551952
96553088
96553984
96555136
96556032
96559232
96561152
96567320
96567336
96567344
96567840
96568336
96568832
96569352
96569856
96570368
96571400
96572416
96575520
96576000
96579584
96583696
96585728
96587776
96591872
96600090
96600106
96600114
96600138
96600146
96600152
96600168
96600176
96600610
96600642
96600672
96601106
96601602
96602122
96602626
96603138
96604232
96604736
96606216
96606720
96608290
96608322
96608352
96609282
96610306
96611328
96612416
96614400
96616528
96617024
96617488
96617984
96620608
96621056
96624704
96625664
96632856
96632872
96632880
96633376
96633872
96634368
96634888
96635392
96635904
96636936
96638976
96641056
96642048
96645120
96649232
96649728
96653312
96657408
96665624
96665640
96665648
96666144
96666640
96667136
96667656
96668160
96668672
96669704
96670208
96673824
96675840
96677888
96682000
96683008
96686080
96690176
100665027
100665029
100665030
100665155
100665157
100665158
100665219
100665221
100665222
100666051
100666053
100666054
100666179
100666181
100666182
100666243
100666245
100666246
100666563
100666565
100666566
100666691
100666693
100666694
100666755
100666757
100666758
100668297
100668769
100669121
100669249
100669313
100669649
100670145
100670273
100670337
100670657
100670785
100670849
100672332
100672740
100673220
100673348
100673412
100673940
100674244
100674372
100674436
100674756
100674884
100674948
100675800
100675816
100675824
100675928
100675944
100675952
100675992
100676008
100676016
100676296
100676424
100676488
100676832
100676960
100677024
100677312
100677440
100677504
100677840
100677968
100678032
100678336
100678464
100678528
100678848
100678976
100679040
100680394
100681122
100681410
100681538
100681602
100682066
100682434
100682562
100682626
100682946
100683074
100683138
100683992
100684008
100684016
100684120
100684136
100684144
100684184
100684200
100684208
100684488
100684616
100684680
100685024
100685152
100685216
100685504
100685632
100685696
100686032
100686160
100686224
100686528
100686656
100686720
100687040
100687168
100687232
100688088
100688104
100688112
100688216
100688232
100688240
100688280
100688296
100688304
100688584
100688712
100688776
100689120
100689248
100689312
100689600
100689728
100689792
100690128
100690256
100690320
100690624
100690752
100690816
100691136
100691264
100691328
100696654
100697189
100697667
100697669
100697670
100698195
100698691
100698693
100698694
100699203
100699205
100699206
100700273
100701281
100702289
100703297
100704364
100704844
100705380
100705860
100708440
100708456
100708464
100709472
100712538
100713034
100714578
100715074
100716632
100716648
100716656
100718672
100720728
100720744
100720752
100721224
100729613
100730147
100730627
100730629
100730630
100731158
100731651
100731653
100731654
100732163
100732165
100732166
100733225
100733705
100734241
100734721
100737308
100737804
100739348
100739844
100741400
100741416
100741424
100741896
100745522
100746530
100747538
100748546
100749592
100749608
100749616
100750624
100753688
100753704
100753712
100755728
100761627
100761629
100761630
100761643
100761645
100761646
100761651
100761653
100761654
100762123
100762125
100762126
100762659
100762661
100762662
100763139
100763141
100763142
100763667
100763669
100763670
100764163
100764165
100764166
100764675
100764677
100764678
100765721
100765737
100765745
100766753
100769820
100769836
100769844
100770316
100773912
100773928
100773936
100778010
100778026
100778034
100780050
100782104
100782120
100782128
100786200
100786216
100786224
100795019
100795558
100796035
100796037
100796038
100796565
100797059
100797061
100797062
100797571
100797573
100797574
100798617
100799113
100800657
100801153
100802740
100803748
100804756
100805764
100806808
100806824
100806832
100808848
100810922
100811402
100811938
100812418
100815000
100815016
100815024
100815496
100819096
100819112
100819120
100820128
100827163
100827165
100827166
100827179
100827181
100827182
100827187
100827189
100827190
100827659
100827661
100827662
100828195
100828197
100828198
100828675
100828677
100828678
100829203
100829205
100829206
100829699
100829701
100829702
100830211
100830213
100830214
100831257
100831273
100831281
100833297
100835356
100835372
100835380
100836388
100839448
100839464
100839472
100843546
100843562
100843570
100844042
100847640
100847656
100847664
100851736
100851752
100851760
100859931
100859933
100859934
100859947
100859949
100859950
100859955
100859957
100859958
100860427
100860429
100860430
100860963
100860965
100860966
100861443
100861445
100861446
100861971
100861973
100861974
100862467
100862469
100862470
100862979
100862981
100862982
100864025
100864041
100864049
100864521
100868124
100868140
100868148
100870164
100872216
100872232
100872240
100876314
100876330
100876338
100877346
100880408
100880424
100880432
100884504
100884520
100884528
100926030
100926150
100926154
100926278
100926284
100926342
100926659
100926755
100926787
100926817
100926851
100926882
100927170
100927298
100927362
100927637
100927685
100927697
100927813
100927877
100927892
100928196
100928324
100928388
100928705
100928833
100928897
100929689
100929833
100929929
100929944
100929960
100929968
100930440
100930849
100930945
100930976
100931456
100931729
100931969
100931984
100932480
100932737
100932865
100932992
100933740
100933812
100933848
100933860
100933864
100933872
100934220
100934340
100934344
100934880
100935360
100935828
100935876
100935888
100936260
100936324
100936384
100936896
100937880
100937896
100937904
100938376
100938912
100939392
100939920
100940416
100940928
100941914
100942130
100942162
100942168
100942184
100942192
100942410
100942658
100942664
100943138
100943170
100943200
100943426
100943618
100943680
100944208
100944704
100945216
100946200
100946216
100946224
100946696
100947232
100947712
100948240
100948736
100949248
100950104
100950120
100950128
100950600
100951136
100951616
100952144
100952640
100953152
100958259
100958261
100958262
100958291
100958309
100958321
100958790
100959267
100959299
100959329
100959810
100960277
100960325
100960337
100960836
100961345
100962353
100963361
100964369
100965377
100966452
100966500
100966512
100966980
100967520
100968000
100970544
100971552
100974642
100974674
100974704
100975170
100976720
100977216
100978736
100980752
100982832
100982864
100982880
100983360
100991003
100991005
100991006
100991245
100991254
100991260
100991502
100991750
100991756
100992259
100992770
100993045
100993285
100993300
100993796
100994305
100995097
100995337
100995352
100995848
100996353
100996864
100999196
100999692
101001236
101001732
101003288
101003784
101007386
101007634
101007640
101008642
101009680
101010688
101011480
101011720
101011728
101012736
101015576
101017616
101023763
101023765
101023766
101024262
101024771
101025282
101025797
101025809
101025812
101026308
101026817
101027857
101028865
101031956
101032452
101036048
101040146
101042192
101044240
101048336
101056555
101056557
101056558
101056651
101056678
101056682
101057038
101057158
101057162
101057571
101057667
101057698
101058178
101058693
101059204
101059713
101060649
101060745
101060776
101061256
101062785
101063296
101064748
101064868
101064872
101065888
101066884
101067904
101068840
101068936
101068960
101070976
101072938
101073418
101073954
101074434
101077032
101077512
101081128
101082144
101089315
101089317
101089318
101089798
101090307
101090337
101090338
101090818
101091333
101091844
101092353
101093409
101095425
101097508
101098528
101101600
101105698
101106178
101109792
101113888
101122059
101122061
101122062
101122566
101122570
101122572
101123075
101123586
101124101
101124612
101125121
101126153
101126664
101130252
101132292
101134344
101138442
101139458
101142536
101146632
101188235
101188291
101188298
101188419
101188483
101188489
101188709
101188805
101188836
101188933
101188961
101188997
101189313
101189441
101189505
101189830
101189910
101189958
101189970
101190022
101190036
101190338
101190466
101190530
101190852
101190980
101191044
101191793
101191833
101191889
101191896
101191912
101191920
101192329
101192385
101192392
101192801
101192897
101192928
101193281
101193345
101193408
101193936
101194432
101194944
101195884
101196060
101196108
101196120
101196136
101196144
101196616
101196900
101197124
101197152
101197632
101198100
101198148
101198160
101198656
101198916
101199108
101199168
101199960
101199976
101199984
101200456
101200992
101201472
101202000
101202496
101203008
101204138
101204274
101204376
101204386
101204392
101204400
101204618
101204866
101204872
101205408
101205888
101206290
101206402
101206416
101206658
101206786
101206912
101207424
101208216
101208232
101208240
101208712
101209248
101209728
101210256
101210752
101211264
101212440
101212456
101212464
101212936
101213472
101213952
101214480
101214976
101215488
101220379
101220381
101220382
101220430
101220435
101220442
101220875
101220931
101220938
101221445
101221953
101222422
101222470
101222482
101222978
101223492
101224473
101224529
101224536
101225537
101226576
101227584
101228572
101228620
101228632
101229128
101229636
101230144
101232664
101232712
101232720
101233728
101236762
101237258
101238802
101239298
101240856
101242896
101244952
101245448
101253163
101253165
101253166
101253389
101253411
101253417
101253643
101253891
101253897
101254181
101254405
101254433
101254913
101255430
101255938
101256452
101257257
101257737
101258273
101258753
101261356
101261580
101261608
101262088
101263620
101264128
101265448
101265928
101269546
101269794
101269800
101270816
101271810
101272832
101273640
101274656
101277736
101277960
101277984
101280000
101285899
101285901
101285902
101286403
101286409
101286410
101286917
101287425
101287942
101288450
101288964
101289993
101291009
101294092
101294600
101298184
101302282
101304322
101306376
101310472
101318707
101318709
101318710
101318805
101318822
101318836
101319299
101319717
101319813
101319844
101320321
101320726
101320838
101320852
101321346
101321860
101322801
101322897
101322928
101323393
101324944
101325440
101326900
101327908
101328916
101329924
101330992
101333008
101335090
101335202
101335216
101335682
101336224
101336704
101339184
101339280
101339296
101339776
101343280
101344288
101351443
101351445
101351446
101351939
101352453
101352961
101353478
101353490
101353492
101353986
101354500
101355537
101357584
101359636
101360644
101363728
101367826
101368322
101371920
101376016
101384227
101384229
101384230
101384707
101385221
101385249
101385252
101385729
101386246
101386754
101387268
101388321
101388801
101392420
101394436
101396512
101400610
101401632
101404704
101408800
101449755
101449757
101449758
101449771
101449773
101449774
101449779
101449781
101449782
101449806
101449811
101449818
101449829
101449836
101449841
101449867
101449877
101449881
101449894
101449898
101449908
101449923
101449925
101449926
101449930
101449937
101449944
101449956
101449960
101449968
101449997
101450006
101450012
101450019
101450025
101450034
101450051
101450053
101450054
101450060
101450066
101450072
101450081
101450088
101450096
101450115
101450117
101450118
101450121
101450132
101450136
101450146
101450152
101450160
101450314
101450378
101450434
101450440
101450562
101450568
101450626
101450632
101450849
101450945
101450976
101451041
101451073
101451104
101451137
101451168
101451456
101451584
101451648
101451924
101451972
101451984
101452052
101452100
101452112
101452164
101452176
101452480
101452608
101452672
101452992
101453120
101453184
101453849
101453865
101453873
101453961
101453969
101453976
101453992
101454000
101454472
101454881
101454977
101455008
101455488
101456016
101456512
101457024
101457948
101457964
101457972
101457996
101458008
101458020
101458024
101458032
101458504
101459040
101459520
101459988
101460036
101460048
101460544
101461056
101462040
101462056
101462064
101462536
101463072
101463552
101464080
101464576
101465088
101466138
101466154
101466162
101466386
101466392
101466402
101466408
101466416
101466634
101466882
101466888
101467424
101467904
101468432
101468928
101469440
101470232
101470248
101470256
101470728
101471264
101471744
101472272
101472768
101473280
101474328
101474344
101474352
101474824
101475360
101475840
101476368
101476864
101477376
101482515
101482517
101482518
101482563
101482565
101482566
101482577
101482578
101483074
101483585
101484096
101484564
101484612
101484624
101485120
101485632
101486609
101487617
101488656
101489664
101490708
101490756
101490768
101491264
101491776
101492224
101494800
101495808
101498898
101499394
101500944
101501440
101502992
101505024
101507088
101507584
101515275
101515277
101515278
101515523
101515525
101515526
101515529
101515532
101515786
101516034
101516040
101516545
101517056
101517572
101518080
101518592
101519369
101519880
101520385
101520896
101523468
101523976
101525508
101526016
101527560
101528064
101531658
101531906
101531912
101532928
101533952
101534720
101535752
101536768
101539848
101541888
101548035
101548037
101548038
101548546
101549057
101549568
101550084
101550592
101551104
101552129
101553152
101556228
101556736
101560320
101564418
101566464
101568512
101572608
101580835
101580837
101580838
101580931
101580933
101580934
101580962
101580964
101581442
101581857
101581953
101581984
101582464
101582980
101583488
101584000
101584929
101585025
101585056
101585536
101587072
101587456
101589028
101590048
101591044
101592064
101593120
101595136
101597218
101597698
101598240
101598720
101601312
101601792
101605408
101606400
101613571
101613573
101613574
101614082
101614593
101615104
101615620
101616128
101616640
101617665
101619712
101621764
101622784
101625856
101629954
101630464
101634048
101638144
101646339
101646341
101646342
101646850
101647361
101647872
101648388
101648896
101649408
101650433
101650944
101654532
101656576
101658624
101662722
101663744
101666816
101670912
101712581
101712653
101712709
101712716
101712773
101712777
101713062
101713094
101713124
101713222
101713286
101713314
101713604
101713732
101713796
101714003
101714115
101714129
101714243
101714258
101714307
101714625
101714753
101714817
101715138
101715266
101715330
101716081
101716265
101716312
101716321
101716328
101716336
101716745
101716801
101716808
101717344
101717824
101718097
101718337
101718352
101718593
101718785
101718848
101719360
101720244
101720348
101720468
101720472
101720488
101720496
101720844
101720964
101720968
101721252
101721476
101721504
101721732
101721860
101721984
101722512
101723008
101723520
101724440
101724456
101724464
101724936
101725472
101725952
101726480
101726976
101727488
101728346
101728426
101728458
101728472
101728488
101728496
101728968
101729442
101729474
101729504
101729984
101730386
101730498
101730512
101731008
101731394
101731458
101731520
101732440
101732456
101732464
101732936
101733472
101733952
101734480
101734976
101735488
101736600
101736616
101736624
101737096
101737632
101738112
101738640
101739136
101739648
101744683
101744685
101744686
101744718
101744741
101744748
101745165
101745221
101745228
101745702
101745734
101745764
101746244
101746755
101747265
101747778
101748777
101748833
101748840
101749856
101750849
101751872
101752876
101753356
101753892
101754372
101756968
101757984
101761066
101761098
101761128
101761608
101763138
101763648
101765160
101765192
101765216
101767232
101769256
101769736
101777459
101777461
101777462
101777686
101777699
101777714
101778181
101778470
101778694
101778722
101779204
101779475
101779715
101779730
101780225
101780738
101781553
101781793
101781808
101782273
101782816
101783296
101785652
101785876
101785904
101786372
101787920
101788416
101789744
101789968
101789984
101790464
101793842
101794850
101795858
101796866
101797936
101798944
101802032
101804048
101810211
101810213
101810214
101810693
101811206
101811234
101811236
101811716
101812227
101812737
101813250
101814305
101815328
101818404
101818884
101822496
101826594
101828610
101830688
101834784
101842971
101842973
101842974
101843083
101843093
101843097
101843469
101843589
101843593
101844102
101844612
101845011
101845123
101845137
101845633
101846146
101847065
101847561
101849105
101849601
101851164
101851284
101851288
101852292
101853328
101854336
101855256
101857296
101859354
101859466
101859480
101859976
101860482
101860992
101863448
101863944
101867544
101867656
101867664
101868672
101875723
101875725
101875726
101876229
101876233
101876236
101876742
101877252
101877763
101878273
101878786
101879817
101881857
101883916
101884932
101888008
101892106
101892616
101896200
101900296
101908499
101908501
101908502
101908997
101909510
101910020
101910531
101910545
101910546
101911041
101911554
101912593
101913089
101916692
101918736
101920784
101924882
101925890
101928976
101933072
101974043
101974045
101974046
101974059
101974061
101974062
101974067
101974069
101974070
101974094
101974099
101974106
101974117
101974124
101974129
101974155
101974165
101974169
101974182
101974186
101974196
101974211
101974213
101974214
101974218
101974225
101974232
101974244
101974248
101974256
101974285
101974294
101974300
101974307
101974313
101974322
101974339
101974341
101974342
101974348
101974354
101974360
101974369
101974376
101974384
101974403
101974405
101974406
101974409
101974420
101974424
101974434
101974440
101974448
101974604
101974724
101974728
101974796
101974852
101974856
101974916
101974920
101975202
101975234
101975264
101975330
101975362
101975392
101975426
101975456
101975744
101975872
101975936
101976145
101976209
101976257
101976272
101976385
101976400
101976449
101976464
101976768
101976896
101976960
101977280
101977408
101977472
101978137
101978153
101978161
101978377
101978392
101978401
101978408
101978416
101978888
101979424
101979904
101980177
101980417
101980432
101980928
101981440
101982236
101982252
101982260
101982356
101982360
101982372
101982376
101982384
101982732
101982852
101982856
101983392
101983872
101984400
101984896
101985408
101986328
101986344
101986352
101986824
101987360
101987840
101988368
101988864
101989376
101990426
101990442
101990450
101990474
101990482
101990488
101990504
101990512
101990984
101991458
101991490
101991520
101992000
101992528
101993024
101993536
101994520
101994536
101994544
101995016
101995552
101996032
101996560
101997056
101997568
101998616
101998632
101998640
101999112
101999648
102000128
102000656
102001152
102001664
102006819
102006821
102006822
102006851
102006853
102006854
102006881
102006884
102007364
102007842
102007874
102007904
102008384
102008897
102009408
102009920
102010913
102011936
102012929
102013952
102015012
102015492
102016032
102016512
102019104
102020096
102023202
102023234
102023264
102023744
102025280
102025728
102027296
102029312
102031392
102031872
102039571
102039573
102039574
102039811
102039813
102039814
102039826
102039828
102040324
102040834
102041344
102041617
102041857
102041872
102042368
102042880
102043665
102043905
102043920
102044416
102044928
102045184
102047764
102048260
102049808
102050304
102051856
102052352
102055954
102056962
102058000
102059008
102060048
102061056
102064144
102066176
102072323
102072325
102072326
102072836
102073346
102073856
102074369
102074880
102075392
102076417
102077440
102080516
102081024
102084608
102088706
102090752
102092800
102096896
102105099
102105101
102105102
102105219
102105221
102105222
102105225
102105226
102105612
102105732
102105736
102106242
102106752
102107265
102107776
102108288
102109193
102109704
102111233
102111744
102113292
102113412
102113416
102114432
102115456
102116352
102117384
102119424
102121482
102121992
102122498
102123008
102125576
102126080
102129672
102130688
102137859
102137861
102137862
102138372
102138882
102139392
102139905
102140416
102140928
102141953
102144000
102146052
102147072
102150144
102154242
102154752
102158336
102162432
102170627
102170629
102170630
102171140
102171650
102172160
102172673
102173184
102173696
102174721
102175232
102178820
102180864
102182912
102187010
102188032
102191104
102195200
102236187
102236189
102236190
102236203
102236205
102236206
102236211
102236213
102236214
102236238
102236243
102236250
102236261
102236268
102236273
102236299
102236309
102236313
102236326
102236330
102236340
102236355
102236357
102236358
102236362
102236369
102236376
102236388
102236392
102236400
102236429
102236438
102236444
102236451
102236457
102236466
102236483
102236485
102236486
102236492
102236498
102236504
102236513
102236520
102236528
102236547
102236549
102236550
102236553
102236564
102236568
102236578
102236584
102236592
102236809
102236865
102236872
102236937
102236993
102237000
102237057
102237064
102237284
102237348
102237380
102237408
102237508
102237536
102237572
102237600
102237888
102238016
102238080
102238290
102238402
102238416
102238482
102238530
102238544
102238594
102238608
102238912
102239040
102239104
102239424
102239552
102239616
102240281
102240297
102240305
102240337
102240344
102240353
102240360
102240368
102240777
102240833
102240840
102241376
102241856
102242384
102242880
102243392
102244380
102244396
102244404
102244620
102244628
102244632
102244648
102244656
102245128
102245412
102245636
102245664
102246144
102246672
102247168
102247680
102248472
102248488
102248496
102248968
102249504
102249984
102250512
102251008
102251520
102252570
102252586
102252594
102252682
102252696
102252706
102252712
102252720
102253192
102253728
102254208
102254610
102254722
102254736
102255232
102255744
102256664
102256680
102256688
102257160
102257696
102258176
102258704
102259200
102259712
102260760
102260776
102260784
102261256
102261792
102262272
102262800
102263296
102263808
102268939
102268941
102268942
102268995
102268997
102268998
102269002
102269004
102269449
102269505
102269512
102270020
102270528
102271042
102271552
102272064
102273033
102273089
102273096
102274112
102275136
102276096
102277132
102277640
102278148
102278656
102281224
102282240
102285322
102285832
102287362
102287872
102289416
102291456
102293512
102294016
102301731
102301733
102301734
102301955
102301957
102301958
102301985
102301986
102302465
102302756
102302980
102303008
102303488
102304002
102304512
102305024
102305825
102306305
102306848
102307328
102309924
102310148
102310176
102310656
102312192
102312448
102314016
102314496
102318114
102319136
102320130
102321152
102322208
102323200
102326304
102328320
102334467
102334469
102334470
102334977
102335492
102336000
102336514
102337024
102337536
102338561
102339584
102342660
102343168
102346752
102350850
102352896
102354944
102359040
102367251
102367253
102367254
102367363
102367365
102367366
102367377
102367380
102367873
102368388
102368896
102369298
102369410
102369424
102369920
102370432
102371345
102371841
102373392
102373888
102375444
102376452
102377488
102378496
102379536
102381568
102383634
102383746
102383760
102384256
102384768
102385152
102387728
102388224
102391824
102392832
102400003
102400005
102400006
102400513
102401028
102401536
102402050
102402560
102403072
102404097
102406144
102408196
102409216
102412288
102416386
102416896
102420480
102424576
102432771
102432773
102432774
102433281
102433796
102434304
102434818
102435328
102435840
102436865
102437376
102440964
102443008
102445056
102449154
102450176
102453248
102457344
102761099
102761229
102761347
102761349
102761350
102761353
102761573
102761638
102761667
102761669
102761670
102761700
102762115
102762117
102762118
102762579
102762774
102762819
102762821
102762822
102762834
102763267
102763269
102763270
102763587
102763589
102763590
102764657
102764753
102764784
102764897
102764912
102764976
102765441
102765665
102765761
102765792
102766209
102766673
102766913
102766928
102767361
102767681
102768856
102768924
102768972
102768984
102769044
102769048
102769420
102769540
102769544
102769860
102770308
102770964
102771012
102771024
102771460
102771780
102772944
102773072
102773136
102773632
102773952
102774400
102774864
102775056
102775104
102775552
102775872
102777002
102777034
102777064
102777192
102777250
102777256
102777482
102777730
102777736
102778018
102778050
102778080
102778498
102779202
102779650
102779970
102781152
102781280
102781344
102781824
102782048
102782112
102782144
102782592
102783296
102783744
102784064
102785224
102785352
102785416
102785672
102785800
102785920
102786240
102786688
102787392
102787840
102788160
102793246
102793262
102793270
102793294
102793306
102793324
102793742
102794278
102794310
102794340
102794758
102795286
102795334
102795346
102795782
102796294
102796354
102796356
102797424
102798432
102799440
102800448
102801436
102801484
102801496
102801932
102802500
102802948
102805584
102806592
102809642
102809674
102809704
102810122
102811714
102812162
102813792
102815808
102817864
102818312
102826011
102826027
102826035
102826275
102826281
102826290
102826507
102826755
102826761
102827043
102827523
102828051
102828291
102828306
102828547
102828801
102828802
102829059
102830129
102830369
102830384
102830849
102831137
102831617
102834456
102834952
102836496
102836992
102838544
102839040
102842410
102842658
102842664
102843426
102844674
102845442
102846752
102847520
102850824
102852864
102858778
102858794
102858802
102859274
102859810
102860290
102860818
102861314
102861826
102862896
102863904
102866968
102867464
102871056
102875146
102875170
102875176
102877186
102879264
102883336
102891549
102891565
102891573
102891669
102891673
102891700
102892045
102892165
102892169
102892581
102892677
102892708
102893061
102893185
102893188
102893589
102894085
102894597
102895665
102895761
102895792
102896257
102897681
102898177
102899740
102899860
102899864
102900868
102901780
102902788
102903952
102905872
102908072
102908552
102909088
102909568
102912160
102912640
102916232
102917248
102924316
102924332
102924340
102924812
102925348
102925828
102926356
102926852
102927364
102928432
102930448
102932492
102932500
102932504
102933508
102936592
102940712
102941192
102944800
102948872
102957081
102957097
102957105
102957577
102958113
102958593
102959121
102959617
102960129
102961169
102961185
102961200
102961665
102965272
102967312
102969360
102973480
102974496
102977568
102981640
103022619
103022621
103022622
103022635
103022637
103022638
103022643
103022645
103022646
103022670
103022675
103022682
103022693
103022700
103022705
103022731
103022741
103022745
103022758
103022762
103022772
103022787
103022789
103022790
103022794
103022801
103022808
103022820
103022824
103022832
103022861
103022870
103022876
103022883
103022889
103022898
103022915
103022917
103022918
103022924
103022930
103022936
103022945
103022952
103022960
103022979
103022981
103022982
103022985
103022996
103023000
103023010
103023016
103023024
103023118
103023238
103023242
103023366
103023372
103023490
103023492
103023496
103023651
103023683
103023713
103023747
103023778
103023809
103023810
103023840
103024258
103024661
103024709
103024721
103024901
103024916
103024961
103024964
103024976
103025412
103025729
103026737
103026833
103026864
103026977
103026992
103027073
103027088
103027104
103027584
103027745
103027841
103027872
103028352
103028753
103028993
103029008
103029504
103029761
103030812
103030860
103030872
103030932
103030936
103030980
103030984
103030992
103031308
103031428
103031432
103032000
103032448
103032852
103032900
103032912
103033348
103033920
103035024
103035520
103036032
103036416
103036944
103037440
103037952
103039018
103039050
103039080
103039266
103039272
103039298
103039304
103039328
103039498
103039746
103039752
103040034
103040066
103040096
103040514
103041344
103041792
103042112
103043360
103043840
103044128
103044608
103045376
103045632
103046144
103047240
103047688
103048256
103048704
103049280
103049728
103050240
103055382
103055398
103055410
103055412
103055430
103055442
103055460
103055472
103055878
103056418
103056450
103056480
103056898
103057428
103057476
103057488
103057924
103058496
103059504
103060512
103061520
103062528
103063572
103063620
103063632
103064068
103064640
103065088
103067664
103068672
103071778
103071810
103071840
103072258
103073856
103074304
103075872
103077888
103080000
103080448
103088139
103088147
103088153
103088154
103088387
103088393
103088402
103088408
103088650
103088898
103088904
103089155
103089666
103090193
103090433
103090448
103090944
103091201
103092241
103092481
103092496
103092992
103093249
103093760
103096344
103096840
103098384
103098880
103100432
103100928
103104522
103104770
103104776
103105538
103106816
103107584
103108864
103109632
103112712
103114752
103120914
103121410
103121922
103122432
103122960
103123456
103123968
103125008
103126016
103129104
103129600
103133184
103137282
103139328
103141376
103145472
103153677
103153701
103153705
103153708
103153797
103153801
103153828
103153832
103154188
103154308
103154312
103154721
103154817
103154848
103155328
103155717
103156228
103156737
103157793
103157889
103157920
103158400
103159809
103160320
103161868
103161988
103161992
103163008
103163908
103164928
103166080
103168000
103170088
103170568
103171104
103171584
103174176
103174656
103178248
103179264
103186468
103186948
103187488
103187968
103188484
103188992
103189504
103190560
103192576
103194628
103195648
103198720
103202848
103203328
103206912
103211008
103219209
103219720
103220225
103220736
103221249
103221760
103222272
103223297
103223808
103227400
103229440
103231488
103235592
103236608
103239680
103243776
104858190
104858251
104858307
104858309
104858310
104858314
104858725
104858915
104858947
104858949
104858950
104858977
104859203
104859205
104859206
104859797
104859926
104860035
104860037
104860038
104860052
104860291
104860293
104860294
104860931
104860933
104860934
104861849
104861905
104861912
104862040
104862089
104862104
104862345
104862401
104862408
104863041
104863297
104863889
104864129
104864144
104864385
104865025
104865900
104866020
104866024
104866124
104866152
104866216
104866380
104866500
104866504
104866916
104867140
104867168
104867396
104868228
104868484
104869124
104870088
104870216
104870280
104870472
104870536
104870592
104871232
104871488
104872320
104872576
104873216
104874224
104874290
104874322
104874352
104874402
104874416
104874690
104875298
104875330
104875360
104875586
104876306
104876418
104876432
104876674
104877314
104878288
104878416
104878480
104878784
104879424
104879680
104880272
104880400
104880512
104880768
104881408
104882400
104882528
104882592
104882880
104883296
104883488
104883520
104883776
104884608
104884864
104885504
104890395
104890411
104890419
104890451
104890458
104890481
104890891
104890947
104890954
104891427
104891459
104891489
104891907
104891969
104891970
104892435
104892931
104893443
104894489
104894545
104894552
104895553
104896529
104897537
104898664
104899144
104899680
104900160
104902728
104903744
104906802
104906834
104906864
104907330
104908818
104909314
104910928
104912912
104915040
104915520
104923165
104923181
104923189
104923405
104923420
104923433
104923661
104924197
104924421
104924449
104924677
104925205
104925445
104925460
104925701
104926213
104926465
104926468
104927257
104927497
104927512
104927753
104928513
104928769
104931372
104931596
104931624
104931852
104933636
104933892
104935688
104935944
104939824
104940832
104941840
104942848
104943888
104944896
104948000
104950016
104955929
104955945
104955953
104956425
104956961
104957441
104957969
104958465
104958977
104960009
104960017
104960024
104961025
104964136
104964616
104968200
104972336
104974352
104976400
104980512
104988702
104988718
104988726
104988838
104988842
104988852
104989198
104989318
104989322
104989734
104990214
104990742
104990854
104990868
104991238
104991362
104991364
104991750
104992920
104993416
104994960
104995456
104996908
104997028
104997032
104997924
104999044
104999940
105001096
105003136
105005106
105005218
105005232
105005698
105006114
105006594
105009296
105009792
105013408
105014304
105021466
105021482
105021490
105021962
105022498
105022978
105023506
105024002
105024514
105025560
105027600
105029672
105030688
105033736
105037842
105037858
105037872
105038338
105041936
105046048
105054236
105054252
105054260
105054732
105055268
105055748
105056276
105056772
105057284
105058328
105058824
105062412
105062436
105062440
105064452
105066504
105070640
105071648
105074704
105078816
105906203
105906205
105906206
105906219
105906221
105906222
105906227
105906229
105906230
105906254
105906259
105906266
105906277
105906284
105906289
105906315
105906325
105906329
105906342
105906346
105906356
105906371
105906373
105906374
105906378
105906385
105906392
105906404
105906408
105906416
105906445
105906454
105906460
105906467
105906473
105906482
105906499
105906501
105906502
105906508
105906514
105906520
105906529
105906536
105906544
105906563
105906565
105906566
105906569
105906580
105906584
105906594
105906600
105906608
105906701
105906757
105906764
105906821
105906825
105906881
105906884
105906888
105907238
105907270
105907300
105907462
105907490
105907522
105907524
105907552
105907780
105908243
105908355
105908369
105908483
105908498
105908609
105908610
105908624
105908865
105909506
105910297
105910353
105910360
105910537
105910552
105910593
105910600
105910608
105910793
105910849
105910856
105911616
105911872
105912337
105912577
105912592
105912833
105913600
105914412
105914532
105914536
105914636
105914664
105914756
105914760
105914784
105914892
105915012
105915016
105915428
105915652
105915680
105915908
105916800
105917056
105917696
105918728
105918984
105919744
105920000
105920768
105921024
105921536
105922610
105922642
105922672
105922722
105922736
105922754
105922768
105922784
105923264
105923618
105923650
105923680
105924160
105924626
105924738
105924752
105925248
105925634
105926736
105927232
105927744
105928192
105928720
105929216
105929728
105930912
105931392
105931808
105932288
105932928
105933312
105933824
105938955
105938979
105938985
105938986
105939011
105939018
105939041
105939048
105939465
105939521
105939528
105940002
105940034
105940064
105940544
105940995
105941505
105942018
105943049
105943105
105943112
105944128
105945089
105946112
105947176
105947656
105948192
105948672
105951240
105952256
105955362
105955394
105955424
105955904
105957378
105957888
105959488
105961472
105963552
105964032
105971733
105971749
105971761
105971764
105971973
105971988
105972001
105972016
105972229
105972772
105972996
105973024
105973252
105973777
105974017
105974032
105974273
105975040
105975825
105976065
105976080
105976321
105977088
105977344
105979940
105980164
105980192
105980420
105982208
105982464
105984256
105984512
105988144
105989152
105990160
105991168
105992208
105993216
105996320
105998336
106004513
106004993
106005536
106006016
106006529
106007040
106007552
106008577
106009600
106012704
106013184
106016768
106020896
106022912
106024960
106029056
106037262
106037270
106037274
106037276
106037382
106037386
106037396
106037400
106037772
106037892
106037896
106038278
106038788
106039314
106039426
106039440
106039936
106040322
106041368
106041864
106043408
106043904
106045452
106045572
106045576
106046468
106047616
106048512
106049544
106051584
106053650
106053762
106053776
106054272
106054658
106055168
106057744
106058240
106061952
106062848
106070026
106070536
106071042
106071552
106072066
106072576
106073088
106074120
106076160
106078216
106079232
106082304
106086402
106086912
106090496
106094592
106102804
106103300
106103812
106104320
106104848
106105344
106105856
106106896
106107392
106110980
106113024
106115072
106119184
106120192
106123264
106127360
106954779
106954781
106954782
106954795
106954797
106954798
106954803
106954805
106954806
106954830
106954835
106954842
106954853
106954860
106954865
106954891
106954901
106954905
106954918
106954922
106954932
106954947
106954949
106954950
106954954
106954961
106954968
106954980
106954984
106954992
106955021
106955030
106955036
106955043
106955049
106955058
106955075
106955077
106955078
106955084
106955090
106955096
106955105
106955112
106955120
106955139
106955141
106955142
106955145
106955156
106955160
106955170
106955176
106955184
106955275
106955277
106955278
106955395
106955397
106955398
106955401
106955402
106955811
106955813
106955814
106955843
106955845
106955846
106955873
106955876
106956291
106956293
106956294
106956819
106956821
106956822
106957059
106957061
106957062
106957074
106957076
106957315
106957317
106957318
106957827
106957829
106957830
106958929
106958993
106959041
106959056
106959169
106959184
106959233
106959248
106959489
106959937
106960385
106960913
106961153
106961168
106961409
106961921
106963020
106963140
106963144
106963212
106963268
106963272
106963332
106963336
106963468
106963588
106963592
106964036
106964484
106965252
106965508
106966020
106967232
106967360
106967424
106967680
106968128
106968576
106969344
106969600
106970112
106971298
106971330
106971360
106971426
106971458
106971488
106971522
106971552
106971778
106972194
106972226
106972256
106972674
106973442
106973698
106974210
106975424
106975552
106975616
106975872
106976320
106976768
106977536
106977792
106978304
106979520
106979648
106979712
106979968
106980416
106980864
106981632
106981888
106982400
106987546
106987562
106987570
106987594
106987602
106987608
106987624
106987632
106988042
106988578
106988610
106988640
106989058
106989586
106990082
106990594
106991696
106992704
106993680
106994688
106995784
106996232
106996800
106997248
106999872
107000832
107003938
107003970
107004000
107004418
107005954
107006464
107008064
107010048
107012160
107012608
107020313
107020329
107020337
107020553
107020568
107020577
107020584
107020592
107020809
107021345
107021825
107022353
107022593
107022608
107022849
107023361
107024401
107024641
107024656
107024897
107025409
107025920
107028744
107029000
107030784
107031040
107032832
107033088
107036960
107037728
107038976
107039744
107041024
107041792
107045120
107046912
107053080
107053096
107053104
107053576
107054112
107054592
107055120
107055616
107056128
107057168
107058176
107061256
107061760
107065344
107069472
107071488
107073536
107077632
107085852
107085868
107085876
107085972
107085976
107085988
107085992
107086000
107086348
107086468
107086472
107086884
107087364
107087892
107088388
107088900
107090064
107090560
107091984
107092480
107094028
107094148
107094152
107095044
107096068
107097088
107098240
107100160
107102368
107102848
107103264
107103744
107106432
107106816
107110528
107111424
107118616
107118632
107118640
107119112
107119648
107120128
107120656
107121152
107121664
107122704
107124736
107126792
107127808
107130880
107135008
107135488
107139072
107143168
107151384
107151400
107151408
107151880
107152416
107152896
107153424
107153920
107154432
107155472
107155968
107159560
107161600
107163648
107167776
107168768
107171840
107175936
109052494
109052685
109052739
109052741
109052742
109052748
109053094
109053219
109053315
109053317
109053318
109053346
109053699
109053701
109053702
109054035
109054101
109054147
109054149
109054150
109054161
109054531
109054533
109054534
109055107
109055109
109055110
109056232
109056297
109056353
109056360
109056393
109056424
109056777
109056833
109056840
109057313
109057409
109057440
109057793
109058241
109058625
109059201
109060276
109060324
109060336
109060464
109060500
109060528
109060932
109061284
109061508
109061536
109061892
109062292
109062340
109062352
109062724
109063300
109064416
109064544
109064608
109065024
109065376
109065504
109065600
109065984
109066432
109066816
109067392
109068378
109068490
109068504
109068626
109068632
109068696
109068874
109069122
109069128
109069698
109070082
109070418
109070530
109070544
109070914
109071490
109072584
109072712
109072776
109072968
109073160
109073216
109073792
109074176
109074624
109075008
109075584
109076688
109076816
109076880
109077312
109077888
109078272
109078608
109078672
109078720
109079104
109079680
109084701
109084717
109084725
109084773
109084780
109084785
109085197
109085253
109085260
109085733
109086213
109086741
109086789
109086801
109087237
109087297
109087300
109087749
109088809
109088865
109088872
109089825
109090881
109091841
109092916
109092964
109092976
109093444
109093924
109094404
109097056
109098016
109101144
109101640
109103184
109103680
109105224
109107264
109109328
109109824
109117470
109117486
109117494
109117718
109117724
109117746
109117966
109118214
109118220
109118502
109118726
109118754
109118982
109119234
109119236
109119510
109120006
109120518
109121832
109122312
109122848
109123328
109125684
109125908
109125936
109126404
109127700
109128196
109130016
109130496
109133850
109134098
109134104
109135106
109135890
109136898
109138184
109139200
109142288
109144080
109150236
109150252
109150260
109150732
109151268
109151748
109152276
109152772
109153284
109154344
109155360
109158420
109158436
109158448
109158916
109162528
109166616
109168656
109170696
109174800
109183003
109183019
109183027
109183115
109183129
109183146
109183499
109184035
109184131
109184162
109184515
109185043
109185155
109185169
109185539
109186051
109186177
109186178
109187113
109187209
109187240
109187593
109189249
109189633
109191344
109192352
109193360
109194368
109195424
109197440
109199386
109199498
109199512
109199882
109200514
109200898
109203592
109203976
109207696
109208704
109215769
109215785
109215793
109216265
109216801
109217281
109217809
109218305
109218817
109219849
109219873
109219880
109221889
109223984
109224992
109228064
109232152
109232648
109236232
109240336
109248538
109248554
109248562
109249034
109249570
109250050
109250578
109251074
109251586
109252648
109253128
109256752
109258768
109260832
109264906
109264914
109264920
109265922
109269000
109273104
109576219
109576221
109576222
109576235
109576237
109576238
109576243
109576245
109576246
109576270
109576275
109576282
109576293
109576300
109576305
109576331
109576341
109576345
109576358
109576362
109576372
109576387
109576389
109576390
109576394
109576401
109576408
109576420
109576424
109576432
109576461
109576470
109576476
109576483
109576489
109576498
109576515
109576517
109576518
109576524
109576530
109576536
109576545
109576552
109576560
109576579
109576581
109576582
109576585
109576596
109576600
109576610
109576616
109576624
109576715
109576771
109576778
109576963
109576969
109577025
109577026
109577032
109577253
109577349
109577380
109577477
109577505
109577601
109577604
109577632
109577985
109578262
109578310
109578322
109578374
109578388
109578434
109578436
109578448
109578818
109579396
109580329
109580385
109580392
109580425
109580456
109580481
109580488
109580512
109580809
109580865
109580872
109581345
109581441
109581472
109581825
109582528
109582912
109583488
109584436
109584484
109584496
109584660
109584688
109584708
109584720
109584736
109585216
109585444
109585668
109585696
109586176
109586452
109586500
109586512
109587008
109587460
109588576
109589056
109589536
109590016
109590592
109591040
109591552
109592602
109592714
109592728
109592850
109592856
109592962
109592968
109592976
109593098
109593346
109593352
109593984
109594368
109594642
109594754
109594768
109595138
109595776
109596808
109597192
109597824
109598208
109598848
109599232
109599744
109601040
109601536
109602048
109602304
109602832
109603328
109603840
109608973
109608981
109608985
109608988
109609029
109609036
109609041
109609048
109609481
109609537
109609544
109609989
109610497
109611028
109611076
109611088
109611584
109612036
109613065
109613121
109613128
109614081
109615168
109616128
109617172
109617220
109617232
109617728
109618180
109618688
109621312
109622272
109625368
109625864
109627408
109627904
109629448
109631488
109633552
109634048
109641742
109641766
109641770
109641772
109641990
109641996
109642018
109642024
109642250
109642498
109642504
109642788
109643012
109643040
109643520
109643782
109644290
109644804
109645864
109646344
109646880
109647360
109649956
109650180
109650208
109650688
109651972
109652480
109654048
109654528
109658122
109658370
109658376
109659392
109660162
109661184
109662216
109663232
109666560
109668352
109674508
109675016
109675524
109676032
109676548
109677056
109677568
109678600
109679616
109682692
109683200
109686784
109690888
109692928
109694976
109699072
109707283
109707299
109707313
109707314
109707395
109707409
109707426
109707440
109707779
109708321
109708417
109708448
109708801
109709330
109709442
109709456
109709826
109710464
109711393
109711489
109711520
109711873
109713536
109713920
109715504
109716512
109717520
109718528
109719584
109721600
109723666
109723778
109723792
109724162
109724800
109725184
109727872
109728256
109731856
109732864
109740049
109740545
109741057
109741568
109742096
109742592
109743104
109744129
109746176
109748240
109749248
109752320
109756432
109756928
109760512
109764608
109772834
109773314
109773856
109774336
109774850
109775360
109775872
109776928
109777408
109781024
109783040
109785088
109789186
109790208
109793280
109797376
111149083
111149085
111149086
111149099
111149101
111149102
111149107
111149109
111149110
111149134
111149139
111149146
111149157
111149164
111149169
111149195
111149205
111149209
111149222
111149226
111149236
111149251
111149253
111149254
111149258
111149265
111149272
111149284
111149288
111149296
111149325
111149334
111149340
111149347
111149353
111149362
111149379
111149381
111149382
111149388
111149394
111149400
111149409
111149416
111149424
111149443
111149445
111149446
111149449
111149460
111149464
111149474
111149480
111149488
111149579
111149581
111149582
111149827
111149829
111149830
111149833
111149836
111150115
111150117
111150118
111150211
111150213
111150214
111150242
111150244
111150595
111150597
111150598
111151123
111151125
111151126
111151171
111151173
111151174
111151185
111151186
111151619
111151621
111151622
111152131
111152133
111152134
111153249
111153345
111153376
111153441
111153473
111153504
111153537
111153568
111153921
111154209
111154305
111154336
111154689
111155265
111155713
111156225
111157396
111157444
111157456
111157524
111157572
111157584
111157636
111157648
111158020
111158404
111158788
111159316
111159364
111159376
111159812
111160324
111161536
111161664
111161728
111162112
111162496
111162880
111163456
111163904
111164416
111165514
111165578
111165634
111165640
111165762
111165768
111165826
111165832
111165962
111166210
111166216
111166594
111166978
111167554
111168002
111168514
111169728
111169856
111169920
111170304
111170688
111171072
111171648
111172096
111172608
111173824
111173952
111174016
111174400
111174784
111175168
111175744
111176192
111176704
111181852
111181868
111181876
111181900
111181912
111181924
111181928
111181936
111182348
111182884
111183364
111183892
111183940
111183952
111184388
111184900
111186016
111186976
111188032
111188992
111190036
111190084
111190096
111190532
111191044
111191552
111194176
111195136
111198280
111198728
111200320
111200768
111202368
111204352
111206464
111206912
111214618
111214634
111214642
111214866
111214872
111214882
111214888
111214896
111215114
111215362
111215368
111215650
111216130
111216658
111217154
111217666
111218976
111219456
111219744
111220224
111223056
111223552
111224848
111225344
111227136
111227392
111230986
111231234
111231240
111232002
111233026
111234048
111235328
111236096
111239424
111241216
111247384
111247400
111247408
111247880
111248416
111248896
111249424
111249920
111250432
111251488
111252480
111255568
111256064
111259648
111263752
111265792
111267840
111271936
111280153
111280169
111280177
111280265
111280273
111280280
111280296
111280304
111280649
111281185
111281281
111281312
111281665
111282193
111282689
111283201
111284257
111284353
111284384
111284737
111286273
111286784
111288464
111289472
111290384
111291392
111292544
111294464
111296648
111297032
111297664
111298048
111300736
111301120
111304832
111305728
111312920
111312936
111312944
111313416
111313952
111314432
111314960
111315456
111315968
111317024
111319040
111321104
111322112
111325184
111329288
111329792
111333376
111337472
111345688
111345704
111345712
111346184
111346720
111347200
111347728
111348224
111348736
111349792
111350272
111353872
111355904
111357952
111362056
111363072
111366144
111370240
113246235
113246237
113246238
113246251
113246253
113246254
113246259
113246261
113246262
113246286
113246291
113246298
113246309
113246316
113246321
113246347
113246357
113246361
113246374
113246378
113246388
113246403
113246405
113246406
113246410
113246417
113246424
113246436
113246440
113246448
113246477
113246486
113246492
113246499
113246505
113246514
113246531
113246533
113246534
113246540
113246546
113246552
113246561
113246568
113246576
113246595
113246597
113246598
113246601
113246612
113246616
113246626
113246632
113246640
113246731
113246733
113246734
113246787
113246789
113246790
113246794
113246796
113247267
113247269
113247270
113247491
113247493
113247494
113247521
113247522
113247747
113247749
113247750
113248275
113248277
113248278
113248387
113248389
113248390
113248401
113248404
113248771
113248773
113248774
113249283
113249285
113249286
113250441
113250497
113250504
113250569
113250625
113250632
113250689
113250696
113250825
113250881
113250888
113251585
113251841
113252481
113252865
113253377
113254500
113254564
113254596
113254624
113254724
113254752
113254788
113254816
113254980
113255460
113255684
113255712
113255940
113256580
113256964
113257476
113258688
113258816
113258880
113259072
113259776
113260032
113260672
113261056
113261568
113262674
113262786
113262800
113262866
113262914
113262928
113262978
113262992
113263170
113263874
113264130
113264658
113264770
113264784
113265154
113265666
113266880
113267008
113267072
113267264
113267968
113268224
113268864
113269248
113269760
113270976
113271104
113271168
113271360
113272064
113272320
113272960
113273344
113273856
113279001
113279017
113279025
113279057
113279064
113279073
113279080
113279088
113279497
113279553
113279560
113280033
113280513
113281041
113281537
113282049
113283081
113283137
113283144
113284097
113285121
113286144
113287264
113287744
113288224
113288704
113291328
113292288
113295440
113295936
113297424
113297920
113299520
113301504
113303616
113304064
113311772
113311788
113311796
113312012
113312020
113312024
113312040
113312048
113312268
113312804
113313028
113313056
113313284
113313812
113314308
113314820
113316104
113316360
113317120
113317376
113319972
113320196
113320224
113320452
113321988
113322496
113324288
113324544
113328400
113329408
113330192
113331200
113332480
113333248
113336576
113338368
113344536
113344552
113344560
113345032
113345568
113346048
113346576
113347072
113347584
113348616
113349632
113352736
113353216
113356800
113360912
113362944
113364992
113369088
113377306
113377322
113377330
113377418
113377432
113377442
113377448
113377456
113377802
113378338
113378818
113379346
113379458
113379472
113379842
113380354
113381512
113381896
113383552
113383936
113385632
113386528
113387648
113388544
113389696
113391616
113393682
113393794
113393808
113394178
113394690
113395200
113397888
113398272
113401984
113402880
113410072
113410088
113410096
113410568
113411104
113411584
113412112
113412608
113413120
113414152
113416192
113418272
113419264
113422336
113426448
113426944
113430528
113434624
113442840
113442856
113442864
113443336
113443872
113444352
113444880
113445376
113445888
113446920
113447424
113451040
113453056
113455104
113459216
113460224
113463296
113467392
