97 26 47 2664 45 45
45 41 23
45 40 24
45 39 25
45 38 26
45 37 27
45 36 28
45 35 29
45 34 30
45 33 31
45 32 32
44 42 23
44 41 24
44 40 25
44 39 26
44 38 27
44 37 28
44 36 29
44 35 30
44 34 31
44 33 32
43 43 23
43 42 24
43 41 25
43 40 26
43 39 27
43 38 28
43 37 29
43 36 30
43 35 31
43 34 32
43 33 33
45 38 25
45 37 26
45 36 27
45 35 28
45 34 29
45 33 30
45 32 31
44 40 24
44 39 25
44 38 26
44 37 27
44 36 28
44 35 29
44 34 30
44 33 31
44 32 32
43 40 25
43 39 26
43 38 27
43 37 28
43 36 29
43 35 30
43 34 31
43 33 32
45 35 27
45 34 28
45 33 29
45 32 30
44 38 25
44 37 26
44 36 27
44 35 28
44 34 29
44 33 30
44 32 31
43 35 29
45 33 28
42 35 32
42 42 25
42 36 31
42 41 26
42 40 27
42 39 28
42 38 29
42 37 30
42 34 33
43 42 23
43 41 24
42 42 24
42 40 26
42 38 28
42 37 29
42 34 32
43 38 26
43 37 27
43 36 28
43 34 30
43 33 31
43 32 32
42 41 25
42 39 27
42 35 31
42 33 33
44 41 23
42 36 30
45 39 24
45 45 7
45 43 15
44 44 15
45 42 20
44 43 22
41 41 27
41 40 28
41 39 29
41 38 30
41 37 31
41 36 32
41 35 33
41 34 34
45 40 23
44 42 22
45 31 31
44 39 24
43 39 25
42 42 23
42 38 27
42 37 28
42 34 31
42 33 32
44 34 28
45 36 26
42 35 30
42 13
14 14 14
15 14 13
15 15 12
16 14 12
16 15 11
17 16 9
17 17 8
18 12 12
18 15 9
18 16 8
18 17 7
18 18 6
20 16 6
43 6
15 14 14
15 15 13
17 17 9
18 16 9
18 17 8
18 18 7
44 3
15 15 14
18 17 9
18 18 8
45 2
15 15 15
18 18 9
17 -40000000000000 13
6 6 5 -1000000000000
7 5 5 -1000000000000
7 6 4 -1000000000000
7 7 3 -1000000000000
8 5 4 -1000000000000
8 6 3 -1000000000000
8 7 2 -1000000000000
8 8 1 -1000000000000
9 4 4 -1000000000000
9 5 3 -1000000000000
9 6 2 -1000000000000
9 7 1 -1000000000000
9 8 0 -1000000000000
16 -40000000000000 14
9 7 0 -1000000000000
9 6 1 -1000000000000
9 5 2 -1000000000000
9 4 3 -1000000000000
8 8 0 -1000000000000
8 7 1 -1000000000000
8 6 2 -1000000000000
8 5 3 -1000000000000
8 4 4 -1000000000000
7 7 2 -1000000000000
7 6 3 -1000000000000
7 5 4 -1000000000000
6 6 4 -1000000000000
6 5 5 -1000000000000
18 -39966575369191 12
6 6 6 -998955066485
7 6 5 -1000000000000
7 7 4 -1000000000000
8 5 5 -999767792552
8 6 4 -1000000000000
8 7 3 -1000000000000
8 8 2 -998143811715
9 5 4 -1000000000000
9 6 3 -1000000000000
9 7 2 -999285278635
9 8 1 -991991785646
9 9 0 -1000000000000
17 -39959627948808 13
6 6 5 -1000000000000
7 5 5 -997247360146
7 6 4 -1000000000000
7 7 3 -1000000000000
8 5 4 -998164906764
8 6 3 -1000000000000
8 7 2 -1000000000000
8 8 1 -1000000000000
9 4 4 -992505000801
9 5 3 -995049635277
9 6 2 -1000000000000
9 7 1 -1000000000000
9 8 0 -1000000000000
16 -40000000000000 14
9 7 0 -1000000000000
9 6 1 -1000000000000
9 5 2 -1000000000000
9 4 3 -1000000000000
8 8 0 -1000000000000
8 7 1 -1000000000000
8 6 2 -1000000000000
8 5 3 -1000000000000
8 4 4 -1000000000000
7 7 2 -1000000000000
7 6 3 -1000000000000
7 5 4 -1000000000000
6 6 4 -1000000000000
6 5 5 -1000000000000
18 -39950085500184 12
6 6 6 -997633764669
7 6 5 -998491427020
7 7 4 -999175763959
8 5 5 -1000000000000
8 6 4 -999860929751
8 7 3 -998937600146
8 8 2 -1000000000000
9 5 4 -997665558896
9 6 3 -999227231643
9 7 2 -997050481032
9 8 1 -998090518155
9 9 0 -1000000000000
17 -39980772884654 13
6 6 5 -999436006247
7 5 5 -999123899144
7 6 4 -1000000000000
7 7 3 -999577004685
8 5 4 -1000000000000
8 6 3 -999602338565
8 7 2 -999856613389
8 8 1 -1000000000000
9 4 4 -997880853116
9 5 3 -1000000000000
9 6 2 -1000000000000
9 7 1 -999614822356
9 8 0 -995696709432
18 -39891263134146 12
6 6 6 -996467673531
7 6 5 -1000000000000
7 7 4 -998439199017
8 5 5 -997230027401
8 6 4 -996813224057
8 7 3 -995816857645
8 8 2 -998167839840
9 5 4 -991924718187
9 6 3 -996386167991
9 7 2 -993788881534
9 8 1 -996592108670
9 9 0 -1000000000000
16 -39930581334871 14
9 7 0 -993727057696
9 6 1 -998330522702
9 5 2 -1000000000000
9 4 3 -1000000000000
8 8 0 -993803411944
8 7 1 -996127060987
8 6 2 -1000000000000
8 5 3 -1000000000000
8 4 4 -997447763323
7 7 2 -999842182152
7 6 3 -997171896866
7 5 4 -999573390225
6 6 4 -1000000000000
6 5 5 -998249315903
18 -39910038122287 12
6 6 6 -995963707450
7 6 5 -999620750794
7 7 4 -1000000000000
8 5 5 -998134685901
8 6 4 -997583146447
8 7 3 -996478523436
8 8 2 -999116587408
9 5 4 -997783545685
9 6 3 -997094919403
9 7 2 -992865569162
9 8 1 -998559474254
9 9 0 -1000000000000
18 -39998149463436 12
6 6 6 -1000000000000
7 6 5 -1000000000000
7 7 4 -1000000000000
8 5 5 -1000000000000
8 6 4 -1000000000000
8 7 3 -1000000000000
8 8 2 -1000000000000
9 5 4 -999074731718
9 6 3 -1000000000000
9 7 2 -1000000000000
9 8 1 -1000000000000
9 9 0 -1000000000000
18 -39986684744544 12
6 6 6 -999167796534
7 6 5 -1000000000000
7 7 4 -1000000000000
8 5 5 -1000000000000
8 6 4 -999919895587
8 7 3 -1000000000000
8 8 2 -1000000000000
9 5 4 -1000000000000
9 6 3 -1000000000000
9 7 2 -1000000000000
9 8 1 -1000000000000
9 9 0 -1000000000000
18 -39987349537834 12
6 6 6 -1000000000000
7 6 5 -1000000000000
7 7 4 -1000000000000
8 5 5 -1000000000000
8 6 4 -998849957985
8 7 3 -1000000000000
8 8 2 -1000000000000
9 5 4 -1000000000000
9 6 3 -997891589639
9 7 2 -1000000000000
9 8 1 -1000000000000
9 9 0 -1000000000000
18 -40000000000000 12
6 6 6 -1000000000000
7 6 5 -1000000000000
7 7 4 -1000000000000
8 5 5 -1000000000000
8 6 4 -1000000000000
8 7 3 -1000000000000
8 8 2 -1000000000000
9 5 4 -1000000000000
9 6 3 -1000000000000
9 7 2 -1000000000000
9 8 1 -1000000000000
9 9 0 -1000000000000
17 -39995104024973 13
6 6 5 -999899131640
7 5 5 -1000000000000
7 6 4 -1000000000000
7 7 3 -1000000000000
8 5 4 -1000000000000
8 6 3 -1000000000000
8 7 2 -1000000000000
8 8 1 -999293921483
9 4 4 -998459827725
9 5 3 -1000000000000
9 6 2 -1000000000000
9 7 1 -1000000000000
9 8 0 -1000000000000
17 -39966568947816 13
6 6 5 -1000000000000
7 5 5 -999814789267
7 6 4 -1000000000000
7 7 3 -1000000000000
8 5 4 -996805063368
8 6 3 -1000000000000
8 7 2 -1000000000000
8 8 1 -1000000000000
9 4 4 -984025316840
9 5 3 -987900295205
9 6 2 -999999588947
9 7 1 -1000000000000
9 8 0 -1000000000000
17 -39984440437156 13
6 6 5 -1000000000000
7 5 5 -999335411083
7 6 4 -1000000000000
7 7 3 -1000000000000
8 5 4 -1000000000000
8 6 3 -998935748601
8 7 2 -1000000000000
8 8 1 -1000000000000
9 4 4 -1000000000000
9 5 3 -1000000000000
9 6 2 -1000000000000
9 7 1 -1000000000000
9 8 0 -1000000000000
16 -40000000000000 14
9 7 0 -1000000000000
9 6 1 -1000000000000
9 5 2 -1000000000000
9 4 3 -1000000000000
8 8 0 -1000000000000
8 7 1 -1000000000000
8 6 2 -1000000000000
8 5 3 -1000000000000
8 4 4 -1000000000000
7 7 2 -1000000000000
7 6 3 -1000000000000
7 5 4 -1000000000000
6 6 4 -1000000000000
6 5 5 -1000000000000
17 -39996183448970 13
6 6 5 -1000000000000
7 5 5 -1000000000000
7 6 4 -1000000000000
7 7 3 -1000000000000
8 5 4 -1000000000000
8 6 3 -1000000000000
8 7 2 -1000000000000
8 8 1 -1000000000000
9 4 4 -998091724485
9 5 3 -1000000000000
9 6 2 -1000000000000
9 7 1 -1000000000000
9 8 0 -1000000000000
17 -39995369022988 13
6 6 5 -1000000000000
7 5 5 -1000000000000
7 6 4 -1000000000000
7 7 3 -1000000000000
8 5 4 -1000000000000
8 6 3 -1000000000000
8 7 2 -1000000000000
8 8 1 -1000000000000
9 4 4 -1000000000000
9 5 3 -997684511494
9 6 2 -1000000000000
9 7 1 -1000000000000
9 8 0 -1000000000000
17 -40000000000000 13
6 6 5 -1000000000000
7 5 5 -1000000000000
7 6 4 -1000000000000
7 7 3 -1000000000000
8 5 4 -1000000000000
8 6 3 -1000000000000
8 7 2 -1000000000000
8 8 1 -1000000000000
9 4 4 -1000000000000
9 5 3 -1000000000000
9 6 2 -1000000000000
9 7 1 -1000000000000
9 8 0 -1000000000000
17 -40000000000000 13
6 6 5 -1000000000000
7 5 5 -1000000000000
7 6 4 -1000000000000
7 7 3 -1000000000000
8 5 4 -1000000000000
8 6 3 -1000000000000
8 7 2 -1000000000000
8 8 1 -1000000000000
9 4 4 -1000000000000
9 5 3 -1000000000000
9 6 2 -1000000000000
9 7 1 -1000000000000
9 8 0 -1000000000000
16 -40000000000000 14
9 7 0 -1000000000000
9 6 1 -1000000000000
9 5 2 -1000000000000
9 4 3 -1000000000000
8 8 0 -1000000000000
8 7 1 -1000000000000
8 6 2 -1000000000000
8 5 3 -1000000000000
8 4 4 -1000000000000
7 7 2 -1000000000000
7 6 3 -1000000000000
7 5 4 -1000000000000
6 6 4 -1000000000000
6 5 5 -1000000000000
16 -40000000000000 14
9 7 0 -1000000000000
9 6 1 -1000000000000
9 5 2 -1000000000000
9 4 3 -1000000000000
8 8 0 -1000000000000
8 7 1 -1000000000000
8 6 2 -1000000000000
8 5 3 -1000000000000
8 4 4 -1000000000000
7 7 2 -1000000000000
7 6 3 -1000000000000
7 5 4 -1000000000000
6 6 4 -1000000000000
6 5 5 -1000000000000
16 -40000000000000 14
9 7 0 -1000000000000
9 6 1 -1000000000000
9 5 2 -1000000000000
9 4 3 -1000000000000
8 8 0 -1000000000000
8 7 1 -1000000000000
8 6 2 -1000000000000
8 5 3 -1000000000000
8 4 4 -1000000000000
7 7 2 -1000000000000
7 6 3 -1000000000000
7 5 4 -1000000000000
6 6 4 -1000000000000
6 5 5 -1000000000000
16 -40000000000000 14
9 7 0 -1000000000000
9 6 1 -1000000000000
9 5 2 -1000000000000
9 4 3 -1000000000000
8 8 0 -1000000000000
8 7 1 -1000000000000
8 6 2 -1000000000000
8 5 3 -1000000000000
8 4 4 -1000000000000
7 7 2 -1000000000000
7 6 3 -1000000000000
7 5 4 -1000000000000
6 6 4 -1000000000000
6 5 5 -1000000000000
16 -40000000000000 14
9 7 0 -1000000000000
9 6 1 -1000000000000
9 5 2 -1000000000000
9 4 3 -1000000000000
8 8 0 -1000000000000
8 7 1 -1000000000000
8 6 2 -1000000000000
8 5 3 -1000000000000
8 4 4 -1000000000000
7 7 2 -1000000000000
7 6 3 -1000000000000
7 5 4 -1000000000000
6 6 4 -1000000000000
6 5 5 -1000000000000
16 -40000000000000 14
9 7 0 -1000000000000
9 6 1 -1000000000000
9 5 2 -1000000000000
9 4 3 -1000000000000
8 8 0 -1000000000000
8 7 1 -1000000000000
8 6 2 -1000000000000
8 5 3 -1000000000000
8 4 4 -1000000000000
7 7 2 -1000000000000
7 6 3 -1000000000000
7 5 4 -1000000000000
6 6 4 -1000000000000
6 5 5 -1000000000000
41 -120777824860704 40
14 14 13 -995681512088
15 13 13 -1000000000000
15 14 12 -999719112165
15 15 11 -998640987105
16 13 12 -1000000000000
16 14 11 -1000000000000
16 15 10 -998663094322
16 16 9 -1000000000000
17 12 12 -999355139784
17 13 11 -1000000000000
17 14 10 -1000000000000
17 15 9 -1000000000000
17 16 8 -1000000000000
17 17 7 -997326512213
18 12 11 -1000000000000
18 13 10 -1000000000000
18 14 9 -1000000000000
18 15 8 -997634989215
18 16 7 -997835908512
18 17 6 -995031255858
18 18 5 -988481335559
19 11 11 1000000000000
19 12 10 1000000000000
19 13 9 1000000000000
19 14 8 1000000000000
19 15 7 1000000000000
19 16 6 -1000000000000
19 17 5 -999007379427
19 18 4 -1000000000000
19 19 3 -1000000000000
20 11 10 -1000000000000
20 12 9 1000000000000
20 13 8 1000000000000
20 14 7 1000000000000
20 15 6 -1000000000000
20 16 5 -1000000000000
20 17 4 -1000000000000
20 18 3 -1000000000000
20 19 2 -1000000000000
20 20 1 -1000000000000
41 -120703062052971 40
14 14 13 -994546232316
15 13 13 -998971508451
15 14 12 -998018464361
15 15 11 -996238503003
16 13 12 -1000000000000
16 14 11 -999478411155
16 15 10 -997034557256
16 16 9 -1000000000000
17 12 12 -1000000000000
17 13 11 -1000000000000
17 14 10 -1000000000000
17 15 9 -999836458727
17 16 8 -1000000000000
17 17 7 -998434012585
18 12 11 -1000000000000
18 13 10 -1000000000000
18 14 9 -1000000000000
18 15 8 -998584436891
18 16 7 -998566544767
18 17 6 -996523050499
18 18 5 -988980357221
19 11 11 1000000000000
19 12 10 1000000000000
19 13 9 1000000000000
19 14 8 1000000000000
19 15 7 1000000000000
19 16 6 -1000000000000
19 17 5 -1000000000000
19 18 4 -1000000000000
19 19 3 -1000000000000
20 11 10 -1000000000000
20 12 9 -1000000000000
20 13 8 -1000000000000
20 14 7 1000000000000
20 15 6 -1000000000000
20 16 5 -1000000000000
20 17 4 -1000000000000
20 18 3 -1000000000000
20 19 2 -1000000000000
20 20 1 -1000000000000
41 -120697913251908 40
14 14 13 -996275602103
15 13 13 -1000000000000
15 14 12 -997849518879
15 15 11 -994588849970
16 13 12 -1000000000000
16 14 11 -999065010956
16 15 10 -996092075653
16 16 9 -1000000000000
17 12 12 -998942907144
17 13 11 -1000000000000
17 14 10 -999687006442
17 15 9 -997307064359
17 16 8 -999840063650
17 17 7 -1000000000000
18 12 11 -1000000000000
18 13 10 -1000000000000
18 14 9 -994975561309
18 15 8 -994726016949
18 16 7 -997621938738
18 17 6 -994290366495
18 18 5 -993918404626
19 11 11 -1000000000000
19 12 10 -1000000000000
19 13 9 -1000000000000
19 14 8 -1000000000000
19 15 7 -1000000000000
19 16 6 -1000000000000
19 17 5 -1000000000000
19 18 4 -1000000000000
19 19 3 -1000000000000
20 11 10 -1000000000000
20 12 9 -1000000000000
20 13 8 -1000000000000
20 14 7 -1000000000000
20 15 6 -1000000000000
20 16 5 -1000000000000
20 17 4 -1000000000000
20 18 3 -1000000000000
20 19 2 -1000000000000
20 20 1 -1000000000000
41 -120842409769554 40
14 14 13 -996137482035
15 13 13 -1000000000000
15 14 12 -999918227193
15 15 11 -1000000000000
16 13 12 -999228740426
16 14 11 -1000000000000
16 15 10 -1000000000000
16 16 9 -1000000000000
17 12 12 -1000000000000
17 13 11 -1000000000000
17 14 10 -1000000000000
17 15 9 -1000000000000
17 16 8 -1000000000000
17 17 7 -1000000000000
18 12 11 -1000000000000
18 13 10 -1000000000000
18 14 9 -1000000000000
18 15 8 -1000000000000
18 16 7 -1000000000000
18 17 6 -994438107909
18 18 5 -994825421365
19 11 11 1000000000000
19 12 10 -1000000000000
19 13 9 -1000000000000
19 14 8 -1000000000000
19 15 7 -1000000000000
19 16 6 -1000000000000
19 17 5 -1000000000000
19 18 4 -1000000000000
19 19 3 -1000000000000
20 11 10 -1000000000000
20 12 9 -1000000000000
20 13 8 -1000000000000
20 14 7 -1000000000000
20 15 6 -1000000000000
20 16 5 -1000000000000
20 17 4 -1000000000000
20 18 3 -1000000000000
20 19 2 -1000000000000
20 20 1 -1000000000000
41 -120729918515424 40
14 14 13 -994190840627
15 13 13 -997935584977
15 14 12 -1000000000000
15 15 11 -1000000000000
16 13 12 -998232907859
16 14 11 -1000000000000
16 15 10 -1000000000000
16 16 9 -1000000000000
17 12 12 -1000000000000
17 13 11 -1000000000000
17 14 10 -1000000000000
17 15 9 -1000000000000
17 16 8 -999057122259
17 17 7 -996245825531
18 12 11 -1000000000000
18 13 10 -1000000000000
18 14 9 -1000000000000
18 15 8 -1000000000000
18 16 7 -1000000000000
18 17 6 -999088402515
18 18 5 -993200112093
19 11 11 -1000000000000
19 12 10 1000000000000
19 13 9 1000000000000
19 14 8 1000000000000
19 15 7 -1000000000000
19 16 6 -1000000000000
19 17 5 -999506986272
19 18 4 -1000000000000
19 19 3 -1000000000000
20 11 10 -1000000000000
20 12 9 -1000000000000
20 13 8 -1000000000000
20 14 7 -1000000000000
20 15 6 -1000000000000
20 16 5 -1000000000000
20 17 4 -1000000000000
20 18 3 -1000000000000
20 19 2 -1000000000000
20 20 1 -1000000000000
41 -120381207841683 40
14 14 13 -992027803275
15 13 13 -998946386452
15 14 12 -1000000000000
15 15 11 -1000000000000
16 13 12 -1000000000000
16 14 11 -1000000000000
16 15 10 -1000000000000
16 16 9 -1000000000000
17 12 12 -1000000000000
17 13 11 -1000000000000
17 14 10 -1000000000000
17 15 9 -1000000000000
17 16 8 -1000000000000
17 17 7 -1000000000000
18 12 11 -1000000000000
18 13 10 -1000000000000
18 14 9 -1000000000000
18 15 8 -988116238216
18 16 7 -980706479138
18 17 6 -967156977288
18 18 5 -944062426016
19 11 11 1000000000000
19 12 10 1000000000000
19 13 9 1000000000000
19 14 8 1000000000000
19 15 7 1000000000000
19 16 6 -1000000000000
19 17 5 -963067323476
19 18 4 -1000000000000
19 19 3 -1000000000000
20 11 10 -1000000000000
20 12 9 -1000000000000
20 13 8 -1000000000000
20 14 7 -1000000000000
20 15 6 -1000000000000
20 16 5 -1000000000000
20 17 4 -1000000000000
20 18 3 -1000000000000
20 19 2 -1000000000000
20 20 1 -1000000000000
18 0 12
6 6 6 -998364965533
7 6 5 -999440686891
7 7 4 -1000000000000
8 5 5 -999636659007
8 6 4 -999552280102
8 7 3 -999042688989
8 8 2 -999117717604
9 5 4 -998209120407
9 6 3 -1000000000000
9 7 2 -998132481063
9 8 1 -998221282183
9 9 0 -1000000000000
18 0 12
6 6 6 -998364965533
7 6 5 -999440686891
7 7 4 -1000000000000
8 5 5 -999636659007
8 6 4 -999552280102
8 7 3 -999042688989
8 8 2 -999117717604
9 5 4 -998209120407
9 6 3 -1000000000000
9 7 2 -998132481063
9 8 1 -998221282183
9 9 0 -1000000000000
18 0 12
6 6 6 -1000000000000
7 6 5 -1000000000000
7 7 4 -1000000000000
8 5 5 -1000000000000
8 6 4 -1000000000000
8 7 3 -1000000000000
8 8 2 -1000000000000
9 5 4 -1000000000000
9 6 3 -1000000000000
9 7 2 -1000000000000
9 8 1 -1000000000000
9 9 0 -1000000000000
106 -3591640984 79
36 35 35 -9983147
36 36 34 -9990785
37 35 34 -10000000
37 36 33 -10000000
37 37 32 -10000000
38 34 34 -10000000
38 35 33 -10000000
38 36 32 -9968579
38 37 31 -10000000
38 38 30 -9839416
39 34 33 -10000000
39 35 32 -10000000
39 36 31 -9878915
39 37 30 -9826407
39 38 29 -9720417
39 39 28 -9680528
40 33 33 -10000000
40 34 32 -9973634
40 35 31 -9783564
40 36 30 -9742135
40 37 29 -9667163
40 38 28 -9663587
40 39 27 -9613310
40 40 26 -9582415
41 33 32 -9727037
41 34 31 -9581588
41 35 30 -9546357
41 36 29 -9541747
41 37 28 -9549502
41 38 27 -9590733
41 39 26 -9574631
41 40 25 -9580702
41 41 24 -9599913
42 32 32 -9453950
42 33 31 -9347118
42 34 30 -9323995
42 35 29 -9341420
42 36 28 -9355491
42 37 27 -9393613
42 38 26 -9558163
42 39 25 -9523458
42 40 24 -9569002
42 41 23 -9642062
42 42 22 -9724727
43 32 31 -9020433
43 33 30 -9000511
43 34 29 -9078628
43 35 28 -9081546
43 36 27 -9162434
43 37 26 -9473305
43 38 25 -9520897
43 39 24 -9566410
43 40 23 -9571209
43 41 22 -9700595
43 42 21 -9839138
43 43 20 -9897087
44 31 31 -8734924
44 32 30 -8675615
44 33 29 -8709989
44 35 27 -8996391
44 36 26 -9222233
44 37 25 -9378232
44 38 24 -9465191
44 39 23 -9537124
44 40 22 -9629436
44 41 21 -9792097
44 42 20 -9890680
44 43 19 -10000000
45 31 30 -8249935
45 32 29 -8277881
45 34 27 -8582204
45 35 26 -8885840
45 36 25 -9063418
45 37 24 -9240341
45 38 23 -9376513
45 39 22 -9505071
45 40 21 -9585916
45 41 20 -9744454
45 42 19 -9948755
106 -33592598595 79
36 35 35 -92355348
36 36 34 -92508910
37 35 34 -92620488
37 36 33 -92706756
37 37 32 -92293893
38 34 34 -92736938
38 35 33 -93086625
38 36 32 -92261603
38 37 31 -92267242
38 38 30 -91544330
39 34 33 -92878474
39 35 32 -92321477
39 36 31 -91828219
39 37 30 -92334597
39 38 29 -91100769
39 39 28 -90797679
40 33 33 -90472345
40 34 32 -91091574
40 35 31 -91463768
40 36 30 -90463738
40 37 29 -90083529
40 38 28 -90428964
40 39 27 -90551996
40 40 26 -90761402
41 33 32 -89382065
41 34 31 -89132330
41 35 30 -88848744
41 36 29 -88835414
41 37 28 -89284745
41 38 27 -89741734
41 39 26 -90400977
41 40 25 -91179655
41 41 24 -92198595
42 32 32 -86856255
42 33 31 -87395204
42 34 30 -87178352
42 35 29 -87233195
42 36 28 -87499679
42 37 27 -88343584
42 38 26 -89343531
42 39 25 -90460697
42 40 24 -91666052
42 41 23 -93078970
42 42 22 -94571645
43 32 31 -84296724
43 33 30 -84468141
43 34 29 -85019866
43 35 28 -85137238
43 36 27 -86189014
43 37 26 -87139663
43 38 25 -88432727
43 39 24 -90258558
43 40 23 -92048441
43 41 22 -94072959
43 42 21 -96299112
43 43 20 -98182222
44 31 31 -81256845
44 32 30 -81726283
44 33 29 -82156858
44 35 27 -83144003
44 36 26 -84406642
44 37 25 -85871220
44 38 24 -87757378
44 39 23 -89997608
44 40 22 -92603479
44 41 21 -95399127
44 42 20 -97923823
44 43 19 -100000000
45 31 30 -77622598
45 32 29 -78056738
45 34 27 -79291034
45 35 26 -80682168
45 36 25 -82143051
45 37 24 -89058692
45 38 23 -91578462
45 39 22 -93829642
45 40 21 -95466281
45 41 20 -96583419
45 42 19 -99131095
105 -3614141188092 87
35 35 35 -9936084485
36 35 34 -9944130608
36 36 33 -9957691966
37 34 34 -9962753738
37 35 33 -9968268975
37 36 32 -9964442756
37 37 31 -9995549803
38 34 33 -10000000000
38 35 32 -10000000000
38 36 31 -9985011439
38 37 30 -9961059126
38 38 29 -9942606506
39 33 33 -9963485040
39 34 32 -10000000000
39 35 31 -9982225839
39 36 30 -9958695367
39 37 29 -9952725739
39 38 28 -9919489766
39 39 27 -9913850410
40 33 32 -9947841938
40 34 31 -9969494355
40 35 30 -9954494151
40 36 29 -9958064216
40 37 28 -9927303117
40 38 27 -9910838567
40 39 26 -9908016032
40 40 25 -9902932266
41 32 32 -9931530831
41 33 31 -9935087606
41 34 30 -9920402333
41 35 29 -9942100553
41 36 28 -9961523217
41 37 27 -9934167940
41 38 26 -9922322831
41 39 25 -9910562564
41 40 24 -9919719212
41 41 23 -9930397126
42 32 31 -9898653335
42 33 30 -9896034928
42 34 29 -9915150710
42 35 28 -9916272422
42 36 27 -9906626049
42 37 26 -9907669177
42 38 25 -9975054108
42 39 24 -9936088340
42 40 23 -9918173236
42 41 22 -9932175087
42 42 21 -9935681896
43 31 31 -9855030720
43 32 30 -9853316457
43 33 29 -9860390716
43 34 28 -9932969003
43 35 27 -10000000000
43 36 26 -10000000000
43 37 25 -9885929445
43 38 24 -10000000000
43 39 23 -10000000000
43 40 22 -9920255900
43 41 21 -9934258332
43 42 20 -9950531861
43 43 19 -9936674087
44 31 30 -9803555533
44 32 29 -9803688455
44 33 28 -9871825738
44 34 27 -9988941672
44 35 26 -10000000000
44 36 25 -9882158750
44 37 24 -10000000000
44 38 23 -9880557091
44 39 22 -10000000000
44 40 21 -9913758600
44 41 20 -10000000000
44 42 19 -9964967298
44 43 18 -9904906735
45 30 30 -9769989867
45 31 29 -9831549748
45 32 28 -9771257484
45 33 27 -9925959374
45 34 26 -9801307749
45 35 25 -10000000000
45 36 24 -10000000000
45 37 23 -10000000000
45 38 22 -9849082803
45 39 21 -10000000000
45 40 20 -9936220915
45 41 19 -9950364012
45 42 18 -9948541441
106 -383098965937752 79
36 35 35 -1053788184020
36 36 34 -1054538930620
37 35 34 -1055550358476
37 36 33 -1056118896790
37 37 32 -1057226357640
38 34 34 -1058584642044
38 35 33 -1058794221050
38 36 32 -1058169190776
38 37 31 -1058069148663
38 38 30 -1055318688756
39 34 33 -1058758491360
39 35 32 -1059431226848
39 36 31 -1057495132702
39 37 30 -1055534806663
39 38 29 -1053630435030
39 39 28 -1051308013228
40 33 33 -1055096969508
40 34 32 -1057250445252
40 35 31 -1056810654666
40 36 30 -1055451530596
40 37 29 -1054449195945
40 38 28 -1051520588962
40 39 27 -1050593153377
40 40 26 -1050117521476
41 33 32 -1053524840273
41 34 31 -1054074719482
41 35 30 -1053611358436
41 36 29 -1055080426057
41 37 28 -1053752489146
41 38 27 -1051745479404
41 39 26 -1050873874385
41 40 25 -1050435705766
41 41 24 -1051746506408
42 32 32 -1050638108342
42 33 31 -1050706322275
42 34 30 -1050576606838
42 35 29 -1052170398314
42 36 28 -1052755311678
42 37 27 -1051287285072
42 38 26 -1052580394436
42 39 25 -1053672946400
42 40 24 -1052107898168
42 41 23 -1052161808969
42 42 22 -1052887709020
43 32 31 -1046455886612
43 33 30 -1046500666465
43 34 29 -1049660865961
43 35 28 -1054053629251
43 36 27 -1055984920107
43 37 26 -1053063940181
43 38 25 -1054592645554
43 39 24 -1057251798620
43 40 23 -1054647334848
43 41 22 -1052367703945
43 42 21 -1053434340553
43 43 20 -1054479221786
44 31 31 -1041441794726
44 32 30 -1041370354814
44 33 29 -1043661856921
44 35 27 -1059612958520
44 36 26 -1056936127500
44 37 25 -1050620769330
44 38 24 -1057133370184
44 39 23 -1055341726549
44 40 22 -1054593948800
44 41 21 -1053571469208
44 42 20 -1057122747844
44 43 19 -1053900481607
45 31 30 -1038976177302
45 32 29 -1039142039447
45 34 27 -1051620303179
45 35 26 -1053045771215
45 36 25 -1054697143750
45 37 24 -1060000000000
45 38 23 -1051153973564
45 39 22 -1054114229317
45 40 21 -1054779776215
45 41 20 -1056392337755
45 42 19 -1055361104293
106 9050179505963232 79
36 35 35 25000000000000
36 36 34 24992042484104
37 35 34 24982931635749
37 36 33 24968169936415
37 37 32 24938646537747
38 34 34 24955599090685
38 35 33 24948794907248
38 36 32 24932411761875
38 37 31 24907774917142
38 38 30 24873918741291
39 34 33 24921062879624
39 35 32 24904243796985
39 36 31 24896788304305
39 37 30 24867635432438
39 38 29 24825274677812
39 39 28 24778506843216
40 33 33 24867273769995
40 34 32 24876199291261
40 35 31 24873407830802
40 36 30 24849712346885
40 37 29 24809792371083
40 38 28 24768582242308
40 39 27 24716901724436
40 40 26 24653969424840
41 33 32 24836407035075
41 34 31 24837296785475
41 35 30 24818220090039
41 36 29 24782345067175
41 37 28 24737751243116
41 38 27 24694546011692
41 39 26 24642079220283
41 40 25 24578425011787
41 41 24 24503402873149
42 32 32 24783410392239
42 33 31 24788455168325
42 34 30 24773059683747
42 35 29 24742693400725
42 36 28 24698102698651
42 37 27 24651367236155
42 38 26 24609600419042
42 39 25 24552749626632
42 40 24 24490052129639
42 41 23 24414120045023
42 42 22 24328796072176
43 32 31 24726882979352
43 33 30 24716819257056
43 34 29 24690421041281
43 35 28 24644952396506
43 36 27 24612125181963
43 37 26 24568730668700
43 38 25 24534880061280
43 39 24 24455164937422
43 40 23 24385670916164
43 41 22 24314037535018
43 42 21 24234602150044
43 43 20 24145598095041
44 31 31 24642723059557
44 32 30 24641734422831
44 33 29 24624325224509
44 35 27 24560830905633
44 36 26 24527133227859
44 37 25 24476841315319
44 38 24 24393204086046
44 39 23 24354677858263
44 40 22 24268746352709
44 41 21 24204349996229
44 42 20 24131220703849
44 43 19 24051197886695
45 31 30 24555569568206
45 32 29 24543623680672
45 34 27 24493303603647
45 35 26 24465849141999
45 36 25 24380340876990
45 37 24 24364427769362
45 38 23 24297769150905
45 39 22 24201873702017
45 40 21 24157097985830
45 41 20 24096034113841
45 42 19 24024744803874
106 905017950596 79
36 35 35 2500000000
36 36 34 2499204248
37 35 34 2498293163
37 36 33 2496816993
37 37 32 2493864653
38 34 34 2495559909
38 35 33 2494879490
38 36 32 2493241176
38 37 31 2490777491
38 38 30 2487391874
39 34 33 2492106287
39 35 32 2490424379
39 36 31 2489678830
39 37 30 2486763543
39 38 29 2482527467
39 39 28 2477850684
40 33 33 2486727376
40 34 32 2487619929
40 35 31 2487340783
40 36 30 2484971234
40 37 29 2480979237
40 38 28 2476858224
40 39 27 2471690172
40 40 26 2465396942
41 33 32 2483640703
41 34 31 2483729678
41 35 30 2481822009
41 36 29 2478234506
41 37 28 2473775124
41 38 27 2469454601
41 39 26 2464207922
41 40 25 2457842501
41 41 24 2450340287
42 32 32 2478341039
42 33 31 2478845516
42 34 30 2477305968
42 35 29 2474269340
42 36 28 2469810269
42 37 27 2465136723
42 38 26 2460960041
42 39 25 2455274962
42 40 24 2449005212
42 41 23 2441412004
42 42 22 2432879607
43 32 31 2472688297
43 33 30 2471681925
43 34 29 2469042104
43 35 28 2464495239
43 36 27 2461212518
43 37 26 2456873066
43 38 25 2453488006
43 39 24 2445516493
43 40 23 2438567091
43 41 22 2431403753
43 42 21 2423460215
43 43 20 2414559809
44 31 31 2464272305
44 32 30 2464173442
44 33 29 2462432522
44 35 27 2456083090
44 36 26 2452713322
44 37 25 2447684131
44 38 24 2439320408
44 39 23 2435467785
44 40 22 2426874635
44 41 21 2420434999
44 42 20 2413122070
44 43 19 2405119788
45 31 30 2455556956
45 32 29 2454362368
45 34 27 2449330360
45 35 26 2446584914
45 36 25 2438034087
45 37 24 2436442776
45 38 23 2429776915
45 39 22 2420187370
45 40 21 2415709798
45 41 20 2409603411
45 42 19 2402474480
105 907078719117 87
35 35 35 2500000000
36 35 34 2498596535
36 36 33 2495976928
37 34 34 2495561696
37 35 33 2494345553
37 36 32 2490749698
37 37 31 2484750164
38 34 33 2489410836
38 35 32 2487220234
38 36 31 2483150482
38 37 30 2483343461
38 38 29 2477955187
39 33 33 2482852038
39 34 32 2481219226
39 35 31 2482432508
39 36 30 2481567716
39 37 29 2477385432
39 38 28 2470984582
39 39 27 2463977520
40 33 32 2477611314
40 34 31 2480784191
40 35 30 2480193535
40 36 29 2475131330
40 37 28 2469656308
40 38 27 2462535821
40 39 26 2454906027
40 40 25 2445584230
41 32 32 2475315343
41 33 31 2478205530
41 34 30 2477708772
41 35 29 2472758292
41 36 28 2466821172
41 37 27 2461033418
41 38 26 2451464445
41 39 25 2443568881
41 40 24 2434289381
41 41 23 2423064298
42 32 31 2474724256
42 33 30 2474113426
42 34 29 2469835717
42 35 28 2460839299
42 36 27 2459279309
42 37 26 2449578994
42 38 25 2437503261
42 39 24 2429782239
42 40 23 2420699267
42 41 22 2409002691
42 42 21 2396550042
43 31 31 2467829218
43 32 30 2469407498
43 33 29 2466100465
43 34 28 2459010923
43 35 27 2463250119
43 36 26 2452237217
43 37 25 2439956436
43 38 24 2421198059
43 39 23 2413341060
43 40 22 2404196145
43 41 21 2393651953
43 42 20 2382825124
43 43 19 2369501021
44 31 30 2463590988
44 32 29 2461074391
44 33 28 2453400982
44 34 27 2453698926
44 35 26 2440499473
44 36 25 2436189382
44 37 24 2421632583
44 38 23 2403853129
44 39 22 2397989487
44 40 21 2392535603
44 41 20 2376953903
44 42 19 2367219723
44 43 18 2358411217
45 30 30 2451146316
45 31 29 2451007571
45 32 28 2448133269
45 33 27 2444645173
45 34 26 2441568694
45 35 25 2426426093
45 36 24 2422648956
45 37 23 2396920581
45 38 22 2390630274
45 39 21 2383642242
45 40 20 2381980278
45 41 19 2362495519
45 42 18 2353729229
106 961503442264 79
36 35 35 2649017575
36 36 34 2647621661
37 35 34 2646004800
37 36 33 2643423263
37 37 32 2638274829
38 34 34 2641112813
38 35 33 2639927780
38 36 32 2636492324
38 37 31 2632807214
38 38 30 2630727587
39 34 33 2633842264
39 35 32 2632821023
39 36 31 2631390383
39 37 30 2629899634
39 38 29 2624394516
39 39 28 2617281679
40 33 33 2628364282
40 34 32 2628726478
40 35 31 2630107466
40 36 30 2628036158
40 37 29 2622953094
40 38 28 2616373260
40 39 27 2608804605
40 40 26 2599776721
41 33 32 2625700472
41 34 31 2627801118
41 35 30 2625904907
41 36 29 2620374971
41 37 28 2614372277
41 38 27 2606727785
41 39 26 2597910514
41 40 25 2588689432
41 41 24 2577652724
42 32 32 2623455968
42 33 31 2624480489
42 34 30 2622786964
42 35 29 2616644380
42 36 28 2610565246
42 37 27 2604953708
42 38 26 2594205932
42 39 25 2584370762
42 40 24 2575282260
42 41 23 2564244323
42 42 22 2550803270
43 32 31 2619353104
43 33 30 2618603387
43 34 29 2613616684
43 35 28 2608524755
43 36 27 2606364194
43 37 26 2595035411
43 38 25 2580609362
43 39 24 2568275460
43 40 23 2559202222
43 41 22 2548195006
43 42 21 2536243614
43 43 20 2523129811
44 31 31 2613271268
44 32 30 2613210733
44 33 29 2608725038
44 35 27 2601559534
44 36 26 2590973425
44 37 25 2580379049
44 38 24 2562472278
44 39 23 2550910369
44 40 22 2543399931
44 41 21 2533306776
44 42 20 2520207638
44 43 19 2508583061
45 31 30 2603773574
45 32 29 2601764547
45 34 27 2594567423
45 35 26 2583644590
45 36 25 2575460855
45 37 24 2561375715
45 38 23 2542408692
45 39 22 2535842369
45 40 21 2530313777
45 41 20 2518740274
45 42 19 2504705547
40 -95858610055698 44
14 13 13 -1000000000000
14 14 12 -984208150434
15 13 12 -967953354822
15 14 11 -929227870228
15 15 10 -851515261896
16 12 12 -913455784271
16 13 11 -893944097661
16 14 10 -837173156398
16 15 9 -737116215852
16 16 8 -603567789040
17 12 11 -825324554841
17 13 10 -787656305430
17 14 9 -704760714280
17 15 8 -580930877311
17 16 7 -421422296231
17 17 6 -216164561085
18 11 11 -728096330141
18 12 10 -702904894942
18 13 9 -644175810133
18 14 8 -538327408182
18 15 7 -383858484417
18 16 6 -199672183188
18 17 5 35768296691
18 18 4 313093805103
19 11 10 -614506058923
19 12 9 -570853148259
19 13 8 -480119452515
19 14 7 -347660310322
19 15 6 -169731934454
19 16 5 51122471018
19 17 4 318248792315
19 18 3 633928447743
19 19 2 -1000000000000
20 10 10 -1000000000000
20 11 9 -1000000000000
20 12 8 -1000000000000
20 13 7 -1000000000000
20 14 6 -1000000000000
20 15 5 -1000000000000
20 16 4 -1000000000000
20 17 3 -1000000000000
20 18 2 -1000000000000
20 19 1 -1000000000000
20 20 0 -1000000000000
106 -359979101924637 79
36 35 35 -988430396789
36 36 34 -989256056918
37 35 34 -990358663991
37 36 33 -991733037306
37 37 32 -994481783937
38 34 34 -993666485208
38 35 33 -994215198394
38 36 32 -995861337953
38 37 31 -996002957205
38 38 30 -992976382229
39 34 33 -999179520571
39 35 32 -1000000000000
39 36 31 -995126267642
39 37 30 -992676521042
39 38 29 -991584221196
39 39 28 -988561103890
40 33 33 -1000000000000
40 34 32 -999043256445
40 35 31 -993425823360
40 36 30 -992420670441
40 37 29 -992370629995
40 38 28 -989542817895
40 39 27 -987913652271
40 40 26 -987063974362
41 33 32 -995957475156
41 34 31 -991218848745
41 35 30 -990629106687
41 36 29 -992484291485
41 37 28 -992647408043
41 38 27 -990524145963
41 39 26 -988534131732
41 40 25 -987337473713
41 41 24 -986936142290
42 32 32 -992476082402
42 33 31 -988505343798
42 34 30 -988501788301
42 35 29 -991260119688
42 36 28 -995581512873
42 37 27 -995578492983
42 38 26 -993365200551
42 39 25 -990819105923
42 40 24 -988788994814
42 41 23 -988409181641
42 42 22 -988370655999
43 32 31 -985285308517
43 33 30 -985139375856
43 34 29 -988007640183
43 35 28 -995399273448
43 36 27 -1000000000000
43 37 26 -1000000000000
43 38 25 -998153314896
43 39 24 -995141489783
43 40 23 -992735716709
43 41 22 -990606203677
43 42 21 -987881573795
43 43 20 -985865054914
44 31 31 -984414086320
44 32 30 -983239887634
44 33 29 -984590181747
44 35 27 -1000000000000
44 36 26 -1000000000000
44 37 25 -1000000000000
44 38 24 -1000000000000
44 39 23 -1000000000000
44 40 22 -998027251311
44 41 21 -993175583296
44 42 20 -988271740585
44 43 19 -983542706557
45 31 30 -980105305352
45 32 29 -981007744380
45 34 27 -997497323717
45 35 26 -1000000000000
45 36 25 -984360836535
45 37 24 -1000000000000
45 38 23 -1000000000000
45 39 22 -1000000000000
45 40 21 -1000000000000
45 41 20 -991215931507
45 42 19 -986362480999
12
6 6 6
7 6 5
7 7 4
8 5 5
8 6 4
8 7 3
8 8 2
9 5 4
9 6 3
9 7 2
9 8 1
9 9 0
1 1 -1 1 9 9 -1 9 -1
1 1 -1 9 1 9 9 -1 -1
1 1 -1 9 9 1 -1 -1 9
1 1 -1 9 -1 -1 9 1 9
1 1 -1 -1 9 -1 1 9 9
1 1 -1 -1 -1 9 9 9 1
1 2 -1 2 8 9 -1 9 -1
1 2 -1 8 9 2 -1 -1 9
1 2 -1 9 2 8 9 -1 -1
1 2 -1 9 -1 -1 9 2 8
1 2 -1 -1 9 -1 2 8 9
1 2 -1 -1 -1 9 8 9 2
1 5 -1 5 6 8 -1 8 -1
1 5 -1 6 8 5 -1 -1 8
1 5 -1 6 8 -1 -1 6 8
1 5 -1 8 5 6 8 -1 -1
1 5 -1 8 -1 6 8 -1 6
1 5 -1 8 -1 -1 8 5 6
1 5 -1 -1 6 8 6 8 -1
1 5 -1 -1 8 -1 5 6 8
1 5 -1 -1 -1 8 6 8 5
1 6 -1 5 8 6 -1 -1 8
1 6 -1 5 8 -1 -1 5 8
1 6 -1 6 5 8 -1 8 -1
1 6 -1 8 6 5 8 -1 -1
1 6 -1 8 -1 5 8 -1 5
1 6 -1 8 -1 -1 8 6 5
1 6 -1 -1 5 8 5 8 -1
1 6 -1 -1 8 -1 6 5 8
1 6 -1 -1 -1 8 5 8 6
1 8 8 5 5 -1 -1 6 -1
1 8 8 5 -1 5 -1 -1 6
1 8 8 5 -1 -1 -1 6 6
1 8 8 6 6 -1 -1 5 -1
1 8 8 6 -1 6 -1 -1 5
1 8 8 6 -1 -1 -1 5 5
1 8 8 -1 5 5 6 -1 -1
1 8 8 -1 5 -1 6 6 -1
1 8 8 -1 6 6 5 -1 -1
1 8 8 -1 6 -1 5 5 -1
1 8 8 -1 -1 5 6 -1 6
1 8 8 -1 -1 6 5 -1 5
1 8 -1 2 9 -1 -1 2 9
1 8 -1 9 -1 2 9 -1 2
1 8 -1 -1 2 9 2 9 -1
1 9 9 1 1 -1 -1 9 -1
1 9 9 1 -1 1 -1 -1 9
1 9 9 2 2 -1 -1 8 -1
1 9 9 2 -1 2 -1 -1 8
1 9 9 8 -1 -1 -1 2 2
1 9 9 9 -1 -1 -1 1 1
1 9 9 -1 1 1 9 -1 -1
1 9 9 -1 2 2 8 -1 -1
1 9 9 -1 8 -1 2 2 -1
1 9 9 -1 9 -1 1 1 -1
1 9 9 -1 -1 8 2 -1 2
1 9 9 -1 -1 9 1 -1 1
1 9 -1 1 9 -1 -1 1 9
1 9 -1 9 -1 1 9 -1 1
1 9 -1 -1 1 9 1 9 -1
1 -1 1 1 9 9 -1 -1 9
1 -1 1 9 1 9 -1 9 -1
1 -1 1 9 9 1 9 -1 -1
1 -1 1 9 -1 -1 9 9 1
1 -1 1 -1 9 -1 9 1 9
1 -1 1 -1 -1 9 1 9 9
1 -1 2 2 9 8 -1 -1 9
1 -1 2 8 2 9 -1 9 -1
1 -1 2 9 8 2 9 -1 -1
1 -1 2 9 -1 -1 9 8 2
1 -1 2 -1 9 -1 8 2 9
1 -1 2 -1 -1 9 2 9 8
1 -1 5 5 8 6 -1 -1 8
1 -1 5 6 5 8 -1 8 -1
1 -1 5 6 -1 8 -1 8 6
1 -1 5 8 6 5 8 -1 -1
1 -1 5 8 6 -1 8 6 -1
1 -1 5 8 -1 -1 8 6 5
1 -1 5 -1 8 6 6 -1 8
1 -1 5 -1 8 -1 6 5 8
1 -1 5 -1 -1 8 5 8 6
1 -1 6 5 6 8 -1 8 -1
1 -1 6 5 -1 8 -1 8 5
1 -1 6 6 8 5 -1 -1 8
1 -1 6 8 5 6 8 -1 -1
1 -1 6 8 5 -1 8 5 -1
1 -1 6 8 -1 -1 8 5 6
1 -1 6 -1 8 5 5 -1 8
1 -1 6 -1 8 -1 5 6 8
1 -1 6 -1 -1 8 6 8 5
1 -1 8 2 -1 9 -1 9 2
1 -1 8 9 2 -1 9 2 -1
1 -1 8 -1 9 2 2 -1 9
1 -1 9 1 -1 9 -1 9 1
1 -1 9 9 1 -1 9 1 -1
1 -1 9 -1 9 1 1 -1 9
2 1 -1 2 9 8 -1 9 -1
2 1 -1 8 2 9 9 -1 -1
2 1 -1 9 8 2 -1 -1 9
2 1 -1 9 -1 -1 8 2 9
2 1 -1 -1 9 -1 2 9 8
2 1 -1 -1 -1 9 9 8 2
2 2 -1 1 9 9 -1 8 -1
2 2 -1 8 -1 -1 9 1 9
2 2 -1 9 1 9 8 -1 -1
2 2 -1 9 9 1 -1 -1 8
2 2 -1 -1 8 -1 1 9 9
2 2 -1 -1 -1 8 9 9 1
2 5 -1 6 9 -1 -1 -1 8
2 5 -1 8 -1 -1 9 -1 6
2 5 -1 9 -1 6 8 -1 -1
2 5 -1 -1 6 9 -1 8 -1
2 5 -1 -1 8 -1 -1 6 9
2 5 -1 -1 -1 8 6 9 -1
2 6 -1 5 9 -1 -1 -1 8
2 6 -1 6 9 -1 -1 -1 8
2 6 -1 8 -1 -1 9 -1 5
2 6 -1 8 -1 -1 9 -1 6
2 6 -1 9 -1 5 8 -1 -1
2 6 -1 9 -1 6 8 -1 -1
2 6 -1 -1 5 9 -1 8 -1
2 6 -1 -1 6 9 -1 8 -1
2 6 -1 -1 8 -1 -1 5 9
2 6 -1 -1 8 -1 -1 6 9
2 6 -1 -1 -1 8 5 9 -1
2 6 -1 -1 -1 8 6 9 -1
2 8 9 1 2 -1 -1 9 -1
2 8 9 2 -1 1 -1 -1 9
2 8 9 5 -1 -1 -1 -1 6
2 8 9 6 -1 -1 -1 -1 5
2 8 9 6 -1 -1 -1 -1 6
2 8 9 9 -1 -1 -1 1 2
2 8 9 -1 1 2 9 -1 -1
2 8 9 -1 5 -1 -1 6 -1
2 8 9 -1 6 -1 -1 5 -1
2 8 9 -1 6 -1 -1 6 -1
2 8 9 -1 9 -1 1 2 -1
2 8 9 -1 -1 5 6 -1 -1
2 8 9 -1 -1 6 5 -1 -1
2 8 9 -1 -1 6 6 -1 -1
2 8 9 -1 -1 9 2 -1 1
2 9 8 1 -1 2 -1 -1 9
2 9 8 2 1 -1 -1 9 -1
2 9 8 5 -1 -1 -1 6 -1
2 9 8 6 -1 -1 -1 5 -1
2 9 8 6 -1 -1 -1 6 -1
2 9 8 9 -1 -1 -1 2 1
2 9 8 -1 2 1 9 -1 -1
2 9 8 -1 5 -1 6 -1 -1
2 9 8 -1 6 -1 5 -1 -1
2 9 8 -1 6 -1 6 -1 -1
2 9 8 -1 9 -1 2 1 -1
2 9 8 -1 -1 5 -1 -1 6
2 9 8 -1 -1 6 -1 -1 5
2 9 8 -1 -1 6 -1 -1 6
2 9 8 -1 -1 9 1 -1 2
2 9 -1 1 8 -1 -1 2 9
2 9 -1 2 9 -1 -1 1 8
2 9 -1 8 -1 1 9 -1 2
2 9 -1 9 -1 2 8 -1 1
2 9 -1 -1 1 8 2 9 -1
2 9 -1 -1 2 9 1 8 -1
2 -1 1 2 8 9 -1 -1 9
2 -1 1 8 9 2 9 -1 -1
2 -1 1 9 2 8 -1 9 -1
2 -1 1 9 -1 -1 8 9 2
2 -1 1 -1 9 -1 9 2 8
2 -1 1 -1 -1 9 2 8 9
2 -1 2 1 9 9 -1 -1 8
2 -1 2 8 -1 -1 9 9 1
2 -1 2 9 1 9 -1 8 -1
2 -1 2 9 9 1 8 -1 -1
2 -1 2 -1 8 -1 9 1 9
2 -1 2 -1 -1 8 1 9 9
2 -1 5 6 -1 9 -1 8 -1
2 -1 5 8 -1 -1 9 6 -1
2 -1 5 9 6 -1 8 -1 -1
2 -1 5 -1 8 -1 6 -1 9
2 -1 5 -1 9 6 -1 -1 8
2 -1 5 -1 -1 8 -1 9 6
2 -1 6 5 -1 9 -1 8 -1
2 -1 6 6 -1 9 -1 8 -1
2 -1 6 8 -1 -1 9 5 -1
2 -1 6 8 -1 -1 9 6 -1
2 -1 6 9 5 -1 8 -1 -1
2 -1 6 9 6 -1 8 -1 -1
2 -1 6 -1 8 -1 5 -1 9
2 -1 6 -1 8 -1 6 -1 9
2 -1 6 -1 9 5 -1 -1 8
2 -1 6 -1 9 6 -1 -1 8
2 -1 6 -1 -1 8 -1 9 5
2 -1 6 -1 -1 8 -1 9 6
2 -1 9 1 -1 8 -1 9 2
2 -1 9 2 -1 9 -1 8 1
2 -1 9 8 1 -1 9 2 -1
2 -1 9 9 2 -1 8 1 -1
2 -1 9 -1 8 1 2 -1 9
2 -1 9 -1 9 2 1 -1 8
2 -1 -1 5 6 8 -1 9 -1
2 -1 -1 5 8 6 -1 -1 9
2 -1 -1 6 5 8 -1 9 -1
2 -1 -1 6 6 8 -1 9 -1
2 -1 -1 6 8 5 -1 -1 9
2 -1 -1 6 8 6 -1 -1 9
2 -1 -1 8 5 6 9 -1 -1
2 -1 -1 8 6 5 9 -1 -1
2 -1 -1 8 6 6 9 -1 -1
2 -1 -1 9 -1 -1 8 5 6
2 -1 -1 9 -1 -1 8 6 5
2 -1 -1 9 -1 -1 8 6 6
2 -1 -1 -1 9 -1 5 6 8
2 -1 -1 -1 9 -1 6 5 8
2 -1 -1 -1 9 -1 6 6 8
2 -1 -1 -1 -1 9 5 8 6
2 -1 -1 -1 -1 9 6 8 5
2 -1 -1 -1 -1 9 6 8 6
3 5 -1 6 -1 -1 9 -1 8
3 5 -1 8 9 -1 -1 -1 6
3 5 -1 9 -1 8 6 -1 -1
3 5 -1 -1 6 -1 -1 8 9
3 5 -1 -1 8 9 -1 6 -1
3 5 -1 -1 -1 6 8 9 -1
3 6 9 5 -1 -1 -1 -1 8
3 6 9 6 -1 -1 -1 -1 7
3 6 9 6 -1 -1 -1 -1 8
3 6 9 7 -1 -1 -1 -1 6
3 6 9 8 -1 -1 -1 -1 5
3 6 9 8 -1 -1 -1 -1 6
3 6 9 -1 5 -1 -1 8 -1
3 6 9 -1 6 -1 -1 7 -1
3 6 9 -1 6 -1 -1 8 -1
3 6 9 -1 7 -1 -1 6 -1
3 6 9 -1 8 -1 -1 5 -1
3 6 9 -1 8 -1 -1 6 -1
3 6 9 -1 -1 5 8 -1 -1
3 6 9 -1 -1 6 7 -1 -1
3 6 9 -1 -1 6 8 -1 -1
3 6 9 -1 -1 7 6 -1 -1
3 6 9 -1 -1 8 5 -1 -1
3 6 9 -1 -1 8 6 -1 -1
3 6 -1 6 -1 -1 9 -1 7
3 6 -1 6 -1 -1 9 -1 8
3 6 -1 7 9 -1 -1 -1 6
3 6 -1 8 9 -1 -1 -1 6
3 6 -1 9 -1 7 6 -1 -1
3 6 -1 9 -1 8 6 -1 -1
3 6 -1 -1 6 -1 -1 7 9
3 6 -1 -1 6 -1 -1 8 9
3 6 -1 -1 7 9 -1 6 -1
3 6 -1 -1 8 9 -1 6 -1
3 6 -1 -1 -1 6 7 9 -1
3 6 -1 -1 -1 6 8 9 -1
3 7 -1 6 9 -1 -1 -1 6
3 7 -1 6 -1 -1 9 -1 6
3 7 -1 9 -1 6 6 -1 -1
3 7 -1 -1 6 9 -1 6 -1
3 7 -1 -1 6 -1 -1 6 9
3 7 -1 -1 -1 6 6 9 -1
3 8 -1 5 9 -1 -1 -1 6
3 8 -1 6 9 -1 -1 -1 6
3 8 -1 6 -1 -1 9 -1 5
3 8 -1 6 -1 -1 9 -1 6
3 8 -1 9 -1 5 6 -1 -1
3 8 -1 9 -1 6 6 -1 -1
3 8 -1 -1 5 9 -1 6 -1
3 8 -1 -1 6 9 -1 6 -1
3 8 -1 -1 6 -1 -1 5 9
3 8 -1 -1 6 -1 -1 6 9
3 8 -1 -1 -1 6 5 9 -1
3 8 -1 -1 -1 6 6 9 -1
3 9 6 5 -1 -1 -1 8 -1
3 9 6 6 -1 -1 -1 7 -1
3 9 6 6 -1 -1 -1 8 -1
3 9 6 7 -1 -1 -1 6 -1
3 9 6 8 -1 -1 -1 5 -1
3 9 6 8 -1 -1 -1 6 -1
3 9 6 -1 5 -1 8 -1 -1
3 9 6 -1 6 -1 7 -1 -1
3 9 6 -1 6 -1 8 -1 -1
3 9 6 -1 7 -1 6 -1 -1
3 9 6 -1 8 -1 5 -1 -1
3 9 6 -1 8 -1 6 -1 -1
3 9 6 -1 -1 5 -1 -1 8
3 9 6 -1 -1 6 -1 -1 7
3 9 6 -1 -1 6 -1 -1 8
3 9 6 -1 -1 7 -1 -1 6
3 9 6 -1 -1 8 -1 -1 5
3 9 6 -1 -1 8 -1 -1 6
3 -1 5 6 -1 -1 9 8 -1
3 -1 5 8 -1 9 -1 6 -1
3 -1 5 9 8 -1 6 -1 -1
3 -1 5 -1 6 -1 8 -1 9
3 -1 5 -1 9 8 -1 -1 6
3 -1 5 -1 -1 6 -1 9 8
3 -1 6 6 -1 -1 9 7 -1
3 -1 6 6 -1 -1 9 8 -1
3 -1 6 7 -1 9 -1 6 -1
3 -1 6 8 -1 9 -1 6 -1
3 -1 6 9 7 -1 6 -1 -1
3 -1 6 9 8 -1 6 -1 -1
3 -1 6 -1 6 -1 7 -1 9
3 -1 6 -1 6 -1 8 -1 9
3 -1 6 -1 9 7 -1 -1 6
3 -1 6 -1 9 8 -1 -1 6
3 -1 6 -1 -1 6 -1 9 7
3 -1 6 -1 -1 6 -1 9 8
3 -1 7 6 -1 9 -1 6 -1
3 -1 7 6 -1 -1 9 6 -1
3 -1 7 9 6 -1 6 -1 -1
3 -1 7 -1 6 -1 6 -1 9
3 -1 7 -1 9 6 -1 -1 6
3 -1 7 -1 -1 6 -1 9 6
3 -1 8 5 -1 9 -1 6 -1
3 -1 8 6 -1 9 -1 6 -1
3 -1 8 6 -1 -1 9 5 -1
3 -1 8 6 -1 -1 9 6 -1
3 -1 8 9 5 -1 6 -1 -1
3 -1 8 9 6 -1 6 -1 -1
3 -1 8 -1 6 -1 5 -1 9
3 -1 8 -1 6 -1 6 -1 9
3 -1 8 -1 9 5 -1 -1 6
3 -1 8 -1 9 6 -1 -1 6
3 -1 8 -1 -1 6 -1 9 5
3 -1 8 -1 -1 6 -1 9 6
3 -1 -1 5 6 8 -1 -1 9
3 -1 -1 5 8 6 -1 9 -1
3 -1 -1 6 5 8 9 -1 -1
3 -1 -1 6 6 7 9 -1 -1
3 -1 -1 6 6 7 -1 -1 9
3 -1 -1 6 6 8 9 -1 -1
3 -1 -1 6 6 8 -1 -1 9
3 -1 -1 6 7 6 9 -1 -1
3 -1 -1 6 7 6 -1 9 -1
3 -1 -1 6 8 5 9 -1 -1
3 -1 -1 6 8 6 9 -1 -1
3 -1 -1 6 8 6 -1 9 -1
3 -1 -1 7 6 6 -1 9 -1
3 -1 -1 7 6 6 -1 -1 9
3 -1 -1 8 5 6 -1 9 -1
3 -1 -1 8 6 5 -1 -1 9
3 -1 -1 8 6 6 -1 9 -1
3 -1 -1 8 6 6 -1 -1 9
3 -1 -1 9 -1 -1 6 5 8
3 -1 -1 9 -1 -1 6 6 7
3 -1 -1 9 -1 -1 6 6 8
3 -1 -1 9 -1 -1 6 7 6
3 -1 -1 9 -1 -1 6 8 5
3 -1 -1 9 -1 -1 6 8 6
3 -1 -1 -1 9 -1 5 8 6
3 -1 -1 -1 9 -1 6 7 6
3 -1 -1 -1 9 -1 6 8 6
3 -1 -1 -1 9 -1 7 6 6
3 -1 -1 -1 9 -1 8 5 6
3 -1 -1 -1 9 -1 8 6 6
3 -1 -1 -1 -1 9 5 6 8
3 -1 -1 -1 -1 9 6 6 7
3 -1 -1 -1 -1 9 6 6 8
3 -1 -1 -1 -1 9 7 6 6
3 -1 -1 -1 -1 9 8 6 5
3 -1 -1 -1 -1 9 8 6 6
5 1 -1 5 8 6 -1 8 -1
5 1 -1 6 5 8 8 -1 -1
5 1 -1 6 -1 8 8 6 -1
5 1 -1 8 6 5 -1 -1 8
5 1 -1 8 6 -1 6 -1 8
5 1 -1 8 -1 -1 6 5 8
5 1 -1 -1 8 6 -1 8 6
5 1 -1 -1 8 -1 5 8 6
5 1 -1 -1 -1 8 8 6 5
5 2 -1 6 -1 9 8 -1 -1
5 2 -1 8 -1 -1 6 -1 9
5 2 -1 9 6 -1 -1 -1 8
5 2 -1 -1 8 -1 -1 9 6
5 2 -1 -1 9 6 -1 8 -1
5 2 -1 -1 -1 8 9 6 -1
5 3 -1 6 -1 -1 8 -1 9
5 3 -1 8 -1 9 6 -1 -1
5 3 -1 9 8 -1 -1 -1 6
5 3 -1 -1 6 -1 -1 9 8
5 3 -1 -1 9 8 -1 6 -1
5 3 -1 -1 -1 6 9 8 -1
5 5 -1 1 8 8 -1 6 -1
5 5 -1 6 -1 -1 8 1 8
5 5 -1 8 1 8 6 -1 -1
5 5 -1 8 8 1 -1 -1 6
5 5 -1 -1 6 -1 1 8 8
5 5 -1 -1 -1 6 8 8 1
5 6 8 1 5 -1 -1 8 -1
5 6 8 1 -1 6 -1 8 -1
5 6 8 2 -1 -1 -1 9 -1
5 6 8 3 -1 -1 -1 -1 9
5 6 8 5 -1 1 -1 -1 8
5 6 8 6 1 -1 8 -1 -1
5 6 8 8 -1 -1 6 1 -1
5 6 8 8 -1 -1 -1 1 5
5 6 8 9 -1 -1 -1 2 -1
5 6 8 9 -1 -1 -1 -1 3
5 6 8 -1 1 5 8 -1 -1
5 6 8 -1 2 -1 9 -1 -1
5 6 8 -1 3 -1 -1 9 -1
5 6 8 -1 6 1 -1 -1 8
5 6 8 -1 8 -1 1 5 -1
5 6 8 -1 8 -1 1 -1 6
5 6 8 -1 9 -1 2 -1 -1
5 6 8 -1 9 -1 -1 3 -1
5 6 8 -1 -1 2 -1 -1 9
5 6 8 -1 -1 3 9 -1 -1
5 6 8 -1 -1 8 5 -1 1
5 6 8 -1 -1 8 -1 6 1
5 6 8 -1 -1 9 3 -1 -1
5 6 8 -1 -1 9 -1 -1 2
5 8 6 1 6 -1 -1 -1 8
5 8 6 1 -1 5 -1 -1 8
5 8 6 2 -1 -1 -1 -1 9
5 8 6 3 -1 -1 -1 9 -1
5 8 6 5 1 -1 -1 8 -1
5 8 6 6 -1 1 8 -1 -1
5 8 6 8 -1 -1 6 -1 1
5 8 6 8 -1 -1 -1 5 1
5 8 6 9 -1 -1 -1 3 -1
5 8 6 9 -1 -1 -1 -1 2
5 8 6 -1 1 6 -1 8 -1
5 8 6 -1 2 -1 -1 9 -1
5 8 6 -1 3 -1 9 -1 -1
5 8 6 -1 5 1 8 -1 -1
5 8 6 -1 8 -1 5 1 -1
5 8 6 -1 8 -1 -1 1 6
5 8 6 -1 9 -1 3 -1 -1
5 8 6 -1 9 -1 -1 2 -1
5 8 6 -1 -1 2 9 -1 -1
5 8 6 -1 -1 3 -1 -1 9
5 8 6 -1 -1 8 1 6 -1
5 8 6 -1 -1 8 1 -1 5
5 8 6 -1 -1 9 2 -1 -1
5 8 6 -1 -1 9 -1 -1 3
5 8 -1 1 6 -1 -1 5 8
5 8 -1 5 8 -1 -1 1 6
5 8 -1 6 -1 1 8 -1 5
5 8 -1 8 -1 5 6 -1 1
5 8 -1 -1 1 6 5 8 -1
5 8 -1 -1 5 8 1 6 -1
5 9 -1 2 6 -1 -1 -1 8
5 9 -1 3 8 -1 -1 -1 6
5 9 -1 6 -1 2 8 -1 -1
5 9 -1 6 -1 -1 8 -1 3
5 9 -1 8 -1 3 6 -1 -1
5 9 -1 8 -1 -1 6 -1 2
5 9 -1 -1 2 6 -1 8 -1
5 9 -1 -1 3 8 -1 6 -1
5 9 -1 -1 6 -1 -1 3 8
5 9 -1 -1 8 -1 -1 2 6
5 9 -1 -1 -1 6 3 8 -1
5 9 -1 -1 -1 8 2 6 -1
5 -1 1 5 6 8 -1 -1 8
5 -1 1 6 8 5 8 -1 -1
5 -1 1 6 8 -1 8 -1 6
5 -1 1 8 5 6 -1 8 -1
5 -1 1 8 -1 6 6 8 -1
5 -1 1 8 -1 -1 6 8 5
5 -1 1 -1 6 8 -1 6 8
5 -1 1 -1 8 -1 8 5 6
5 -1 1 -1 -1 8 5 6 8
5 -1 2 6 9 -1 8 -1 -1
5 -1 2 8 -1 -1 6 9 -1
5 -1 2 9 -1 6 -1 8 -1
5 -1 2 -1 6 9 -1 -1 8
5 -1 2 -1 8 -1 9 -1 6
5 -1 2 -1 -1 8 -1 6 9
5 -1 3 6 -1 -1 8 9 -1
5 -1 3 8 9 -1 6 -1 -1
5 -1 3 9 -1 8 -1 6 -1
5 -1 3 -1 6 -1 9 -1 8
5 -1 3 -1 8 9 -1 -1 6
5 -1 3 -1 -1 6 -1 8 9
5 -1 5 1 8 8 -1 -1 6
5 -1 5 6 -1 -1 8 8 1
5 -1 5 8 1 8 -1 6 -1
5 -1 5 8 8 1 6 -1 -1
5 -1 5 -1 6 -1 8 1 8
5 -1 5 -1 -1 6 1 8 8
5 -1 8 1 -1 6 -1 8 5
5 -1 8 5 -1 8 -1 6 1
5 -1 8 6 1 -1 8 5 -1
5 -1 8 8 5 -1 6 1 -1
5 -1 8 -1 6 1 5 -1 8
5 -1 8 -1 8 5 1 -1 6
5 -1 9 2 -1 6 -1 8 -1
5 -1 9 3 -1 8 -1 6 -1
5 -1 9 6 2 -1 8 -1 -1
5 -1 9 6 -1 -1 8 3 -1
5 -1 9 8 3 -1 6 -1 -1
5 -1 9 8 -1 -1 6 2 -1
5 -1 9 -1 6 2 -1 -1 8
5 -1 9 -1 6 -1 3 -1 8
5 -1 9 -1 8 3 -1 -1 6
5 -1 9 -1 8 -1 2 -1 6
5 -1 9 -1 -1 6 -1 8 3
5 -1 9 -1 -1 8 -1 6 2
5 -1 -1 1 8 8 -1 6 6
5 -1 -1 2 8 9 -1 -1 6
5 -1 -1 2 9 8 -1 6 -1
5 -1 -1 3 6 9 -1 -1 8
5 -1 -1 3 9 6 -1 8 -1
5 -1 -1 6 3 9 8 -1 -1
5 -1 -1 6 6 -1 8 1 8
5 -1 -1 6 9 3 8 -1 -1
5 -1 -1 6 -1 6 8 8 1
5 -1 -1 6 -1 -1 8 2 9
5 -1 -1 6 -1 -1 8 9 2
5 -1 -1 8 1 8 6 6 -1
5 -1 -1 8 2 9 6 -1 -1
5 -1 -1 8 8 1 6 -1 6
5 -1 -1 8 9 2 6 -1 -1
5 -1 -1 8 -1 -1 6 3 9
5 -1 -1 8 -1 -1 6 9 3
5 -1 -1 9 2 8 -1 6 -1
5 -1 -1 9 3 6 -1 8 -1
5 -1 -1 9 6 3 -1 -1 8
5 -1 -1 9 8 2 -1 -1 6
5 -1 -1 -1 6 6 1 8 8
5 -1 -1 -1 6 -1 2 9 8
5 -1 -1 -1 6 -1 9 2 8
5 -1 -1 -1 8 -1 3 9 6
5 -1 -1 -1 8 -1 9 3 6
5 -1 -1 -1 -1 6 2 8 9
5 -1 -1 -1 -1 6 9 8 2
5 -1 -1 -1 -1 8 3 6 9
5 -1 -1 -1 -1 8 9 6 3
6 1 -1 5 6 8 8 -1 -1
6 1 -1 5 -1 8 8 5 -1
6 1 -1 6 8 5 -1 8 -1
6 1 -1 8 5 6 -1 -1 8
6 1 -1 8 5 -1 5 -1 8
6 1 -1 8 -1 -1 5 6 8
6 1 -1 -1 8 5 -1 8 5
6 1 -1 -1 8 -1 6 8 5
6 1 -1 -1 -1 8 8 5 6
6 2 -1 5 -1 9 8 -1 -1
6 2 -1 6 -1 9 8 -1 -1
6 2 -1 8 -1 -1 5 -1 9
6 2 -1 8 -1 -1 6 -1 9
6 2 -1 9 5 -1 -1 -1 8
6 2 -1 9 6 -1 -1 -1 8
6 2 -1 -1 8 -1 -1 9 5
6 2 -1 -1 8 -1 -1 9 6
6 2 -1 -1 9 5 -1 8 -1
6 2 -1 -1 9 6 -1 8 -1
6 2 -1 -1 -1 8 9 5 -1
6 2 -1 -1 -1 8 9 6 -1
6 3 9 5 -1 -1 8 -1 -1
6 3 9 6 -1 -1 7 -1 -1
6 3 9 6 -1 -1 8 -1 -1
6 3 9 7 -1 -1 6 -1 -1
6 3 9 8 -1 -1 5 -1 -1
6 3 9 8 -1 -1 6 -1 -1
6 3 9 -1 5 -1 -1 -1 8
6 3 9 -1 6 -1 -1 -1 7
6 3 9 -1 6 -1 -1 -1 8
6 3 9 -1 7 -1 -1 -1 6
6 3 9 -1 8 -1 -1 -1 5
6 3 9 -1 8 -1 -1 -1 6
6 3 9 -1 -1 5 -1 8 -1
6 3 9 -1 -1 6 -1 7 -1
6 3 9 -1 -1 6 -1 8 -1
6 3 9 -1 -1 7 -1 6 -1
6 3 9 -1 -1 8 -1 5 -1
6 3 9 -1 -1 8 -1 6 -1
6 3 -1 6 -1 -1 7 -1 9
6 3 -1 6 -1 -1 8 -1 9
6 3 -1 7 -1 9 6 -1 -1
6 3 -1 8 -1 9 6 -1 -1
6 3 -1 9 7 -1 -1 -1 6
6 3 -1 9 8 -1 -1 -1 6
6 3 -1 -1 6 -1 -1 9 7
6 3 -1 -1 6 -1 -1 9 8
6 3 -1 -1 9 7 -1 6 -1
6 3 -1 -1 9 8 -1 6 -1
6 3 -1 -1 -1 6 9 7 -1
6 3 -1 -1 -1 6 9 8 -1
6 5 8 1 6 -1 -1 8 -1
6 5 8 1 -1 5 -1 8 -1
6 5 8 2 -1 -1 -1 9 -1
6 5 8 3 -1 -1 9 -1 -1
6 5 8 5 1 -1 8 -1 -1
6 5 8 6 -1 1 -1 -1 8
6 5 8 8 -1 -1 5 1 -1
6 5 8 8 -1 -1 -1 1 6
6 5 8 9 -1 -1 3 -1 -1
6 5 8 9 -1 -1 -1 2 -1
6 5 8 -1 1 6 8 -1 -1
6 5 8 -1 2 -1 9 -1 -1
6 5 8 -1 3 -1 -1 -1 9
6 5 8 -1 5 1 -1 -1 8
6 5 8 -1 8 -1 1 6 -1
6 5 8 -1 8 -1 1 -1 5
6 5 8 -1 9 -1 2 -1 -1
6 5 8 -1 9 -1 -1 -1 3
6 5 8 -1 -1 2 -1 -1 9
6 5 8 -1 -1 3 -1 9 -1
6 5 8 -1 -1 8 6 -1 1
6 5 8 -1 -1 8 -1 5 1
6 5 8 -1 -1 9 -1 3 -1
6 5 8 -1 -1 9 -1 -1 2
6 6 7 3 -1 -1 9 -1 -1
6 6 7 3 -1 -1 -1 -1 9
6 6 7 9 -1 -1 3 -1 -1
6 6 7 9 -1 -1 -1 -1 3
6 6 7 -1 3 -1 -1 9 -1
6 6 7 -1 3 -1 -1 -1 9
6 6 7 -1 9 -1 -1 3 -1
6 6 7 -1 9 -1 -1 -1 3
6 6 7 -1 -1 3 9 -1 -1
6 6 7 -1 -1 3 -1 9 -1
6 6 7 -1 -1 9 3 -1 -1
6 6 7 -1 -1 9 -1 3 -1
6 6 8 2 -1 -1 -1 9 -1
6 6 8 3 -1 -1 9 -1 -1
6 6 8 3 -1 -1 -1 -1 9
6 6 8 9 -1 -1 3 -1 -1
6 6 8 9 -1 -1 -1 2 -1
6 6 8 9 -1 -1 -1 -1 3
6 6 8 -1 2 -1 9 -1 -1
6 6 8 -1 3 -1 -1 9 -1
6 6 8 -1 3 -1 -1 -1 9
6 6 8 -1 9 -1 2 -1 -1
6 6 8 -1 9 -1 -1 3 -1
6 6 8 -1 9 -1 -1 -1 3
6 6 8 -1 -1 2 -1 -1 9
6 6 8 -1 -1 3 9 -1 -1
6 6 8 -1 -1 3 -1 9 -1
6 6 8 -1 -1 9 3 -1 -1
6 6 8 -1 -1 9 -1 3 -1
6 6 8 -1 -1 9 -1 -1 2
6 6 -1 1 8 8 -1 5 -1
6 6 -1 5 -1 -1 8 1 8
6 6 -1 8 1 8 5 -1 -1
6 6 -1 8 8 1 -1 -1 5
6 6 -1 -1 5 -1 1 8 8
6 6 -1 -1 -1 5 8 8 1
6 7 6 3 -1 -1 9 -1 -1
6 7 6 3 -1 -1 -1 9 -1
6 7 6 9 -1 -1 3 -1 -1
6 7 6 9 -1 -1 -1 3 -1
6 7 6 -1 3 -1 9 -1 -1
6 7 6 -1 3 -1 -1 -1 9
6 7 6 -1 9 -1 3 -1 -1
6 7 6 -1 9 -1 -1 -1 3
6 7 6 -1 -1 3 -1 9 -1
6 7 6 -1 -1 3 -1 -1 9
6 7 6 -1 -1 9 -1 3 -1
6 7 6 -1 -1 9 -1 -1 3
6 8 5 1 5 -1 -1 -1 8
6 8 5 1 -1 6 -1 -1 8
6 8 5 2 -1 -1 -1 -1 9
6 8 5 3 -1 -1 9 -1 -1
6 8 5 5 -1 1 8 -1 -1
6 8 5 6 1 -1 -1 8 -1
6 8 5 8 -1 -1 5 -1 1
6 8 5 8 -1 -1 -1 6 1
6 8 5 9 -1 -1 3 -1 -1
6 8 5 9 -1 -1 -1 -1 2
6 8 5 -1 1 5 -1 8 -1
6 8 5 -1 2 -1 -1 9 -1
6 8 5 -1 3 -1 -1 -1 9
6 8 5 -1 6 1 8 -1 -1
6 8 5 -1 8 -1 6 1 -1
6 8 5 -1 8 -1 -1 1 5
6 8 5 -1 9 -1 -1 2 -1
6 8 5 -1 9 -1 -1 -1 3
6 8 5 -1 -1 2 9 -1 -1
6 8 5 -1 -1 3 -1 9 -1
6 8 5 -1 -1 8 1 5 -1
6 8 5 -1 -1 8 1 -1 6
6 8 5 -1 -1 9 2 -1 -1
6 8 5 -1 -1 9 -1 3 -1
6 8 6 2 -1 -1 -1 -1 9
6 8 6 3 -1 -1 9 -1 -1
6 8 6 3 -1 -1 -1 9 -1
6 8 6 9 -1 -1 3 -1 -1
6 8 6 9 -1 -1 -1 3 -1
6 8 6 9 -1 -1 -1 -1 2
6 8 6 -1 2 -1 -1 9 -1
6 8 6 -1 3 -1 9 -1 -1
6 8 6 -1 3 -1 -1 -1 9
6 8 6 -1 9 -1 3 -1 -1
6 8 6 -1 9 -1 -1 2 -1
6 8 6 -1 9 -1 -1 -1 3
6 8 6 -1 -1 2 9 -1 -1
6 8 6 -1 -1 3 -1 9 -1
6 8 6 -1 -1 3 -1 -1 9
6 8 6 -1 -1 9 2 -1 -1
6 8 6 -1 -1 9 -1 3 -1
6 8 6 -1 -1 9 -1 -1 3
6 8 -1 1 5 -1 -1 6 8
6 8 -1 5 -1 1 8 -1 6
6 8 -1 6 8 -1 -1 1 5
6 8 -1 8 -1 6 5 -1 1
6 8 -1 -1 1 5 6 8 -1
6 8 -1 -1 6 8 1 5 -1
6 9 3 5 -1 -1 8 -1 -1
6 9 3 6 -1 -1 7 -1 -1
6 9 3 6 -1 -1 8 -1 -1
6 9 3 7 -1 -1 6 -1 -1
6 9 3 8 -1 -1 5 -1 -1
6 9 3 8 -1 -1 6 -1 -1
6 9 3 -1 5 -1 -1 -1 8
6 9 3 -1 6 -1 -1 -1 7
6 9 3 -1 6 -1 -1 -1 8
6 9 3 -1 7 -1 -1 -1 6
6 9 3 -1 8 -1 -1 -1 5
6 9 3 -1 8 -1 -1 -1 6
6 9 3 -1 -1 5 -1 8 -1
6 9 3 -1 -1 6 -1 7 -1
6 9 3 -1 -1 6 -1 8 -1
6 9 3 -1 -1 7 -1 6 -1
6 9 3 -1 -1 8 -1 5 -1
6 9 3 -1 -1 8 -1 6 -1
6 9 -1 2 5 -1 -1 -1 8
6 9 -1 2 6 -1 -1 -1 8
6 9 -1 3 7 -1 -1 -1 6
6 9 -1 3 8 -1 -1 -1 6
6 9 -1 5 -1 2 8 -1 -1
6 9 -1 6 -1 2 8 -1 -1
6 9 -1 6 -1 -1 7 -1 3
6 9 -1 6 -1 -1 8 -1 3
6 9 -1 7 -1 3 6 -1 -1
6 9 -1 8 -1 3 6 -1 -1
6 9 -1 8 -1 -1 5 -1 2
6 9 -1 8 -1 -1 6 -1 2
6 9 -1 -1 2 5 -1 8 -1
6 9 -1 -1 2 6 -1 8 -1
6 9 -1 -1 3 7 -1 6 -1
6 9 -1 -1 3 8 -1 6 -1
6 9 -1 -1 6 -1 -1 3 7
6 9 -1 -1 6 -1 -1 3 8
6 9 -1 -1 8 -1 -1 2 5
6 9 -1 -1 8 -1 -1 2 6
6 9 -1 -1 -1 6 3 7 -1
6 9 -1 -1 -1 6 3 8 -1
6 9 -1 -1 -1 8 2 5 -1
6 9 -1 -1 -1 8 2 6 -1
6 -1 1 5 8 6 8 -1 -1
6 -1 1 5 8 -1 8 -1 5
6 -1 1 6 5 8 -1 -1 8
6 -1 1 8 6 5 -1 8 -1
6 -1 1 8 -1 5 5 8 -1
6 -1 1 8 -1 -1 5 8 6
6 -1 1 -1 5 8 -1 5 8
6 -1 1 -1 8 -1 8 6 5
6 -1 1 -1 -1 8 6 5 8
6 -1 2 5 9 -1 8 -1 -1
6 -1 2 6 9 -1 8 -1 -1
6 -1 2 8 -1 -1 5 9 -1
6 -1 2 8 -1 -1 6 9 -1
6 -1 2 9 -1 5 -1 8 -1
6 -1 2 9 -1 6 -1 8 -1
6 -1 2 -1 5 9 -1 -1 8
6 -1 2 -1 6 9 -1 -1 8
6 -1 2 -1 8 -1 9 -1 5
6 -1 2 -1 8 -1 9 -1 6
6 -1 2 -1 -1 8 -1 5 9
6 -1 2 -1 -1 8 -1 6 9
6 -1 3 6 -1 -1 7 9 -1
6 -1 3 6 -1 -1 8 9 -1
6 -1 3 7 9 -1 6 -1 -1
6 -1 3 8 9 -1 6 -1 -1
6 -1 3 9 -1 7 -1 6 -1
6 -1 3 9 -1 8 -1 6 -1
6 -1 3 -1 6 -1 9 -1 7
6 -1 3 -1 6 -1 9 -1 8
6 -1 3 -1 7 9 -1 -1 6
6 -1 3 -1 8 9 -1 -1 6
6 -1 3 -1 -1 6 -1 7 9
6 -1 3 -1 -1 6 -1 8 9
6 -1 6 1 8 8 -1 -1 5
6 -1 6 5 -1 -1 8 8 1
6 -1 6 8 1 8 -1 5 -1
6 -1 6 8 8 1 5 -1 -1
6 -1 6 -1 5 -1 8 1 8
6 -1 6 -1 -1 5 1 8 8
6 -1 8 1 -1 5 -1 8 6
6 -1 8 5 1 -1 8 6 -1
6 -1 8 6 -1 8 -1 5 1
6 -1 8 8 6 -1 5 1 -1
6 -1 8 -1 5 1 6 -1 8
6 -1 8 -1 8 6 1 -1 5
6 -1 9 2 -1 5 -1 8 -1
6 -1 9 2 -1 6 -1 8 -1
6 -1 9 3 -1 7 -1 6 -1
6 -1 9 3 -1 8 -1 6 -1
6 -1 9 5 2 -1 8 -1 -1
6 -1 9 6 2 -1 8 -1 -1
6 -1 9 6 -1 -1 7 3 -1
6 -1 9 6 -1 -1 8 3 -1
6 -1 9 7 3 -1 6 -1 -1
6 -1 9 8 3 -1 6 -1 -1
6 -1 9 8 -1 -1 5 2 -1
6 -1 9 8 -1 -1 6 2 -1
6 -1 9 -1 5 2 -1 -1 8
6 -1 9 -1 6 2 -1 -1 8
6 -1 9 -1 6 -1 3 -1 7
6 -1 9 -1 6 -1 3 -1 8
6 -1 9 -1 7 3 -1 -1 6
6 -1 9 -1 8 3 -1 -1 6
6 -1 9 -1 8 -1 2 -1 5
6 -1 9 -1 8 -1 2 -1 6
6 -1 9 -1 -1 6 -1 7 3
6 -1 9 -1 -1 6 -1 8 3
6 -1 9 -1 -1 8 -1 5 2
6 -1 9 -1 -1 8 -1 6 2
6 -1 -1 1 8 8 -1 5 5
6 -1 -1 2 8 9 -1 -1 5
6 -1 -1 2 8 9 -1 -1 6
6 -1 -1 2 9 8 -1 5 -1
6 -1 -1 2 9 8 -1 6 -1
6 -1 -1 3 5 -1 9 -1 8
6 -1 -1 3 6 9 -1 -1 7
6 -1 -1 3 6 9 -1 -1 8
6 -1 -1 3 6 -1 9 -1 7
6 -1 -1 3 6 -1 9 -1 8
6 -1 -1 3 7 -1 9 -1 6
6 -1 -1 3 8 -1 9 -1 5
6 -1 -1 3 8 -1 9 -1 6
6 -1 -1 3 9 6 -1 7 -1
6 -1 -1 3 9 6 -1 8 -1
6 -1 -1 3 -1 5 9 8 -1
6 -1 -1 3 -1 6 9 7 -1
6 -1 -1 3 -1 6 9 8 -1
6 -1 -1 3 -1 7 9 6 -1
6 -1 -1 3 -1 8 9 5 -1
6 -1 -1 3 -1 8 9 6 -1
6 -1 -1 5 3 -1 8 -1 9
6 -1 -1 5 5 -1 8 1 8
6 -1 -1 5 9 -1 8 -1 3
6 -1 -1 5 -1 3 8 9 -1
6 -1 -1 5 -1 5 8 8 1
6 -1 -1 5 -1 9 8 3 -1
6 -1 -1 5 -1 -1 8 2 9
6 -1 -1 5 -1 -1 8 9 2
6 -1 -1 6 3 9 7 -1 -1
6 -1 -1 6 3 9 8 -1 -1
6 -1 -1 6 3 -1 7 -1 9
6 -1 -1 6 3 -1 8 -1 9
6 -1 -1 6 9 3 7 -1 -1
6 -1 -1 6 9 3 8 -1 -1
6 -1 -1 6 9 -1 7 -1 3
6 -1 -1 6 9 -1 8 -1 3
6 -1 -1 6 -1 3 7 9 -1
6 -1 -1 6 -1 3 8 9 -1
6 -1 -1 6 -1 9 7 3 -1
6 -1 -1 6 -1 9 8 3 -1
6 -1 -1 6 -1 -1 8 2 9
6 -1 -1 6 -1 -1 8 9 2
6 -1 -1 7 3 -1 6 -1 9
6 -1 -1 7 9 -1 6 -1 3
6 -1 -1 7 -1 3 6 9 -1
6 -1 -1 7 -1 9 6 3 -1
6 -1 -1 7 -1 -1 6 3 9
6 -1 -1 7 -1 -1 6 9 3
6 -1 -1 8 1 8 5 5 -1
6 -1 -1 8 2 9 5 -1 -1
6 -1 -1 8 2 9 6 -1 -1
6 -1 -1 8 3 -1 5 -1 9
6 -1 -1 8 3 -1 6 -1 9
6 -1 -1 8 8 1 5 -1 5
6 -1 -1 8 9 2 5 -1 -1
6 -1 -1 8 9 2 6 -1 -1
6 -1 -1 8 9 -1 5 -1 3
6 -1 -1 8 9 -1 6 -1 3
6 -1 -1 8 -1 3 5 9 -1
6 -1 -1 8 -1 3 6 9 -1
6 -1 -1 8 -1 9 5 3 -1
6 -1 -1 8 -1 9 6 3 -1
6 -1 -1 8 -1 -1 6 3 9
6 -1 -1 8 -1 -1 6 9 3
6 -1 -1 9 2 8 -1 5 -1
6 -1 -1 9 2 8 -1 6 -1
6 -1 -1 9 3 6 -1 7 -1
6 -1 -1 9 3 6 -1 8 -1
6 -1 -1 9 5 -1 3 -1 8
6 -1 -1 9 6 3 -1 -1 7
6 -1 -1 9 6 3 -1 -1 8
6 -1 -1 9 6 -1 3 -1 7
6 -1 -1 9 6 -1 3 -1 8
6 -1 -1 9 7 -1 3 -1 6
6 -1 -1 9 8 2 -1 -1 5
6 -1 -1 9 8 2 -1 -1 6
6 -1 -1 9 8 -1 3 -1 5
6 -1 -1 9 8 -1 3 -1 6
6 -1 -1 9 -1 5 3 8 -1
6 -1 -1 9 -1 6 3 7 -1
6 -1 -1 9 -1 6 3 8 -1
6 -1 -1 9 -1 7 3 6 -1
6 -1 -1 9 -1 8 3 5 -1
6 -1 -1 9 -1 8 3 6 -1
6 -1 -1 -1 3 5 -1 8 9
6 -1 -1 -1 3 6 -1 7 9
6 -1 -1 -1 3 6 -1 8 9
6 -1 -1 -1 3 7 -1 6 9
6 -1 -1 -1 3 8 -1 5 9
6 -1 -1 -1 3 8 -1 6 9
6 -1 -1 -1 5 3 -1 9 8
6 -1 -1 -1 5 5 1 8 8
6 -1 -1 -1 5 9 -1 3 8
6 -1 -1 -1 5 -1 2 9 8
6 -1 -1 -1 5 -1 9 2 8
6 -1 -1 -1 6 3 -1 9 7
6 -1 -1 -1 6 3 -1 9 8
6 -1 -1 -1 6 9 -1 3 7
6 -1 -1 -1 6 9 -1 3 8
6 -1 -1 -1 6 -1 2 9 8
6 -1 -1 -1 6 -1 9 2 8
6 -1 -1 -1 7 3 -1 9 6
6 -1 -1 -1 7 9 -1 3 6
6 -1 -1 -1 7 -1 3 9 6
6 -1 -1 -1 7 -1 9 3 6
6 -1 -1 -1 8 3 -1 9 5
6 -1 -1 -1 8 3 -1 9 6
6 -1 -1 -1 8 9 -1 3 5
6 -1 -1 -1 8 9 -1 3 6
6 -1 -1 -1 8 -1 3 9 6
6 -1 -1 -1 8 -1 9 3 6
6 -1 -1 -1 9 5 -1 8 3
6 -1 -1 -1 9 6 -1 7 3
6 -1 -1 -1 9 6 -1 8 3
6 -1 -1 -1 9 7 -1 6 3
6 -1 -1 -1 9 8 -1 5 3
6 -1 -1 -1 9 8 -1 6 3
6 -1 -1 -1 -1 5 2 8 9
6 -1 -1 -1 -1 5 9 8 2
6 -1 -1 -1 -1 6 2 8 9
6 -1 -1 -1 -1 6 9 8 2
6 -1 -1 -1 -1 7 3 6 9
6 -1 -1 -1 -1 7 9 6 3
6 -1 -1 -1 -1 8 3 6 9
6 -1 -1 -1 -1 8 9 6 3
7 3 -1 6 -1 9 6 -1 -1
7 3 -1 6 -1 -1 6 -1 9
7 3 -1 9 6 -1 -1 -1 6
7 3 -1 -1 6 -1 -1 9 6
7 3 -1 -1 9 6 -1 6 -1
7 3 -1 -1 -1 6 9 6 -1
7 6 6 3 -1 -1 -1 9 -1
7 6 6 3 -1 -1 -1 -1 9
7 6 6 9 -1 -1 -1 3 -1
7 6 6 9 -1 -1 -1 -1 3
7 6 6 -1 3 -1 9 -1 -1
7 6 6 -1 3 -1 -1 9 -1
7 6 6 -1 9 -1 3 -1 -1
7 6 6 -1 9 -1 -1 3 -1
7 6 6 -1 -1 3 9 -1 -1
7 6 6 -1 -1 3 -1 -1 9
7 6 6 -1 -1 9 3 -1 -1
7 6 6 -1 -1 9 -1 -1 3
7 9 -1 3 6 -1 -1 -1 6
7 9 -1 6 -1 3 6 -1 -1
7 9 -1 6 -1 -1 6 -1 3
7 9 -1 -1 3 6 -1 6 -1
7 9 -1 -1 6 -1 -1 3 6
7 9 -1 -1 -1 6 3 6 -1
7 -1 3 6 9 -1 6 -1 -1
7 -1 3 6 -1 -1 6 9 -1
7 -1 3 9 -1 6 -1 6 -1
7 -1 3 -1 6 9 -1 -1 6
7 -1 3 -1 6 -1 9 -1 6
7 -1 3 -1 -1 6 -1 6 9
7 -1 9 3 -1 6 -1 6 -1
7 -1 9 6 3 -1 6 -1 -1
7 -1 9 6 -1 -1 6 3 -1
7 -1 9 -1 6 3 -1 -1 6
7 -1 9 -1 6 -1 3 -1 6
7 -1 9 -1 -1 6 -1 6 3
7 -1 -1 3 6 9 -1 -1 6
7 -1 -1 3 9 6 -1 6 -1
7 -1 -1 6 3 9 6 -1 -1
7 -1 -1 6 9 3 6 -1 -1
7 -1 -1 6 -1 -1 6 3 9
7 -1 -1 6 -1 -1 6 9 3
7 -1 -1 9 3 6 -1 6 -1
7 -1 -1 9 6 3 -1 -1 6
7 -1 -1 -1 6 -1 3 9 6
7 -1 -1 -1 6 -1 9 3 6
7 -1 -1 -1 -1 6 3 6 9
7 -1 -1 -1 -1 6 9 6 3
8 1 8 5 5 -1 6 -1 -1
8 1 8 5 -1 5 -1 6 -1
8 1 8 5 -1 -1 6 6 -1
8 1 8 6 6 -1 5 -1 -1
8 1 8 6 -1 6 -1 5 -1
8 1 8 6 -1 -1 5 5 -1
8 1 8 -1 5 5 -1 -1 6
8 1 8 -1 5 -1 6 -1 6
8 1 8 -1 6 6 -1 -1 5
8 1 8 -1 6 -1 5 -1 5
8 1 8 -1 -1 5 -1 6 6
8 1 8 -1 -1 6 -1 5 5
8 1 -1 2 -1 9 9 2 -1
8 1 -1 9 2 -1 2 -1 9
8 1 -1 -1 9 2 -1 9 2
8 2 9 1 -1 2 -1 9 -1
8 2 9 2 1 -1 9 -1 -1
8 2 9 5 -1 -1 6 -1 -1
8 2 9 6 -1 -1 5 -1 -1
8 2 9 6 -1 -1 6 -1 -1
8 2 9 9 -1 -1 2 1 -1
8 2 9 -1 2 1 -1 -1 9
8 2 9 -1 5 -1 -1 -1 6
8 2 9 -1 6 -1 -1 -1 5
8 2 9 -1 6 -1 -1 -1 6
8 2 9 -1 9 -1 1 -1 2
8 2 9 -1 -1 5 -1 6 -1
8 2 9 -1 -1 6 -1 5 -1
8 2 9 -1 -1 6 -1 6 -1
8 2 9 -1 -1 9 -1 2 1
8 3 -1 5 -1 9 6 -1 -1
8 3 -1 6 -1 9 6 -1 -1
8 3 -1 6 -1 -1 5 -1 9
8 3 -1 6 -1 -1 6 -1 9
8 3 -1 9 5 -1 -1 -1 6
8 3 -1 9 6 -1 -1 -1 6
8 3 -1 -1 6 -1 -1 9 5
8 3 -1 -1 6 -1 -1 9 6
8 3 -1 -1 9 5 -1 6 -1
8 3 -1 -1 9 6 -1 6 -1
8 3 -1 -1 -1 6 9 5 -1
8 3 -1 -1 -1 6 9 6 -1
8 5 6 1 5 -1 8 -1 -1
8 5 6 1 -1 6 8 -1 -1
8 5 6 2 -1 -1 9 -1 -1
8 5 6 3 -1 -1 -1 9 -1
8 5 6 5 -1 1 -1 8 -1
8 5 6 6 1 -1 -1 -1 8
8 5 6 8 -1 -1 1 5 -1
8 5 6 8 -1 -1 1 -1 6
8 5 6 9 -1 -1 2 -1 -1
8 5 6 9 -1 -1 -1 3 -1
8 5 6 -1 1 5 -1 -1 8
8 5 6 -1 2 -1 -1 -1 9
8 5 6 -1 3 -1 9 -1 -1
8 5 6 -1 6 1 -1 8 -1
8 5 6 -1 8 -1 5 -1 1
8 5 6 -1 8 -1 -1 6 1
8 5 6 -1 9 -1 3 -1 -1
8 5 6 -1 9 -1 -1 -1 2
8 5 6 -1 -1 2 -1 9 -1
8 5 6 -1 -1 3 -1 -1 9
8 5 6 -1 -1 8 6 1 -1
8 5 6 -1 -1 8 -1 1 5
8 5 6 -1 -1 9 -1 2 -1
8 5 6 -1 -1 9 -1 -1 3
8 5 -1 1 -1 6 8 5 -1
8 5 -1 5 -1 8 6 1 -1
8 5 -1 6 1 -1 5 -1 8
8 5 -1 8 5 -1 1 -1 6
8 5 -1 -1 6 1 -1 8 5
8 5 -1 -1 8 5 -1 6 1
8 6 5 1 6 -1 8 -1 -1
8 6 5 1 -1 5 8 -1 -1
8 6 5 2 -1 -1 9 -1 -1
8 6 5 3 -1 -1 -1 -1 9
8 6 5 5 1 -1 -1 -1 8
8 6 5 6 -1 1 -1 8 -1
8 6 5 8 -1 -1 1 6 -1
8 6 5 8 -1 -1 1 -1 5
8 6 5 9 -1 -1 2 -1 -1
8 6 5 9 -1 -1 -1 -1 3
8 6 5 -1 1 6 -1 -1 8
8 6 5 -1 2 -1 -1 -1 9
8 6 5 -1 3 -1 -1 9 -1
8 6 5 -1 5 1 -1 8 -1
8 6 5 -1 8 -1 6 -1 1
8 6 5 -1 8 -1 -1 5 1
8 6 5 -1 9 -1 -1 3 -1
8 6 5 -1 9 -1 -1 -1 2
8 6 5 -1 -1 2 -1 9 -1
8 6 5 -1 -1 3 9 -1 -1
8 6 5 -1 -1 8 5 1 -1
8 6 5 -1 -1 8 -1 1 6
8 6 5 -1 -1 9 3 -1 -1
8 6 5 -1 -1 9 -1 2 -1
8 6 6 2 -1 -1 9 -1 -1
8 6 6 3 -1 -1 -1 9 -1
8 6 6 3 -1 -1 -1 -1 9
8 6 6 9 -1 -1 2 -1 -1
8 6 6 9 -1 -1 -1 3 -1
8 6 6 9 -1 -1 -1 -1 3
8 6 6 -1 2 -1 -1 -1 9
8 6 6 -1 3 -1 9 -1 -1
8 6 6 -1 3 -1 -1 9 -1
8 6 6 -1 9 -1 3 -1 -1
8 6 6 -1 9 -1 -1 3 -1
8 6 6 -1 9 -1 -1 -1 2
8 6 6 -1 -1 2 -1 9 -1
8 6 6 -1 -1 3 9 -1 -1
8 6 6 -1 -1 3 -1 -1 9
8 6 6 -1 -1 9 3 -1 -1
8 6 6 -1 -1 9 -1 2 -1
8 6 6 -1 -1 9 -1 -1 3
8 6 -1 1 -1 5 8 6 -1
8 6 -1 5 1 -1 6 -1 8
8 6 -1 6 -1 8 5 1 -1
8 6 -1 8 6 -1 1 -1 5
8 6 -1 -1 5 1 -1 8 6
8 6 -1 -1 8 6 -1 5 1
8 8 1 5 5 -1 -1 -1 6
8 8 1 5 -1 5 6 -1 -1
8 8 1 5 -1 -1 6 -1 6
8 8 1 6 6 -1 -1 -1 5
8 8 1 6 -1 6 5 -1 -1
8 8 1 6 -1 -1 5 -1 5
8 8 1 -1 5 5 -1 6 -1
8 8 1 -1 5 -1 -1 6 6
8 8 1 -1 6 6 -1 5 -1
8 8 1 -1 6 -1 -1 5 5
8 8 1 -1 -1 5 6 6 -1
8 8 1 -1 -1 6 5 5 -1
8 9 2 1 2 -1 -1 -1 9
8 9 2 2 -1 1 9 -1 -1
8 9 2 5 -1 -1 6 -1 -1
8 9 2 6 -1 -1 5 -1 -1
8 9 2 6 -1 -1 6 -1 -1
8 9 2 9 -1 -1 2 -1 1
8 9 2 -1 1 2 -1 9 -1
8 9 2 -1 5 -1 -1 -1 6
8 9 2 -1 6 -1 -1 -1 5
8 9 2 -1 6 -1 -1 -1 6
8 9 2 -1 9 -1 -1 1 2
8 9 2 -1 -1 5 -1 6 -1
8 9 2 -1 -1 6 -1 5 -1
8 9 2 -1 -1 6 -1 6 -1
8 9 2 -1 -1 9 1 2 -1
8 9 -1 3 5 -1 -1 -1 6
8 9 -1 3 6 -1 -1 -1 6
8 9 -1 5 -1 3 6 -1 -1
8 9 -1 6 -1 3 6 -1 -1
8 9 -1 6 -1 -1 5 -1 3
8 9 -1 6 -1 -1 6 -1 3
8 9 -1 -1 3 5 -1 6 -1
8 9 -1 -1 3 6 -1 6 -1
8 9 -1 -1 6 -1 -1 3 5
8 9 -1 -1 6 -1 -1 3 6
8 9 -1 -1 -1 6 3 5 -1
8 9 -1 -1 -1 6 3 6 -1
8 -1 1 2 9 -1 9 -1 2
8 -1 1 9 -1 2 2 9 -1
8 -1 1 -1 2 9 -1 2 9
8 -1 3 5 9 -1 6 -1 -1
8 -1 3 6 9 -1 6 -1 -1
8 -1 3 6 -1 -1 5 9 -1
8 -1 3 6 -1 -1 6 9 -1
8 -1 3 9 -1 5 -1 6 -1
8 -1 3 9 -1 6 -1 6 -1
8 -1 3 -1 5 9 -1 -1 6
8 -1 3 -1 6 9 -1 -1 6
8 -1 3 -1 6 -1 9 -1 5
8 -1 3 -1 6 -1 9 -1 6
8 -1 3 -1 -1 6 -1 5 9
8 -1 3 -1 -1 6 -1 6 9
8 -1 5 1 6 -1 8 -1 5
8 -1 5 5 8 -1 6 -1 1
8 -1 5 6 -1 1 5 8 -1
8 -1 5 8 -1 5 1 6 -1
8 -1 5 -1 1 6 -1 5 8
8 -1 5 -1 5 8 -1 1 6
8 -1 6 1 5 -1 8 -1 6
8 -1 6 5 -1 1 6 8 -1
8 -1 6 6 8 -1 5 -1 1
8 -1 6 8 -1 6 1 5 -1
8 -1 6 -1 1 5 -1 6 8
8 -1 6 -1 6 8 -1 1 5
8 -1 9 3 -1 5 -1 6 -1
8 -1 9 3 -1 6 -1 6 -1
8 -1 9 5 3 -1 6 -1 -1
8 -1 9 6 3 -1 6 -1 -1
8 -1 9 6 -1 -1 5 3 -1
8 -1 9 6 -1 -1 6 3 -1
8 -1 9 -1 5 3 -1 -1 6
8 -1 9 -1 6 3 -1 -1 6
8 -1 9 -1 6 -1 3 -1 5
8 -1 9 -1 6 -1 3 -1 6
8 -1 9 -1 -1 6 -1 5 3
8 -1 9 -1 -1 6 -1 6 3
8 -1 -1 1 5 -1 8 5 6
8 -1 -1 1 6 -1 8 6 5
8 -1 -1 1 9 9 -1 2 2
8 -1 -1 1 -1 5 8 6 5
8 -1 -1 1 -1 6 8 5 6
8 -1 -1 2 2 -1 9 1 9
8 -1 -1 2 5 -1 9 -1 6
8 -1 -1 2 6 -1 9 -1 5
8 -1 -1 2 6 -1 9 -1 6
8 -1 -1 2 -1 2 9 9 1
8 -1 -1 2 -1 5 9 6 -1
8 -1 -1 2 -1 6 9 5 -1
8 -1 -1 2 -1 6 9 6 -1
8 -1 -1 3 6 9 -1 -1 5
8 -1 -1 3 6 9 -1 -1 6
8 -1 -1 3 9 6 -1 5 -1
8 -1 -1 3 9 6 -1 6 -1
8 -1 -1 5 1 -1 6 5 8
8 -1 -1 5 2 -1 6 -1 9
8 -1 -1 5 6 8 6 1 -1
8 -1 -1 5 6 8 -1 1 5
8 -1 -1 5 8 6 6 -1 1
8 -1 -1 5 8 6 -1 5 1
8 -1 -1 5 9 -1 6 -1 2
8 -1 -1 5 -1 1 6 8 5
8 -1 -1 5 -1 2 6 9 -1
8 -1 -1 5 -1 9 6 2 -1
8 -1 -1 5 -1 -1 6 3 9
8 -1 -1 5 -1 -1 6 9 3
8 -1 -1 6 1 -1 5 6 8
8 -1 -1 6 2 -1 5 -1 9
8 -1 -1 6 2 -1 6 -1 9
8 -1 -1 6 3 9 5 -1 -1
8 -1 -1 6 3 9 6 -1 -1
8 -1 -1 6 5 8 5 1 -1
8 -1 -1 6 5 8 -1 1 6
8 -1 -1 6 8 5 5 -1 1
8 -1 -1 6 8 5 -1 6 1
8 -1 -1 6 9 3 5 -1 -1
8 -1 -1 6 9 3 6 -1 -1
8 -1 -1 6 9 -1 5 -1 2
8 -1 -1 6 9 -1 6 -1 2
8 -1 -1 6 -1 1 5 8 6
8 -1 -1 6 -1 2 5 9 -1
8 -1 -1 6 -1 2 6 9 -1
8 -1 -1 6 -1 9 5 2 -1
8 -1 -1 6 -1 9 6 2 -1
8 -1 -1 6 -1 -1 6 3 9
8 -1 -1 6 -1 -1 6 9 3
8 -1 -1 8 5 6 1 5 -1
8 -1 -1 8 5 6 1 -1 6
8 -1 -1 8 6 5 1 6 -1
8 -1 -1 8 6 5 1 -1 5
8 -1 -1 9 1 9 2 2 -1
8 -1 -1 9 3 6 -1 5 -1
8 -1 -1 9 3 6 -1 6 -1
8 -1 -1 9 5 -1 2 -1 6
8 -1 -1 9 6 3 -1 -1 5
8 -1 -1 9 6 3 -1 -1 6
8 -1 -1 9 6 -1 2 -1 5
8 -1 -1 9 6 -1 2 -1 6
8 -1 -1 9 9 1 2 -1 2
8 -1 -1 9 -1 5 2 6 -1
8 -1 -1 9 -1 6 2 5 -1
8 -1 -1 9 -1 6 2 6 -1
8 -1 -1 -1 1 5 5 6 8
8 -1 -1 -1 1 6 6 5 8
8 -1 -1 -1 2 2 1 9 9
8 -1 -1 -1 2 5 -1 6 9
8 -1 -1 -1 2 6 -1 5 9
8 -1 -1 -1 2 6 -1 6 9
8 -1 -1 -1 5 1 5 8 6
8 -1 -1 -1 5 2 -1 9 6
8 -1 -1 -1 5 9 -1 2 6
8 -1 -1 -1 5 -1 3 9 6
8 -1 -1 -1 5 -1 9 3 6
8 -1 -1 -1 6 1 6 8 5
8 -1 -1 -1 6 2 -1 9 5
8 -1 -1 -1 6 2 -1 9 6
8 -1 -1 -1 6 9 -1 2 5
8 -1 -1 -1 6 9 -1 2 6
8 -1 -1 -1 6 -1 3 9 6
8 -1 -1 -1 6 -1 9 3 6
8 -1 -1 -1 9 5 -1 6 2
8 -1 -1 -1 9 6 -1 5 2
8 -1 -1 -1 9 6 -1 6 2
8 -1 -1 -1 -1 5 3 6 9
8 -1 -1 -1 -1 5 9 6 3
8 -1 -1 -1 -1 6 3 6 9
8 -1 -1 -1 -1 6 9 6 3
9 1 9 1 1 -1 9 -1 -1
9 1 9 1 -1 1 -1 9 -1
9 1 9 2 2 -1 8 -1 -1
9 1 9 2 -1 2 -1 8 -1
9 1 9 8 -1 -1 2 2 -1
9 1 9 9 -1 -1 1 1 -1
9 1 9 -1 1 1 -1 -1 9
9 1 9 -1 2 2 -1 -1 8
9 1 9 -1 8 -1 2 -1 2
9 1 9 -1 9 -1 1 -1 1
9 1 9 -1 -1 8 -1 2 2
9 1 9 -1 -1 9 -1 1 1
9 1 -1 1 -1 9 9 1 -1
9 1 -1 9 1 -1 1 -1 9
9 1 -1 -1 9 1 -1 9 1
9 2 8 1 2 -1 9 -1 -1
9 2 8 2 -1 1 -1 9 -1
9 2 8 5 -1 -1 -1 6 -1
9 2 8 6 -1 -1 -1 5 -1
9 2 8 6 -1 -1 -1 6 -1
9 2 8 9 -1 -1 1 2 -1
9 2 8 -1 1 2 -1 -1 9
9 2 8 -1 5 -1 6 -1 -1
9 2 8 -1 6 -1 5 -1 -1
9 2 8 -1 6 -1 6 -1 -1
9 2 8 -1 9 -1 2 -1 1
9 2 8 -1 -1 5 -1 -1 6
9 2 8 -1 -1 6 -1 -1 5
9 2 8 -1 -1 6 -1 -1 6
9 2 8 -1 -1 9 -1 1 2
9 2 -1 1 -1 8 9 2 -1
9 2 -1 2 -1 9 8 1 -1
9 2 -1 8 1 -1 2 -1 9
9 2 -1 9 2 -1 1 -1 8
9 2 -1 -1 8 1 -1 9 2
9 2 -1 -1 9 2 -1 8 1
9 3 6 5 -1 -1 -1 8 -1
9 3 6 6 -1 -1 -1 7 -1
9 3 6 6 -1 -1 -1 8 -1
9 3 6 7 -1 -1 -1 6 -1
9 3 6 8 -1 -1 -1 5 -1
9 3 6 8 -1 -1 -1 6 -1
9 3 6 -1 5 -1 8 -1 -1
9 3 6 -1 6 -1 7 -1 -1
9 3 6 -1 6 -1 8 -1 -1
9 3 6 -1 7 -1 6 -1 -1
9 3 6 -1 8 -1 5 -1 -1
9 3 6 -1 8 -1 6 -1 -1
9 3 6 -1 -1 5 -1 -1 8
9 3 6 -1 -1 6 -1 -1 7
9 3 6 -1 -1 6 -1 -1 8
9 3 6 -1 -1 7 -1 -1 6
9 3 6 -1 -1 8 -1 -1 5
9 3 6 -1 -1 8 -1 -1 6
9 5 -1 2 -1 6 8 -1 -1
9 5 -1 3 -1 8 6 -1 -1
9 5 -1 6 2 -1 -1 -1 8
9 5 -1 6 -1 -1 3 -1 8
9 5 -1 8 3 -1 -1 -1 6
9 5 -1 8 -1 -1 2 -1 6
9 5 -1 -1 6 2 -1 8 -1
9 5 -1 -1 6 -1 -1 8 3
9 5 -1 -1 8 3 -1 6 -1
9 5 -1 -1 8 -1 -1 6 2
9 5 -1 -1 -1 6 8 3 -1
9 5 -1 -1 -1 8 6 2 -1
9 6 3 5 -1 -1 -1 -1 8
9 6 3 6 -1 -1 -1 -1 7
9 6 3 6 -1 -1 -1 -1 8
9 6 3 7 -1 -1 -1 -1 6
9 6 3 8 -1 -1 -1 -1 5
9 6 3 8 -1 -1 -1 -1 6
9 6 3 -1 5 -1 -1 8 -1
9 6 3 -1 6 -1 -1 7 -1
9 6 3 -1 6 -1 -1 8 -1
9 6 3 -1 7 -1 -1 6 -1
9 6 3 -1 8 -1 -1 5 -1
9 6 3 -1 8 -1 -1 6 -1
9 6 3 -1 -1 5 8 -1 -1
9 6 3 -1 -1 6 7 -1 -1
9 6 3 -1 -1 6 8 -1 -1
9 6 3 -1 -1 7 6 -1 -1
9 6 3 -1 -1 8 5 -1 -1
9 6 3 -1 -1 8 6 -1 -1
9 6 -1 2 -1 5 8 -1 -1
9 6 -1 2 -1 6 8 -1 -1
9 6 -1 3 -1 7 6 -1 -1
9 6 -1 3 -1 8 6 -1 -1
9 6 -1 5 2 -1 -1 -1 8
9 6 -1 6 2 -1 -1 -1 8
9 6 -1 6 -1 -1 3 -1 7
9 6 -1 6 -1 -1 3 -1 8
9 6 -1 7 3 -1 -1 -1 6
9 6 -1 8 3 -1 -1 -1 6
9 6 -1 8 -1 -1 2 -1 5
9 6 -1 8 -1 -1 2 -1 6
9 6 -1 -1 5 2 -1 8 -1
9 6 -1 -1 6 2 -1 8 -1
9 6 -1 -1 6 -1 -1 7 3
9 6 -1 -1 6 -1 -1 8 3
9 6 -1 -1 7 3 -1 6 -1
9 6 -1 -1 8 3 -1 6 -1
9 6 -1 -1 8 -1 -1 5 2
9 6 -1 -1 8 -1 -1 6 2
9 6 -1 -1 -1 6 7 3 -1
9 6 -1 -1 -1 6 8 3 -1
9 6 -1 -1 -1 8 5 2 -1
9 6 -1 -1 -1 8 6 2 -1
9 7 -1 3 -1 6 6 -1 -1
9 7 -1 6 3 -1 -1 -1 6
9 7 -1 6 -1 -1 3 -1 6
9 7 -1 -1 6 3 -1 6 -1
9 7 -1 -1 6 -1 -1 6 3
9 7 -1 -1 -1 6 6 3 -1
9 8 2 1 -1 2 9 -1 -1
9 8 2 2 1 -1 -1 -1 9
9 8 2 5 -1 -1 -1 -1 6
9 8 2 6 -1 -1 -1 -1 5
9 8 2 6 -1 -1 -1 -1 6
9 8 2 9 -1 -1 1 -1 2
9 8 2 -1 2 1 -1 9 -1
9 8 2 -1 5 -1 -1 6 -1
9 8 2 -1 6 -1 -1 5 -1
9 8 2 -1 6 -1 -1 6 -1
9 8 2 -1 9 -1 -1 2 1
9 8 2 -1 -1 5 6 -1 -1
9 8 2 -1 -1 6 5 -1 -1
9 8 2 -1 -1 6 6 -1 -1
9 8 2 -1 -1 9 2 1 -1
9 8 -1 3 -1 5 6 -1 -1
9 8 -1 3 -1 6 6 -1 -1
9 8 -1 5 3 -1 -1 -1 6
9 8 -1 6 3 -1 -1 -1 6
9 8 -1 6 -1 -1 3 -1 5
9 8 -1 6 -1 -1 3 -1 6
9 8 -1 -1 5 3 -1 6 -1
9 8 -1 -1 6 3 -1 6 -1
9 8 -1 -1 6 -1 -1 5 3
9 8 -1 -1 6 -1 -1 6 3
9 8 -1 -1 -1 6 5 3 -1
9 8 -1 -1 -1 6 6 3 -1
9 9 1 1 1 -1 -1 -1 9
9 9 1 1 -1 1 9 -1 -1
9 9 1 2 2 -1 -1 -1 8
9 9 1 2 -1 2 8 -1 -1
9 9 1 8 -1 -1 2 -1 2
9 9 1 9 -1 -1 1 -1 1
9 9 1 -1 1 1 -1 9 -1
9 9 1 -1 2 2 -1 8 -1
9 9 1 -1 8 -1 -1 2 2
9 9 1 -1 9 -1 -1 1 1
9 9 1 -1 -1 8 2 2 -1
9 9 1 -1 -1 9 1 1 -1
9 -1 1 1 9 -1 9 -1 1
9 -1 1 9 -1 1 1 9 -1
9 -1 1 -1 1 9 -1 1 9
9 -1 2 1 8 -1 9 -1 2
9 -1 2 2 9 -1 8 -1 1
9 -1 2 8 -1 1 2 9 -1
9 -1 2 9 -1 2 1 8 -1
9 -1 2 -1 1 8 -1 2 9
9 -1 2 -1 2 9 -1 1 8
9 -1 5 2 6 -1 8 -1 -1
9 -1 5 3 8 -1 6 -1 -1
9 -1 5 6 -1 2 -1 8 -1
9 -1 5 6 -1 -1 3 8 -1
9 -1 5 8 -1 3 -1 6 -1
9 -1 5 8 -1 -1 2 6 -1
9 -1 5 -1 2 6 -1 -1 8
9 -1 5 -1 3 8 -1 -1 6
9 -1 5 -1 6 -1 8 -1 3
9 -1 5 -1 8 -1 6 -1 2
9 -1 5 -1 -1 6 -1 3 8
9 -1 5 -1 -1 8 -1 2 6
9 -1 6 2 5 -1 8 -1 -1
9 -1 6 2 6 -1 8 -1 -1
9 -1 6 3 7 -1 6 -1 -1
9 -1 6 3 8 -1 6 -1 -1
9 -1 6 5 -1 2 -1 8 -1
9 -1 6 6 -1 2 -1 8 -1
9 -1 6 6 -1 -1 3 7 -1
9 -1 6 6 -1 -1 3 8 -1
9 -1 6 7 -1 3 -1 6 -1
9 -1 6 8 -1 3 -1 6 -1
9 -1 6 8 -1 -1 2 5 -1
9 -1 6 8 -1 -1 2 6 -1
9 -1 6 -1 2 5 -1 -1 8
9 -1 6 -1 2 6 -1 -1 8
9 -1 6 -1 3 7 -1 -1 6
9 -1 6 -1 3 8 -1 -1 6
9 -1 6 -1 6 -1 7 -1 3
9 -1 6 -1 6 -1 8 -1 3
9 -1 6 -1 8 -1 5 -1 2
9 -1 6 -1 8 -1 6 -1 2
9 -1 6 -1 -1 6 -1 3 7
9 -1 6 -1 -1 6 -1 3 8
9 -1 6 -1 -1 8 -1 2 5
9 -1 6 -1 -1 8 -1 2 6
9 -1 7 3 6 -1 6 -1 -1
9 -1 7 6 -1 3 -1 6 -1
9 -1 7 6 -1 -1 3 6 -1
9 -1 7 -1 3 6 -1 -1 6
9 -1 7 -1 6 -1 6 -1 3
9 -1 7 -1 -1 6 -1 3 6
9 -1 8 3 5 -1 6 -1 -1
9 -1 8 3 6 -1 6 -1 -1
9 -1 8 5 -1 3 -1 6 -1
9 -1 8 6 -1 3 -1 6 -1
9 -1 8 6 -1 -1 3 5 -1
9 -1 8 6 -1 -1 3 6 -1
9 -1 8 -1 3 5 -1 -1 6
9 -1 8 -1 3 6 -1 -1 6
9 -1 8 -1 6 -1 5 -1 3
9 -1 8 -1 6 -1 6 -1 3
9 -1 8 -1 -1 6 -1 3 5
9 -1 8 -1 -1 6 -1 3 6
9 -1 -1 1 1 -1 9 1 9
9 -1 -1 1 2 -1 9 2 8
9 -1 -1 1 9 9 -1 1 1
9 -1 -1 1 -1 1 9 9 1
9 -1 -1 1 -1 2 9 8 2
9 -1 -1 2 1 -1 8 2 9
9 -1 -1 2 8 9 -1 1 2
9 -1 -1 2 9 8 -1 2 1
9 -1 -1 2 -1 1 8 9 2
9 -1 -1 2 -1 -1 8 5 6
9 -1 -1 2 -1 -1 8 6 5
9 -1 -1 2 -1 -1 8 6 6
9 -1 -1 3 -1 -1 6 5 8
9 -1 -1 3 -1 -1 6 6 7
9 -1 -1 3 -1 -1 6 6 8
9 -1 -1 3 -1 -1 6 7 6
9 -1 -1 3 -1 -1 6 8 5
9 -1 -1 3 -1 -1 6 8 6
9 -1 -1 5 6 8 -1 2 -1
9 -1 -1 5 6 8 -1 -1 3
9 -1 -1 5 8 6 -1 3 -1
9 -1 -1 5 8 6 -1 -1 2
9 -1 -1 6 5 8 3 -1 -1
9 -1 -1 6 5 8 -1 2 -1
9 -1 -1 6 6 7 3 -1 -1
9 -1 -1 6 6 7 -1 -1 3
9 -1 -1 6 6 8 3 -1 -1
9 -1 -1 6 6 8 -1 2 -1
9 -1 -1 6 6 8 -1 -1 3
9 -1 -1 6 7 6 3 -1 -1
9 -1 -1 6 7 6 -1 3 -1
9 -1 -1 6 8 5 3 -1 -1
9 -1 -1 6 8 5 -1 -1 2
9 -1 -1 6 8 6 3 -1 -1
9 -1 -1 6 8 6 -1 3 -1
9 -1 -1 6 8 6 -1 -1 2
9 -1 -1 7 6 6 -1 3 -1
9 -1 -1 7 6 6 -1 -1 3
9 -1 -1 8 2 9 2 1 -1
9 -1 -1 8 5 6 2 -1 -1
9 -1 -1 8 5 6 -1 3 -1
9 -1 -1 8 6 5 2 -1 -1
9 -1 -1 8 6 5 -1 -1 3
9 -1 -1 8 6 6 2 -1 -1
9 -1 -1 8 6 6 -1 3 -1
9 -1 -1 8 6 6 -1 -1 3
9 -1 -1 8 9 2 2 -1 1
9 -1 -1 9 1 9 1 1 -1
9 -1 -1 9 2 8 1 2 -1
9 -1 -1 9 8 2 1 -1 2
9 -1 -1 9 9 1 1 -1 1
9 -1 -1 -1 1 1 1 9 9
9 -1 -1 -1 1 2 2 8 9
9 -1 -1 -1 2 1 2 9 8
9 -1 -1 -1 2 -1 5 6 8
9 -1 -1 -1 2 -1 6 5 8
9 -1 -1 -1 2 -1 6 6 8
9 -1 -1 -1 3 -1 5 8 6
9 -1 -1 -1 3 -1 6 7 6
9 -1 -1 -1 3 -1 6 8 6
9 -1 -1 -1 3 -1 7 6 6
9 -1 -1 -1 3 -1 8 5 6
9 -1 -1 -1 3 -1 8 6 6
9 -1 -1 -1 -1 2 5 8 6
9 -1 -1 -1 -1 2 6 8 5
9 -1 -1 -1 -1 2 6 8 6
9 -1 -1 -1 -1 3 5 6 8
9 -1 -1 -1 -1 3 6 6 7
9 -1 -1 -1 -1 3 6 6 8
9 -1 -1 -1 -1 3 7 6 6
9 -1 -1 -1 -1 3 8 6 5
9 -1 -1 -1 -1 3 8 6 6
-1 1 1 1 9 9 9 -1 -1
-1 1 1 9 1 9 -1 -1 9
-1 1 1 9 9 1 -1 9 -1
-1 1 1 9 -1 -1 1 9 9
-1 1 1 -1 9 -1 9 9 1
-1 1 1 -1 -1 9 9 1 9
-1 1 2 2 8 9 9 -1 -1
-1 1 2 8 9 2 -1 9 -1
-1 1 2 9 2 8 -1 -1 9
-1 1 2 9 -1 -1 2 8 9
-1 1 2 -1 9 -1 8 9 2
-1 1 2 -1 -1 9 9 2 8
-1 1 5 5 6 8 8 -1 -1
-1 1 5 6 8 5 -1 8 -1
-1 1 5 6 8 -1 6 8 -1
-1 1 5 8 5 6 -1 -1 8
-1 1 5 8 -1 6 -1 6 8
-1 1 5 8 -1 -1 5 6 8
-1 1 5 -1 6 8 8 -1 6
-1 1 5 -1 8 -1 6 8 5
-1 1 5 -1 -1 8 8 5 6
-1 1 6 5 8 6 -1 8 -1
-1 1 6 5 8 -1 5 8 -1
-1 1 6 6 5 8 8 -1 -1
-1 1 6 8 6 5 -1 -1 8
-1 1 6 8 -1 5 -1 5 8
-1 1 6 8 -1 -1 6 5 8
-1 1 6 -1 5 8 8 -1 5
-1 1 6 -1 8 -1 5 8 6
-1 1 6 -1 -1 8 8 6 5
-1 1 8 2 9 -1 2 9 -1
-1 1 8 9 -1 2 -1 2 9
-1 1 8 -1 2 9 9 -1 2
-1 1 9 1 9 -1 1 9 -1
-1 1 9 9 -1 1 -1 1 9
-1 1 9 -1 1 9 9 -1 1
-1 2 1 2 9 8 9 -1 -1
-1 2 1 8 2 9 -1 -1 9
-1 2 1 9 8 2 -1 9 -1
-1 2 1 9 -1 -1 2 9 8
-1 2 1 -1 9 -1 9 8 2
-1 2 1 -1 -1 9 8 2 9
-1 2 2 1 9 9 8 -1 -1
-1 2 2 8 -1 -1 1 9 9
-1 2 2 9 1 9 -1 -1 8
-1 2 2 9 9 1 -1 8 -1
-1 2 2 -1 8 -1 9 9 1
-1 2 2 -1 -1 8 9 1 9
-1 2 5 6 9 -1 -1 8 -1
-1 2 5 8 -1 -1 -1 6 9
-1 2 5 9 -1 6 -1 -1 8
-1 2 5 -1 6 9 8 -1 -1
-1 2 5 -1 8 -1 6 9 -1
-1 2 5 -1 -1 8 9 -1 6
-1 2 6 5 9 -1 -1 8 -1
-1 2 6 6 9 -1 -1 8 -1
-1 2 6 8 -1 -1 -1 5 9
-1 2 6 8 -1 -1 -1 6 9
-1 2 6 9 -1 5 -1 -1 8
-1 2 6 9 -1 6 -1 -1 8
-1 2 6 -1 5 9 8 -1 -1
-1 2 6 -1 6 9 8 -1 -1
-1 2 6 -1 8 -1 5 9 -1
-1 2 6 -1 8 -1 6 9 -1
-1 2 6 -1 -1 8 9 -1 5
-1 2 6 -1 -1 8 9 -1 6
-1 2 9 1 8 -1 2 9 -1
-1 2 9 2 9 -1 1 8 -1
-1 2 9 8 -1 1 -1 2 9
-1 2 9 9 -1 2 -1 1 8
-1 2 9 -1 1 8 9 -1 2
-1 2 9 -1 2 9 8 -1 1
-1 2 -1 5 6 8 9 -1 -1
-1 2 -1 5 8 6 -1 9 -1
-1 2 -1 6 5 8 9 -1 -1
-1 2 -1 6 6 8 9 -1 -1
-1 2 -1 6 8 5 -1 9 -1
-1 2 -1 6 8 6 -1 9 -1
-1 2 -1 8 5 6 -1 -1 9
-1 2 -1 8 6 5 -1 -1 9
-1 2 -1 8 6 6 -1 -1 9
-1 2 -1 9 -1 -1 5 6 8
-1 2 -1 9 -1 -1 6 5 8
-1 2 -1 9 -1 -1 6 6 8
-1 2 -1 -1 9 -1 5 8 6
-1 2 -1 -1 9 -1 6 8 5
-1 2 -1 -1 9 -1 6 8 6
-1 2 -1 -1 -1 9 8 5 6
-1 2 -1 -1 -1 9 8 6 5
-1 2 -1 -1 -1 9 8 6 6
-1 3 5 6 -1 -1 -1 8 9
-1 3 5 8 9 -1 -1 6 -1
-1 3 5 9 -1 8 -1 -1 6
-1 3 5 -1 6 -1 8 9 -1
-1 3 5 -1 8 9 6 -1 -1
-1 3 5 -1 -1 6 9 -1 8
-1 3 6 6 -1 -1 -1 7 9
-1 3 6 6 -1 -1 -1 8 9
-1 3 6 7 9 -1 -1 6 -1
-1 3 6 8 9 -1 -1 6 -1
-1 3 6 9 -1 7 -1 -1 6
-1 3 6 9 -1 8 -1 -1 6
-1 3 6 -1 6 -1 7 9 -1
-1 3 6 -1 6 -1 8 9 -1
-1 3 6 -1 7 9 6 -1 -1
-1 3 6 -1 8 9 6 -1 -1
-1 3 6 -1 -1 6 9 -1 7
-1 3 6 -1 -1 6 9 -1 8
-1 3 7 6 9 -1 -1 6 -1
-1 3 7 6 -1 -1 -1 6 9
-1 3 7 9 -1 6 -1 -1 6
-1 3 7 -1 6 9 6 -1 -1
-1 3 7 -1 6 -1 6 9 -1
-1 3 7 -1 -1 6 9 -1 6
-1 3 8 5 9 -1 -1 6 -1
-1 3 8 6 9 -1 -1 6 -1
-1 3 8 6 -1 -1 -1 5 9
-1 3 8 6 -1 -1 -1 6 9
-1 3 8 9 -1 5 -1 -1 6
-1 3 8 9 -1 6 -1 -1 6
-1 3 8 -1 5 9 6 -1 -1
-1 3 8 -1 6 9 6 -1 -1
-1 3 8 -1 6 -1 5 9 -1
-1 3 8 -1 6 -1 6 9 -1
-1 3 8 -1 -1 6 9 -1 5
-1 3 8 -1 -1 6 9 -1 6
-1 3 -1 5 6 8 -1 9 -1
-1 3 -1 5 8 6 9 -1 -1
-1 3 -1 6 5 8 -1 -1 9
-1 3 -1 6 6 7 -1 9 -1
-1 3 -1 6 6 7 -1 -1 9
-1 3 -1 6 6 8 -1 9 -1
-1 3 -1 6 6 8 -1 -1 9
-1 3 -1 6 7 6 9 -1 -1
-1 3 -1 6 7 6 -1 -1 9
-1 3 -1 6 8 5 -1 -1 9
-1 3 -1 6 8 6 9 -1 -1
-1 3 -1 6 8 6 -1 -1 9
-1 3 -1 7 6 6 9 -1 -1
-1 3 -1 7 6 6 -1 9 -1
-1 3 -1 8 5 6 9 -1 -1
-1 3 -1 8 6 5 -1 9 -1
-1 3 -1 8 6 6 9 -1 -1
-1 3 -1 8 6 6 -1 9 -1
-1 3 -1 9 -1 -1 5 8 6
-1 3 -1 9 -1 -1 6 7 6
-1 3 -1 9 -1 -1 6 8 6
-1 3 -1 9 -1 -1 7 6 6
-1 3 -1 9 -1 -1 8 5 6
-1 3 -1 9 -1 -1 8 6 6
-1 3 -1 -1 9 -1 5 6 8
-1 3 -1 -1 9 -1 6 6 7
-1 3 -1 -1 9 -1 6 6 8
-1 3 -1 -1 9 -1 7 6 6
-1 3 -1 -1 9 -1 8 6 5
-1 3 -1 -1 9 -1 8 6 6
-1 3 -1 -1 -1 9 6 5 8
-1 3 -1 -1 -1 9 6 6 7
-1 3 -1 -1 -1 9 6 6 8
-1 3 -1 -1 -1 9 6 7 6
-1 3 -1 -1 -1 9 6 8 5
-1 3 -1 -1 -1 9 6 8 6
-1 5 1 5 8 6 8 -1 -1
-1 5 1 6 5 8 -1 -1 8
-1 5 1 6 -1 8 6 -1 8
-1 5 1 8 6 5 -1 8 -1
-1 5 1 8 6 -1 -1 8 6
-1 5 1 8 -1 -1 5 8 6
-1 5 1 -1 8 6 8 6 -1
-1 5 1 -1 8 -1 8 6 5
-1 5 1 -1 -1 8 6 5 8
-1 5 2 6 -1 9 -1 -1 8
-1 5 2 8 -1 -1 -1 9 6
-1 5 2 9 6 -1 -1 8 -1
-1 5 2 -1 8 -1 9 6 -1
-1 5 2 -1 9 6 8 -1 -1
-1 5 2 -1 -1 8 6 -1 9
-1 5 3 6 -1 -1 -1 9 8
-1 5 3 8 -1 9 -1 -1 6
-1 5 3 9 8 -1 -1 6 -1
-1 5 3 -1 6 -1 9 8 -1
-1 5 3 -1 9 8 6 -1 -1
-1 5 3 -1 -1 6 8 -1 9
-1 5 5 1 8 8 6 -1 -1
-1 5 5 6 -1 -1 1 8 8
-1 5 5 8 1 8 -1 -1 6
-1 5 5 8 8 1 -1 6 -1
-1 5 5 -1 6 -1 8 8 1
-1 5 5 -1 -1 6 8 1 8
-1 5 8 1 6 -1 5 8 -1
-1 5 8 5 8 -1 1 6 -1
-1 5 8 6 -1 1 -1 5 8
-1 5 8 8 -1 5 -1 1 6
-1 5 8 -1 1 6 8 -1 5
-1 5 8 -1 5 8 6 -1 1
-1 5 9 2 6 -1 -1 8 -1
-1 5 9 3 8 -1 -1 6 -1
-1 5 9 6 -1 2 -1 -1 8
-1 5 9 6 -1 -1 -1 3 8
-1 5 9 8 -1 3 -1 -1 6
-1 5 9 8 -1 -1 -1 2 6
-1 5 9 -1 2 6 8 -1 -1
-1 5 9 -1 3 8 6 -1 -1
-1 5 9 -1 6 -1 3 8 -1
-1 5 9 -1 8 -1 2 6 -1
-1 5 9 -1 -1 6 8 -1 3
-1 5 9 -1 -1 8 6 -1 2
-1 5 -1 1 8 8 6 6 -1
-1 5 -1 2 8 9 -1 6 -1
-1 5 -1 2 9 8 6 -1 -1
-1 5 -1 3 6 9 -1 8 -1
-1 5 -1 3 9 6 8 -1 -1
-1 5 -1 6 3 9 -1 -1 8
-1 5 -1 6 6 -1 1 8 8
-1 5 -1 6 9 3 -1 -1 8
-1 5 -1 6 -1 6 8 1 8
-1 5 -1 6 -1 -1 2 9 8
-1 5 -1 6 -1 -1 9 2 8
-1 5 -1 8 1 8 6 -1 6
-1 5 -1 8 2 9 -1 -1 6
-1 5 -1 8 8 1 -1 6 6
-1 5 -1 8 9 2 -1 -1 6
-1 5 -1 8 -1 -1 3 9 6
-1 5 -1 8 -1 -1 9 3 6
-1 5 -1 9 2 8 6 -1 -1
-1 5 -1 9 3 6 8 -1 -1
-1 5 -1 9 6 3 -1 8 -1
-1 5 -1 9 8 2 -1 6 -1
-1 5 -1 -1 6 6 8 8 1
-1 5 -1 -1 6 -1 2 8 9
-1 5 -1 -1 6 -1 9 8 2
-1 5 -1 -1 8 -1 3 6 9
-1 5 -1 -1 8 -1 9 6 3
-1 5 -1 -1 -1 6 8 2 9
-1 5 -1 -1 -1 6 8 9 2
-1 5 -1 -1 -1 8 6 3 9
-1 5 -1 -1 -1 8 6 9 3
-1 6 1 5 6 8 -1 -1 8
-1 6 1 5 -1 8 5 -1 8
-1 6 1 6 8 5 8 -1 -1
-1 6 1 8 5 6 -1 8 -1
-1 6 1 8 5 -1 -1 8 5
-1 6 1 8 -1 -1 6 8 5
-1 6 1 -1 8 5 8 5 -1
-1 6 1 -1 8 -1 8 5 6
-1 6 1 -1 -1 8 5 6 8
-1 6 2 5 -1 9 -1 -1 8
-1 6 2 6 -1 9 -1 -1 8
-1 6 2 8 -1 -1 -1 9 5
-1 6 2 8 -1 -1 -1 9 6
-1 6 2 9 5 -1 -1 8 -1
-1 6 2 9 6 -1 -1 8 -1
-1 6 2 -1 8 -1 9 5 -1
-1 6 2 -1 8 -1 9 6 -1
-1 6 2 -1 9 5 8 -1 -1
-1 6 2 -1 9 6 8 -1 -1
-1 6 2 -1 -1 8 5 -1 9
-1 6 2 -1 -1 8 6 -1 9
-1 6 3 6 -1 -1 -1 9 7
-1 6 3 6 -1 -1 -1 9 8
-1 6 3 7 -1 9 -1 -1 6
-1 6 3 8 -1 9 -1 -1 6
-1 6 3 9 7 -1 -1 6 -1
-1 6 3 9 8 -1 -1 6 -1
-1 6 3 -1 6 -1 9 7 -1
-1 6 3 -1 6 -1 9 8 -1
-1 6 3 -1 9 7 6 -1 -1
-1 6 3 -1 9 8 6 -1 -1
-1 6 3 -1 -1 6 7 -1 9
-1 6 3 -1 -1 6 8 -1 9
-1 6 6 1 8 8 5 -1 -1
-1 6 6 5 -1 -1 1 8 8
-1 6 6 8 1 8 -1 -1 5
-1 6 6 8 8 1 -1 5 -1
-1 6 6 -1 5 -1 8 8 1
-1 6 6 -1 -1 5 8 1 8
-1 6 8 1 5 -1 6 8 -1
-1 6 8 5 -1 1 -1 6 8
-1 6 8 6 8 -1 1 5 -1
-1 6 8 8 -1 6 -1 1 5
-1 6 8 -1 1 5 8 -1 6
-1 6 8 -1 6 8 5 -1 1
-1 6 9 2 5 -1 -1 8 -1
-1 6 9 2 6 -1 -1 8 -1
-1 6 9 3 7 -1 -1 6 -1
-1 6 9 3 8 -1 -1 6 -1
-1 6 9 5 -1 2 -1 -1 8
-1 6 9 6 -1 2 -1 -1 8
-1 6 9 6 -1 -1 -1 3 7
-1 6 9 6 -1 -1 -1 3 8
-1 6 9 7 -1 3 -1 -1 6
-1 6 9 8 -1 3 -1 -1 6
-1 6 9 8 -1 -1 -1 2 5
-1 6 9 8 -1 -1 -1 2 6
-1 6 9 -1 2 5 8 -1 -1
-1 6 9 -1 2 6 8 -1 -1
-1 6 9 -1 3 7 6 -1 -1
-1 6 9 -1 3 8 6 -1 -1
-1 6 9 -1 6 -1 3 7 -1
-1 6 9 -1 6 -1 3 8 -1
-1 6 9 -1 8 -1 2 5 -1
-1 6 9 -1 8 -1 2 6 -1
-1 6 9 -1 -1 6 7 -1 3
-1 6 9 -1 -1 6 8 -1 3
-1 6 9 -1 -1 8 5 -1 2
-1 6 9 -1 -1 8 6 -1 2
-1 6 -1 1 8 8 5 5 -1
-1 6 -1 2 8 9 -1 5 -1
-1 6 -1 2 8 9 -1 6 -1
-1 6 -1 2 9 8 5 -1 -1
-1 6 -1 2 9 8 6 -1 -1
-1 6 -1 3 5 -1 -1 8 9
-1 6 -1 3 6 9 -1 7 -1
-1 6 -1 3 6 9 -1 8 -1
-1 6 -1 3 6 -1 -1 7 9
-1 6 -1 3 6 -1 -1 8 9
-1 6 -1 3 7 -1 -1 6 9
-1 6 -1 3 8 -1 -1 5 9
-1 6 -1 3 8 -1 -1 6 9
-1 6 -1 3 9 6 7 -1 -1
-1 6 -1 3 9 6 8 -1 -1
-1 6 -1 3 -1 5 8 -1 9
-1 6 -1 3 -1 6 7 -1 9
-1 6 -1 3 -1 6 8 -1 9
-1 6 -1 3 -1 7 6 -1 9
-1 6 -1 3 -1 8 5 -1 9
-1 6 -1 3 -1 8 6 -1 9
-1 6 -1 5 3 -1 -1 9 8
-1 6 -1 5 5 -1 1 8 8
-1 6 -1 5 9 -1 -1 3 8
-1 6 -1 5 -1 3 9 -1 8
-1 6 -1 5 -1 5 8 1 8
-1 6 -1 5 -1 9 3 -1 8
-1 6 -1 5 -1 -1 2 9 8
-1 6 -1 5 -1 -1 9 2 8
-1 6 -1 6 3 9 -1 -1 7
-1 6 -1 6 3 9 -1 -1 8
-1 6 -1 6 3 -1 -1 9 7
-1 6 -1 6 3 -1 -1 9 8
-1 6 -1 6 9 3 -1 -1 7
-1 6 -1 6 9 3 -1 -1 8
-1 6 -1 6 9 -1 -1 3 7
-1 6 -1 6 9 -1 -1 3 8
-1 6 -1 6 -1 3 9 -1 7
-1 6 -1 6 -1 3 9 -1 8
-1 6 -1 6 -1 9 3 -1 7
-1 6 -1 6 -1 9 3 -1 8
-1 6 -1 6 -1 -1 2 9 8
-1 6 -1 6 -1 -1 9 2 8
-1 6 -1 7 3 -1 -1 9 6
-1 6 -1 7 9 -1 -1 3 6
-1 6 -1 7 -1 3 9 -1 6
-1 6 -1 7 -1 9 3 -1 6
-1 6 -1 7 -1 -1 3 9 6
-1 6 -1 7 -1 -1 9 3 6
-1 6 -1 8 1 8 5 -1 5
-1 6 -1 8 2 9 -1 -1 5
-1 6 -1 8 2 9 -1 -1 6
-1 6 -1 8 3 -1 -1 9 5
-1 6 -1 8 3 -1 -1 9 6
-1 6 -1 8 8 1 -1 5 5
-1 6 -1 8 9 2 -1 -1 5
-1 6 -1 8 9 2 -1 -1 6
-1 6 -1 8 9 -1 -1 3 5
-1 6 -1 8 9 -1 -1 3 6
-1 6 -1 8 -1 3 9 -1 5
-1 6 -1 8 -1 3 9 -1 6
-1 6 -1 8 -1 9 3 -1 5
-1 6 -1 8 -1 9 3 -1 6
-1 6 -1 8 -1 -1 3 9 6
-1 6 -1 8 -1 -1 9 3 6
-1 6 -1 9 2 8 5 -1 -1
-1 6 -1 9 2 8 6 -1 -1
-1 6 -1 9 3 6 7 -1 -1
-1 6 -1 9 3 6 8 -1 -1
-1 6 -1 9 5 -1 -1 8 3
-1 6 -1 9 6 3 -1 7 -1
-1 6 -1 9 6 3 -1 8 -1
-1 6 -1 9 6 -1 -1 7 3
-1 6 -1 9 6 -1 -1 8 3
-1 6 -1 9 7 -1 -1 6 3
-1 6 -1 9 8 2 -1 5 -1
-1 6 -1 9 8 2 -1 6 -1
-1 6 -1 9 8 -1 -1 5 3
-1 6 -1 9 8 -1 -1 6 3
-1 6 -1 9 -1 5 8 -1 3
-1 6 -1 9 -1 6 7 -1 3
-1 6 -1 9 -1 6 8 -1 3
-1 6 -1 9 -1 7 6 -1 3
-1 6 -1 9 -1 8 5 -1 3
-1 6 -1 9 -1 8 6 -1 3
-1 6 -1 -1 3 5 8 9 -1
-1 6 -1 -1 3 6 7 9 -1
-1 6 -1 -1 3 6 8 9 -1
-1 6 -1 -1 3 7 6 9 -1
-1 6 -1 -1 3 8 5 9 -1
-1 6 -1 -1 3 8 6 9 -1
-1 6 -1 -1 5 3 9 8 -1
-1 6 -1 -1 5 5 8 8 1
-1 6 -1 -1 5 9 3 8 -1
-1 6 -1 -1 5 -1 2 8 9
-1 6 -1 -1 5 -1 9 8 2
-1 6 -1 -1 6 3 9 7 -1
-1 6 -1 -1 6 3 9 8 -1
-1 6 -1 -1 6 9 3 7 -1
-1 6 -1 -1 6 9 3 8 -1
-1 6 -1 -1 6 -1 2 8 9
-1 6 -1 -1 6 -1 9 8 2
-1 6 -1 -1 7 3 9 6 -1
-1 6 -1 -1 7 9 3 6 -1
-1 6 -1 -1 7 -1 3 6 9
-1 6 -1 -1 7 -1 9 6 3
-1 6 -1 -1 8 3 9 5 -1
-1 6 -1 -1 8 3 9 6 -1
-1 6 -1 -1 8 9 3 5 -1
-1 6 -1 -1 8 9 3 6 -1
-1 6 -1 -1 8 -1 3 6 9
-1 6 -1 -1 8 -1 9 6 3
-1 6 -1 -1 9 5 8 3 -1
-1 6 -1 -1 9 6 7 3 -1
-1 6 -1 -1 9 6 8 3 -1
-1 6 -1 -1 9 7 6 3 -1
-1 6 -1 -1 9 8 5 3 -1
-1 6 -1 -1 9 8 6 3 -1
-1 6 -1 -1 -1 5 8 2 9
-1 6 -1 -1 -1 5 8 9 2
-1 6 -1 -1 -1 6 8 2 9
-1 6 -1 -1 -1 6 8 9 2
-1 6 -1 -1 -1 7 6 3 9
-1 6 -1 -1 -1 7 6 9 3
-1 6 -1 -1 -1 8 6 3 9
-1 6 -1 -1 -1 8 6 9 3
-1 7 3 6 -1 9 -1 -1 6
-1 7 3 6 -1 -1 -1 9 6
-1 7 3 9 6 -1 -1 6 -1
-1 7 3 -1 6 -1 9 6 -1
-1 7 3 -1 9 6 6 -1 -1
-1 7 3 -1 -1 6 6 -1 9
-1 7 9 3 6 -1 -1 6 -1
-1 7 9 6 -1 3 -1 -1 6
-1 7 9 6 -1 -1 -1 3 6
-1 7 9 -1 3 6 6 -1 -1
-1 7 9 -1 6 -1 3 6 -1
-1 7 9 -1 -1 6 6 -1 3
-1 7 -1 3 6 9 -1 6 -1
-1 7 -1 3 9 6 6 -1 -1
-1 7 -1 6 3 9 -1 -1 6
-1 7 -1 6 9 3 -1 -1 6
-1 7 -1 6 -1 -1 3 9 6
-1 7 -1 6 -1 -1 9 3 6
-1 7 -1 9 3 6 6 -1 -1
-1 7 -1 9 6 3 -1 6 -1
-1 7 -1 -1 6 -1 3 6 9
-1 7 -1 -1 6 -1 9 6 3
-1 7 -1 -1 -1 6 6 3 9
-1 7 -1 -1 -1 6 6 9 3
-1 8 1 2 -1 9 2 -1 9
-1 8 1 9 2 -1 -1 9 2
-1 8 1 -1 9 2 9 2 -1
-1 8 3 5 -1 9 -1 -1 6
-1 8 3 6 -1 9 -1 -1 6
-1 8 3 6 -1 -1 -1 9 5
-1 8 3 6 -1 -1 -1 9 6
-1 8 3 9 5 -1 -1 6 -1
-1 8 3 9 6 -1 -1 6 -1
-1 8 3 -1 6 -1 9 5 -1
-1 8 3 -1 6 -1 9 6 -1
-1 8 3 -1 9 5 6 -1 -1
-1 8 3 -1 9 6 6 -1 -1
-1 8 3 -1 -1 6 5 -1 9
-1 8 3 -1 -1 6 6 -1 9
-1 8 5 1 -1 6 5 -1 8
-1 8 5 5 -1 8 1 -1 6
-1 8 5 6 1 -1 -1 8 5
-1 8 5 8 5 -1 -1 6 1
-1 8 5 -1 6 1 8 5 -1
-1 8 5 -1 8 5 6 1 -1
-1 8 6 1 -1 5 6 -1 8
-1 8 6 5 1 -1 -1 8 6
-1 8 6 6 -1 8 1 -1 5
-1 8 6 8 6 -1 -1 5 1
-1 8 6 -1 5 1 8 6 -1
-1 8 6 -1 8 6 5 1 -1
-1 8 9 3 5 -1 -1 6 -1
-1 8 9 3 6 -1 -1 6 -1
-1 8 9 5 -1 3 -1 -1 6
-1 8 9 6 -1 3 -1 -1 6
-1 8 9 6 -1 -1 -1 3 5
-1 8 9 6 -1 -1 -1 3 6
-1 8 9 -1 3 5 6 -1 -1
-1 8 9 -1 3 6 6 -1 -1
-1 8 9 -1 6 -1 3 5 -1
-1 8 9 -1 6 -1 3 6 -1
-1 8 9 -1 -1 6 5 -1 3
-1 8 9 -1 -1 6 6 -1 3
-1 8 -1 1 5 -1 5 6 8
-1 8 -1 1 6 -1 6 5 8
-1 8 -1 1 9 9 2 2 -1
-1 8 -1 1 -1 5 6 5 8
-1 8 -1 1 -1 6 5 6 8
-1 8 -1 2 2 -1 1 9 9
-1 8 -1 2 5 -1 -1 6 9
-1 8 -1 2 6 -1 -1 5 9
-1 8 -1 2 6 -1 -1 6 9
-1 8 -1 2 -1 2 9 1 9
-1 8 -1 2 -1 5 6 -1 9
-1 8 -1 2 -1 6 5 -1 9
-1 8 -1 2 -1 6 6 -1 9
-1 8 -1 3 6 9 -1 5 -1
-1 8 -1 3 6 9 -1 6 -1
-1 8 -1 3 9 6 5 -1 -1
-1 8 -1 3 9 6 6 -1 -1
-1 8 -1 5 1 -1 5 8 6
-1 8 -1 5 2 -1 -1 9 6
-1 8 -1 5 6 8 1 5 -1
-1 8 -1 5 6 8 1 -1 6
-1 8 -1 5 8 6 5 1 -1
-1 8 -1 5 8 6 -1 1 6
-1 8 -1 5 9 -1 -1 2 6
-1 8 -1 5 -1 1 8 5 6
-1 8 -1 5 -1 2 9 -1 6
-1 8 -1 5 -1 9 2 -1 6
-1 8 -1 5 -1 -1 3 9 6
-1 8 -1 5 -1 -1 9 3 6
-1 8 -1 6 1 -1 6 8 5
-1 8 -1 6 2 -1 -1 9 5
-1 8 -1 6 2 -1 -1 9 6
-1 8 -1 6 3 9 -1 -1 5
-1 8 -1 6 3 9 -1 -1 6
-1 8 -1 6 5 8 1 6 -1
-1 8 -1 6 5 8 1 -1 5
-1 8 -1 6 8 5 6 1 -1
-1 8 -1 6 8 5 -1 1 5
-1 8 -1 6 9 3 -1 -1 5
-1 8 -1 6 9 3 -1 -1 6
-1 8 -1 6 9 -1 -1 2 5
-1 8 -1 6 9 -1 -1 2 6
-1 8 -1 6 -1 1 8 6 5
-1 8 -1 6 -1 2 9 -1 5
-1 8 -1 6 -1 2 9 -1 6
-1 8 -1 6 -1 9 2 -1 5
-1 8 -1 6 -1 9 2 -1 6
-1 8 -1 6 -1 -1 3 9 6
-1 8 -1 6 -1 -1 9 3 6
-1 8 -1 8 5 6 5 -1 1
-1 8 -1 8 5 6 -1 6 1
-1 8 -1 8 6 5 6 -1 1
-1 8 -1 8 6 5 -1 5 1
-1 8 -1 9 1 9 2 -1 2
-1 8 -1 9 3 6 5 -1 -1
-1 8 -1 9 3 6 6 -1 -1
-1 8 -1 9 5 -1 -1 6 2
-1 8 -1 9 6 3 -1 5 -1
-1 8 -1 9 6 3 -1 6 -1
-1 8 -1 9 6 -1 -1 5 2
-1 8 -1 9 6 -1 -1 6 2
-1 8 -1 9 9 1 -1 2 2
-1 8 -1 9 -1 5 6 -1 2
-1 8 -1 9 -1 6 5 -1 2
-1 8 -1 9 -1 6 6 -1 2
-1 8 -1 -1 1 5 6 8 5
-1 8 -1 -1 1 6 5 8 6
-1 8 -1 -1 2 2 9 9 1
-1 8 -1 -1 2 5 6 9 -1
-1 8 -1 -1 2 6 5 9 -1
-1 8 -1 -1 2 6 6 9 -1
-1 8 -1 -1 5 1 8 6 5
-1 8 -1 -1 5 2 9 6 -1
-1 8 -1 -1 5 9 2 6 -1
-1 8 -1 -1 5 -1 3 6 9
-1 8 -1 -1 5 -1 9 6 3
-1 8 -1 -1 6 1 8 5 6
-1 8 -1 -1 6 2 9 5 -1
-1 8 -1 -1 6 2 9 6 -1
-1 8 -1 -1 6 9 2 5 -1
-1 8 -1 -1 6 9 2 6 -1
-1 8 -1 -1 6 -1 3 6 9
-1 8 -1 -1 6 -1 9 6 3
-1 8 -1 -1 9 5 6 2 -1
-1 8 -1 -1 9 6 5 2 -1
-1 8 -1 -1 9 6 6 2 -1
-1 8 -1 -1 -1 5 6 3 9
-1 8 -1 -1 -1 5 6 9 3
-1 8 -1 -1 -1 6 6 3 9
-1 8 -1 -1 -1 6 6 9 3
-1 9 1 1 -1 9 1 -1 9
-1 9 1 9 1 -1 -1 9 1
-1 9 1 -1 9 1 9 1 -1
-1 9 2 1 -1 8 2 -1 9
-1 9 2 2 -1 9 1 -1 8
-1 9 2 8 1 -1 -1 9 2
-1 9 2 9 2 -1 -1 8 1
-1 9 2 -1 8 1 9 2 -1
-1 9 2 -1 9 2 8 1 -1
-1 9 5 2 -1 6 -1 -1 8
-1 9 5 3 -1 8 -1 -1 6
-1 9 5 6 2 -1 -1 8 -1
-1 9 5 6 -1 -1 -1 8 3
-1 9 5 8 3 -1 -1 6 -1
-1 9 5 8 -1 -1 -1 6 2
-1 9 5 -1 6 2 8 -1 -1
-1 9 5 -1 6 -1 8 3 -1
-1 9 5 -1 8 3 6 -1 -1
-1 9 5 -1 8 -1 6 2 -1
-1 9 5 -1 -1 6 3 -1 8
-1 9 5 -1 -1 8 2 -1 6
-1 9 6 2 -1 5 -1 -1 8
-1 9 6 2 -1 6 -1 -1 8
-1 9 6 3 -1 7 -1 -1 6
-1 9 6 3 -1 8 -1 -1 6
-1 9 6 5 2 -1 -1 8 -1
-1 9 6 6 2 -1 -1 8 -1
-1 9 6 6 -1 -1 -1 7 3
-1 9 6 6 -1 -1 -1 8 3
-1 9 6 7 3 -1 -1 6 -1
-1 9 6 8 3 -1 -1 6 -1
-1 9 6 8 -1 -1 -1 5 2
-1 9 6 8 -1 -1 -1 6 2
-1 9 6 -1 5 2 8 -1 -1
-1 9 6 -1 6 2 8 -1 -1
-1 9 6 -1 6 -1 7 3 -1
-1 9 6 -1 6 -1 8 3 -1
-1 9 6 -1 7 3 6 -1 -1
-1 9 6 -1 8 3 6 -1 -1
-1 9 6 -1 8 -1 5 2 -1
-1 9 6 -1 8 -1 6 2 -1
-1 9 6 -1 -1 6 3 -1 7
-1 9 6 -1 -1 6 3 -1 8
-1 9 6 -1 -1 8 2 -1 5
-1 9 6 -1 -1 8 2 -1 6
-1 9 7 3 -1 6 -1 -1 6
-1 9 7 6 3 -1 -1 6 -1
-1 9 7 6 -1 -1 -1 6 3
-1 9 7 -1 6 3 6 -1 -1
-1 9 7 -1 6 -1 6 3 -1
-1 9 7 -1 -1 6 3 -1 6
-1 9 8 3 -1 5 -1 -1 6
-1 9 8 3 -1 6 -1 -1 6
-1 9 8 5 3 -1 -1 6 -1
-1 9 8 6 3 -1 -1 6 -1
-1 9 8 6 -1 -1 -1 5 3
-1 9 8 6 -1 -1 -1 6 3
-1 9 8 -1 5 3 6 -1 -1
-1 9 8 -1 6 3 6 -1 -1
-1 9 8 -1 6 -1 5 3 -1
-1 9 8 -1 6 -1 6 3 -1
-1 9 8 -1 -1 6 3 -1 5
-1 9 8 -1 -1 6 3 -1 6
-1 9 -1 1 1 -1 1 9 9
-1 9 -1 1 2 -1 2 8 9
-1 9 -1 1 9 9 1 1 -1
-1 9 -1 1 -1 1 9 1 9
-1 9 -1 1 -1 2 8 2 9
-1 9 -1 2 1 -1 2 9 8
-1 9 -1 2 8 9 1 2 -1
-1 9 -1 2 9 8 2 1 -1
-1 9 -1 2 -1 1 9 2 8
-1 9 -1 2 -1 -1 5 6 8
-1 9 -1 2 -1 -1 6 5 8
-1 9 -1 2 -1 -1 6 6 8
-1 9 -1 3 -1 -1 5 8 6
-1 9 -1 3 -1 -1 6 7 6
-1 9 -1 3 -1 -1 6 8 6
-1 9 -1 3 -1 -1 7 6 6
-1 9 -1 3 -1 -1 8 5 6
-1 9 -1 3 -1 -1 8 6 6
-1 9 -1 5 6 8 2 -1 -1
-1 9 -1 5 6 8 -1 3 -1
-1 9 -1 5 8 6 3 -1 -1
-1 9 -1 5 8 6 -1 2 -1
-1 9 -1 6 5 8 2 -1 -1
-1 9 -1 6 5 8 -1 -1 3
-1 9 -1 6 6 7 -1 3 -1
-1 9 -1 6 6 7 -1 -1 3
-1 9 -1 6 6 8 2 -1 -1
-1 9 -1 6 6 8 -1 3 -1
-1 9 -1 6 6 8 -1 -1 3
-1 9 -1 6 7 6 3 -1 -1
-1 9 -1 6 7 6 -1 -1 3
-1 9 -1 6 8 5 -1 2 -1
-1 9 -1 6 8 5 -1 -1 3
-1 9 -1 6 8 6 3 -1 -1
-1 9 -1 6 8 6 -1 2 -1
-1 9 -1 6 8 6 -1 -1 3
-1 9 -1 7 6 6 3 -1 -1
-1 9 -1 7 6 6 -1 3 -1
-1 9 -1 8 2 9 1 -1 2
-1 9 -1 8 5 6 3 -1 -1
-1 9 -1 8 5 6 -1 -1 2
-1 9 -1 8 6 5 -1 3 -1
-1 9 -1 8 6 5 -1 -1 2
-1 9 -1 8 6 6 3 -1 -1
-1 9 -1 8 6 6 -1 3 -1
-1 9 -1 8 6 6 -1 -1 2
-1 9 -1 8 9 2 -1 1 2
-1 9 -1 9 1 9 1 -1 1
-1 9 -1 9 2 8 2 -1 1
-1 9 -1 9 8 2 -1 2 1
-1 9 -1 9 9 1 -1 1 1
-1 9 -1 -1 1 1 9 9 1
-1 9 -1 -1 1 2 8 9 2
-1 9 -1 -1 2 1 9 8 2
-1 9 -1 -1 2 -1 5 8 6
-1 9 -1 -1 2 -1 6 8 5
-1 9 -1 -1 2 -1 6 8 6
-1 9 -1 -1 3 -1 5 6 8
-1 9 -1 -1 3 -1 6 6 7
-1 9 -1 -1 3 -1 6 6 8
-1 9 -1 -1 3 -1 7 6 6
-1 9 -1 -1 3 -1 8 6 5
-1 9 -1 -1 3 -1 8 6 6
-1 9 -1 -1 -1 2 8 5 6
-1 9 -1 -1 -1 2 8 6 5
-1 9 -1 -1 -1 2 8 6 6
-1 9 -1 -1 -1 3 6 5 8
-1 9 -1 -1 -1 3 6 6 7
-1 9 -1 -1 -1 3 6 6 8
-1 9 -1 -1 -1 3 6 7 6
-1 9 -1 -1 -1 3 6 8 5
-1 9 -1 -1 -1 3 6 8 6
-1 -1 2 5 6 8 -1 -1 9
-1 -1 2 5 8 6 9 -1 -1
-1 -1 2 6 5 8 -1 -1 9
-1 -1 2 6 6 8 -1 -1 9
-1 -1 2 6 8 5 9 -1 -1
-1 -1 2 6 8 6 9 -1 -1
-1 -1 2 8 5 6 -1 9 -1
-1 -1 2 8 6 5 -1 9 -1
-1 -1 2 8 6 6 -1 9 -1
-1 -1 2 9 -1 -1 5 8 6
-1 -1 2 9 -1 -1 6 8 5
-1 -1 2 9 -1 -1 6 8 6
-1 -1 2 -1 9 -1 8 5 6
-1 -1 2 -1 9 -1 8 6 5
-1 -1 2 -1 9 -1 8 6 6
-1 -1 2 -1 -1 9 5 6 8
-1 -1 2 -1 -1 9 6 5 8
-1 -1 2 -1 -1 9 6 6 8
-1 -1 3 5 6 8 9 -1 -1
-1 -1 3 5 8 6 -1 -1 9
-1 -1 3 6 5 8 -1 9 -1
-1 -1 3 6 6 7 9 -1 -1
-1 -1 3 6 6 7 -1 9 -1
-1 -1 3 6 6 8 9 -1 -1
-1 -1 3 6 6 8 -1 9 -1
-1 -1 3 6 7 6 -1 9 -1
-1 -1 3 6 7 6 -1 -1 9
-1 -1 3 6 8 5 -1 9 -1
-1 -1 3 6 8 6 -1 9 -1
-1 -1 3 6 8 6 -1 -1 9
-1 -1 3 7 6 6 9 -1 -1
-1 -1 3 7 6 6 -1 -1 9
-1 -1 3 8 5 6 -1 -1 9
-1 -1 3 8 6 5 9 -1 -1
-1 -1 3 8 6 6 9 -1 -1
-1 -1 3 8 6 6 -1 -1 9
-1 -1 3 9 -1 -1 5 6 8
-1 -1 3 9 -1 -1 6 6 7
-1 -1 3 9 -1 -1 6 6 8
-1 -1 3 9 -1 -1 7 6 6
-1 -1 3 9 -1 -1 8 6 5
-1 -1 3 9 -1 -1 8 6 6
-1 -1 3 -1 9 -1 6 5 8
-1 -1 3 -1 9 -1 6 6 7
-1 -1 3 -1 9 -1 6 6 8
-1 -1 3 -1 9 -1 6 7 6
-1 -1 3 -1 9 -1 6 8 5
-1 -1 3 -1 9 -1 6 8 6
-1 -1 3 -1 -1 9 5 8 6
-1 -1 3 -1 -1 9 6 7 6
-1 -1 3 -1 -1 9 6 8 6
-1 -1 3 -1 -1 9 7 6 6
-1 -1 3 -1 -1 9 8 5 6
-1 -1 3 -1 -1 9 8 6 6
-1 -1 5 1 8 8 6 -1 6
-1 -1 5 2 8 9 6 -1 -1
-1 -1 5 2 9 8 -1 -1 6
-1 -1 5 3 6 9 8 -1 -1
-1 -1 5 3 9 6 -1 -1 8
-1 -1 5 6 3 9 -1 8 -1
-1 -1 5 6 6 -1 8 8 1
-1 -1 5 6 9 3 -1 8 -1
-1 -1 5 6 -1 6 1 8 8
-1 -1 5 6 -1 -1 2 8 9
-1 -1 5 6 -1 -1 9 8 2
-1 -1 5 8 1 8 -1 6 6
-1 -1 5 8 2 9 -1 6 -1
-1 -1 5 8 8 1 6 6 -1
-1 -1 5 8 9 2 -1 6 -1
-1 -1 5 8 -1 -1 3 6 9
-1 -1 5 8 -1 -1 9 6 3
-1 -1 5 9 2 8 -1 -1 6
-1 -1 5 9 3 6 -1 -1 8
-1 -1 5 9 6 3 8 -1 -1
-1 -1 5 9 8 2 6 -1 -1
-1 -1 5 -1 6 6 8 1 8
-1 -1 5 -1 6 -1 8 2 9
-1 -1 5 -1 6 -1 8 9 2
-1 -1 5 -1 8 -1 6 3 9
-1 -1 5 -1 8 -1 6 9 3
-1 -1 5 -1 -1 6 2 9 8
-1 -1 5 -1 -1 6 9 2 8
-1 -1 5 -1 -1 8 3 9 6
-1 -1 5 -1 -1 8 9 3 6
-1 -1 6 1 8 8 5 -1 5
-1 -1 6 2 8 9 5 -1 -1
-1 -1 6 2 8 9 6 -1 -1
-1 -1 6 2 9 8 -1 -1 5
-1 -1 6 2 9 8 -1 -1 6
-1 -1 6 3 5 -1 8 9 -1
-1 -1 6 3 6 9 7 -1 -1
-1 -1 6 3 6 9 8 -1 -1
-1 -1 6 3 6 -1 7 9 -1
-1 -1 6 3 6 -1 8 9 -1
-1 -1 6 3 7 -1 6 9 -1
-1 -1 6 3 8 -1 5 9 -1
-1 -1 6 3 8 -1 6 9 -1
-1 -1 6 3 9 6 -1 -1 7
-1 -1 6 3 9 6 -1 -1 8
-1 -1 6 3 -1 5 -1 9 8
-1 -1 6 3 -1 6 -1 9 7
-1 -1 6 3 -1 6 -1 9 8
-1 -1 6 3 -1 7 -1 9 6
-1 -1 6 3 -1 8 -1 9 5
-1 -1 6 3 -1 8 -1 9 6
-1 -1 6 5 3 -1 9 8 -1
-1 -1 6 5 5 -1 8 8 1
-1 -1 6 5 9 -1 3 8 -1
-1 -1 6 5 -1 3 -1 8 9
-1 -1 6 5 -1 5 1 8 8
-1 -1 6 5 -1 9 -1 8 3
-1 -1 6 5 -1 -1 2 8 9
-1 -1 6 5 -1 -1 9 8 2
-1 -1 6 6 3 9 -1 7 -1
-1 -1 6 6 3 9 -1 8 -1
-1 -1 6 6 3 -1 9 7 -1
-1 -1 6 6 3 -1 9 8 -1
-1 -1 6 6 9 3 -1 7 -1
-1 -1 6 6 9 3 -1 8 -1
-1 -1 6 6 9 -1 3 7 -1
-1 -1 6 6 9 -1 3 8 -1
-1 -1 6 6 -1 3 -1 7 9
-1 -1 6 6 -1 3 -1 8 9
-1 -1 6 6 -1 9 -1 7 3
-1 -1 6 6 -1 9 -1 8 3
-1 -1 6 6 -1 -1 2 8 9
-1 -1 6 6 -1 -1 9 8 2
-1 -1 6 7 3 -1 9 6 -1
-1 -1 6 7 9 -1 3 6 -1
-1 -1 6 7 -1 3 -1 6 9
-1 -1 6 7 -1 9 -1 6 3
-1 -1 6 7 -1 -1 3 6 9
-1 -1 6 7 -1 -1 9 6 3
-1 -1 6 8 1 8 -1 5 5
-1 -1 6 8 2 9 -1 5 -1
-1 -1 6 8 2 9 -1 6 -1
-1 -1 6 8 3 -1 9 5 -1
-1 -1 6 8 3 -1 9 6 -1
-1 -1 6 8 8 1 5 5 -1
-1 -1 6 8 9 2 -1 5 -1
-1 -1 6 8 9 2 -1 6 -1
-1 -1 6 8 9 -1 3 5 -1
-1 -1 6 8 9 -1 3 6 -1
-1 -1 6 8 -1 3 -1 5 9
-1 -1 6 8 -1 3 -1 6 9
-1 -1 6 8 -1 9 -1 5 3
-1 -1 6 8 -1 9 -1 6 3
-1 -1 6 8 -1 -1 3 6 9
-1 -1 6 8 -1 -1 9 6 3
-1 -1 6 9 2 8 -1 -1 5
-1 -1 6 9 2 8 -1 -1 6
-1 -1 6 9 3 6 -1 -1 7
-1 -1 6 9 3 6 -1 -1 8
-1 -1 6 9 5 -1 8 3 -1
-1 -1 6 9 6 3 7 -1 -1
-1 -1 6 9 6 3 8 -1 -1
-1 -1 6 9 6 -1 7 3 -1
-1 -1 6 9 6 -1 8 3 -1
-1 -1 6 9 7 -1 6 3 -1
-1 -1 6 9 8 2 5 -1 -1
-1 -1 6 9 8 2 6 -1 -1
-1 -1 6 9 8 -1 5 3 -1
-1 -1 6 9 8 -1 6 3 -1
-1 -1 6 9 -1 5 -1 3 8
-1 -1 6 9 -1 6 -1 3 7
-1 -1 6 9 -1 6 -1 3 8
-1 -1 6 9 -1 7 -1 3 6
-1 -1 6 9 -1 8 -1 3 5
-1 -1 6 9 -1 8 -1 3 6
-1 -1 6 -1 3 5 9 -1 8
-1 -1 6 -1 3 6 9 -1 7
-1 -1 6 -1 3 6 9 -1 8
-1 -1 6 -1 3 7 9 -1 6
-1 -1 6 -1 3 8 9 -1 5
-1 -1 6 -1 3 8 9 -1 6
-1 -1 6 -1 5 3 8 -1 9
-1 -1 6 -1 5 5 8 1 8
-1 -1 6 -1 5 9 8 -1 3
-1 -1 6 -1 5 -1 8 2 9
-1 -1 6 -1 5 -1 8 9 2
-1 -1 6 -1 6 3 7 -1 9
-1 -1 6 -1 6 3 8 -1 9
-1 -1 6 -1 6 9 7 -1 3
-1 -1 6 -1 6 9 8 -1 3
-1 -1 6 -1 6 -1 8 2 9
-1 -1 6 -1 6 -1 8 9 2
-1 -1 6 -1 7 3 6 -1 9
-1 -1 6 -1 7 9 6 -1 3
-1 -1 6 -1 7 -1 6 3 9
-1 -1 6 -1 7 -1 6 9 3
-1 -1 6 -1 8 3 5 -1 9
-1 -1 6 -1 8 3 6 -1 9
-1 -1 6 -1 8 9 5 -1 3
-1 -1 6 -1 8 9 6 -1 3
-1 -1 6 -1 8 -1 6 3 9
-1 -1 6 -1 8 -1 6 9 3
-1 -1 6 -1 9 5 3 -1 8
-1 -1 6 -1 9 6 3 -1 7
-1 -1 6 -1 9 6 3 -1 8
-1 -1 6 -1 9 7 3 -1 6
-1 -1 6 -1 9 8 3 -1 5
-1 -1 6 -1 9 8 3 -1 6
-1 -1 6 -1 -1 5 2 9 8
-1 -1 6 -1 -1 5 9 2 8
-1 -1 6 -1 -1 6 2 9 8
-1 -1 6 -1 -1 6 9 2 8
-1 -1 6 -1 -1 7 3 9 6
-1 -1 6 -1 -1 7 9 3 6
-1 -1 6 -1 -1 8 3 9 6
-1 -1 6 -1 -1 8 9 3 6
-1 -1 7 3 6 9 6 -1 -1
-1 -1 7 3 9 6 -1 -1 6
-1 -1 7 6 3 9 -1 6 -1
-1 -1 7 6 9 3 -1 6 -1
-1 -1 7 6 -1 -1 3 6 9
-1 -1 7 6 -1 -1 9 6 3
-1 -1 7 9 3 6 -1 -1 6
-1 -1 7 9 6 3 6 -1 -1
-1 -1 7 -1 6 -1 6 3 9
-1 -1 7 -1 6 -1 6 9 3
-1 -1 7 -1 -1 6 3 9 6
-1 -1 7 -1 -1 6 9 3 6
-1 -1 8 1 5 -1 6 8 5
-1 -1 8 1 6 -1 5 8 6
-1 -1 8 1 9 9 2 -1 2
-1 -1 8 1 -1 5 5 8 6
-1 -1 8 1 -1 6 6 8 5
-1 -1 8 2 2 -1 9 9 1
-1 -1 8 2 5 -1 6 9 -1
-1 -1 8 2 6 -1 5 9 -1
-1 -1 8 2 6 -1 6 9 -1
-1 -1 8 2 -1 2 1 9 9
-1 -1 8 2 -1 5 -1 9 6
-1 -1 8 2 -1 6 -1 9 5
-1 -1 8 2 -1 6 -1 9 6
-1 -1 8 3 6 9 5 -1 -1
-1 -1 8 3 6 9 6 -1 -1
-1 -1 8 3 9 6 -1 -1 5
-1 -1 8 3 9 6 -1 -1 6
-1 -1 8 5 1 -1 8 6 5
-1 -1 8 5 2 -1 9 6 -1
-1 -1 8 5 6 8 5 -1 1
-1 -1 8 5 6 8 -1 6 1
-1 -1 8 5 8 6 1 6 -1
-1 -1 8 5 8 6 1 -1 5
-1 -1 8 5 9 -1 2 6 -1
-1 -1 8 5 -1 1 5 6 8
-1 -1 8 5 -1 2 -1 6 9
-1 -1 8 5 -1 9 -1 6 2
-1 -1 8 5 -1 -1 3 6 9
-1 -1 8 5 -1 -1 9 6 3
-1 -1 8 6 1 -1 8 5 6
-1 -1 8 6 2 -1 9 5 -1
-1 -1 8 6 2 -1 9 6 -1
-1 -1 8 6 3 9 -1 5 -1
-1 -1 8 6 3 9 -1 6 -1
-1 -1 8 6 5 8 6 -1 1
-1 -1 8 6 5 8 -1 5 1
-1 -1 8 6 8 5 1 5 -1
-1 -1 8 6 8 5 1 -1 6
-1 -1 8 6 9 3 -1 5 -1
-1 -1 8 6 9 3 -1 6 -1
-1 -1 8 6 9 -1 2 5 -1
-1 -1 8 6 9 -1 2 6 -1
-1 -1 8 6 -1 1 6 5 8
-1 -1 8 6 -1 2 -1 5 9
-1 -1 8 6 -1 2 -1 6 9
-1 -1 8 6 -1 9 -1 5 2
-1 -1 8 6 -1 9 -1 6 2
-1 -1 8 6 -1 -1 3 6 9
-1 -1 8 6 -1 -1 9 6 3
-1 -1 8 8 5 6 6 1 -1
-1 -1 8 8 5 6 -1 1 5
-1 -1 8 8 6 5 5 1 -1
-1 -1 8 8 6 5 -1 1 6
-1 -1 8 9 1 9 -1 2 2
-1 -1 8 9 3 6 -1 -1 5
-1 -1 8 9 3 6 -1 -1 6
-1 -1 8 9 5 -1 6 2 -1
-1 -1 8 9 6 3 5 -1 -1
-1 -1 8 9 6 3 6 -1 -1
-1 -1 8 9 6 -1 5 2 -1
-1 -1 8 9 6 -1 6 2 -1
-1 -1 8 9 9 1 2 2 -1
-1 -1 8 9 -1 5 -1 2 6
-1 -1 8 9 -1 6 -1 2 5
-1 -1 8 9 -1 6 -1 2 6
-1 -1 8 -1 1 5 8 5 6
-1 -1 8 -1 1 6 8 6 5
-1 -1 8 -1 2 2 9 1 9
-1 -1 8 -1 2 5 9 -1 6
-1 -1 8 -1 2 6 9 -1 5
-1 -1 8 -1 2 6 9 -1 6
-1 -1 8 -1 5 1 6 5 8
-1 -1 8 -1 5 2 6 -1 9
-1 -1 8 -1 5 9 6 -1 2
-1 -1 8 -1 5 -1 6 3 9
-1 -1 8 -1 5 -1 6 9 3
-1 -1 8 -1 6 1 5 6 8
-1 -1 8 -1 6 2 5 -1 9
-1 -1 8 -1 6 2 6 -1 9
-1 -1 8 -1 6 9 5 -1 2
-1 -1 8 -1 6 9 6 -1 2
-1 -1 8 -1 6 -1 6 3 9
-1 -1 8 -1 6 -1 6 9 3
-1 -1 8 -1 9 5 2 -1 6
-1 -1 8 -1 9 6 2 -1 5
-1 -1 8 -1 9 6 2 -1 6
-1 -1 8 -1 -1 5 3 9 6
-1 -1 8 -1 -1 5 9 3 6
-1 -1 8 -1 -1 6 3 9 6
-1 -1 8 -1 -1 6 9 3 6
-1 -1 9 1 1 -1 9 9 1
-1 -1 9 1 2 -1 8 9 2
-1 -1 9 1 9 9 1 -1 1
-1 -1 9 1 -1 1 1 9 9
-1 -1 9 1 -1 2 2 9 8
-1 -1 9 2 1 -1 9 8 2
-1 -1 9 2 8 9 2 -1 1
-1 -1 9 2 9 8 1 -1 2
-1 -1 9 2 -1 1 2 8 9
-1 -1 9 2 -1 -1 5 8 6
-1 -1 9 2 -1 -1 6 8 5
-1 -1 9 2 -1 -1 6 8 6
-1 -1 9 3 -1 -1 5 6 8
-1 -1 9 3 -1 -1 6 6 7
-1 -1 9 3 -1 -1 6 6 8
-1 -1 9 3 -1 -1 7 6 6
-1 -1 9 3 -1 -1 8 6 5
-1 -1 9 3 -1 -1 8 6 6
-1 -1 9 5 6 8 3 -1 -1
-1 -1 9 5 6 8 -1 -1 2
-1 -1 9 5 8 6 2 -1 -1
-1 -1 9 5 8 6 -1 -1 3
-1 -1 9 6 5 8 -1 3 -1
-1 -1 9 6 5 8 -1 -1 2
-1 -1 9 6 6 7 3 -1 -1
-1 -1 9 6 6 7 -1 3 -1
-1 -1 9 6 6 8 3 -1 -1
-1 -1 9 6 6 8 -1 3 -1
-1 -1 9 6 6 8 -1 -1 2
-1 -1 9 6 7 6 -1 3 -1
-1 -1 9 6 7 6 -1 -1 3
-1 -1 9 6 8 5 2 -1 -1
-1 -1 9 6 8 5 -1 3 -1
-1 -1 9 6 8 6 2 -1 -1
-1 -1 9 6 8 6 -1 3 -1
-1 -1 9 6 8 6 -1 -1 3
-1 -1 9 7 6 6 3 -1 -1
-1 -1 9 7 6 6 -1 -1 3
-1 -1 9 8 2 9 -1 2 1
-1 -1 9 8 5 6 -1 2 -1
-1 -1 9 8 5 6 -1 -1 3
-1 -1 9 8 6 5 3 -1 -1
-1 -1 9 8 6 5 -1 2 -1
-1 -1 9 8 6 6 3 -1 -1
-1 -1 9 8 6 6 -1 2 -1
-1 -1 9 8 6 6 -1 -1 3
-1 -1 9 8 9 2 1 2 -1
-1 -1 9 9 1 9 -1 1 1
-1 -1 9 9 2 8 -1 1 2
-1 -1 9 9 8 2 2 1 -1
-1 -1 9 9 9 1 1 1 -1
-1 -1 9 -1 1 1 9 1 9
-1 -1 9 -1 1 2 9 2 8
-1 -1 9 -1 2 1 8 2 9
-1 -1 9 -1 2 -1 8 5 6
-1 -1 9 -1 2 -1 8 6 5
-1 -1 9 -1 2 -1 8 6 6
-1 -1 9 -1 3 -1 6 5 8
-1 -1 9 -1 3 -1 6 6 7
-1 -1 9 -1 3 -1 6 6 8
-1 -1 9 -1 3 -1 6 7 6
-1 -1 9 -1 3 -1 6 8 5
-1 -1 9 -1 3 -1 6 8 6
-1 -1 9 -1 -1 2 5 6 8
-1 -1 9 -1 -1 2 6 5 8
-1 -1 9 -1 -1 2 6 6 8
-1 -1 9 -1 -1 3 5 8 6
-1 -1 9 -1 -1 3 6 7 6
-1 -1 9 -1 -1 3 6 8 6
-1 -1 9 -1 -1 3 7 6 6
-1 -1 9 -1 -1 3 8 5 6
-1 -1 9 -1 -1 3 8 6 6
40 20 20 0 0 0 4 0 11 4 0
0 0 9 9 2 -1 10
0 0 8 6 6 -1 30
1 0 9 9 2 -1 10
1 0 8 6 6 -1 30
-1000000000000 -88888888889 -10582010582 -88888888889 -10582010582 -1000000000000 -1000000000000 -493534400653 1000000000000 -798171598047 1000000000000
-24680032676790 -95858610059180 0
40 20 19 1 0 1 6 0 13 36 0
20 20 0
0 0 9 9 2 -1 10
0 0 8 6 6 -1 30
1 0 9 9 1 -1 1
1 0 9 8 2 -1 9
1 0 8 6 5 -1 18
1 0 7 6 6 -1 12
-6377482727 -88888888889 -10582010582 -8001799382 -7297938332 -1000000000000 -1000000000000 -775300506918 1000000000000 -1000000000000 -1000000000000 -986900814301 -1000000000000
-15483110771281 -95858610058694 0
40 20 18 2 0 2 2 1 9 218 -40000000000000
20 20 0
20 19 1
0 0 9 9 2 -1 10
0 0 8 6 6 -1 30
1 36
-1023348108 -88888888889 -10582010582 -43115299144 -1895951856 -56921085685 -1000000000000 -581106919439 1000000000000
-17216811662655 -95858610058783 0
40 20 17 3 0 3 3 1 10 317 -40000000000000
20 20 0
20 19 1
20 18 2
0 0 9 9 2 -1 10
0 0 8 6 6 -1 30
1 2 0 0 0 -1 -1
1 0
-883126305 -88888888889 -10582010582 -43486796284 -1976683585 -52067635772 -6635863869 -614785875266 1000000000000 0
-16840723820942 -95858610058571 0
40 20 16 4 0 4 2 1 9 398 -40000000000000
20 20 0
20 19 1
20 18 2
20 17 3
0 0 9 9 2 -1 10
0 0 8 6 6 -1 30
1 1
-1185676846 -88888888889 -10582010582 -55555555556 -330841649 -36270258243 -40044640468 -790290110737 1000000000000
-17408255328602 -95858610057234 0
40 20 15 5 0 5 2 0 9 503 0
20 20 0
20 19 1
20 18 2
20 17 3
20 16 4
0 0 9 9 2 -1 10
0 0 8 6 6 -1 30
-1038683162 -88888888889 -10582010582 -43569816826 -2375308684 -131519647014 38153163394 -794460902161 1000000000000
-15830889723609 -95858610059150 0
40 20 14 6 0 6 2 0 9 588 0
20 20 0
20 19 1
20 18 2
20 17 3
20 16 4
20 15 5
0 0 9 9 2 -1 10
0 0 8 6 6 -1 30
536662702 -88888888889 -10582010582 -60882800609 286848879 -63010467813 1449665133 -680987109343 1000000000000
-15217740002641 -95858610057034 0
40 20 13 7 0 7 2 0 9 682 0
20 20 0
20 19 1
20 18 2
20 17 3
20 16 4
20 15 5
20 14 6
0 0 9 9 2 -1 10
0 0 8 6 6 -1 30
-666417558 -88888888889 -10582010582 -60060060060 -641112899 -50697186710 -1498342815 -782438686091 1000000000000
-15516465968410 -95858610058361 0
40 20 12 8 0 8 2 0 9 790 0
20 20 0
20 19 1
20 18 2
20 17 3
20 16 4
20 15 5
20 14 6
20 13 7
0 0 9 9 2 -1 10
0 0 8 6 6 -1 30
-271848708 -88888888889 -10582010582 -56980056980 -563498995 -52910052910 -1184229152 -715330673417 1000000000000
-14922562751006 -95858610058528 0
40 20 11 9 0 9 2 0 9 771 0
20 20 0
20 19 1
20 18 2
20 17 3
20 16 4
20 15 5
20 14 6
20 13 7
20 12 8
0 0 9 9 2 -1 10
0 0 8 6 6 -1 30
-1273218037 -88888888889 -10582010582 -50318692868 -1512169502 -41152263374 -6702782860 -798992174917 1000000000000
-15062787674972 -95858610055698 0
40 20 10 10 0 10 2 0 9 768 0
20 20 0
20 19 1
20 18 2
20 17 3
20 16 4
20 15 5
20 14 6
20 13 7
20 12 8
20 11 9
0 0 9 9 2 -1 10
0 0 8 6 6 -1 30
-1362975114 -88888888889 -10582010582 -46783625731 -2406199011 -42220892073 -4921629880 -795188020729 1000000000000
-14978914900455 -95858610059120 0
40 19 19 2 0 11 8 0 15 118 0
20 20 0
20 19 1
20 18 2
20 17 3
20 16 4
20 15 5
20 14 6
20 13 7
20 12 8
20 11 9
20 10 10
0 0 9 9 1 -1 1
0 0 9 8 2 -1 9
0 0 8 6 5 -1 18
0 0 7 6 6 -1 12
1 0 9 9 1 -1 1
1 0 9 8 2 -1 9
1 0 8 6 5 -1 18
1 0 7 6 6 -1 12
-1155088441 -762680900 -7297938332 -1354662023 -7297938332 -206845793280 -1000000000000 -1000000000000 -1000000000000 -983044719449 -1000000000000 -1000000000000 -1000000000000 -980629379737 -1000000000000
-3449510822917 -95858610056689 0
40 19 18 3 0 12 4 1 11 522 -39966575369191
20 20 0
20 19 1
20 18 2
20 17 3
20 16 4
20 15 5
20 14 6
20 13 7
20 12 8
20 11 9
20 10 10
19 19 2
0 0 9 9 1 -1 1
0 0 9 8 2 -1 9
0 0 8 6 5 -1 18
0 0 7 6 6 -1 12
1 2
-1185991303 713612988 -7297938332 -44487378962 -1726625120 -53236608284 -203089193 -1000000000000 -974215750509 -979860241781 -1000000000000
-6495511861106 -95858610058080 0
40 19 17 4 0 13 5 1 12 654 -39959627948808
20 20 0
20 19 1
20 18 2
20 17 3
20 16 4
20 15 5
20 14 6
20 13 7
20 12 8
20 11 9
20 10 10
19 19 2
19 18 3
0 0 9 9 1 -1 1
0 0 9 8 2 -1 9
0 0 8 6 5 -1 18
0 0 7 6 6 -1 12
1 2 0 0 0 -1 -1
1 3
-1158308648 -60882800609 366207642 -40806509617 -2419345946 -53372132463 -2052453360 -983291805769 -1000000000000 -1000000000000 -990916323447 6463544349
-11359718505756 -95858610058524 0
40 19 16 5 0 14 4 1 11 817 -40000000000000
20 20 0
20 19 1
20 18 2
20 17 3
20 16 4
20 15 5
20 14 6
20 13 7
20 12 8
20 11 9
20 10 10
19 19 2
19 18 3
19 17 4
0 0 9 9 1 -1 1
0 0 9 8 2 -1 9
0 0 8 6 5 -1 18
0 0 7 6 6 -1 12
1 4
-1155088441 1284565257 -7297938332 -48143582941 -1382531497 -51463141977 -2631880028 -1000000000000 -969721704432 -977637190347 -1000000000000
-6025983681127 -95858610056029 0
40 19 15 6 0 15 4 0 11 1053 0
20 20 0
20 19 1
20 18 2
20 17 3
20 16 4
20 15 5
20 14 6
20 13 7
20 12 8
20 11 9
20 10 10
19 19 2
19 18 3
19 17 4
19 16 5
0 0 9 9 1 -1 1
0 0 9 8 2 -1 9
0 0 8 6 5 -1 18
0 0 7 6 6 -1 12
-1194829228 -60882800609 359394170 -46249459413 -1773024228 -51538587362 -1841646623 -983016288659 -1000000000000 -1000000000000 -985749191461
-10205704299465 -95858610058933 0
40 19 14 7 0 16 4 0 11 1148 0
20 20 0
20 19 1
20 18 2
20 17 3
20 16 4
20 15 5
20 14 6
20 13 7
20 12 8
20 11 9
20 10 10
19 19 2
19 18 3
19 17 4
19 16 5
19 15 6
0 0 9 9 1 -1 1
0 0 9 8 2 -1 9
0 0 8 6 5 -1 18
0 0 7 6 6 -1 12
-1104110353 582187726 -7297938332 -47440646766 -1677232683 -51494424541 -1807152751 -1000000000000 -976412818235 -979452793176 -1000000000000
-4585331144147 -95858610057755 0
40 19 13 8 0 17 4 0 11 1258 0
20 20 0
20 19 1
20 18 2
20 17 3
20 16 4
20 15 5
20 14 6
20 13 7
20 12 8
20 11 9
20 10 10
19 19 2
19 18 3
19 17 4
19 16 5
19 15 6
19 14 7
0 0 9 9 1 -1 1
0 0 9 8 2 -1 9
0 0 8 6 5 -1 18
0 0 7 6 6 -1 12
-1158631730 -60882800609 340800325 -46701404888 -1857831460 -51106074072 -1556835122 -988711668235 -1000000000000 -1000000000000 -991561220931
-9873792803595 -95858610057878 0
40 19 12 9 0 18 4 0 11 1384 0
20 20 0
20 19 1
20 18 2
20 17 3
20 16 4
20 15 5
20 14 6
20 13 7
20 12 8
20 11 9
20 10 10
19 19 2
19 18 3
19 17 4
19 16 5
19 15 6
19 14 7
19 13 8
0 0 9 9 1 -1 1
0 0 9 8 2 -1 9
0 0 8 6 5 -1 18
0 0 7 6 6 -1 12
-1167669937 1031630143 -7297938332 -48405350441 -1716110707 -50121461148 -1716110707 -1000000000000 -974916586438 -982540221731 -1000000000000
-4346873425949 -95858610058022 0
40 19 11 10 0 19 4 0 11 1258 0
20 20 0
20 19 1
20 18 2
20 17 3
20 16 4
20 15 5
20 14 6
20 13 7
20 12 8
20 11 9
20 10 10
19 19 2
19 18 3
19 17 4
19 16 5
19 15 6
19 14 7
19 13 8
19 12 9
0 0 9 9 1 -1 1
0 0 9 8 2 -1 9
0 0 8 6 5 -1 18
0 0 7 6 6 -1 12
-1146801583 -60882800609 368304763 -48163841449 -1902062852 -51328651243 -1301244367 -985782024926 -1000000000000 -1000000000000 -989620986073
-9794428912626 -95858610059015 0
40 18 18 4 0 20 0 2 7 1811 -79931797813916
20 20 0
20 19 1
20 18 2
20 17 3
20 16 4
20 15 5
20 14 6
20 13 7
20 12 8
20 11 9
20 10 10
19 19 2
19 18 3
19 17 4
19 16 5
19 15 6
19 14 7
19 13 8
19 12 9
19 11 10
0 34
1 35
-1251106714 -43792216814 -1822834845 -43792216814 -1822834845 -52782382806 -1510049675
-10050723529785 -95858610058385 0
40 18 17 5 0 21 1 2 8 2197 -79930858384838
20 20 0
20 19 1
20 18 2
20 17 3
20 16 4
20 15 5
20 14 6
20 13 7
20 12 8
20 11 9
20 10 10
19 19 2
19 18 3
19 17 4
19 16 5
19 15 6
19 14 7
19 13 8
19 12 9
19 11 10
18 18 4
1 2 0 0 0 -1 -1
0 5
1 6
-1140858851 -44893378227 -1704025015 -46768330202 -1507735495 -52914251762 -1653798487 0
-10002335182834 -95858610057788 0
40 18 16 6 0 22 0 2 7 2470 -79821844469017
20 20 0
20 19 1
20 18 2
20 17 3
20 16 4
20 15 5
20 14 6
20 13 7
20 12 8
20 11 9
20 10 10
19 19 2
19 18 3
19 17 4
19 16 5
19 15 6
19 14 7
19 13 8
19 12 9
19 11 10
18 18 4
18 17 5
0 7
1 8
-916294012 -44893378227 -1674088673 -49073178929 -1233879388 -53215707880 -1175452336
-9736884572742 -95858610055702 0
40 18 15 7 0 23 0 1 7 2707 -39910038122287
20 20 0
20 19 1
20 18 2
20 17 3
20 16 4
20 15 5
20 14 6
20 13 7
20 12 8
20 11 9
20 10 10
19 19 2
19 18 3
19 17 4
19 16 5
19 15 6
19 14 7
19 13 8
19 12 9
19 11 10
18 18 4
18 17 5
18 16 6
0 9
-829148554 -44893378227 -1654843064 -48767975671 -1390336391 -54001415708 -1198641203
-8434054816777 -95858610058968 0
40 18 14 8 0 24 0 1 7 2390 -39998149463436
20 20 0
20 19 1
20 18 2
20 17 3
20 16 4
20 15 5
20 14 6
20 13 7
20 12 8
20 11 9
20 10 10
19 19 2
19 18 3
19 17 4
19 16 5
19 15 6
19 14 7
19 13 8
19 12 9
19 11 10
18 18 4
18 17 5
18 16 6
18 15 7
0 10
-1134165058 -43409794778 -1806922906 -46333797783 -1758756240 -50330885088 -1608099090
-8133838894974 -95967480625263 0
40 18 13 9 0 25 0 1 7 2153 -39986684744544
20 20 0
20 19 1
20 18 2
20 17 3
20 16 4
20 15 5
20 14 6
20 13 7
20 12 8
20 11 9
20 10 10
19 19 2
19 18 3
19 17 4
19 16 5
19 15 6
19 14 7
19 13 8
19 12 9
19 11 10
18 18 4
18 17 5
18 16 6
18 15 7
18 14 8
0 11
-1146264755 -44893378227 -1643295555 -46955821386 -1755402861 -49247294449 -1770388222
-8154718001612 -95961635467634 0
40 18 12 10 0 26 0 1 7 2039 -39987349537834
20 20 0
20 19 1
20 18 2
20 17 3
20 16 4
20 15 5
20 14 6
20 13 7
20 12 8
20 11 9
20 10 10
19 19 2
19 18 3
19 17 4
19 16 5
19 15 6
19 14 7
19 13 8
19 12 9
19 11 10
18 18 4
18 17 5
18 16 6
18 15 7
18 14 8
18 13 9
0 12
-1157964805 -43411421588 -1820421195 -47243937648 -1820421195 -46991933470 -2567290172
-7942751383563 -95858610057410 0
40 18 11 11 0 27 0 1 7 1514 -40000000000000
20 20 0
20 19 1
20 18 2
20 17 3
20 16 4
20 15 5
20 14 6
20 13 7
20 12 8
20 11 9
20 10 10
19 19 2
19 18 3
19 17 4
19 16 5
19 15 6
19 14 7
19 13 8
19 12 9
19 11 10
18 18 4
18 17 5
18 16 6
18 15 7
18 14 8
18 13 9
18 12 10
0 13
-1150425186 -44893378227 -1636856036 -48029664864 -1796466632 -56349965604 -25906222
-8315705402627 -95858610058756 0
40 17 17 6 0 28 2 2 9 1041 -79961672972789
20 20 0
20 19 1
20 18 2
20 17 3
20 16 4
20 15 5
20 14 6
20 13 7
20 12 8
20 11 9
20 10 10
19 19 2
19 18 3
19 17 4
19 16 5
19 15 6
19 14 7
19 13 8
19 12 9
19 11 10
18 18 4
18 17 5
18 16 6
18 15 7
18 14 8
18 13 9
18 12 10
18 11 11
0 2 0 0 0 -1 -1
1 2 0 0 0 -1 -1
0 14
1 15
-1239902106 -43608806802 -1858398100 -35888582255 -3129363767 -50828684570 -1651877567 0 18442512917
-8890250342966 -95858610057857 0
40 17 16 7 0 29 1 2 8 1043 -79984440437156
20 20 0
20 19 1
20 18 2
20 17 3
20 16 4
20 15 5
20 14 6
20 13 7
20 12 8
20 11 9
20 10 10
19 19 2
19 18 3
19 17 4
19 16 5
19 15 6
19 14 7
19 13 8
19 12 9
19 11 10
18 18 4
18 17 5
18 16 6
18 15 7
18 14 8
18 13 9
18 12 10
18 11 11
17 17 6
0 2 0 0 0 -1 -1
0 16
1 17
-830788472 -45240076260 -1663687753 -55555555556 -283065344 -57393772344 391920313 0
-9881493034139 -95858610057504 0
40 17 15 8 0 30 1 1 8 1024 -39996183448970
20 20 0
20 19 1
20 18 2
20 17 3
20 16 4
20 15 5
20 14 6
20 13 7
20 12 8
20 11 9
20 10 10
19 19 2
19 18 3
19 17 4
19 16 5
19 15 6
19 14 7
19 13 8
19 12 9
19 11 10
18 18 4
18 17 5
18 16 6
18 15 7
18 14 8
18 13 9
18 12 10
18 11 11
17 17 6
17 16 7
0 2 0 0 0 -1 -1
0 18
-1249055816 -41269048354 -2340004960 -44563839208 -1907695895 -49132386080 -1936812690 0
-7899374418398 -95858610058714 0
40 17 14 9 0 31 1 1 8 735 -39995369022988
20 20 0
20 19 1
20 18 2
20 17 3
20 16 4
20 15 5
20 14 6
20 13 7
20 12 8
20 11 9
20 10 10
19 19 2
19 18 3
19 17 4
19 16 5
19 15 6
19 14 7
19 13 8
19 12 9
19 11 10
18 18 4
18 17 5
18 16 6
18 15 7
18 14 8
18 13 9
18 12 10
18 11 11
17 17 6
17 16 7
17 15 8
0 2 0 0 0 -1 -1
0 19
-117968789 -48138332595 -1174091450 -80482897384 3813184285 -50615334245 -1714791160 0
-9195621242473 -95858610057610 0
40 17 13 10 0 32 1 1 8 564 -40000000000000
20 20 0
20 19 1
20 18 2
20 17 3
20 16 4
20 15 5
20 14 6
20 13 7
20 12 8
20 11 9
20 10 10
19 19 2
19 18 3
19 17 4
19 16 5
19 15 6
19 14 7
19 13 8
19 12 9
19 11 10
18 18 4
18 17 5
18 16 6
18 15 7
18 14 8
18 13 9
18 12 10
18 11 11
17 17 6
17 16 7
17 15 8
17 14 9
0 2 0 0 0 -1 -1
0 20
-791917144 -45688624760 -1505369425 -48848818268 -1340720061 -39283193277 -6003884015 2371936153
-7630114700167 -95858610058920 0
40 17 12 11 0 33 1 1 8 489 -40000000000000
20 20 0
20 19 1
20 18 2
20 17 3
20 16 4
20 15 5
20 14 6
20 13 7
20 12 8
20 11 9
20 10 10
19 19 2
19 18 3
19 17 4
19 16 5
19 15 6
19 14 7
19 13 8
19 12 9
19 11 10
18 18 4
18 17 5
18 16 6
18 15 7
18 14 8
18 13 9
18 12 10
18 11 11
17 17 6
17 16 7
17 15 8
17 14 9
17 13 10
0 2 0 0 0 -1 -1
0 21
1267125824 -45029143576 -1663058552 -86758041165 5407754193 -76978602652 4061609842 0
-8392606597116 -95858610058525 0
40 16 16 8 0 34 0 2 7 277 -80000000000000
20 20 0
20 19 1
20 18 2
20 17 3
20 16 4
20 15 5
20 14 6
20 13 7
20 12 8
20 11 9
20 10 10
19 19 2
19 18 3
19 17 4
19 16 5
19 15 6
19 14 7
19 13 8
19 12 9
19 11 10
18 18 4
18 17 5
18 16 6
18 15 7
18 14 8
18 13 9
18 12 10
18 11 11
17 17 6
17 16 7
17 15 8
17 14 9
17 13 10
17 12 11
0 22
1 23
1789370947 -100000000000 6434971329 -100000000000 6434971329 -40212788385 -7558832557
-13861268856716 -95858610058940 0
40 16 15 9 0 35 0 1 7 288 -40000000000000
20 20 0
20 19 1
20 18 2
20 17 3
20 16 4
20 15 5
20 14 6
20 13 7
20 12 8
20 11 9
20 10 10
19 19 2
19 18 3
19 17 4
19 16 5
19 15 6
19 14 7
19 13 8
19 12 9
19 11 10
18 18 4
18 17 5
18 16 6
18 15 7
18 14 8
18 13 9
18 12 10
18 11 11
17 17 6
17 16 7
17 15 8
17 14 9
17 13 10
17 12 11
16 16 8
0 24
-259794066 -100000000000 6503709017 -46583420895 -1516463890 -49493890994 -1638921572
-10775395867669 -95858610058167 0
40 16 14 10 0 36 0 1 7 157 -40000000000000
20 20 0
20 19 1
20 18 2
20 17 3
20 16 4
20 15 5
20 14 6
20 13 7
20 12 8
20 11 9
20 10 10
19 19 2
19 18 3
19 17 4
19 16 5
19 15 6
19 14 7
19 13 8
19 12 9
19 11 10
18 18 4
18 17 5
18 16 6
18 15 7
18 14 8
18 13 9
18 12 10
18 11 11
17 17 6
17 16 7
17 15 8
17 14 9
17 13 10
17 12 11
16 16 8
16 15 9
0 25
41666666667 -250000000000 19185374640 -279720279720 22843534117 -186046511628 30174972870
-6271144800054 -95858610058766 0
40 16 13 11 0 37 0 1 7 94 -40000000000000
20 20 0
20 19 1
20 18 2
20 17 3
20 16 4
20 15 5
20 14 6
20 13 7
20 12 8
20 11 9
20 10 10
19 19 2
19 18 3
19 17 4
19 16 5
19 15 6
19 14 7
19 13 8
19 12 9
19 11 10
18 18 4
18 17 5
18 16 6
18 15 7
18 14 8
18 13 9
18 12 10
18 11 11
17 17 6
17 16 7
17 15 8
17 14 9
17 13 10
17 12 11
16 16 8
16 15 9
16 14 10
0 26
40983606557 -250000000000 41666666667 -298507462687 59701492537 -67287485789 -76190476190
-351719719327 -95858610058892 0
40 16 12 12 0 38 0 1 7 68 -40000000000000
20 20 0
20 19 1
20 18 2
20 17 3
20 16 4
20 15 5
20 14 6
20 13 7
20 12 8
20 11 9
20 10 10
19 19 2
19 18 3
19 17 4
19 16 5
19 15 6
19 14 7
19 13 8
19 12 9
19 11 10
18 18 4
18 17 5
18 16 6
18 15 7
18 14 8
18 13 9
18 12 10
18 11 11
17 17 6
17 16 7
17 15 8
17 14 9
17 13 10
17 12 11
16 16 8
16 15 9
16 14 10
16 13 11
0 27
39682539683 -250000000000 29895111263 -289855072464 10798314655 -289855072464 50873507734
-8168633157654 -95858610058851 0
40 15 15 10 0 39 0 0 7 63 0
20 20 0
20 19 1
20 18 2
20 17 3
20 16 4
20 15 5
20 14 6
20 13 7
20 12 8
20 11 9
20 10 10
19 19 2
19 18 3
19 17 4
19 16 5
19 15 6
19 14 7
19 13 8
19 12 9
19 11 10
18 18 4
18 17 5
18 16 6
18 15 7
18 14 8
18 13 9
18 12 10
18 11 11
17 17 6
17 16 7
17 15 8
17 14 9
17 13 10
17 12 11
16 16 8
16 15 9
16 14 10
16 13 11
16 12 12
50632911392 242424242424 44198895028 242424242424 44198895028 -186046511628 -37037037037
78601947185180 -193428851257676 0
40 15 14 11 0 40 0 0 7 31 0
20 20 0
20 19 1
20 18 2
20 17 3
20 16 4
20 15 5
20 14 6
20 13 7
20 12 8
20 11 9
20 10 10
19 19 2
19 18 3
19 17 4
19 16 5
19 15 6
19 14 7
19 13 8
19 12 9
19 11 10
18 18 4
18 17 5
18 16 6
18 15 7
18 14 8
18 13 9
18 12 10
18 11 11
17 17 6
17 16 7
17 15 8
17 14 9
17 13 10
17 12 11
16 16 8
16 15 9
16 14 10
16 13 11
16 12 12
15 15 10
49382716049 242424242424 44198895028 279720279720 55248618785 347826086957 91954022989
104647211363921 -314246851382388 0
40 15 13 12 0 41 0 0 7 12 0
20 20 0
20 19 1
20 18 2
20 17 3
20 16 4
20 15 5
20 14 6
20 13 7
20 12 8
20 11 9
20 10 10
19 19 2
19 18 3
19 17 4
19 16 5
19 15 6
19 14 7
19 13 8
19 12 9
19 11 10
18 18 4
18 17 5
18 16 6
18 15 7
18 14 8
18 13 9
18 12 10
18 11 11
17 17 6
17 16 7
17 15 8
17 14 9
17 13 10
17 12 11
16 16 8
16 15 9
16 14 10
16 13 11
16 12 12
15 15 10
15 14 11
48780487805 242424242424 44198895028 298507462687 63897763578 289855072464 68965517241
103706199157076 -350843255061440 0
40 14 14 12 0 42 0 0 7 1 0
20 20 0
20 19 1
20 18 2
20 17 3
20 16 4
20 15 5
20 14 6
20 13 7
20 12 8
20 11 9
20 10 10
19 19 2
19 18 3
19 17 4
19 16 5
19 15 6
19 14 7
19 13 8
19 12 9
19 11 10
18 18 4
18 17 5
18 16 6
18 15 7
18 14 8
18 13 9
18 12 10
18 11 11
17 17 6
17 16 7
17 15 8
17 14 9
17 13 10
17 12 11
16 16 8
16 15 9
16 14 10
16 13 11
16 12 12
15 15 10
15 14 11
15 13 12
51020408163 279720279720 55248618785 279720279720 55248618785 289855072464 68965517241
108724404852522 -400352534167998 0
40 14 13 13 1 43 0 0 0 0 0
20 20 0
20 19 1
20 18 2
20 17 3
20 16 4
20 15 5
20 14 6
20 13 7
20 12 8
20 11 9
20 10 10
19 19 2
19 18 3
19 17 4
19 16 5
19 15 6
19 14 7
19 13 8
19 12 9
19 11 10
18 18 4
18 17 5
18 16 6
18 15 7
18 14 8
18 13 9
18 12 10
18 11 11
17 17 6
17 16 7
17 15 8
17 14 9
17 13 10
17 12 11
16 16 8
16 15 9
16 14 10
16 13 11
16 12 12
15 15 10
15 14 11
15 13 12
14 14 12

0 0 0
275 106 105 64 0 18 8 1 15 2571792 -359979101924637
112 112 29
112 111 35
112 110 45
111 111 45
112 109 51
111 110 51
111 108 56
110 109 56
109 109 57
112 105 58
111 106 58
112 104 59
111 105 59
112 103 60
111 104 60
112 102 61
111 103 61
111 102 62
0 1 0 0 0 37 -3591640984
0 1 0 0 0 38 -33592598595
0 1 0 0 0 40 -383098965937752
0 1 0 0 0 41 9050179505963232
0 1 0 0 0 42 905017950596
0 1 0 0 0 44 961503442264
1 1 0 0 0 39 -3614141188092
1 1 0 0 0 43 907078719117
0 46
52874105 -5810705107 138473472 -5291005291 125954587 -1721571037 53085621 0 0 0 0 0 0 62 0
-20583525751662 -7492424949859218 21576254250
