97 26 21 2664 62
45 41 23
45 40 24
45 39 25
45 38 26
45 37 27
45 36 28
45 35 29
45 34 30
45 33 31
45 32 32
44 42 23
44 41 24
44 40 25
44 39 26
44 38 27
44 37 28
44 36 29
44 35 30
44 34 31
44 33 32
43 43 23
43 42 24
43 41 25
43 40 26
43 39 27
43 38 28
43 37 29
43 36 30
43 35 31
43 34 32
43 33 33
45 38 25
45 37 26
45 36 27
45 35 28
45 34 29
45 33 30
45 32 31
44 40 24
44 39 25
44 38 26
44 37 27
44 36 28
44 35 29
44 34 30
44 33 31
44 32 32
43 40 25
43 39 26
43 38 27
43 37 28
43 36 29
43 35 30
43 34 31
43 33 32
45 35 27
45 34 28
45 33 29
45 32 30
44 38 25
44 37 26
44 36 27
44 35 28
44 34 29
44 33 30
44 32 31
43 35 29
45 33 28
42 35 32
42 42 25
42 36 31
42 41 26
42 40 27
42 39 28
42 38 29
42 37 30
42 34 33
43 42 23
43 41 24
42 42 24
42 40 26
42 38 28
42 37 29
42 34 32
43 38 26
43 37 27
43 36 28
43 34 30
43 33 31
43 32 32
42 41 25
42 39 27
42 35 31
42 33 33
44 41 23
42 36 30
45 39 24
45 45 7
45 43 15
44 44 15
45 42 20
44 43 22
41 41 27
41 40 28
41 39 29
41 38 30
41 37 31
41 36 32
41 35 33
41 34 34
45 40 23
44 42 22
45 31 31
44 39 24
43 39 25
42 42 23
42 38 27
42 37 28
42 34 31
42 33 32
44 34 28
45 36 26
42 35 30
42 13
14 14 14
15 14 13
15 15 12
16 14 12
16 15 11
17 16 9
17 17 8
18 12 12
18 15 9
18 16 8
18 17 7
18 18 6
20 16 6
43 6
15 14 14
15 15 13
17 17 9
18 16 9
18 17 8
18 18 7
44 3
15 15 14
18 17 9
18 18 8
45 2
15 15 15
18 18 9
42 -1208716648 13
14 14 14 -9976716
15 14 13 -10000000
15 15 12 -10000000
16 14 12 -10000000
16 15 11 -9982078
17 16 9 -10000000
17 17 8 -9997176
18 12 12 -9962574
18 15 9 -10000000
18 16 8 -10000000
18 17 7 -10000000
18 18 6 -10000000
20 16 6 -10000000
42 -1209715486 13
14 14 14 -10000000
15 14 13 -10000000
15 15 12 -10000000
16 14 12 -10000000
16 15 11 -9990443
17 16 9 -9995341
17 17 8 -9999520
18 12 12 -9990809
18 15 9 -10000000
18 16 8 -10000000
18 17 7 -10000000
18 18 6 -10000000
20 16 6 -10000000
42 -1208710894 13
14 14 14 -9971490
15 14 13 -10000000
15 15 12 -9980472
16 14 12 -10000000
16 15 11 -9983901
17 16 9 -10000000
17 17 8 -10000000
18 12 12 -9987604
18 15 9 -9997949
18 16 8 -10000000
18 17 7 -10000000
18 18 6 -10000000
20 16 6 -10000000
42 -1199228590 13
14 14 14 -10000000
15 14 13 -10000000
15 15 12 -10000000
16 14 12 -9930802
16 15 11 -9898377
17 16 9 -9809135
17 17 8 -9923752
18 12 12 -9026445
18 15 9 -9496311
18 16 8 -9764489
18 17 7 -10000000
18 18 6 -10000000
20 16 6 -10000000
41 58774 36
14 14 13 463
15 13 13 -1000
15 14 12 -1000
15 15 11 -1000
16 13 12 80
16 14 11 -1000
16 15 10 -1000
16 16 9 -1000
17 12 12 64
17 13 11 -1000
17 14 10 -1000
17 15 9 -936
17 16 8 -1000
17 17 7 1000
18 12 11 -1000
18 13 10 -1000
18 14 9 -1000
18 15 8 743
18 16 7 -1000
18 17 6 -1000
18 18 5 1000
19 11 11 -1000
19 12 10 -1000
19 13 9 -1000
19 14 8 -1000
19 15 7 -1000
19 16 6 -1000
19 17 5 -1000
20 11 10 -1000
20 12 9 -1000
20 13 8 -1000
20 14 7 -1000
20 15 6 -1000
20 16 5 -1000
20 17 4 -1000
20 20 1 -1000
42 -1208155171 13
14 14 14 -9962413
15 14 13 -10000000
15 15 12 -10000000
16 14 12 -10000000
16 15 11 -10000000
17 16 9 -10000000
17 17 8 -9982996
18 12 12 -9861670
18 15 9 -9943552
18 16 8 -9996352
18 17 7 -10000000
18 18 6 -10000000
20 16 6 -10000000
42 -1208473579 13
14 14 14 -9962229
15 14 13 -10000000
15 15 12 -10000000
16 14 12 -10000000
16 15 11 -10000000
17 16 9 -10000000
17 17 8 -10000000
18 12 12 -9916045
18 15 9 -10000000
18 16 8 -9951118
18 17 7 -10000000
18 18 6 -10000000
20 16 6 -10000000
42 -120697520 13
14 14 14 -995043
15 14 13 -1000000
15 15 12 -1000000
16 14 12 -999257
16 15 11 -1000000
17 16 9 -995825
17 17 8 -999788
18 12 12 -976353
18 15 9 -982661
18 16 8 -998163
18 17 7 -1000000
18 18 6 -1000000
20 16 6 -1000000
42 -120580275 13
14 14 14 -993835
15 14 13 -1000000
15 15 12 -1000000
16 14 12 -1000000
16 15 11 -1000000
17 16 9 -991809
17 17 8 -993685
18 12 12 -958409
18 15 9 -991106
18 16 8 -998653
18 17 7 -1000000
18 18 6 -999069
20 16 6 -1000000
42 -120865961 13
14 14 14 -995313
15 14 13 -1000000
15 15 12 -1000000
16 14 12 -1000000
16 15 11 -1000000
17 16 9 -1000000
17 17 8 -1000000
18 12 12 -1000000
18 15 9 -991097
18 16 8 -1000000
18 17 7 -1000000
18 18 6 -1000000
20 16 6 -1000000
42 -120559116 13
14 14 14 -997481
15 14 13 -1000000
15 15 12 -1000000
16 14 12 -1000000
16 15 11 -998259
17 16 9 -992046
17 17 8 -1000000
18 12 12 -944821
18 15 9 -971967
18 16 8 -995574
18 17 7 -1000000
18 18 6 -1000000
20 16 6 -1000000
42 -12078964695 13
14 14 14 -99853294
15 14 13 -100000000
15 15 12 -99873550
16 14 12 -99901795
16 15 11 -99644817
17 16 9 -99652294
17 17 8 -99728414
18 12 12 -99227481
18 15 9 -99270864
18 16 8 -99738305
18 17 7 -100000000
18 18 6 -100000000
20 16 6 -100000000
42 -12079033618 13
14 14 14 -99844594
15 14 13 -100000000
15 15 12 -99995152
16 14 12 -99702431
16 15 11 -99951155
17 16 9 -99643014
17 17 8 -99831747
18 12 12 -99188148
18 15 9 -99342573
18 16 8 -99636512
18 17 7 -100000000
18 18 6 -100000000
20 16 6 -100000000
42 -12081740098 13
14 14 14 -99975568
15 14 13 -100000000
15 15 12 -100000000
16 14 12 -99933245
16 15 11 -99569799
17 16 9 -99639200
17 17 8 -99832570
18 12 12 -99187963
18 15 9 -99342491
18 16 8 -99636466
18 17 7 -100000000
18 18 6 -100000000
20 16 6 -100000000
42 -12078893080 13
14 14 14 -99589005
15 14 13 -100000000
15 15 12 -99987413
16 14 12 -100000000
16 15 11 -100000000
17 16 9 -99788526
17 17 8 -99802455
18 12 12 -98749086
18 15 9 -99502684
18 16 8 -100000000
18 17 7 -99862955
18 18 6 -100000000
20 16 6 -100000000
42 -12060940828 13
14 14 14 -99595867
15 14 13 -100000000
15 15 12 -99935165
16 14 12 -99560054
16 15 11 -100000000
17 16 9 -99681054
17 17 8 -99454205
18 12 12 -97980830
18 15 9 -99180048
18 16 8 -99655553
18 17 7 -100000000
18 18 6 -100000000
20 16 6 -100000000
42 -12072262069 13
14 14 14 -99131119
15 14 13 -99882802
15 15 12 -100000000
16 14 12 -100000000
16 15 11 -100000000
17 16 9 -100000000
17 17 8 -100000000
18 12 12 -99286976
18 15 9 -100000000
18 16 8 -100000000
18 17 7 -100000000
18 18 6 -100000000
20 16 6 -100000000
42 -11961588514 13
14 14 14 -99929712
15 14 13 -100000000
15 15 12 -100000000
16 14 12 -98926352
16 15 11 -98640262
17 16 9 -97198166
17 17 8 -99133604
18 12 12 -89128555
18 15 9 -94097334
18 16 8 -97274508
18 17 7 -100000000
18 18 6 -100000000
20 16 6 -100000000
41 942856 36
14 14 13 10000
15 13 13 -10000
15 14 12 -10000
15 15 11 -10000
16 13 12 7873
16 14 11 -10000
16 15 10 -10000
16 16 9 -10000
17 12 12 2764
17 13 11 8359
17 14 10 -10000
17 15 9 -10000
17 16 8 4047
17 17 7 3679
18 12 11 8288
18 13 10 -10000
18 14 9 -10000
18 15 8 -10000
18 16 7 -10000
18 17 6 -10000
18 18 5 10000
19 11 11 -10000
19 12 10 -10000
19 13 9 -10000
19 14 8 -10000
19 15 7 -10000
19 16 6 -10000
19 17 5 -10000
20 11 10 -10000
20 12 9 -10000
20 13 8 -10000
20 14 7 -10000
20 15 6 -10000
20 16 5 -10000
20 17 4 -10000
20 20 1 -10000
42 -12028264876 13
14 14 14 -99342106
15 14 13 -100000000
15 15 12 -100000000
16 14 12 -99832449
16 15 11 -99553793
17 16 9 -98883112
17 17 8 -98456307
18 12 12 -93794803
18 15 9 -98708110
18 16 8 -98988633
18 17 7 -100000000
18 18 6 -100000000
20 16 6 -100000000
41 701006 36
14 14 13 5907
15 13 13 -10000
15 14 12 -10000
15 15 11 -10000
16 13 12 -10000
16 14 11 4838
16 15 10 -10000
16 16 9 3241
17 12 12 -10000
17 13 11 -10000
17 14 10 -10000
17 15 9 -10000
17 16 8 -10000
17 17 7 5792
18 12 11 6719
18 13 10 -10000
18 14 9 -10000
18 15 8 5424
18 16 7 4698
18 17 6 1935
18 18 5 10000
19 11 11 -10000
19 12 10 -10000
19 13 9 -10000
19 14 8 -10000
19 15 7 -10000
19 16 6 -10000
19 17 5 -10000
20 11 10 -10000
20 12 9 -10000
20 13 8 -10000
20 14 7 -10000
20 15 6 -10000
20 16 5 -10000
20 17 4 -10000
20 20 1 -10000
40 -1209524081280 44
14 13 13 -9994985784
14 14 12 -10000000000
15 13 12 -10000000000
15 14 11 -9998055519
15 15 10 -9998335263
16 12 12 -9999232648
16 13 11 -10000000000
16 14 10 -9998849636
16 15 9 -9998650056
16 16 8 -9997700601
17 12 11 -9997318048
17 13 10 -10000000000
17 14 9 -9996782278
17 15 8 -9997797911
17 16 7 -9999580702
17 17 6 -9997022210
18 11 11 -9998131978
18 12 10 -9997590941
18 13 9 -9997798763
18 14 8 -9998154450
18 15 7 -9997889291
18 16 6 -9998414921
18 17 5 -9996083449
18 18 4 -9998400305
19 11 10 -10000000000
19 12 9 -9998344034
19 13 8 -9998758324
19 14 7 -10000000000
19 15 6 -10000000000
19 16 5 -10000000000
19 17 4 -10000000000
19 18 3 -10000000000
19 19 2 -10000000000
20 10 10 -10000000000
20 11 9 -9999764354
20 12 8 -10000000000
20 13 7 -10000000000
20 14 6 -10000000000
20 15 5 -10000000000
20 16 4 -10000000000
20 17 3 -10000000000
20 18 2 -10000000000
20 19 1 -10000000000
20 20 0 -10000000000
105 -3614141188092 87
35 35 35 -9936084485
36 35 34 -9944130608
36 36 33 -9957691966
37 34 34 -9962753738
37 35 33 -9968268975
37 36 32 -9964442756
37 37 31 -9995549803
38 34 33 -10000000000
38 35 32 -10000000000
38 36 31 -9985011439
38 37 30 -9961059126
38 38 29 -9942606506
39 33 33 -9963485040
39 34 32 -10000000000
39 35 31 -9982225839
39 36 30 -9958695367
39 37 29 -9952725739
39 38 28 -9919489766
39 39 27 -9913850410
40 33 32 -9947841938
40 34 31 -9969494355
40 35 30 -9954494151
40 36 29 -9958064216
40 37 28 -9927303117
40 38 27 -9910838567
40 39 26 -9908016032
40 40 25 -9902932266
41 32 32 -9931530831
41 33 31 -9935087606
41 34 30 -9920402333
41 35 29 -9942100553
41 36 28 -9961523217
41 37 27 -9934167940
41 38 26 -9922322831
41 39 25 -9910562564
41 40 24 -9919719212
41 41 23 -9930397126
42 32 31 -9898653335
42 33 30 -9896034928
42 34 29 -9915150710
42 35 28 -9916272422
42 36 27 -9906626049
42 37 26 -9907669177
42 38 25 -9975054108
42 39 24 -9936088340
42 40 23 -9918173236
42 41 22 -9932175087
42 42 21 -9935681896
43 31 31 -9855030720
43 32 30 -9853316457
43 33 29 -9860390716
43 34 28 -9932969003
43 35 27 -10000000000
43 36 26 -10000000000
43 37 25 -9885929445
43 38 24 -10000000000
43 39 23 -10000000000
43 40 22 -9920255900
43 41 21 -9934258332
43 42 20 -9950531861
43 43 19 -9936674087
44 31 30 -9803555533
44 32 29 -9803688455
44 33 28 -9871825738
44 34 27 -9988941672
44 35 26 -10000000000
44 36 25 -9882158750
44 37 24 -10000000000
44 38 23 -9880557091
44 39 22 -10000000000
44 40 21 -9913758600
44 41 20 -10000000000
44 42 19 -9964967298
44 43 18 -9904906735
45 30 30 -9769989867
45 31 29 -9831549748
45 32 28 -9771257484
45 33 27 -9925959374
45 34 26 -9801307749
45 35 25 -10000000000
45 36 24 -10000000000
45 37 23 -10000000000
45 38 22 -9849082803
45 39 21 -10000000000
45 40 20 -9936220915
45 41 19 -9950364012
45 42 18 -9948541441
1 1 -1 1 9 9 -1 9 -1
1 1 -1 9 1 9 9 -1 -1
1 1 -1 9 9 1 -1 -1 9
1 1 -1 9 -1 -1 9 1 9
1 1 -1 -1 9 -1 1 9 9
1 1 -1 -1 -1 9 9 9 1
1 2 -1 2 8 9 -1 9 -1
1 2 -1 8 9 2 -1 -1 9
1 2 -1 9 2 8 9 -1 -1
1 2 -1 9 -1 -1 9 2 8
1 2 -1 -1 9 -1 2 8 9
1 2 -1 -1 -1 9 8 9 2
1 5 -1 5 6 8 -1 8 -1
1 5 -1 6 8 5 -1 -1 8
1 5 -1 6 8 -1 -1 6 8
1 5 -1 8 5 6 8 -1 -1
1 5 -1 8 -1 6 8 -1 6
1 5 -1 8 -1 -1 8 5 6
1 5 -1 -1 6 8 6 8 -1
1 5 -1 -1 8 -1 5 6 8
1 5 -1 -1 -1 8 6 8 5
1 6 -1 5 8 6 -1 -1 8
1 6 -1 5 8 -1 -1 5 8
1 6 -1 6 5 8 -1 8 -1
1 6 -1 8 6 5 8 -1 -1
1 6 -1 8 -1 5 8 -1 5
1 6 -1 8 -1 -1 8 6 5
1 6 -1 -1 5 8 5 8 -1
1 6 -1 -1 8 -1 6 5 8
1 6 -1 -1 -1 8 5 8 6
1 8 8 5 5 -1 -1 6 -1
1 8 8 5 -1 5 -1 -1 6
1 8 8 5 -1 -1 -1 6 6
1 8 8 6 6 -1 -1 5 -1
1 8 8 6 -1 6 -1 -1 5
1 8 8 6 -1 -1 -1 5 5
1 8 8 -1 5 5 6 -1 -1
1 8 8 -1 5 -1 6 6 -1
1 8 8 -1 6 6 5 -1 -1
1 8 8 -1 6 -1 5 5 -1
1 8 8 -1 -1 5 6 -1 6
1 8 8 -1 -1 6 5 -1 5
1 8 -1 2 9 -1 -1 2 9
1 8 -1 9 -1 2 9 -1 2
1 8 -1 -1 2 9 2 9 -1
1 9 9 1 1 -1 -1 9 -1
1 9 9 1 -1 1 -1 -1 9
1 9 9 2 2 -1 -1 8 -1
1 9 9 2 -1 2 -1 -1 8
1 9 9 8 -1 -1 -1 2 2
1 9 9 9 -1 -1 -1 1 1
1 9 9 -1 1 1 9 -1 -1
1 9 9 -1 2 2 8 -1 -1
1 9 9 -1 8 -1 2 2 -1
1 9 9 -1 9 -1 1 1 -1
1 9 9 -1 -1 8 2 -1 2
1 9 9 -1 -1 9 1 -1 1
1 9 -1 1 9 -1 -1 1 9
1 9 -1 9 -1 1 9 -1 1
1 9 -1 -1 1 9 1 9 -1
1 -1 1 1 9 9 -1 -1 9
1 -1 1 9 1 9 -1 9 -1
1 -1 1 9 9 1 9 -1 -1
1 -1 1 9 -1 -1 9 9 1
1 -1 1 -1 9 -1 9 1 9
1 -1 1 -1 -1 9 1 9 9
1 -1 2 2 9 8 -1 -1 9
1 -1 2 8 2 9 -1 9 -1
1 -1 2 9 8 2 9 -1 -1
1 -1 2 9 -1 -1 9 8 2
1 -1 2 -1 9 -1 8 2 9
1 -1 2 -1 -1 9 2 9 8
1 -1 5 5 8 6 -1 -1 8
1 -1 5 6 5 8 -1 8 -1
1 -1 5 6 -1 8 -1 8 6
1 -1 5 8 6 5 8 -1 -1
1 -1 5 8 6 -1 8 6 -1
1 -1 5 8 -1 -1 8 6 5
1 -1 5 -1 8 6 6 -1 8
1 -1 5 -1 8 -1 6 5 8
1 -1 5 -1 -1 8 5 8 6
1 -1 6 5 6 8 -1 8 -1
1 -1 6 5 -1 8 -1 8 5
1 -1 6 6 8 5 -1 -1 8
1 -1 6 8 5 6 8 -1 -1
1 -1 6 8 5 -1 8 5 -1
1 -1 6 8 -1 -1 8 5 6
1 -1 6 -1 8 5 5 -1 8
1 -1 6 -1 8 -1 5 6 8
1 -1 6 -1 -1 8 6 8 5
1 -1 8 2 -1 9 -1 9 2
1 -1 8 9 2 -1 9 2 -1
1 -1 8 -1 9 2 2 -1 9
1 -1 9 1 -1 9 -1 9 1
1 -1 9 9 1 -1 9 1 -1
1 -1 9 -1 9 1 1 -1 9
2 1 -1 2 9 8 -1 9 -1
2 1 -1 8 2 9 9 -1 -1
2 1 -1 9 8 2 -1 -1 9
2 1 -1 9 -1 -1 8 2 9
2 1 -1 -1 9 -1 2 9 8
2 1 -1 -1 -1 9 9 8 2
2 2 -1 1 9 9 -1 8 -1
2 2 -1 8 -1 -1 9 1 9
2 2 -1 9 1 9 8 -1 -1
2 2 -1 9 9 1 -1 -1 8
2 2 -1 -1 8 -1 1 9 9
2 2 -1 -1 -1 8 9 9 1
2 5 -1 6 9 -1 -1 -1 8
2 5 -1 8 -1 -1 9 -1 6
2 5 -1 9 -1 6 8 -1 -1
2 5 -1 -1 6 9 -1 8 -1
2 5 -1 -1 8 -1 -1 6 9
2 5 -1 -1 -1 8 6 9 -1
2 6 -1 5 9 -1 -1 -1 8
2 6 -1 6 9 -1 -1 -1 8
2 6 -1 8 -1 -1 9 -1 5
2 6 -1 8 -1 -1 9 -1 6
2 6 -1 9 -1 5 8 -1 -1
2 6 -1 9 -1 6 8 -1 -1
2 6 -1 -1 5 9 -1 8 -1
2 6 -1 -1 6 9 -1 8 -1
2 6 -1 -1 8 -1 -1 5 9
2 6 -1 -1 8 -1 -1 6 9
2 6 -1 -1 -1 8 5 9 -1
2 6 -1 -1 -1 8 6 9 -1
2 8 9 1 2 -1 -1 9 -1
2 8 9 2 -1 1 -1 -1 9
2 8 9 5 -1 -1 -1 -1 6
2 8 9 6 -1 -1 -1 -1 5
2 8 9 6 -1 -1 -1 -1 6
2 8 9 9 -1 -1 -1 1 2
2 8 9 -1 1 2 9 -1 -1
2 8 9 -1 5 -1 -1 6 -1
2 8 9 -1 6 -1 -1 5 -1
2 8 9 -1 6 -1 -1 6 -1
2 8 9 -1 9 -1 1 2 -1
2 8 9 -1 -1 5 6 -1 -1
2 8 9 -1 -1 6 5 -1 -1
2 8 9 -1 -1 6 6 -1 -1
2 8 9 -1 -1 9 2 -1 1
2 9 8 1 -1 2 -1 -1 9
2 9 8 2 1 -1 -1 9 -1
2 9 8 5 -1 -1 -1 6 -1
2 9 8 6 -1 -1 -1 5 -1
2 9 8 6 -1 -1 -1 6 -1
2 9 8 9 -1 -1 -1 2 1
2 9 8 -1 2 1 9 -1 -1
2 9 8 -1 5 -1 6 -1 -1
2 9 8 -1 6 -1 5 -1 -1
2 9 8 -1 6 -1 6 -1 -1
2 9 8 -1 9 -1 2 1 -1
2 9 8 -1 -1 5 -1 -1 6
2 9 8 -1 -1 6 -1 -1 5
2 9 8 -1 -1 6 -1 -1 6
2 9 8 -1 -1 9 1 -1 2
2 9 -1 1 8 -1 -1 2 9
2 9 -1 2 9 -1 -1 1 8
2 9 -1 8 -1 1 9 -1 2
2 9 -1 9 -1 2 8 -1 1
2 9 -1 -1 1 8 2 9 -1
2 9 -1 -1 2 9 1 8 -1
2 -1 1 2 8 9 -1 -1 9
2 -1 1 8 9 2 9 -1 -1
2 -1 1 9 2 8 -1 9 -1
2 -1 1 9 -1 -1 8 9 2
2 -1 1 -1 9 -1 9 2 8
2 -1 1 -1 -1 9 2 8 9
2 -1 2 1 9 9 -1 -1 8
2 -1 2 8 -1 -1 9 9 1
2 -1 2 9 1 9 -1 8 -1
2 -1 2 9 9 1 8 -1 -1
2 -1 2 -1 8 -1 9 1 9
2 -1 2 -1 -1 8 1 9 9
2 -1 5 6 -1 9 -1 8 -1
2 -1 5 8 -1 -1 9 6 -1
2 -1 5 9 6 -1 8 -1 -1
2 -1 5 -1 8 -1 6 -1 9
2 -1 5 -1 9 6 -1 -1 8
2 -1 5 -1 -1 8 -1 9 6
2 -1 6 5 -1 9 -1 8 -1
2 -1 6 6 -1 9 -1 8 -1
2 -1 6 8 -1 -1 9 5 -1
2 -1 6 8 -1 -1 9 6 -1
2 -1 6 9 5 -1 8 -1 -1
2 -1 6 9 6 -1 8 -1 -1
2 -1 6 -1 8 -1 5 -1 9
2 -1 6 -1 8 -1 6 -1 9
2 -1 6 -1 9 5 -1 -1 8
2 -1 6 -1 9 6 -1 -1 8
2 -1 6 -1 -1 8 -1 9 5
2 -1 6 -1 -1 8 -1 9 6
2 -1 9 1 -1 8 -1 9 2
2 -1 9 2 -1 9 -1 8 1
2 -1 9 8 1 -1 9 2 -1
2 -1 9 9 2 -1 8 1 -1
2 -1 9 -1 8 1 2 -1 9
2 -1 9 -1 9 2 1 -1 8
2 -1 -1 5 6 8 -1 9 -1
2 -1 -1 5 8 6 -1 -1 9
2 -1 -1 6 5 8 -1 9 -1
2 -1 -1 6 6 8 -1 9 -1
2 -1 -1 6 8 5 -1 -1 9
2 -1 -1 6 8 6 -1 -1 9
2 -1 -1 8 5 6 9 -1 -1
2 -1 -1 8 6 5 9 -1 -1
2 -1 -1 8 6 6 9 -1 -1
2 -1 -1 9 -1 -1 8 5 6
2 -1 -1 9 -1 -1 8 6 5
2 -1 -1 9 -1 -1 8 6 6
2 -1 -1 -1 9 -1 5 6 8
2 -1 -1 -1 9 -1 6 5 8
2 -1 -1 -1 9 -1 6 6 8
2 -1 -1 -1 -1 9 5 8 6
2 -1 -1 -1 -1 9 6 8 5
2 -1 -1 -1 -1 9 6 8 6
3 5 -1 6 -1 -1 9 -1 8
3 5 -1 8 9 -1 -1 -1 6
3 5 -1 9 -1 8 6 -1 -1
3 5 -1 -1 6 -1 -1 8 9
3 5 -1 -1 8 9 -1 6 -1
3 5 -1 -1 -1 6 8 9 -1
3 6 9 5 -1 -1 -1 -1 8
3 6 9 6 -1 -1 -1 -1 7
3 6 9 6 -1 -1 -1 -1 8
3 6 9 7 -1 -1 -1 -1 6
3 6 9 8 -1 -1 -1 -1 5
3 6 9 8 -1 -1 -1 -1 6
3 6 9 -1 5 -1 -1 8 -1
3 6 9 -1 6 -1 -1 7 -1
3 6 9 -1 6 -1 -1 8 -1
3 6 9 -1 7 -1 -1 6 -1
3 6 9 -1 8 -1 -1 5 -1
3 6 9 -1 8 -1 -1 6 -1
3 6 9 -1 -1 5 8 -1 -1
3 6 9 -1 -1 6 7 -1 -1
3 6 9 -1 -1 6 8 -1 -1
3 6 9 -1 -1 7 6 -1 -1
3 6 9 -1 -1 8 5 -1 -1
3 6 9 -1 -1 8 6 -1 -1
3 6 -1 6 -1 -1 9 -1 7
3 6 -1 6 -1 -1 9 -1 8
3 6 -1 7 9 -1 -1 -1 6
3 6 -1 8 9 -1 -1 -1 6
3 6 -1 9 -1 7 6 -1 -1
3 6 -1 9 -1 8 6 -1 -1
3 6 -1 -1 6 -1 -1 7 9
3 6 -1 -1 6 -1 -1 8 9
3 6 -1 -1 7 9 -1 6 -1
3 6 -1 -1 8 9 -1 6 -1
3 6 -1 -1 -1 6 7 9 -1
3 6 -1 -1 -1 6 8 9 -1
3 7 -1 6 9 -1 -1 -1 6
3 7 -1 6 -1 -1 9 -1 6
3 7 -1 9 -1 6 6 -1 -1
3 7 -1 -1 6 9 -1 6 -1
3 7 -1 -1 6 -1 -1 6 9
3 7 -1 -1 -1 6 6 9 -1
3 8 -1 5 9 -1 -1 -1 6
3 8 -1 6 9 -1 -1 -1 6
3 8 -1 6 -1 -1 9 -1 5
3 8 -1 6 -1 -1 9 -1 6
3 8 -1 9 -1 5 6 -1 -1
3 8 -1 9 -1 6 6 -1 -1
3 8 -1 -1 5 9 -1 6 -1
3 8 -1 -1 6 9 -1 6 -1
3 8 -1 -1 6 -1 -1 5 9
3 8 -1 -1 6 -1 -1 6 9
3 8 -1 -1 -1 6 5 9 -1
3 8 -1 -1 -1 6 6 9 -1
3 9 6 5 -1 -1 -1 8 -1
3 9 6 6 -1 -1 -1 7 -1
3 9 6 6 -1 -1 -1 8 -1
3 9 6 7 -1 -1 -1 6 -1
3 9 6 8 -1 -1 -1 5 -1
3 9 6 8 -1 -1 -1 6 -1
3 9 6 -1 5 -1 8 -1 -1
3 9 6 -1 6 -1 7 -1 -1
3 9 6 -1 6 -1 8 -1 -1
3 9 6 -1 7 -1 6 -1 -1
3 9 6 -1 8 -1 5 -1 -1
3 9 6 -1 8 -1 6 -1 -1
3 9 6 -1 -1 5 -1 -1 8
3 9 6 -1 -1 6 -1 -1 7
3 9 6 -1 -1 6 -1 -1 8
3 9 6 -1 -1 7 -1 -1 6
3 9 6 -1 -1 8 -1 -1 5
3 9 6 -1 -1 8 -1 -1 6
3 -1 5 6 -1 -1 9 8 -1
3 -1 5 8 -1 9 -1 6 -1
3 -1 5 9 8 -1 6 -1 -1
3 -1 5 -1 6 -1 8 -1 9
3 -1 5 -1 9 8 -1 -1 6
3 -1 5 -1 -1 6 -1 9 8
3 -1 6 6 -1 -1 9 7 -1
3 -1 6 6 -1 -1 9 8 -1
3 -1 6 7 -1 9 -1 6 -1
3 -1 6 8 -1 9 -1 6 -1
3 -1 6 9 7 -1 6 -1 -1
3 -1 6 9 8 -1 6 -1 -1
3 -1 6 -1 6 -1 7 -1 9
3 -1 6 -1 6 -1 8 -1 9
3 -1 6 -1 9 7 -1 -1 6
3 -1 6 -1 9 8 -1 -1 6
3 -1 6 -1 -1 6 -1 9 7
3 -1 6 -1 -1 6 -1 9 8
3 -1 7 6 -1 9 -1 6 -1
3 -1 7 6 -1 -1 9 6 -1
3 -1 7 9 6 -1 6 -1 -1
3 -1 7 -1 6 -1 6 -1 9
3 -1 7 -1 9 6 -1 -1 6
3 -1 7 -1 -1 6 -1 9 6
3 -1 8 5 -1 9 -1 6 -1
3 -1 8 6 -1 9 -1 6 -1
3 -1 8 6 -1 -1 9 5 -1
3 -1 8 6 -1 -1 9 6 -1
3 -1 8 9 5 -1 6 -1 -1
3 -1 8 9 6 -1 6 -1 -1
3 -1 8 -1 6 -1 5 -1 9
3 -1 8 -1 6 -1 6 -1 9
3 -1 8 -1 9 5 -1 -1 6
3 -1 8 -1 9 6 -1 -1 6
3 -1 8 -1 -1 6 -1 9 5
3 -1 8 -1 -1 6 -1 9 6
3 -1 -1 5 6 8 -1 -1 9
3 -1 -1 5 8 6 -1 9 -1
3 -1 -1 6 5 8 9 -1 -1
3 -1 -1 6 6 7 9 -1 -1
3 -1 -1 6 6 7 -1 -1 9
3 -1 -1 6 6 8 9 -1 -1
3 -1 -1 6 6 8 -1 -1 9
3 -1 -1 6 7 6 9 -1 -1
3 -1 -1 6 7 6 -1 9 -1
3 -1 -1 6 8 5 9 -1 -1
3 -1 -1 6 8 6 9 -1 -1
3 -1 -1 6 8 6 -1 9 -1
3 -1 -1 7 6 6 -1 9 -1
3 -1 -1 7 6 6 -1 -1 9
3 -1 -1 8 5 6 -1 9 -1
3 -1 -1 8 6 5 -1 -1 9
3 -1 -1 8 6 6 -1 9 -1
3 -1 -1 8 6 6 -1 -1 9
3 -1 -1 9 -1 -1 6 5 8
3 -1 -1 9 -1 -1 6 6 7
3 -1 -1 9 -1 -1 6 6 8
3 -1 -1 9 -1 -1 6 7 6
3 -1 -1 9 -1 -1 6 8 5
3 -1 -1 9 -1 -1 6 8 6
3 -1 -1 -1 9 -1 5 8 6
3 -1 -1 -1 9 -1 6 7 6
3 -1 -1 -1 9 -1 6 8 6
3 -1 -1 -1 9 -1 7 6 6
3 -1 -1 -1 9 -1 8 5 6
3 -1 -1 -1 9 -1 8 6 6
3 -1 -1 -1 -1 9 5 6 8
3 -1 -1 -1 -1 9 6 6 7
3 -1 -1 -1 -1 9 6 6 8
3 -1 -1 -1 -1 9 7 6 6
3 -1 -1 -1 -1 9 8 6 5
3 -1 -1 -1 -1 9 8 6 6
5 1 -1 5 8 6 -1 8 -1
5 1 -1 6 5 8 8 -1 -1
5 1 -1 6 -1 8 8 6 -1
5 1 -1 8 6 5 -1 -1 8
5 1 -1 8 6 -1 6 -1 8
5 1 -1 8 -1 -1 6 5 8
5 1 -1 -1 8 6 -1 8 6
5 1 -1 -1 8 -1 5 8 6
5 1 -1 -1 -1 8 8 6 5
5 2 -1 6 -1 9 8 -1 -1
5 2 -1 8 -1 -1 6 -1 9
5 2 -1 9 6 -1 -1 -1 8
5 2 -1 -1 8 -1 -1 9 6
5 2 -1 -1 9 6 -1 8 -1
5 2 -1 -1 -1 8 9 6 -1
5 3 -1 6 -1 -1 8 -1 9
5 3 -1 8 -1 9 6 -1 -1
5 3 -1 9 8 -1 -1 -1 6
5 3 -1 -1 6 -1 -1 9 8
5 3 -1 -1 9 8 -1 6 -1
5 3 -1 -1 -1 6 9 8 -1
5 5 -1 1 8 8 -1 6 -1
5 5 -1 6 -1 -1 8 1 8
5 5 -1 8 1 8 6 -1 -1
5 5 -1 8 8 1 -1 -1 6
5 5 -1 -1 6 -1 1 8 8
5 5 -1 -1 -1 6 8 8 1
5 6 8 1 5 -1 -1 8 -1
5 6 8 1 -1 6 -1 8 -1
5 6 8 2 -1 -1 -1 9 -1
5 6 8 3 -1 -1 -1 -1 9
5 6 8 5 -1 1 -1 -1 8
5 6 8 6 1 -1 8 -1 -1
5 6 8 8 -1 -1 6 1 -1
5 6 8 8 -1 -1 -1 1 5
5 6 8 9 -1 -1 -1 2 -1
5 6 8 9 -1 -1 -1 -1 3
5 6 8 -1 1 5 8 -1 -1
5 6 8 -1 2 -1 9 -1 -1
5 6 8 -1 3 -1 -1 9 -1
5 6 8 -1 6 1 -1 -1 8
5 6 8 -1 8 -1 1 5 -1
5 6 8 -1 8 -1 1 -1 6
5 6 8 -1 9 -1 2 -1 -1
5 6 8 -1 9 -1 -1 3 -1
5 6 8 -1 -1 2 -1 -1 9
5 6 8 -1 -1 3 9 -1 -1
5 6 8 -1 -1 8 5 -1 1
5 6 8 -1 -1 8 -1 6 1
5 6 8 -1 -1 9 3 -1 -1
5 6 8 -1 -1 9 -1 -1 2
5 8 6 1 6 -1 -1 -1 8
5 8 6 1 -1 5 -1 -1 8
5 8 6 2 -1 -1 -1 -1 9
5 8 6 3 -1 -1 -1 9 -1
5 8 6 5 1 -1 -1 8 -1
5 8 6 6 -1 1 8 -1 -1
5 8 6 8 -1 -1 6 -1 1
5 8 6 8 -1 -1 -1 5 1
5 8 6 9 -1 -1 -1 3 -1
5 8 6 9 -1 -1 -1 -1 2
5 8 6 -1 1 6 -1 8 -1
5 8 6 -1 2 -1 -1 9 -1
5 8 6 -1 3 -1 9 -1 -1
5 8 6 -1 5 1 8 -1 -1
5 8 6 -1 8 -1 5 1 -1
5 8 6 -1 8 -1 -1 1 6
5 8 6 -1 9 -1 3 -1 -1
5 8 6 -1 9 -1 -1 2 -1
5 8 6 -1 -1 2 9 -1 -1
5 8 6 -1 -1 3 -1 -1 9
5 8 6 -1 -1 8 1 6 -1
5 8 6 -1 -1 8 1 -1 5
5 8 6 -1 -1 9 2 -1 -1
5 8 6 -1 -1 9 -1 -1 3
5 8 -1 1 6 -1 -1 5 8
5 8 -1 5 8 -1 -1 1 6
5 8 -1 6 -1 1 8 -1 5
5 8 -1 8 -1 5 6 -1 1
5 8 -1 -1 1 6 5 8 -1
5 8 -1 -1 5 8 1 6 -1
5 9 -1 2 6 -1 -1 -1 8
5 9 -1 3 8 -1 -1 -1 6
5 9 -1 6 -1 2 8 -1 -1
5 9 -1 6 -1 -1 8 -1 3
5 9 -1 8 -1 3 6 -1 -1
5 9 -1 8 -1 -1 6 -1 2
5 9 -1 -1 2 6 -1 8 -1
5 9 -1 -1 3 8 -1 6 -1
5 9 -1 -1 6 -1 -1 3 8
5 9 -1 -1 8 -1 -1 2 6
5 9 -1 -1 -1 6 3 8 -1
5 9 -1 -1 -1 8 2 6 -1
5 -1 1 5 6 8 -1 -1 8
5 -1 1 6 8 5 8 -1 -1
5 -1 1 6 8 -1 8 -1 6
5 -1 1 8 5 6 -1 8 -1
5 -1 1 8 -1 6 6 8 -1
5 -1 1 8 -1 -1 6 8 5
5 -1 1 -1 6 8 -1 6 8
5 -1 1 -1 8 -1 8 5 6
5 -1 1 -1 -1 8 5 6 8
5 -1 2 6 9 -1 8 -1 -1
5 -1 2 8 -1 -1 6 9 -1
5 -1 2 9 -1 6 -1 8 -1
5 -1 2 -1 6 9 -1 -1 8
5 -1 2 -1 8 -1 9 -1 6
5 -1 2 -1 -1 8 -1 6 9
5 -1 3 6 -1 -1 8 9 -1
5 -1 3 8 9 -1 6 -1 -1
5 -1 3 9 -1 8 -1 6 -1
5 -1 3 -1 6 -1 9 -1 8
5 -1 3 -1 8 9 -1 -1 6
5 -1 3 -1 -1 6 -1 8 9
5 -1 5 1 8 8 -1 -1 6
5 -1 5 6 -1 -1 8 8 1
5 -1 5 8 1 8 -1 6 -1
5 -1 5 8 8 1 6 -1 -1
5 -1 5 -1 6 -1 8 1 8
5 -1 5 -1 -1 6 1 8 8
5 -1 8 1 -1 6 -1 8 5
5 -1 8 5 -1 8 -1 6 1
5 -1 8 6 1 -1 8 5 -1
5 -1 8 8 5 -1 6 1 -1
5 -1 8 -1 6 1 5 -1 8
5 -1 8 -1 8 5 1 -1 6
5 -1 9 2 -1 6 -1 8 -1
5 -1 9 3 -1 8 -1 6 -1
5 -1 9 6 2 -1 8 -1 -1
5 -1 9 6 -1 -1 8 3 -1
5 -1 9 8 3 -1 6 -1 -1
5 -1 9 8 -1 -1 6 2 -1
5 -1 9 -1 6 2 -1 -1 8
5 -1 9 -1 6 -1 3 -1 8
5 -1 9 -1 8 3 -1 -1 6
5 -1 9 -1 8 -1 2 -1 6
5 -1 9 -1 -1 6 -1 8 3
5 -1 9 -1 -1 8 -1 6 2
5 -1 -1 1 8 8 -1 6 6
5 -1 -1 2 8 9 -1 -1 6
5 -1 -1 2 9 8 -1 6 -1
5 -1 -1 3 6 9 -1 -1 8
5 -1 -1 3 9 6 -1 8 -1
5 -1 -1 6 3 9 8 -1 -1
5 -1 -1 6 6 -1 8 1 8
5 -1 -1 6 9 3 8 -1 -1
5 -1 -1 6 -1 6 8 8 1
5 -1 -1 6 -1 -1 8 2 9
5 -1 -1 6 -1 -1 8 9 2
5 -1 -1 8 1 8 6 6 -1
5 -1 -1 8 2 9 6 -1 -1
5 -1 -1 8 8 1 6 -1 6
5 -1 -1 8 9 2 6 -1 -1
5 -1 -1 8 -1 -1 6 3 9
5 -1 -1 8 -1 -1 6 9 3
5 -1 -1 9 2 8 -1 6 -1
5 -1 -1 9 3 6 -1 8 -1
5 -1 -1 9 6 3 -1 -1 8
5 -1 -1 9 8 2 -1 -1 6
5 -1 -1 -1 6 6 1 8 8
5 -1 -1 -1 6 -1 2 9 8
5 -1 -1 -1 6 -1 9 2 8
5 -1 -1 -1 8 -1 3 9 6
5 -1 -1 -1 8 -1 9 3 6
5 -1 -1 -1 -1 6 2 8 9
5 -1 -1 -1 -1 6 9 8 2
5 -1 -1 -1 -1 8 3 6 9
5 -1 -1 -1 -1 8 9 6 3
6 1 -1 5 6 8 8 -1 -1
6 1 -1 5 -1 8 8 5 -1
6 1 -1 6 8 5 -1 8 -1
6 1 -1 8 5 6 -1 -1 8
6 1 -1 8 5 -1 5 -1 8
6 1 -1 8 -1 -1 5 6 8
6 1 -1 -1 8 5 -1 8 5
6 1 -1 -1 8 -1 6 8 5
6 1 -1 -1 -1 8 8 5 6
6 2 -1 5 -1 9 8 -1 -1
6 2 -1 6 -1 9 8 -1 -1
6 2 -1 8 -1 -1 5 -1 9
6 2 -1 8 -1 -1 6 -1 9
6 2 -1 9 5 -1 -1 -1 8
6 2 -1 9 6 -1 -1 -1 8
6 2 -1 -1 8 -1 -1 9 5
6 2 -1 -1 8 -1 -1 9 6
6 2 -1 -1 9 5 -1 8 -1
6 2 -1 -1 9 6 -1 8 -1
6 2 -1 -1 -1 8 9 5 -1
6 2 -1 -1 -1 8 9 6 -1
6 3 9 5 -1 -1 8 -1 -1
6 3 9 6 -1 -1 7 -1 -1
6 3 9 6 -1 -1 8 -1 -1
6 3 9 7 -1 -1 6 -1 -1
6 3 9 8 -1 -1 5 -1 -1
6 3 9 8 -1 -1 6 -1 -1
6 3 9 -1 5 -1 -1 -1 8
6 3 9 -1 6 -1 -1 -1 7
6 3 9 -1 6 -1 -1 -1 8
6 3 9 -1 7 -1 -1 -1 6
6 3 9 -1 8 -1 -1 -1 5
6 3 9 -1 8 -1 -1 -1 6
6 3 9 -1 -1 5 -1 8 -1
6 3 9 -1 -1 6 -1 7 -1
6 3 9 -1 -1 6 -1 8 -1
6 3 9 -1 -1 7 -1 6 -1
6 3 9 -1 -1 8 -1 5 -1
6 3 9 -1 -1 8 -1 6 -1
6 3 -1 6 -1 -1 7 -1 9
6 3 -1 6 -1 -1 8 -1 9
6 3 -1 7 -1 9 6 -1 -1
6 3 -1 8 -1 9 6 -1 -1
6 3 -1 9 7 -1 -1 -1 6
6 3 -1 9 8 -1 -1 -1 6
6 3 -1 -1 6 -1 -1 9 7
6 3 -1 -1 6 -1 -1 9 8
6 3 -1 -1 9 7 -1 6 -1
6 3 -1 -1 9 8 -1 6 -1
6 3 -1 -1 -1 6 9 7 -1
6 3 -1 -1 -1 6 9 8 -1
6 5 8 1 6 -1 -1 8 -1
6 5 8 1 -1 5 -1 8 -1
6 5 8 2 -1 -1 -1 9 -1
6 5 8 3 -1 -1 9 -1 -1
6 5 8 5 1 -1 8 -1 -1
6 5 8 6 -1 1 -1 -1 8
6 5 8 8 -1 -1 5 1 -1
6 5 8 8 -1 -1 -1 1 6
6 5 8 9 -1 -1 3 -1 -1
6 5 8 9 -1 -1 -1 2 -1
6 5 8 -1 1 6 8 -1 -1
6 5 8 -1 2 -1 9 -1 -1
6 5 8 -1 3 -1 -1 -1 9
6 5 8 -1 5 1 -1 -1 8
6 5 8 -1 8 -1 1 6 -1
6 5 8 -1 8 -1 1 -1 5
6 5 8 -1 9 -1 2 -1 -1
6 5 8 -1 9 -1 -1 -1 3
6 5 8 -1 -1 2 -1 -1 9
6 5 8 -1 -1 3 -1 9 -1
6 5 8 -1 -1 8 6 -1 1
6 5 8 -1 -1 8 -1 5 1
6 5 8 -1 -1 9 -1 3 -1
6 5 8 -1 -1 9 -1 -1 2
6 6 7 3 -1 -1 9 -1 -1
6 6 7 3 -1 -1 -1 -1 9
6 6 7 9 -1 -1 3 -1 -1
6 6 7 9 -1 -1 -1 -1 3
6 6 7 -1 3 -1 -1 9 -1
6 6 7 -1 3 -1 -1 -1 9
6 6 7 -1 9 -1 -1 3 -1
6 6 7 -1 9 -1 -1 -1 3
6 6 7 -1 -1 3 9 -1 -1
6 6 7 -1 -1 3 -1 9 -1
6 6 7 -1 -1 9 3 -1 -1
6 6 7 -1 -1 9 -1 3 -1
6 6 8 2 -1 -1 -1 9 -1
6 6 8 3 -1 -1 9 -1 -1
6 6 8 3 -1 -1 -1 -1 9
6 6 8 9 -1 -1 3 -1 -1
6 6 8 9 -1 -1 -1 2 -1
6 6 8 9 -1 -1 -1 -1 3
6 6 8 -1 2 -1 9 -1 -1
6 6 8 -1 3 -1 -1 9 -1
6 6 8 -1 3 -1 -1 -1 9
6 6 8 -1 9 -1 2 -1 -1
6 6 8 -1 9 -1 -1 3 -1
6 6 8 -1 9 -1 -1 -1 3
6 6 8 -1 -1 2 -1 -1 9
6 6 8 -1 -1 3 9 -1 -1
6 6 8 -1 -1 3 -1 9 -1
6 6 8 -1 -1 9 3 -1 -1
6 6 8 -1 -1 9 -1 3 -1
6 6 8 -1 -1 9 -1 -1 2
6 6 -1 1 8 8 -1 5 -1
6 6 -1 5 -1 -1 8 1 8
6 6 -1 8 1 8 5 -1 -1
6 6 -1 8 8 1 -1 -1 5
6 6 -1 -1 5 -1 1 8 8
6 6 -1 -1 -1 5 8 8 1
6 7 6 3 -1 -1 9 -1 -1
6 7 6 3 -1 -1 -1 9 -1
6 7 6 9 -1 -1 3 -1 -1
6 7 6 9 -1 -1 -1 3 -1
6 7 6 -1 3 -1 9 -1 -1
6 7 6 -1 3 -1 -1 -1 9
6 7 6 -1 9 -1 3 -1 -1
6 7 6 -1 9 -1 -1 -1 3
6 7 6 -1 -1 3 -1 9 -1
6 7 6 -1 -1 3 -1 -1 9
6 7 6 -1 -1 9 -1 3 -1
6 7 6 -1 -1 9 -1 -1 3
6 8 5 1 5 -1 -1 -1 8
6 8 5 1 -1 6 -1 -1 8
6 8 5 2 -1 -1 -1 -1 9
6 8 5 3 -1 -1 9 -1 -1
6 8 5 5 -1 1 8 -1 -1
6 8 5 6 1 -1 -1 8 -1
6 8 5 8 -1 -1 5 -1 1
6 8 5 8 -1 -1 -1 6 1
6 8 5 9 -1 -1 3 -1 -1
6 8 5 9 -1 -1 -1 -1 2
6 8 5 -1 1 5 -1 8 -1
6 8 5 -1 2 -1 -1 9 -1
6 8 5 -1 3 -1 -1 -1 9
6 8 5 -1 6 1 8 -1 -1
6 8 5 -1 8 -1 6 1 -1
6 8 5 -1 8 -1 -1 1 5
6 8 5 -1 9 -1 -1 2 -1
6 8 5 -1 9 -1 -1 -1 3
6 8 5 -1 -1 2 9 -1 -1
6 8 5 -1 -1 3 -1 9 -1
6 8 5 -1 -1 8 1 5 -1
6 8 5 -1 -1 8 1 -1 6
6 8 5 -1 -1 9 2 -1 -1
6 8 5 -1 -1 9 -1 3 -1
6 8 6 2 -1 -1 -1 -1 9
6 8 6 3 -1 -1 9 -1 -1
6 8 6 3 -1 -1 -1 9 -1
6 8 6 9 -1 -1 3 -1 -1
6 8 6 9 -1 -1 -1 3 -1
6 8 6 9 -1 -1 -1 -1 2
6 8 6 -1 2 -1 -1 9 -1
6 8 6 -1 3 -1 9 -1 -1
6 8 6 -1 3 -1 -1 -1 9
6 8 6 -1 9 -1 3 -1 -1
6 8 6 -1 9 -1 -1 2 -1
6 8 6 -1 9 -1 -1 -1 3
6 8 6 -1 -1 2 9 -1 -1
6 8 6 -1 -1 3 -1 9 -1
6 8 6 -1 -1 3 -1 -1 9
6 8 6 -1 -1 9 2 -1 -1
6 8 6 -1 -1 9 -1 3 -1
6 8 6 -1 -1 9 -1 -1 3
6 8 -1 1 5 -1 -1 6 8
6 8 -1 5 -1 1 8 -1 6
6 8 -1 6 8 -1 -1 1 5
6 8 -1 8 -1 6 5 -1 1
6 8 -1 -1 1 5 6 8 -1
6 8 -1 -1 6 8 1 5 -1
6 9 3 5 -1 -1 8 -1 -1
6 9 3 6 -1 -1 7 -1 -1
6 9 3 6 -1 -1 8 -1 -1
6 9 3 7 -1 -1 6 -1 -1
6 9 3 8 -1 -1 5 -1 -1
6 9 3 8 -1 -1 6 -1 -1
6 9 3 -1 5 -1 -1 -1 8
6 9 3 -1 6 -1 -1 -1 7
6 9 3 -1 6 -1 -1 -1 8
6 9 3 -1 7 -1 -1 -1 6
6 9 3 -1 8 -1 -1 -1 5
6 9 3 -1 8 -1 -1 -1 6
6 9 3 -1 -1 5 -1 8 -1
6 9 3 -1 -1 6 -1 7 -1
6 9 3 -1 -1 6 -1 8 -1
6 9 3 -1 -1 7 -1 6 -1
6 9 3 -1 -1 8 -1 5 -1
6 9 3 -1 -1 8 -1 6 -1
6 9 -1 2 5 -1 -1 -1 8
6 9 -1 2 6 -1 -1 -1 8
6 9 -1 3 7 -1 -1 -1 6
6 9 -1 3 8 -1 -1 -1 6
6 9 -1 5 -1 2 8 -1 -1
6 9 -1 6 -1 2 8 -1 -1
6 9 -1 6 -1 -1 7 -1 3
6 9 -1 6 -1 -1 8 -1 3
6 9 -1 7 -1 3 6 -1 -1
6 9 -1 8 -1 3 6 -1 -1
6 9 -1 8 -1 -1 5 -1 2
6 9 -1 8 -1 -1 6 -1 2
6 9 -1 -1 2 5 -1 8 -1
6 9 -1 -1 2 6 -1 8 -1
6 9 -1 -1 3 7 -1 6 -1
6 9 -1 -1 3 8 -1 6 -1
6 9 -1 -1 6 -1 -1 3 7
6 9 -1 -1 6 -1 -1 3 8
6 9 -1 -1 8 -1 -1 2 5
6 9 -1 -1 8 -1 -1 2 6
6 9 -1 -1 -1 6 3 7 -1
6 9 -1 -1 -1 6 3 8 -1
6 9 -1 -1 -1 8 2 5 -1
6 9 -1 -1 -1 8 2 6 -1
6 -1 1 5 8 6 8 -1 -1
6 -1 1 5 8 -1 8 -1 5
6 -1 1 6 5 8 -1 -1 8
6 -1 1 8 6 5 -1 8 -1
6 -1 1 8 -1 5 5 8 -1
6 -1 1 8 -1 -1 5 8 6
6 -1 1 -1 5 8 -1 5 8
6 -1 1 -1 8 -1 8 6 5
6 -1 1 -1 -1 8 6 5 8
6 -1 2 5 9 -1 8 -1 -1
6 -1 2 6 9 -1 8 -1 -1
6 -1 2 8 -1 -1 5 9 -1
6 -1 2 8 -1 -1 6 9 -1
6 -1 2 9 -1 5 -1 8 -1
6 -1 2 9 -1 6 -1 8 -1
6 -1 2 -1 5 9 -1 -1 8
6 -1 2 -1 6 9 -1 -1 8
6 -1 2 -1 8 -1 9 -1 5
6 -1 2 -1 8 -1 9 -1 6
6 -1 2 -1 -1 8 -1 5 9
6 -1 2 -1 -1 8 -1 6 9
6 -1 3 6 -1 -1 7 9 -1
6 -1 3 6 -1 -1 8 9 -1
6 -1 3 7 9 -1 6 -1 -1
6 -1 3 8 9 -1 6 -1 -1
6 -1 3 9 -1 7 -1 6 -1
6 -1 3 9 -1 8 -1 6 -1
6 -1 3 -1 6 -1 9 -1 7
6 -1 3 -1 6 -1 9 -1 8
6 -1 3 -1 7 9 -1 -1 6
6 -1 3 -1 8 9 -1 -1 6
6 -1 3 -1 -1 6 -1 7 9
6 -1 3 -1 -1 6 -1 8 9
6 -1 6 1 8 8 -1 -1 5
6 -1 6 5 -1 -1 8 8 1
6 -1 6 8 1 8 -1 5 -1
6 -1 6 8 8 1 5 -1 -1
6 -1 6 -1 5 -1 8 1 8
6 -1 6 -1 -1 5 1 8 8
6 -1 8 1 -1 5 -1 8 6
6 -1 8 5 1 -1 8 6 -1
6 -1 8 6 -1 8 -1 5 1
6 -1 8 8 6 -1 5 1 -1
6 -1 8 -1 5 1 6 -1 8
6 -1 8 -1 8 6 1 -1 5
6 -1 9 2 -1 5 -1 8 -1
6 -1 9 2 -1 6 -1 8 -1
6 -1 9 3 -1 7 -1 6 -1
6 -1 9 3 -1 8 -1 6 -1
6 -1 9 5 2 -1 8 -1 -1
6 -1 9 6 2 -1 8 -1 -1
6 -1 9 6 -1 -1 7 3 -1
6 -1 9 6 -1 -1 8 3 -1
6 -1 9 7 3 -1 6 -1 -1
6 -1 9 8 3 -1 6 -1 -1
6 -1 9 8 -1 -1 5 2 -1
6 -1 9 8 -1 -1 6 2 -1
6 -1 9 -1 5 2 -1 -1 8
6 -1 9 -1 6 2 -1 -1 8
6 -1 9 -1 6 -1 3 -1 7
6 -1 9 -1 6 -1 3 -1 8
6 -1 9 -1 7 3 -1 -1 6
6 -1 9 -1 8 3 -1 -1 6
6 -1 9 -1 8 -1 2 -1 5
6 -1 9 -1 8 -1 2 -1 6
6 -1 9 -1 -1 6 -1 7 3
6 -1 9 -1 -1 6 -1 8 3
6 -1 9 -1 -1 8 -1 5 2
6 -1 9 -1 -1 8 -1 6 2
6 -1 -1 1 8 8 -1 5 5
6 -1 -1 2 8 9 -1 -1 5
6 -1 -1 2 8 9 -1 -1 6
6 -1 -1 2 9 8 -1 5 -1
6 -1 -1 2 9 8 -1 6 -1
6 -1 -1 3 5 -1 9 -1 8
6 -1 -1 3 6 9 -1 -1 7
6 -1 -1 3 6 9 -1 -1 8
6 -1 -1 3 6 -1 9 -1 7
6 -1 -1 3 6 -1 9 -1 8
6 -1 -1 3 7 -1 9 -1 6
6 -1 -1 3 8 -1 9 -1 5
6 -1 -1 3 8 -1 9 -1 6
6 -1 -1 3 9 6 -1 7 -1
6 -1 -1 3 9 6 -1 8 -1
6 -1 -1 3 -1 5 9 8 -1
6 -1 -1 3 -1 6 9 7 -1
6 -1 -1 3 -1 6 9 8 -1
6 -1 -1 3 -1 7 9 6 -1
6 -1 -1 3 -1 8 9 5 -1
6 -1 -1 3 -1 8 9 6 -1
6 -1 -1 5 3 -1 8 -1 9
6 -1 -1 5 5 -1 8 1 8
6 -1 -1 5 9 -1 8 -1 3
6 -1 -1 5 -1 3 8 9 -1
6 -1 -1 5 -1 5 8 8 1
6 -1 -1 5 -1 9 8 3 -1
6 -1 -1 5 -1 -1 8 2 9
6 -1 -1 5 -1 -1 8 9 2
6 -1 -1 6 3 9 7 -1 -1
6 -1 -1 6 3 9 8 -1 -1
6 -1 -1 6 3 -1 7 -1 9
6 -1 -1 6 3 -1 8 -1 9
6 -1 -1 6 9 3 7 -1 -1
6 -1 -1 6 9 3 8 -1 -1
6 -1 -1 6 9 -1 7 -1 3
6 -1 -1 6 9 -1 8 -1 3
6 -1 -1 6 -1 3 7 9 -1
6 -1 -1 6 -1 3 8 9 -1
6 -1 -1 6 -1 9 7 3 -1
6 -1 -1 6 -1 9 8 3 -1
6 -1 -1 6 -1 -1 8 2 9
6 -1 -1 6 -1 -1 8 9 2
6 -1 -1 7 3 -1 6 -1 9
6 -1 -1 7 9 -1 6 -1 3
6 -1 -1 7 -1 3 6 9 -1
6 -1 -1 7 -1 9 6 3 -1
6 -1 -1 7 -1 -1 6 3 9
6 -1 -1 7 -1 -1 6 9 3
6 -1 -1 8 1 8 5 5 -1
6 -1 -1 8 2 9 5 -1 -1
6 -1 -1 8 2 9 6 -1 -1
6 -1 -1 8 3 -1 5 -1 9
6 -1 -1 8 3 -1 6 -1 9
6 -1 -1 8 8 1 5 -1 5
6 -1 -1 8 9 2 5 -1 -1
6 -1 -1 8 9 2 6 -1 -1
6 -1 -1 8 9 -1 5 -1 3
6 -1 -1 8 9 -1 6 -1 3
6 -1 -1 8 -1 3 5 9 -1
6 -1 -1 8 -1 3 6 9 -1
6 -1 -1 8 -1 9 5 3 -1
6 -1 -1 8 -1 9 6 3 -1
6 -1 -1 8 -1 -1 6 3 9
6 -1 -1 8 -1 -1 6 9 3
6 -1 -1 9 2 8 -1 5 -1
6 -1 -1 9 2 8 -1 6 -1
6 -1 -1 9 3 6 -1 7 -1
6 -1 -1 9 3 6 -1 8 -1
6 -1 -1 9 5 -1 3 -1 8
6 -1 -1 9 6 3 -1 -1 7
6 -1 -1 9 6 3 -1 -1 8
6 -1 -1 9 6 -1 3 -1 7
6 -1 -1 9 6 -1 3 -1 8
6 -1 -1 9 7 -1 3 -1 6
6 -1 -1 9 8 2 -1 -1 5
6 -1 -1 9 8 2 -1 -1 6
6 -1 -1 9 8 -1 3 -1 5
6 -1 -1 9 8 -1 3 -1 6
6 -1 -1 9 -1 5 3 8 -1
6 -1 -1 9 -1 6 3 7 -1
6 -1 -1 9 -1 6 3 8 -1
6 -1 -1 9 -1 7 3 6 -1
6 -1 -1 9 -1 8 3 5 -1
6 -1 -1 9 -1 8 3 6 -1
6 -1 -1 -1 3 5 -1 8 9
6 -1 -1 -1 3 6 -1 7 9
6 -1 -1 -1 3 6 -1 8 9
6 -1 -1 -1 3 7 -1 6 9
6 -1 -1 -1 3 8 -1 5 9
6 -1 -1 -1 3 8 -1 6 9
6 -1 -1 -1 5 3 -1 9 8
6 -1 -1 -1 5 5 1 8 8
6 -1 -1 -1 5 9 -1 3 8
6 -1 -1 -1 5 -1 2 9 8
6 -1 -1 -1 5 -1 9 2 8
6 -1 -1 -1 6 3 -1 9 7
6 -1 -1 -1 6 3 -1 9 8
6 -1 -1 -1 6 9 -1 3 7
6 -1 -1 -1 6 9 -1 3 8
6 -1 -1 -1 6 -1 2 9 8
6 -1 -1 -1 6 -1 9 2 8
6 -1 -1 -1 7 3 -1 9 6
6 -1 -1 -1 7 9 -1 3 6
6 -1 -1 -1 7 -1 3 9 6
6 -1 -1 -1 7 -1 9 3 6
6 -1 -1 -1 8 3 -1 9 5
6 -1 -1 -1 8 3 -1 9 6
6 -1 -1 -1 8 9 -1 3 5
6 -1 -1 -1 8 9 -1 3 6
6 -1 -1 -1 8 -1 3 9 6
6 -1 -1 -1 8 -1 9 3 6
6 -1 -1 -1 9 5 -1 8 3
6 -1 -1 -1 9 6 -1 7 3
6 -1 -1 -1 9 6 -1 8 3
6 -1 -1 -1 9 7 -1 6 3
6 -1 -1 -1 9 8 -1 5 3
6 -1 -1 -1 9 8 -1 6 3
6 -1 -1 -1 -1 5 2 8 9
6 -1 -1 -1 -1 5 9 8 2
6 -1 -1 -1 -1 6 2 8 9
6 -1 -1 -1 -1 6 9 8 2
6 -1 -1 -1 -1 7 3 6 9
6 -1 -1 -1 -1 7 9 6 3
6 -1 -1 -1 -1 8 3 6 9
6 -1 -1 -1 -1 8 9 6 3
7 3 -1 6 -1 9 6 -1 -1
7 3 -1 6 -1 -1 6 -1 9
7 3 -1 9 6 -1 -1 -1 6
7 3 -1 -1 6 -1 -1 9 6
7 3 -1 -1 9 6 -1 6 -1
7 3 -1 -1 -1 6 9 6 -1
7 6 6 3 -1 -1 -1 9 -1
7 6 6 3 -1 -1 -1 -1 9
7 6 6 9 -1 -1 -1 3 -1
7 6 6 9 -1 -1 -1 -1 3
7 6 6 -1 3 -1 9 -1 -1
7 6 6 -1 3 -1 -1 9 -1
7 6 6 -1 9 -1 3 -1 -1
7 6 6 -1 9 -1 -1 3 -1
7 6 6 -1 -1 3 9 -1 -1
7 6 6 -1 -1 3 -1 -1 9
7 6 6 -1 -1 9 3 -1 -1
7 6 6 -1 -1 9 -1 -1 3
7 9 -1 3 6 -1 -1 -1 6
7 9 -1 6 -1 3 6 -1 -1
7 9 -1 6 -1 -1 6 -1 3
7 9 -1 -1 3 6 -1 6 -1
7 9 -1 -1 6 -1 -1 3 6
7 9 -1 -1 -1 6 3 6 -1
7 -1 3 6 9 -1 6 -1 -1
7 -1 3 6 -1 -1 6 9 -1
7 -1 3 9 -1 6 -1 6 -1
7 -1 3 -1 6 9 -1 -1 6
7 -1 3 -1 6 -1 9 -1 6
7 -1 3 -1 -1 6 -1 6 9
7 -1 9 3 -1 6 -1 6 -1
7 -1 9 6 3 -1 6 -1 -1
7 -1 9 6 -1 -1 6 3 -1
7 -1 9 -1 6 3 -1 -1 6
7 -1 9 -1 6 -1 3 -1 6
7 -1 9 -1 -1 6 -1 6 3
7 -1 -1 3 6 9 -1 -1 6
7 -1 -1 3 9 6 -1 6 -1
7 -1 -1 6 3 9 6 -1 -1
7 -1 -1 6 9 3 6 -1 -1
7 -1 -1 6 -1 -1 6 3 9
7 -1 -1 6 -1 -1 6 9 3
7 -1 -1 9 3 6 -1 6 -1
7 -1 -1 9 6 3 -1 -1 6
7 -1 -1 -1 6 -1 3 9 6
7 -1 -1 -1 6 -1 9 3 6
7 -1 -1 -1 -1 6 3 6 9
7 -1 -1 -1 -1 6 9 6 3
8 1 8 5 5 -1 6 -1 -1
8 1 8 5 -1 5 -1 6 -1
8 1 8 5 -1 -1 6 6 -1
8 1 8 6 6 -1 5 -1 -1
8 1 8 6 -1 6 -1 5 -1
8 1 8 6 -1 -1 5 5 -1
8 1 8 -1 5 5 -1 -1 6
8 1 8 -1 5 -1 6 -1 6
8 1 8 -1 6 6 -1 -1 5
8 1 8 -1 6 -1 5 -1 5
8 1 8 -1 -1 5 -1 6 6
8 1 8 -1 -1 6 -1 5 5
8 1 -1 2 -1 9 9 2 -1
8 1 -1 9 2 -1 2 -1 9
8 1 -1 -1 9 2 -1 9 2
8 2 9 1 -1 2 -1 9 -1
8 2 9 2 1 -1 9 -1 -1
8 2 9 5 -1 -1 6 -1 -1
8 2 9 6 -1 -1 5 -1 -1
8 2 9 6 -1 -1 6 -1 -1
8 2 9 9 -1 -1 2 1 -1
8 2 9 -1 2 1 -1 -1 9
8 2 9 -1 5 -1 -1 -1 6
8 2 9 -1 6 -1 -1 -1 5
8 2 9 -1 6 -1 -1 -1 6
8 2 9 -1 9 -1 1 -1 2
8 2 9 -1 -1 5 -1 6 -1
8 2 9 -1 -1 6 -1 5 -1
8 2 9 -1 -1 6 -1 6 -1
8 2 9 -1 -1 9 -1 2 1
8 3 -1 5 -1 9 6 -1 -1
8 3 -1 6 -1 9 6 -1 -1
8 3 -1 6 -1 -1 5 -1 9
8 3 -1 6 -1 -1 6 -1 9
8 3 -1 9 5 -1 -1 -1 6
8 3 -1 9 6 -1 -1 -1 6
8 3 -1 -1 6 -1 -1 9 5
8 3 -1 -1 6 -1 -1 9 6
8 3 -1 -1 9 5 -1 6 -1
8 3 -1 -1 9 6 -1 6 -1
8 3 -1 -1 -1 6 9 5 -1
8 3 -1 -1 -1 6 9 6 -1
8 5 6 1 5 -1 8 -1 -1
8 5 6 1 -1 6 8 -1 -1
8 5 6 2 -1 -1 9 -1 -1
8 5 6 3 -1 -1 -1 9 -1
8 5 6 5 -1 1 -1 8 -1
8 5 6 6 1 -1 -1 -1 8
8 5 6 8 -1 -1 1 5 -1
8 5 6 8 -1 -1 1 -1 6
8 5 6 9 -1 -1 2 -1 -1
8 5 6 9 -1 -1 -1 3 -1
8 5 6 -1 1 5 -1 -1 8
8 5 6 -1 2 -1 -1 -1 9
8 5 6 -1 3 -1 9 -1 -1
8 5 6 -1 6 1 -1 8 -1
8 5 6 -1 8 -1 5 -1 1
8 5 6 -1 8 -1 -1 6 1
8 5 6 -1 9 -1 3 -1 -1
8 5 6 -1 9 -1 -1 -1 2
8 5 6 -1 -1 2 -1 9 -1
8 5 6 -1 -1 3 -1 -1 9
8 5 6 -1 -1 8 6 1 -1
8 5 6 -1 -1 8 -1 1 5
8 5 6 -1 -1 9 -1 2 -1
8 5 6 -1 -1 9 -1 -1 3
8 5 -1 1 -1 6 8 5 -1
8 5 -1 5 -1 8 6 1 -1
8 5 -1 6 1 -1 5 -1 8
8 5 -1 8 5 -1 1 -1 6
8 5 -1 -1 6 1 -1 8 5
8 5 -1 -1 8 5 -1 6 1
8 6 5 1 6 -1 8 -1 -1
8 6 5 1 -1 5 8 -1 -1
8 6 5 2 -1 -1 9 -1 -1
8 6 5 3 -1 -1 -1 -1 9
8 6 5 5 1 -1 -1 -1 8
8 6 5 6 -1 1 -1 8 -1
8 6 5 8 -1 -1 1 6 -1
8 6 5 8 -1 -1 1 -1 5
8 6 5 9 -1 -1 2 -1 -1
8 6 5 9 -1 -1 -1 -1 3
8 6 5 -1 1 6 -1 -1 8
8 6 5 -1 2 -1 -1 -1 9
8 6 5 -1 3 -1 -1 9 -1
8 6 5 -1 5 1 -1 8 -1
8 6 5 -1 8 -1 6 -1 1
8 6 5 -1 8 -1 -1 5 1
8 6 5 -1 9 -1 -1 3 -1
8 6 5 -1 9 -1 -1 -1 2
8 6 5 -1 -1 2 -1 9 -1
8 6 5 -1 -1 3 9 -1 -1
8 6 5 -1 -1 8 5 1 -1
8 6 5 -1 -1 8 -1 1 6
8 6 5 -1 -1 9 3 -1 -1
8 6 5 -1 -1 9 -1 2 -1
8 6 6 2 -1 -1 9 -1 -1
8 6 6 3 -1 -1 -1 9 -1
8 6 6 3 -1 -1 -1 -1 9
8 6 6 9 -1 -1 2 -1 -1
8 6 6 9 -1 -1 -1 3 -1
8 6 6 9 -1 -1 -1 -1 3
8 6 6 -1 2 -1 -1 -1 9
8 6 6 -1 3 -1 9 -1 -1
8 6 6 -1 3 -1 -1 9 -1
8 6 6 -1 9 -1 3 -1 -1
8 6 6 -1 9 -1 -1 3 -1
8 6 6 -1 9 -1 -1 -1 2
8 6 6 -1 -1 2 -1 9 -1
8 6 6 -1 -1 3 9 -1 -1
8 6 6 -1 -1 3 -1 -1 9
8 6 6 -1 -1 9 3 -1 -1
8 6 6 -1 -1 9 -1 2 -1
8 6 6 -1 -1 9 -1 -1 3
8 6 -1 1 -1 5 8 6 -1
8 6 -1 5 1 -1 6 -1 8
8 6 -1 6 -1 8 5 1 -1
8 6 -1 8 6 -1 1 -1 5
8 6 -1 -1 5 1 -1 8 6
8 6 -1 -1 8 6 -1 5 1
8 8 1 5 5 -1 -1 -1 6
8 8 1 5 -1 5 6 -1 -1
8 8 1 5 -1 -1 6 -1 6
8 8 1 6 6 -1 -1 -1 5
8 8 1 6 -1 6 5 -1 -1
8 8 1 6 -1 -1 5 -1 5
8 8 1 -1 5 5 -1 6 -1
8 8 1 -1 5 -1 -1 6 6
8 8 1 -1 6 6 -1 5 -1
8 8 1 -1 6 -1 -1 5 5
8 8 1 -1 -1 5 6 6 -1
8 8 1 -1 -1 6 5 5 -1
8 9 2 1 2 -1 -1 -1 9
8 9 2 2 -1 1 9 -1 -1
8 9 2 5 -1 -1 6 -1 -1
8 9 2 6 -1 -1 5 -1 -1
8 9 2 6 -1 -1 6 -1 -1
8 9 2 9 -1 -1 2 -1 1
8 9 2 -1 1 2 -1 9 -1
8 9 2 -1 5 -1 -1 -1 6
8 9 2 -1 6 -1 -1 -1 5
8 9 2 -1 6 -1 -1 -1 6
8 9 2 -1 9 -1 -1 1 2
8 9 2 -1 -1 5 -1 6 -1
8 9 2 -1 -1 6 -1 5 -1
8 9 2 -1 -1 6 -1 6 -1
8 9 2 -1 -1 9 1 2 -1
8 9 -1 3 5 -1 -1 -1 6
8 9 -1 3 6 -1 -1 -1 6
8 9 -1 5 -1 3 6 -1 -1
8 9 -1 6 -1 3 6 -1 -1
8 9 -1 6 -1 -1 5 -1 3
8 9 -1 6 -1 -1 6 -1 3
8 9 -1 -1 3 5 -1 6 -1
8 9 -1 -1 3 6 -1 6 -1
8 9 -1 -1 6 -1 -1 3 5
8 9 -1 -1 6 -1 -1 3 6
8 9 -1 -1 -1 6 3 5 -1
8 9 -1 -1 -1 6 3 6 -1
8 -1 1 2 9 -1 9 -1 2
8 -1 1 9 -1 2 2 9 -1
8 -1 1 -1 2 9 -1 2 9
8 -1 3 5 9 -1 6 -1 -1
8 -1 3 6 9 -1 6 -1 -1
8 -1 3 6 -1 -1 5 9 -1
8 -1 3 6 -1 -1 6 9 -1
8 -1 3 9 -1 5 -1 6 -1
8 -1 3 9 -1 6 -1 6 -1
8 -1 3 -1 5 9 -1 -1 6
8 -1 3 -1 6 9 -1 -1 6
8 -1 3 -1 6 -1 9 -1 5
8 -1 3 -1 6 -1 9 -1 6
8 -1 3 -1 -1 6 -1 5 9
8 -1 3 -1 -1 6 -1 6 9
8 -1 5 1 6 -1 8 -1 5
8 -1 5 5 8 -1 6 -1 1
8 -1 5 6 -1 1 5 8 -1
8 -1 5 8 -1 5 1 6 -1
8 -1 5 -1 1 6 -1 5 8
8 -1 5 -1 5 8 -1 1 6
8 -1 6 1 5 -1 8 -1 6
8 -1 6 5 -1 1 6 8 -1
8 -1 6 6 8 -1 5 -1 1
8 -1 6 8 -1 6 1 5 -1
8 -1 6 -1 1 5 -1 6 8
8 -1 6 -1 6 8 -1 1 5
8 -1 9 3 -1 5 -1 6 -1
8 -1 9 3 -1 6 -1 6 -1
8 -1 9 5 3 -1 6 -1 -1
8 -1 9 6 3 -1 6 -1 -1
8 -1 9 6 -1 -1 5 3 -1
8 -1 9 6 -1 -1 6 3 -1
8 -1 9 -1 5 3 -1 -1 6
8 -1 9 -1 6 3 -1 -1 6
8 -1 9 -1 6 -1 3 -1 5
8 -1 9 -1 6 -1 3 -1 6
8 -1 9 -1 -1 6 -1 5 3
8 -1 9 -1 -1 6 -1 6 3
8 -1 -1 1 5 -1 8 5 6
8 -1 -1 1 6 -1 8 6 5
8 -1 -1 1 9 9 -1 2 2
8 -1 -1 1 -1 5 8 6 5
8 -1 -1 1 -1 6 8 5 6
8 -1 -1 2 2 -1 9 1 9
8 -1 -1 2 5 -1 9 -1 6
8 -1 -1 2 6 -1 9 -1 5
8 -1 -1 2 6 -1 9 -1 6
8 -1 -1 2 -1 2 9 9 1
8 -1 -1 2 -1 5 9 6 -1
8 -1 -1 2 -1 6 9 5 -1
8 -1 -1 2 -1 6 9 6 -1
8 -1 -1 3 6 9 -1 -1 5
8 -1 -1 3 6 9 -1 -1 6
8 -1 -1 3 9 6 -1 5 -1
8 -1 -1 3 9 6 -1 6 -1
8 -1 -1 5 1 -1 6 5 8
8 -1 -1 5 2 -1 6 -1 9
8 -1 -1 5 6 8 6 1 -1
8 -1 -1 5 6 8 -1 1 5
8 -1 -1 5 8 6 6 -1 1
8 -1 -1 5 8 6 -1 5 1
8 -1 -1 5 9 -1 6 -1 2
8 -1 -1 5 -1 1 6 8 5
8 -1 -1 5 -1 2 6 9 -1
8 -1 -1 5 -1 9 6 2 -1
8 -1 -1 5 -1 -1 6 3 9
8 -1 -1 5 -1 -1 6 9 3
8 -1 -1 6 1 -1 5 6 8
8 -1 -1 6 2 -1 5 -1 9
8 -1 -1 6 2 -1 6 -1 9
8 -1 -1 6 3 9 5 -1 -1
8 -1 -1 6 3 9 6 -1 -1
8 -1 -1 6 5 8 5 1 -1
8 -1 -1 6 5 8 -1 1 6
8 -1 -1 6 8 5 5 -1 1
8 -1 -1 6 8 5 -1 6 1
8 -1 -1 6 9 3 5 -1 -1
8 -1 -1 6 9 3 6 -1 -1
8 -1 -1 6 9 -1 5 -1 2
8 -1 -1 6 9 -1 6 -1 2
8 -1 -1 6 -1 1 5 8 6
8 -1 -1 6 -1 2 5 9 -1
8 -1 -1 6 -1 2 6 9 -1
8 -1 -1 6 -1 9 5 2 -1
8 -1 -1 6 -1 9 6 2 -1
8 -1 -1 6 -1 -1 6 3 9
8 -1 -1 6 -1 -1 6 9 3
8 -1 -1 8 5 6 1 5 -1
8 -1 -1 8 5 6 1 -1 6
8 -1 -1 8 6 5 1 6 -1
8 -1 -1 8 6 5 1 -1 5
8 -1 -1 9 1 9 2 2 -1
8 -1 -1 9 3 6 -1 5 -1
8 -1 -1 9 3 6 -1 6 -1
8 -1 -1 9 5 -1 2 -1 6
8 -1 -1 9 6 3 -1 -1 5
8 -1 -1 9 6 3 -1 -1 6
8 -1 -1 9 6 -1 2 -1 5
8 -1 -1 9 6 -1 2 -1 6
8 -1 -1 9 9 1 2 -1 2
8 -1 -1 9 -1 5 2 6 -1
8 -1 -1 9 -1 6 2 5 -1
8 -1 -1 9 -1 6 2 6 -1
8 -1 -1 -1 1 5 5 6 8
8 -1 -1 -1 1 6 6 5 8
8 -1 -1 -1 2 2 1 9 9
8 -1 -1 -1 2 5 -1 6 9
8 -1 -1 -1 2 6 -1 5 9
8 -1 -1 -1 2 6 -1 6 9
8 -1 -1 -1 5 1 5 8 6
8 -1 -1 -1 5 2 -1 9 6
8 -1 -1 -1 5 9 -1 2 6
8 -1 -1 -1 5 -1 3 9 6
8 -1 -1 -1 5 -1 9 3 6
8 -1 -1 -1 6 1 6 8 5
8 -1 -1 -1 6 2 -1 9 5
8 -1 -1 -1 6 2 -1 9 6
8 -1 -1 -1 6 9 -1 2 5
8 -1 -1 -1 6 9 -1 2 6
8 -1 -1 -1 6 -1 3 9 6
8 -1 -1 -1 6 -1 9 3 6
8 -1 -1 -1 9 5 -1 6 2
8 -1 -1 -1 9 6 -1 5 2
8 -1 -1 -1 9 6 -1 6 2
8 -1 -1 -1 -1 5 3 6 9
8 -1 -1 -1 -1 5 9 6 3
8 -1 -1 -1 -1 6 3 6 9
8 -1 -1 -1 -1 6 9 6 3
9 1 9 1 1 -1 9 -1 -1
9 1 9 1 -1 1 -1 9 -1
9 1 9 2 2 -1 8 -1 -1
9 1 9 2 -1 2 -1 8 -1
9 1 9 8 -1 -1 2 2 -1
9 1 9 9 -1 -1 1 1 -1
9 1 9 -1 1 1 -1 -1 9
9 1 9 -1 2 2 -1 -1 8
9 1 9 -1 8 -1 2 -1 2
9 1 9 -1 9 -1 1 -1 1
9 1 9 -1 -1 8 -1 2 2
9 1 9 -1 -1 9 -1 1 1
9 1 -1 1 -1 9 9 1 -1
9 1 -1 9 1 -1 1 -1 9
9 1 -1 -1 9 1 -1 9 1
9 2 8 1 2 -1 9 -1 -1
9 2 8 2 -1 1 -1 9 -1
9 2 8 5 -1 -1 -1 6 -1
9 2 8 6 -1 -1 -1 5 -1
9 2 8 6 -1 -1 -1 6 -1
9 2 8 9 -1 -1 1 2 -1
9 2 8 -1 1 2 -1 -1 9
9 2 8 -1 5 -1 6 -1 -1
9 2 8 -1 6 -1 5 -1 -1
9 2 8 -1 6 -1 6 -1 -1
9 2 8 -1 9 -1 2 -1 1
9 2 8 -1 -1 5 -1 -1 6
9 2 8 -1 -1 6 -1 -1 5
9 2 8 -1 -1 6 -1 -1 6
9 2 8 -1 -1 9 -1 1 2
9 2 -1 1 -1 8 9 2 -1
9 2 -1 2 -1 9 8 1 -1
9 2 -1 8 1 -1 2 -1 9
9 2 -1 9 2 -1 1 -1 8
9 2 -1 -1 8 1 -1 9 2
9 2 -1 -1 9 2 -1 8 1
9 3 6 5 -1 -1 -1 8 -1
9 3 6 6 -1 -1 -1 7 -1
9 3 6 6 -1 -1 -1 8 -1
9 3 6 7 -1 -1 -1 6 -1
9 3 6 8 -1 -1 -1 5 -1
9 3 6 8 -1 -1 -1 6 -1
9 3 6 -1 5 -1 8 -1 -1
9 3 6 -1 6 -1 7 -1 -1
9 3 6 -1 6 -1 8 -1 -1
9 3 6 -1 7 -1 6 -1 -1
9 3 6 -1 8 -1 5 -1 -1
9 3 6 -1 8 -1 6 -1 -1
9 3 6 -1 -1 5 -1 -1 8
9 3 6 -1 -1 6 -1 -1 7
9 3 6 -1 -1 6 -1 -1 8
9 3 6 -1 -1 7 -1 -1 6
9 3 6 -1 -1 8 -1 -1 5
9 3 6 -1 -1 8 -1 -1 6
9 5 -1 2 -1 6 8 -1 -1
9 5 -1 3 -1 8 6 -1 -1
9 5 -1 6 2 -1 -1 -1 8
9 5 -1 6 -1 -1 3 -1 8
9 5 -1 8 3 -1 -1 -1 6
9 5 -1 8 -1 -1 2 -1 6
9 5 -1 -1 6 2 -1 8 -1
9 5 -1 -1 6 -1 -1 8 3
9 5 -1 -1 8 3 -1 6 -1
9 5 -1 -1 8 -1 -1 6 2
9 5 -1 -1 -1 6 8 3 -1
9 5 -1 -1 -1 8 6 2 -1
9 6 3 5 -1 -1 -1 -1 8
9 6 3 6 -1 -1 -1 -1 7
9 6 3 6 -1 -1 -1 -1 8
9 6 3 7 -1 -1 -1 -1 6
9 6 3 8 -1 -1 -1 -1 5
9 6 3 8 -1 -1 -1 -1 6
9 6 3 -1 5 -1 -1 8 -1
9 6 3 -1 6 -1 -1 7 -1
9 6 3 -1 6 -1 -1 8 -1
9 6 3 -1 7 -1 -1 6 -1
9 6 3 -1 8 -1 -1 5 -1
9 6 3 -1 8 -1 -1 6 -1
9 6 3 -1 -1 5 8 -1 -1
9 6 3 -1 -1 6 7 -1 -1
9 6 3 -1 -1 6 8 -1 -1
9 6 3 -1 -1 7 6 -1 -1
9 6 3 -1 -1 8 5 -1 -1
9 6 3 -1 -1 8 6 -1 -1
9 6 -1 2 -1 5 8 -1 -1
9 6 -1 2 -1 6 8 -1 -1
9 6 -1 3 -1 7 6 -1 -1
9 6 -1 3 -1 8 6 -1 -1
9 6 -1 5 2 -1 -1 -1 8
9 6 -1 6 2 -1 -1 -1 8
9 6 -1 6 -1 -1 3 -1 7
9 6 -1 6 -1 -1 3 -1 8
9 6 -1 7 3 -1 -1 -1 6
9 6 -1 8 3 -1 -1 -1 6
9 6 -1 8 -1 -1 2 -1 5
9 6 -1 8 -1 -1 2 -1 6
9 6 -1 -1 5 2 -1 8 -1
9 6 -1 -1 6 2 -1 8 -1
9 6 -1 -1 6 -1 -1 7 3
9 6 -1 -1 6 -1 -1 8 3
9 6 -1 -1 7 3 -1 6 -1
9 6 -1 -1 8 3 -1 6 -1
9 6 -1 -1 8 -1 -1 5 2
9 6 -1 -1 8 -1 -1 6 2
9 6 -1 -1 -1 6 7 3 -1
9 6 -1 -1 -1 6 8 3 -1
9 6 -1 -1 -1 8 5 2 -1
9 6 -1 -1 -1 8 6 2 -1
9 7 -1 3 -1 6 6 -1 -1
9 7 -1 6 3 -1 -1 -1 6
9 7 -1 6 -1 -1 3 -1 6
9 7 -1 -1 6 3 -1 6 -1
9 7 -1 -1 6 -1 -1 6 3
9 7 -1 -1 -1 6 6 3 -1
9 8 2 1 -1 2 9 -1 -1
9 8 2 2 1 -1 -1 -1 9
9 8 2 5 -1 -1 -1 -1 6
9 8 2 6 -1 -1 -1 -1 5
9 8 2 6 -1 -1 -1 -1 6
9 8 2 9 -1 -1 1 -1 2
9 8 2 -1 2 1 -1 9 -1
9 8 2 -1 5 -1 -1 6 -1
9 8 2 -1 6 -1 -1 5 -1
9 8 2 -1 6 -1 -1 6 -1
9 8 2 -1 9 -1 -1 2 1
9 8 2 -1 -1 5 6 -1 -1
9 8 2 -1 -1 6 5 -1 -1
9 8 2 -1 -1 6 6 -1 -1
9 8 2 -1 -1 9 2 1 -1
9 8 -1 3 -1 5 6 -1 -1
9 8 -1 3 -1 6 6 -1 -1
9 8 -1 5 3 -1 -1 -1 6
9 8 -1 6 3 -1 -1 -1 6
9 8 -1 6 -1 -1 3 -1 5
9 8 -1 6 -1 -1 3 -1 6
9 8 -1 -1 5 3 -1 6 -1
9 8 -1 -1 6 3 -1 6 -1
9 8 -1 -1 6 -1 -1 5 3
9 8 -1 -1 6 -1 -1 6 3
9 8 -1 -1 -1 6 5 3 -1
9 8 -1 -1 -1 6 6 3 -1
9 9 1 1 1 -1 -1 -1 9
9 9 1 1 -1 1 9 -1 -1
9 9 1 2 2 -1 -1 -1 8
9 9 1 2 -1 2 8 -1 -1
9 9 1 8 -1 -1 2 -1 2
9 9 1 9 -1 -1 1 -1 1
9 9 1 -1 1 1 -1 9 -1
9 9 1 -1 2 2 -1 8 -1
9 9 1 -1 8 -1 -1 2 2
9 9 1 -1 9 -1 -1 1 1
9 9 1 -1 -1 8 2 2 -1
9 9 1 -1 -1 9 1 1 -1
9 -1 1 1 9 -1 9 -1 1
9 -1 1 9 -1 1 1 9 -1
9 -1 1 -1 1 9 -1 1 9
9 -1 2 1 8 -1 9 -1 2
9 -1 2 2 9 -1 8 -1 1
9 -1 2 8 -1 1 2 9 -1
9 -1 2 9 -1 2 1 8 -1
9 -1 2 -1 1 8 -1 2 9
9 -1 2 -1 2 9 -1 1 8
9 -1 5 2 6 -1 8 -1 -1
9 -1 5 3 8 -1 6 -1 -1
9 -1 5 6 -1 2 -1 8 -1
9 -1 5 6 -1 -1 3 8 -1
9 -1 5 8 -1 3 -1 6 -1
9 -1 5 8 -1 -1 2 6 -1
9 -1 5 -1 2 6 -1 -1 8
9 -1 5 -1 3 8 -1 -1 6
9 -1 5 -1 6 -1 8 -1 3
9 -1 5 -1 8 -1 6 -1 2
9 -1 5 -1 -1 6 -1 3 8
9 -1 5 -1 -1 8 -1 2 6
9 -1 6 2 5 -1 8 -1 -1
9 -1 6 2 6 -1 8 -1 -1
9 -1 6 3 7 -1 6 -1 -1
9 -1 6 3 8 -1 6 -1 -1
9 -1 6 5 -1 2 -1 8 -1
9 -1 6 6 -1 2 -1 8 -1
9 -1 6 6 -1 -1 3 7 -1
9 -1 6 6 -1 -1 3 8 -1
9 -1 6 7 -1 3 -1 6 -1
9 -1 6 8 -1 3 -1 6 -1
9 -1 6 8 -1 -1 2 5 -1
9 -1 6 8 -1 -1 2 6 -1
9 -1 6 -1 2 5 -1 -1 8
9 -1 6 -1 2 6 -1 -1 8
9 -1 6 -1 3 7 -1 -1 6
9 -1 6 -1 3 8 -1 -1 6
9 -1 6 -1 6 -1 7 -1 3
9 -1 6 -1 6 -1 8 -1 3
9 -1 6 -1 8 -1 5 -1 2
9 -1 6 -1 8 -1 6 -1 2
9 -1 6 -1 -1 6 -1 3 7
9 -1 6 -1 -1 6 -1 3 8
9 -1 6 -1 -1 8 -1 2 5
9 -1 6 -1 -1 8 -1 2 6
9 -1 7 3 6 -1 6 -1 -1
9 -1 7 6 -1 3 -1 6 -1
9 -1 7 6 -1 -1 3 6 -1
9 -1 7 -1 3 6 -1 -1 6
9 -1 7 -1 6 -1 6 -1 3
9 -1 7 -1 -1 6 -1 3 6
9 -1 8 3 5 -1 6 -1 -1
9 -1 8 3 6 -1 6 -1 -1
9 -1 8 5 -1 3 -1 6 -1
9 -1 8 6 -1 3 -1 6 -1
9 -1 8 6 -1 -1 3 5 -1
9 -1 8 6 -1 -1 3 6 -1
9 -1 8 -1 3 5 -1 -1 6
9 -1 8 -1 3 6 -1 -1 6
9 -1 8 -1 6 -1 5 -1 3
9 -1 8 -1 6 -1 6 -1 3
9 -1 8 -1 -1 6 -1 3 5
9 -1 8 -1 -1 6 -1 3 6
9 -1 -1 1 1 -1 9 1 9
9 -1 -1 1 2 -1 9 2 8
9 -1 -1 1 9 9 -1 1 1
9 -1 -1 1 -1 1 9 9 1
9 -1 -1 1 -1 2 9 8 2
9 -1 -1 2 1 -1 8 2 9
9 -1 -1 2 8 9 -1 1 2
9 -1 -1 2 9 8 -1 2 1
9 -1 -1 2 -1 1 8 9 2
9 -1 -1 2 -1 -1 8 5 6
9 -1 -1 2 -1 -1 8 6 5
9 -1 -1 2 -1 -1 8 6 6
9 -1 -1 3 -1 -1 6 5 8
9 -1 -1 3 -1 -1 6 6 7
9 -1 -1 3 -1 -1 6 6 8
9 -1 -1 3 -1 -1 6 7 6
9 -1 -1 3 -1 -1 6 8 5
9 -1 -1 3 -1 -1 6 8 6
9 -1 -1 5 6 8 -1 2 -1
9 -1 -1 5 6 8 -1 -1 3
9 -1 -1 5 8 6 -1 3 -1
9 -1 -1 5 8 6 -1 -1 2
9 -1 -1 6 5 8 3 -1 -1
9 -1 -1 6 5 8 -1 2 -1
9 -1 -1 6 6 7 3 -1 -1
9 -1 -1 6 6 7 -1 -1 3
9 -1 -1 6 6 8 3 -1 -1
9 -1 -1 6 6 8 -1 2 -1
9 -1 -1 6 6 8 -1 -1 3
9 -1 -1 6 7 6 3 -1 -1
9 -1 -1 6 7 6 -1 3 -1
9 -1 -1 6 8 5 3 -1 -1
9 -1 -1 6 8 5 -1 -1 2
9 -1 -1 6 8 6 3 -1 -1
9 -1 -1 6 8 6 -1 3 -1
9 -1 -1 6 8 6 -1 -1 2
9 -1 -1 7 6 6 -1 3 -1
9 -1 -1 7 6 6 -1 -1 3
9 -1 -1 8 2 9 2 1 -1
9 -1 -1 8 5 6 2 -1 -1
9 -1 -1 8 5 6 -1 3 -1
9 -1 -1 8 6 5 2 -1 -1
9 -1 -1 8 6 5 -1 -1 3
9 -1 -1 8 6 6 2 -1 -1
9 -1 -1 8 6 6 -1 3 -1
9 -1 -1 8 6 6 -1 -1 3
9 -1 -1 8 9 2 2 -1 1
9 -1 -1 9 1 9 1 1 -1
9 -1 -1 9 2 8 1 2 -1
9 -1 -1 9 8 2 1 -1 2
9 -1 -1 9 9 1 1 -1 1
9 -1 -1 -1 1 1 1 9 9
9 -1 -1 -1 1 2 2 8 9
9 -1 -1 -1 2 1 2 9 8
9 -1 -1 -1 2 -1 5 6 8
9 -1 -1 -1 2 -1 6 5 8
9 -1 -1 -1 2 -1 6 6 8
9 -1 -1 -1 3 -1 5 8 6
9 -1 -1 -1 3 -1 6 7 6
9 -1 -1 -1 3 -1 6 8 6
9 -1 -1 -1 3 -1 7 6 6
9 -1 -1 -1 3 -1 8 5 6
9 -1 -1 -1 3 -1 8 6 6
9 -1 -1 -1 -1 2 5 8 6
9 -1 -1 -1 -1 2 6 8 5
9 -1 -1 -1 -1 2 6 8 6
9 -1 -1 -1 -1 3 5 6 8
9 -1 -1 -1 -1 3 6 6 7
9 -1 -1 -1 -1 3 6 6 8
9 -1 -1 -1 -1 3 7 6 6
9 -1 -1 -1 -1 3 8 6 5
9 -1 -1 -1 -1 3 8 6 6
-1 1 1 1 9 9 9 -1 -1
-1 1 1 9 1 9 -1 -1 9
-1 1 1 9 9 1 -1 9 -1
-1 1 1 9 -1 -1 1 9 9
-1 1 1 -1 9 -1 9 9 1
-1 1 1 -1 -1 9 9 1 9
-1 1 2 2 8 9 9 -1 -1
-1 1 2 8 9 2 -1 9 -1
-1 1 2 9 2 8 -1 -1 9
-1 1 2 9 -1 -1 2 8 9
-1 1 2 -1 9 -1 8 9 2
-1 1 2 -1 -1 9 9 2 8
-1 1 5 5 6 8 8 -1 -1
-1 1 5 6 8 5 -1 8 -1
-1 1 5 6 8 -1 6 8 -1
-1 1 5 8 5 6 -1 -1 8
-1 1 5 8 -1 6 -1 6 8
-1 1 5 8 -1 -1 5 6 8
-1 1 5 -1 6 8 8 -1 6
-1 1 5 -1 8 -1 6 8 5
-1 1 5 -1 -1 8 8 5 6
-1 1 6 5 8 6 -1 8 -1
-1 1 6 5 8 -1 5 8 -1
-1 1 6 6 5 8 8 -1 -1
-1 1 6 8 6 5 -1 -1 8
-1 1 6 8 -1 5 -1 5 8
-1 1 6 8 -1 -1 6 5 8
-1 1 6 -1 5 8 8 -1 5
-1 1 6 -1 8 -1 5 8 6
-1 1 6 -1 -1 8 8 6 5
-1 1 8 2 9 -1 2 9 -1
-1 1 8 9 -1 2 -1 2 9
-1 1 8 -1 2 9 9 -1 2
-1 1 9 1 9 -1 1 9 -1
-1 1 9 9 -1 1 -1 1 9
-1 1 9 -1 1 9 9 -1 1
-1 2 1 2 9 8 9 -1 -1
-1 2 1 8 2 9 -1 -1 9
-1 2 1 9 8 2 -1 9 -1
-1 2 1 9 -1 -1 2 9 8
-1 2 1 -1 9 -1 9 8 2
-1 2 1 -1 -1 9 8 2 9
-1 2 2 1 9 9 8 -1 -1
-1 2 2 8 -1 -1 1 9 9
-1 2 2 9 1 9 -1 -1 8
-1 2 2 9 9 1 -1 8 -1
-1 2 2 -1 8 -1 9 9 1
-1 2 2 -1 -1 8 9 1 9
-1 2 5 6 9 -1 -1 8 -1
-1 2 5 8 -1 -1 -1 6 9
-1 2 5 9 -1 6 -1 -1 8
-1 2 5 -1 6 9 8 -1 -1
-1 2 5 -1 8 -1 6 9 -1
-1 2 5 -1 -1 8 9 -1 6
-1 2 6 5 9 -1 -1 8 -1
-1 2 6 6 9 -1 -1 8 -1
-1 2 6 8 -1 -1 -1 5 9
-1 2 6 8 -1 -1 -1 6 9
-1 2 6 9 -1 5 -1 -1 8
-1 2 6 9 -1 6 -1 -1 8
-1 2 6 -1 5 9 8 -1 -1
-1 2 6 -1 6 9 8 -1 -1
-1 2 6 -1 8 -1 5 9 -1
-1 2 6 -1 8 -1 6 9 -1
-1 2 6 -1 -1 8 9 -1 5
-1 2 6 -1 -1 8 9 -1 6
-1 2 9 1 8 -1 2 9 -1
-1 2 9 2 9 -1 1 8 -1
-1 2 9 8 -1 1 -1 2 9
-1 2 9 9 -1 2 -1 1 8
-1 2 9 -1 1 8 9 -1 2
-1 2 9 -1 2 9 8 -1 1
-1 2 -1 5 6 8 9 -1 -1
-1 2 -1 5 8 6 -1 9 -1
-1 2 -1 6 5 8 9 -1 -1
-1 2 -1 6 6 8 9 -1 -1
-1 2 -1 6 8 5 -1 9 -1
-1 2 -1 6 8 6 -1 9 -1
-1 2 -1 8 5 6 -1 -1 9
-1 2 -1 8 6 5 -1 -1 9
-1 2 -1 8 6 6 -1 -1 9
-1 2 -1 9 -1 -1 5 6 8
-1 2 -1 9 -1 -1 6 5 8
-1 2 -1 9 -1 -1 6 6 8
-1 2 -1 -1 9 -1 5 8 6
-1 2 -1 -1 9 -1 6 8 5
-1 2 -1 -1 9 -1 6 8 6
-1 2 -1 -1 -1 9 8 5 6
-1 2 -1 -1 -1 9 8 6 5
-1 2 -1 -1 -1 9 8 6 6
-1 3 5 6 -1 -1 -1 8 9
-1 3 5 8 9 -1 -1 6 -1
-1 3 5 9 -1 8 -1 -1 6
-1 3 5 -1 6 -1 8 9 -1
-1 3 5 -1 8 9 6 -1 -1
-1 3 5 -1 -1 6 9 -1 8
-1 3 6 6 -1 -1 -1 7 9
-1 3 6 6 -1 -1 -1 8 9
-1 3 6 7 9 -1 -1 6 -1
-1 3 6 8 9 -1 -1 6 -1
-1 3 6 9 -1 7 -1 -1 6
-1 3 6 9 -1 8 -1 -1 6
-1 3 6 -1 6 -1 7 9 -1
-1 3 6 -1 6 -1 8 9 -1
-1 3 6 -1 7 9 6 -1 -1
-1 3 6 -1 8 9 6 -1 -1
-1 3 6 -1 -1 6 9 -1 7
-1 3 6 -1 -1 6 9 -1 8
-1 3 7 6 9 -1 -1 6 -1
-1 3 7 6 -1 -1 -1 6 9
-1 3 7 9 -1 6 -1 -1 6
-1 3 7 -1 6 9 6 -1 -1
-1 3 7 -1 6 -1 6 9 -1
-1 3 7 -1 -1 6 9 -1 6
-1 3 8 5 9 -1 -1 6 -1
-1 3 8 6 9 -1 -1 6 -1
-1 3 8 6 -1 -1 -1 5 9
-1 3 8 6 -1 -1 -1 6 9
-1 3 8 9 -1 5 -1 -1 6
-1 3 8 9 -1 6 -1 -1 6
-1 3 8 -1 5 9 6 -1 -1
-1 3 8 -1 6 9 6 -1 -1
-1 3 8 -1 6 -1 5 9 -1
-1 3 8 -1 6 -1 6 9 -1
-1 3 8 -1 -1 6 9 -1 5
-1 3 8 -1 -1 6 9 -1 6
-1 3 -1 5 6 8 -1 9 -1
-1 3 -1 5 8 6 9 -1 -1
-1 3 -1 6 5 8 -1 -1 9
-1 3 -1 6 6 7 -1 9 -1
-1 3 -1 6 6 7 -1 -1 9
-1 3 -1 6 6 8 -1 9 -1
-1 3 -1 6 6 8 -1 -1 9
-1 3 -1 6 7 6 9 -1 -1
-1 3 -1 6 7 6 -1 -1 9
-1 3 -1 6 8 5 -1 -1 9
-1 3 -1 6 8 6 9 -1 -1
-1 3 -1 6 8 6 -1 -1 9
-1 3 -1 7 6 6 9 -1 -1
-1 3 -1 7 6 6 -1 9 -1
-1 3 -1 8 5 6 9 -1 -1
-1 3 -1 8 6 5 -1 9 -1
-1 3 -1 8 6 6 9 -1 -1
-1 3 -1 8 6 6 -1 9 -1
-1 3 -1 9 -1 -1 5 8 6
-1 3 -1 9 -1 -1 6 7 6
-1 3 -1 9 -1 -1 6 8 6
-1 3 -1 9 -1 -1 7 6 6
-1 3 -1 9 -1 -1 8 5 6
-1 3 -1 9 -1 -1 8 6 6
-1 3 -1 -1 9 -1 5 6 8
-1 3 -1 -1 9 -1 6 6 7
-1 3 -1 -1 9 -1 6 6 8
-1 3 -1 -1 9 -1 7 6 6
-1 3 -1 -1 9 -1 8 6 5
-1 3 -1 -1 9 -1 8 6 6
-1 3 -1 -1 -1 9 6 5 8
-1 3 -1 -1 -1 9 6 6 7
-1 3 -1 -1 -1 9 6 6 8
-1 3 -1 -1 -1 9 6 7 6
-1 3 -1 -1 -1 9 6 8 5
-1 3 -1 -1 -1 9 6 8 6
-1 5 1 5 8 6 8 -1 -1
-1 5 1 6 5 8 -1 -1 8
-1 5 1 6 -1 8 6 -1 8
-1 5 1 8 6 5 -1 8 -1
-1 5 1 8 6 -1 -1 8 6
-1 5 1 8 -1 -1 5 8 6
-1 5 1 -1 8 6 8 6 -1
-1 5 1 -1 8 -1 8 6 5
-1 5 1 -1 -1 8 6 5 8
-1 5 2 6 -1 9 -1 -1 8
-1 5 2 8 -1 -1 -1 9 6
-1 5 2 9 6 -1 -1 8 -1
-1 5 2 -1 8 -1 9 6 -1
-1 5 2 -1 9 6 8 -1 -1
-1 5 2 -1 -1 8 6 -1 9
-1 5 3 6 -1 -1 -1 9 8
-1 5 3 8 -1 9 -1 -1 6
-1 5 3 9 8 -1 -1 6 -1
-1 5 3 -1 6 -1 9 8 -1
-1 5 3 -1 9 8 6 -1 -1
-1 5 3 -1 -1 6 8 -1 9
-1 5 5 1 8 8 6 -1 -1
-1 5 5 6 -1 -1 1 8 8
-1 5 5 8 1 8 -1 -1 6
-1 5 5 8 8 1 -1 6 -1
-1 5 5 -1 6 -1 8 8 1
-1 5 5 -1 -1 6 8 1 8
-1 5 8 1 6 -1 5 8 -1
-1 5 8 5 8 -1 1 6 -1
-1 5 8 6 -1 1 -1 5 8
-1 5 8 8 -1 5 -1 1 6
-1 5 8 -1 1 6 8 -1 5
-1 5 8 -1 5 8 6 -1 1
-1 5 9 2 6 -1 -1 8 -1
-1 5 9 3 8 -1 -1 6 -1
-1 5 9 6 -1 2 -1 -1 8
-1 5 9 6 -1 -1 -1 3 8
-1 5 9 8 -1 3 -1 -1 6
-1 5 9 8 -1 -1 -1 2 6
-1 5 9 -1 2 6 8 -1 -1
-1 5 9 -1 3 8 6 -1 -1
-1 5 9 -1 6 -1 3 8 -1
-1 5 9 -1 8 -1 2 6 -1
-1 5 9 -1 -1 6 8 -1 3
-1 5 9 -1 -1 8 6 -1 2
-1 5 -1 1 8 8 6 6 -1
-1 5 -1 2 8 9 -1 6 -1
-1 5 -1 2 9 8 6 -1 -1
-1 5 -1 3 6 9 -1 8 -1
-1 5 -1 3 9 6 8 -1 -1
-1 5 -1 6 3 9 -1 -1 8
-1 5 -1 6 6 -1 1 8 8
-1 5 -1 6 9 3 -1 -1 8
-1 5 -1 6 -1 6 8 1 8
-1 5 -1 6 -1 -1 2 9 8
-1 5 -1 6 -1 -1 9 2 8
-1 5 -1 8 1 8 6 -1 6
-1 5 -1 8 2 9 -1 -1 6
-1 5 -1 8 8 1 -1 6 6
-1 5 -1 8 9 2 -1 -1 6
-1 5 -1 8 -1 -1 3 9 6
-1 5 -1 8 -1 -1 9 3 6
-1 5 -1 9 2 8 6 -1 -1
-1 5 -1 9 3 6 8 -1 -1
-1 5 -1 9 6 3 -1 8 -1
-1 5 -1 9 8 2 -1 6 -1
-1 5 -1 -1 6 6 8 8 1
-1 5 -1 -1 6 -1 2 8 9
-1 5 -1 -1 6 -1 9 8 2
-1 5 -1 -1 8 -1 3 6 9
-1 5 -1 -1 8 -1 9 6 3
-1 5 -1 -1 -1 6 8 2 9
-1 5 -1 -1 -1 6 8 9 2
-1 5 -1 -1 -1 8 6 3 9
-1 5 -1 -1 -1 8 6 9 3
-1 6 1 5 6 8 -1 -1 8
-1 6 1 5 -1 8 5 -1 8
-1 6 1 6 8 5 8 -1 -1
-1 6 1 8 5 6 -1 8 -1
-1 6 1 8 5 -1 -1 8 5
-1 6 1 8 -1 -1 6 8 5
-1 6 1 -1 8 5 8 5 -1
-1 6 1 -1 8 -1 8 5 6
-1 6 1 -1 -1 8 5 6 8
-1 6 2 5 -1 9 -1 -1 8
-1 6 2 6 -1 9 -1 -1 8
-1 6 2 8 -1 -1 -1 9 5
-1 6 2 8 -1 -1 -1 9 6
-1 6 2 9 5 -1 -1 8 -1
-1 6 2 9 6 -1 -1 8 -1
-1 6 2 -1 8 -1 9 5 -1
-1 6 2 -1 8 -1 9 6 -1
-1 6 2 -1 9 5 8 -1 -1
-1 6 2 -1 9 6 8 -1 -1
-1 6 2 -1 -1 8 5 -1 9
-1 6 2 -1 -1 8 6 -1 9
-1 6 3 6 -1 -1 -1 9 7
-1 6 3 6 -1 -1 -1 9 8
-1 6 3 7 -1 9 -1 -1 6
-1 6 3 8 -1 9 -1 -1 6
-1 6 3 9 7 -1 -1 6 -1
-1 6 3 9 8 -1 -1 6 -1
-1 6 3 -1 6 -1 9 7 -1
-1 6 3 -1 6 -1 9 8 -1
-1 6 3 -1 9 7 6 -1 -1
-1 6 3 -1 9 8 6 -1 -1
-1 6 3 -1 -1 6 7 -1 9
-1 6 3 -1 -1 6 8 -1 9
-1 6 6 1 8 8 5 -1 -1
-1 6 6 5 -1 -1 1 8 8
-1 6 6 8 1 8 -1 -1 5
-1 6 6 8 8 1 -1 5 -1
-1 6 6 -1 5 -1 8 8 1
-1 6 6 -1 -1 5 8 1 8
-1 6 8 1 5 -1 6 8 -1
-1 6 8 5 -1 1 -1 6 8
-1 6 8 6 8 -1 1 5 -1
-1 6 8 8 -1 6 -1 1 5
-1 6 8 -1 1 5 8 -1 6
-1 6 8 -1 6 8 5 -1 1
-1 6 9 2 5 -1 -1 8 -1
-1 6 9 2 6 -1 -1 8 -1
-1 6 9 3 7 -1 -1 6 -1
-1 6 9 3 8 -1 -1 6 -1
-1 6 9 5 -1 2 -1 -1 8
-1 6 9 6 -1 2 -1 -1 8
-1 6 9 6 -1 -1 -1 3 7
-1 6 9 6 -1 -1 -1 3 8
-1 6 9 7 -1 3 -1 -1 6
-1 6 9 8 -1 3 -1 -1 6
-1 6 9 8 -1 -1 -1 2 5
-1 6 9 8 -1 -1 -1 2 6
-1 6 9 -1 2 5 8 -1 -1
-1 6 9 -1 2 6 8 -1 -1
-1 6 9 -1 3 7 6 -1 -1
-1 6 9 -1 3 8 6 -1 -1
-1 6 9 -1 6 -1 3 7 -1
-1 6 9 -1 6 -1 3 8 -1
-1 6 9 -1 8 -1 2 5 -1
-1 6 9 -1 8 -1 2 6 -1
-1 6 9 -1 -1 6 7 -1 3
-1 6 9 -1 -1 6 8 -1 3
-1 6 9 -1 -1 8 5 -1 2
-1 6 9 -1 -1 8 6 -1 2
-1 6 -1 1 8 8 5 5 -1
-1 6 -1 2 8 9 -1 5 -1
-1 6 -1 2 8 9 -1 6 -1
-1 6 -1 2 9 8 5 -1 -1
-1 6 -1 2 9 8 6 -1 -1
-1 6 -1 3 5 -1 -1 8 9
-1 6 -1 3 6 9 -1 7 -1
-1 6 -1 3 6 9 -1 8 -1
-1 6 -1 3 6 -1 -1 7 9
-1 6 -1 3 6 -1 -1 8 9
-1 6 -1 3 7 -1 -1 6 9
-1 6 -1 3 8 -1 -1 5 9
-1 6 -1 3 8 -1 -1 6 9
-1 6 -1 3 9 6 7 -1 -1
-1 6 -1 3 9 6 8 -1 -1
-1 6 -1 3 -1 5 8 -1 9
-1 6 -1 3 -1 6 7 -1 9
-1 6 -1 3 -1 6 8 -1 9
-1 6 -1 3 -1 7 6 -1 9
-1 6 -1 3 -1 8 5 -1 9
-1 6 -1 3 -1 8 6 -1 9
-1 6 -1 5 3 -1 -1 9 8
-1 6 -1 5 5 -1 1 8 8
-1 6 -1 5 9 -1 -1 3 8
-1 6 -1 5 -1 3 9 -1 8
-1 6 -1 5 -1 5 8 1 8
-1 6 -1 5 -1 9 3 -1 8
-1 6 -1 5 -1 -1 2 9 8
-1 6 -1 5 -1 -1 9 2 8
-1 6 -1 6 3 9 -1 -1 7
-1 6 -1 6 3 9 -1 -1 8
-1 6 -1 6 3 -1 -1 9 7
-1 6 -1 6 3 -1 -1 9 8
-1 6 -1 6 9 3 -1 -1 7
-1 6 -1 6 9 3 -1 -1 8
-1 6 -1 6 9 -1 -1 3 7
-1 6 -1 6 9 -1 -1 3 8
-1 6 -1 6 -1 3 9 -1 7
-1 6 -1 6 -1 3 9 -1 8
-1 6 -1 6 -1 9 3 -1 7
-1 6 -1 6 -1 9 3 -1 8
-1 6 -1 6 -1 -1 2 9 8
-1 6 -1 6 -1 -1 9 2 8
-1 6 -1 7 3 -1 -1 9 6
-1 6 -1 7 9 -1 -1 3 6
-1 6 -1 7 -1 3 9 -1 6
-1 6 -1 7 -1 9 3 -1 6
-1 6 -1 7 -1 -1 3 9 6
-1 6 -1 7 -1 -1 9 3 6
-1 6 -1 8 1 8 5 -1 5
-1 6 -1 8 2 9 -1 -1 5
-1 6 -1 8 2 9 -1 -1 6
-1 6 -1 8 3 -1 -1 9 5
-1 6 -1 8 3 -1 -1 9 6
-1 6 -1 8 8 1 -1 5 5
-1 6 -1 8 9 2 -1 -1 5
-1 6 -1 8 9 2 -1 -1 6
-1 6 -1 8 9 -1 -1 3 5
-1 6 -1 8 9 -1 -1 3 6
-1 6 -1 8 -1 3 9 -1 5
-1 6 -1 8 -1 3 9 -1 6
-1 6 -1 8 -1 9 3 -1 5
-1 6 -1 8 -1 9 3 -1 6
-1 6 -1 8 -1 -1 3 9 6
-1 6 -1 8 -1 -1 9 3 6
-1 6 -1 9 2 8 5 -1 -1
-1 6 -1 9 2 8 6 -1 -1
-1 6 -1 9 3 6 7 -1 -1
-1 6 -1 9 3 6 8 -1 -1
-1 6 -1 9 5 -1 -1 8 3
-1 6 -1 9 6 3 -1 7 -1
-1 6 -1 9 6 3 -1 8 -1
-1 6 -1 9 6 -1 -1 7 3
-1 6 -1 9 6 -1 -1 8 3
-1 6 -1 9 7 -1 -1 6 3
-1 6 -1 9 8 2 -1 5 -1
-1 6 -1 9 8 2 -1 6 -1
-1 6 -1 9 8 -1 -1 5 3
-1 6 -1 9 8 -1 -1 6 3
-1 6 -1 9 -1 5 8 -1 3
-1 6 -1 9 -1 6 7 -1 3
-1 6 -1 9 -1 6 8 -1 3
-1 6 -1 9 -1 7 6 -1 3
-1 6 -1 9 -1 8 5 -1 3
-1 6 -1 9 -1 8 6 -1 3
-1 6 -1 -1 3 5 8 9 -1
-1 6 -1 -1 3 6 7 9 -1
-1 6 -1 -1 3 6 8 9 -1
-1 6 -1 -1 3 7 6 9 -1
-1 6 -1 -1 3 8 5 9 -1
-1 6 -1 -1 3 8 6 9 -1
-1 6 -1 -1 5 3 9 8 -1
-1 6 -1 -1 5 5 8 8 1
-1 6 -1 -1 5 9 3 8 -1
-1 6 -1 -1 5 -1 2 8 9
-1 6 -1 -1 5 -1 9 8 2
-1 6 -1 -1 6 3 9 7 -1
-1 6 -1 -1 6 3 9 8 -1
-1 6 -1 -1 6 9 3 7 -1
-1 6 -1 -1 6 9 3 8 -1
-1 6 -1 -1 6 -1 2 8 9
-1 6 -1 -1 6 -1 9 8 2
-1 6 -1 -1 7 3 9 6 -1
-1 6 -1 -1 7 9 3 6 -1
-1 6 -1 -1 7 -1 3 6 9
-1 6 -1 -1 7 -1 9 6 3
-1 6 -1 -1 8 3 9 5 -1
-1 6 -1 -1 8 3 9 6 -1
-1 6 -1 -1 8 9 3 5 -1
-1 6 -1 -1 8 9 3 6 -1
-1 6 -1 -1 8 -1 3 6 9
-1 6 -1 -1 8 -1 9 6 3
-1 6 -1 -1 9 5 8 3 -1
-1 6 -1 -1 9 6 7 3 -1
-1 6 -1 -1 9 6 8 3 -1
-1 6 -1 -1 9 7 6 3 -1
-1 6 -1 -1 9 8 5 3 -1
-1 6 -1 -1 9 8 6 3 -1
-1 6 -1 -1 -1 5 8 2 9
-1 6 -1 -1 -1 5 8 9 2
-1 6 -1 -1 -1 6 8 2 9
-1 6 -1 -1 -1 6 8 9 2
-1 6 -1 -1 -1 7 6 3 9
-1 6 -1 -1 -1 7 6 9 3
-1 6 -1 -1 -1 8 6 3 9
-1 6 -1 -1 -1 8 6 9 3
-1 7 3 6 -1 9 -1 -1 6
-1 7 3 6 -1 -1 -1 9 6
-1 7 3 9 6 -1 -1 6 -1
-1 7 3 -1 6 -1 9 6 -1
-1 7 3 -1 9 6 6 -1 -1
-1 7 3 -1 -1 6 6 -1 9
-1 7 9 3 6 -1 -1 6 -1
-1 7 9 6 -1 3 -1 -1 6
-1 7 9 6 -1 -1 -1 3 6
-1 7 9 -1 3 6 6 -1 -1
-1 7 9 -1 6 -1 3 6 -1
-1 7 9 -1 -1 6 6 -1 3
-1 7 -1 3 6 9 -1 6 -1
-1 7 -1 3 9 6 6 -1 -1
-1 7 -1 6 3 9 -1 -1 6
-1 7 -1 6 9 3 -1 -1 6
-1 7 -1 6 -1 -1 3 9 6
-1 7 -1 6 -1 -1 9 3 6
-1 7 -1 9 3 6 6 -1 -1
-1 7 -1 9 6 3 -1 6 -1
-1 7 -1 -1 6 -1 3 6 9
-1 7 -1 -1 6 -1 9 6 3
-1 7 -1 -1 -1 6 6 3 9
-1 7 -1 -1 -1 6 6 9 3
-1 8 1 2 -1 9 2 -1 9
-1 8 1 9 2 -1 -1 9 2
-1 8 1 -1 9 2 9 2 -1
-1 8 3 5 -1 9 -1 -1 6
-1 8 3 6 -1 9 -1 -1 6
-1 8 3 6 -1 -1 -1 9 5
-1 8 3 6 -1 -1 -1 9 6
-1 8 3 9 5 -1 -1 6 -1
-1 8 3 9 6 -1 -1 6 -1
-1 8 3 -1 6 -1 9 5 -1
-1 8 3 -1 6 -1 9 6 -1
-1 8 3 -1 9 5 6 -1 -1
-1 8 3 -1 9 6 6 -1 -1
-1 8 3 -1 -1 6 5 -1 9
-1 8 3 -1 -1 6 6 -1 9
-1 8 5 1 -1 6 5 -1 8
-1 8 5 5 -1 8 1 -1 6
-1 8 5 6 1 -1 -1 8 5
-1 8 5 8 5 -1 -1 6 1
-1 8 5 -1 6 1 8 5 -1
-1 8 5 -1 8 5 6 1 -1
-1 8 6 1 -1 5 6 -1 8
-1 8 6 5 1 -1 -1 8 6
-1 8 6 6 -1 8 1 -1 5
-1 8 6 8 6 -1 -1 5 1
-1 8 6 -1 5 1 8 6 -1
-1 8 6 -1 8 6 5 1 -1
-1 8 9 3 5 -1 -1 6 -1
-1 8 9 3 6 -1 -1 6 -1
-1 8 9 5 -1 3 -1 -1 6
-1 8 9 6 -1 3 -1 -1 6
-1 8 9 6 -1 -1 -1 3 5
-1 8 9 6 -1 -1 -1 3 6
-1 8 9 -1 3 5 6 -1 -1
-1 8 9 -1 3 6 6 -1 -1
-1 8 9 -1 6 -1 3 5 -1
-1 8 9 -1 6 -1 3 6 -1
-1 8 9 -1 -1 6 5 -1 3
-1 8 9 -1 -1 6 6 -1 3
-1 8 -1 1 5 -1 5 6 8
-1 8 -1 1 6 -1 6 5 8
-1 8 -1 1 9 9 2 2 -1
-1 8 -1 1 -1 5 6 5 8
-1 8 -1 1 -1 6 5 6 8
-1 8 -1 2 2 -1 1 9 9
-1 8 -1 2 5 -1 -1 6 9
-1 8 -1 2 6 -1 -1 5 9
-1 8 -1 2 6 -1 -1 6 9
-1 8 -1 2 -1 2 9 1 9
-1 8 -1 2 -1 5 6 -1 9
-1 8 -1 2 -1 6 5 -1 9
-1 8 -1 2 -1 6 6 -1 9
-1 8 -1 3 6 9 -1 5 -1
-1 8 -1 3 6 9 -1 6 -1
-1 8 -1 3 9 6 5 -1 -1
-1 8 -1 3 9 6 6 -1 -1
-1 8 -1 5 1 -1 5 8 6
-1 8 -1 5 2 -1 -1 9 6
-1 8 -1 5 6 8 1 5 -1
-1 8 -1 5 6 8 1 -1 6
-1 8 -1 5 8 6 5 1 -1
-1 8 -1 5 8 6 -1 1 6
-1 8 -1 5 9 -1 -1 2 6
-1 8 -1 5 -1 1 8 5 6
-1 8 -1 5 -1 2 9 -1 6
-1 8 -1 5 -1 9 2 -1 6
-1 8 -1 5 -1 -1 3 9 6
-1 8 -1 5 -1 -1 9 3 6
-1 8 -1 6 1 -1 6 8 5
-1 8 -1 6 2 -1 -1 9 5
-1 8 -1 6 2 -1 -1 9 6
-1 8 -1 6 3 9 -1 -1 5
-1 8 -1 6 3 9 -1 -1 6
-1 8 -1 6 5 8 1 6 -1
-1 8 -1 6 5 8 1 -1 5
-1 8 -1 6 8 5 6 1 -1
-1 8 -1 6 8 5 -1 1 5
-1 8 -1 6 9 3 -1 -1 5
-1 8 -1 6 9 3 -1 -1 6
-1 8 -1 6 9 -1 -1 2 5
-1 8 -1 6 9 -1 -1 2 6
-1 8 -1 6 -1 1 8 6 5
-1 8 -1 6 -1 2 9 -1 5
-1 8 -1 6 -1 2 9 -1 6
-1 8 -1 6 -1 9 2 -1 5
-1 8 -1 6 -1 9 2 -1 6
-1 8 -1 6 -1 -1 3 9 6
-1 8 -1 6 -1 -1 9 3 6
-1 8 -1 8 5 6 5 -1 1
-1 8 -1 8 5 6 -1 6 1
-1 8 -1 8 6 5 6 -1 1
-1 8 -1 8 6 5 -1 5 1
-1 8 -1 9 1 9 2 -1 2
-1 8 -1 9 3 6 5 -1 -1
-1 8 -1 9 3 6 6 -1 -1
-1 8 -1 9 5 -1 -1 6 2
-1 8 -1 9 6 3 -1 5 -1
-1 8 -1 9 6 3 -1 6 -1
-1 8 -1 9 6 -1 -1 5 2
-1 8 -1 9 6 -1 -1 6 2
-1 8 -1 9 9 1 -1 2 2
-1 8 -1 9 -1 5 6 -1 2
-1 8 -1 9 -1 6 5 -1 2
-1 8 -1 9 -1 6 6 -1 2
-1 8 -1 -1 1 5 6 8 5
-1 8 -1 -1 1 6 5 8 6
-1 8 -1 -1 2 2 9 9 1
-1 8 -1 -1 2 5 6 9 -1
-1 8 -1 -1 2 6 5 9 -1
-1 8 -1 -1 2 6 6 9 -1
-1 8 -1 -1 5 1 8 6 5
-1 8 -1 -1 5 2 9 6 -1
-1 8 -1 -1 5 9 2 6 -1
-1 8 -1 -1 5 -1 3 6 9
-1 8 -1 -1 5 -1 9 6 3
-1 8 -1 -1 6 1 8 5 6
-1 8 -1 -1 6 2 9 5 -1
-1 8 -1 -1 6 2 9 6 -1
-1 8 -1 -1 6 9 2 5 -1
-1 8 -1 -1 6 9 2 6 -1
-1 8 -1 -1 6 -1 3 6 9
-1 8 -1 -1 6 -1 9 6 3
-1 8 -1 -1 9 5 6 2 -1
-1 8 -1 -1 9 6 5 2 -1
-1 8 -1 -1 9 6 6 2 -1
-1 8 -1 -1 -1 5 6 3 9
-1 8 -1 -1 -1 5 6 9 3
-1 8 -1 -1 -1 6 6 3 9
-1 8 -1 -1 -1 6 6 9 3
-1 9 1 1 -1 9 1 -1 9
-1 9 1 9 1 -1 -1 9 1
-1 9 1 -1 9 1 9 1 -1
-1 9 2 1 -1 8 2 -1 9
-1 9 2 2 -1 9 1 -1 8
-1 9 2 8 1 -1 -1 9 2
-1 9 2 9 2 -1 -1 8 1
-1 9 2 -1 8 1 9 2 -1
-1 9 2 -1 9 2 8 1 -1
-1 9 5 2 -1 6 -1 -1 8
-1 9 5 3 -1 8 -1 -1 6
-1 9 5 6 2 -1 -1 8 -1
-1 9 5 6 -1 -1 -1 8 3
-1 9 5 8 3 -1 -1 6 -1
-1 9 5 8 -1 -1 -1 6 2
-1 9 5 -1 6 2 8 -1 -1
-1 9 5 -1 6 -1 8 3 -1
-1 9 5 -1 8 3 6 -1 -1
-1 9 5 -1 8 -1 6 2 -1
-1 9 5 -1 -1 6 3 -1 8
-1 9 5 -1 -1 8 2 -1 6
-1 9 6 2 -1 5 -1 -1 8
-1 9 6 2 -1 6 -1 -1 8
-1 9 6 3 -1 7 -1 -1 6
-1 9 6 3 -1 8 -1 -1 6
-1 9 6 5 2 -1 -1 8 -1
-1 9 6 6 2 -1 -1 8 -1
-1 9 6 6 -1 -1 -1 7 3
-1 9 6 6 -1 -1 -1 8 3
-1 9 6 7 3 -1 -1 6 -1
-1 9 6 8 3 -1 -1 6 -1
-1 9 6 8 -1 -1 -1 5 2
-1 9 6 8 -1 -1 -1 6 2
-1 9 6 -1 5 2 8 -1 -1
-1 9 6 -1 6 2 8 -1 -1
-1 9 6 -1 6 -1 7 3 -1
-1 9 6 -1 6 -1 8 3 -1
-1 9 6 -1 7 3 6 -1 -1
-1 9 6 -1 8 3 6 -1 -1
-1 9 6 -1 8 -1 5 2 -1
-1 9 6 -1 8 -1 6 2 -1
-1 9 6 -1 -1 6 3 -1 7
-1 9 6 -1 -1 6 3 -1 8
-1 9 6 -1 -1 8 2 -1 5
-1 9 6 -1 -1 8 2 -1 6
-1 9 7 3 -1 6 -1 -1 6
-1 9 7 6 3 -1 -1 6 -1
-1 9 7 6 -1 -1 -1 6 3
-1 9 7 -1 6 3 6 -1 -1
-1 9 7 -1 6 -1 6 3 -1
-1 9 7 -1 -1 6 3 -1 6
-1 9 8 3 -1 5 -1 -1 6
-1 9 8 3 -1 6 -1 -1 6
-1 9 8 5 3 -1 -1 6 -1
-1 9 8 6 3 -1 -1 6 -1
-1 9 8 6 -1 -1 -1 5 3
-1 9 8 6 -1 -1 -1 6 3
-1 9 8 -1 5 3 6 -1 -1
-1 9 8 -1 6 3 6 -1 -1
-1 9 8 -1 6 -1 5 3 -1
-1 9 8 -1 6 -1 6 3 -1
-1 9 8 -1 -1 6 3 -1 5
-1 9 8 -1 -1 6 3 -1 6
-1 9 -1 1 1 -1 1 9 9
-1 9 -1 1 2 -1 2 8 9
-1 9 -1 1 9 9 1 1 -1
-1 9 -1 1 -1 1 9 1 9
-1 9 -1 1 -1 2 8 2 9
-1 9 -1 2 1 -1 2 9 8
-1 9 -1 2 8 9 1 2 -1
-1 9 -1 2 9 8 2 1 -1
-1 9 -1 2 -1 1 9 2 8
-1 9 -1 2 -1 -1 5 6 8
-1 9 -1 2 -1 -1 6 5 8
-1 9 -1 2 -1 -1 6 6 8
-1 9 -1 3 -1 -1 5 8 6
-1 9 -1 3 -1 -1 6 7 6
-1 9 -1 3 -1 -1 6 8 6
-1 9 -1 3 -1 -1 7 6 6
-1 9 -1 3 -1 -1 8 5 6
-1 9 -1 3 -1 -1 8 6 6
-1 9 -1 5 6 8 2 -1 -1
-1 9 -1 5 6 8 -1 3 -1
-1 9 -1 5 8 6 3 -1 -1
-1 9 -1 5 8 6 -1 2 -1
-1 9 -1 6 5 8 2 -1 -1
-1 9 -1 6 5 8 -1 -1 3
-1 9 -1 6 6 7 -1 3 -1
-1 9 -1 6 6 7 -1 -1 3
-1 9 -1 6 6 8 2 -1 -1
-1 9 -1 6 6 8 -1 3 -1
-1 9 -1 6 6 8 -1 -1 3
-1 9 -1 6 7 6 3 -1 -1
-1 9 -1 6 7 6 -1 -1 3
-1 9 -1 6 8 5 -1 2 -1
-1 9 -1 6 8 5 -1 -1 3
-1 9 -1 6 8 6 3 -1 -1
-1 9 -1 6 8 6 -1 2 -1
-1 9 -1 6 8 6 -1 -1 3
-1 9 -1 7 6 6 3 -1 -1
-1 9 -1 7 6 6 -1 3 -1
-1 9 -1 8 2 9 1 -1 2
-1 9 -1 8 5 6 3 -1 -1
-1 9 -1 8 5 6 -1 -1 2
-1 9 -1 8 6 5 -1 3 -1
-1 9 -1 8 6 5 -1 -1 2
-1 9 -1 8 6 6 3 -1 -1
-1 9 -1 8 6 6 -1 3 -1
-1 9 -1 8 6 6 -1 -1 2
-1 9 -1 8 9 2 -1 1 2
-1 9 -1 9 1 9 1 -1 1
-1 9 -1 9 2 8 2 -1 1
-1 9 -1 9 8 2 -1 2 1
-1 9 -1 9 9 1 -1 1 1
-1 9 -1 -1 1 1 9 9 1
-1 9 -1 -1 1 2 8 9 2
-1 9 -1 -1 2 1 9 8 2
-1 9 -1 -1 2 -1 5 8 6
-1 9 -1 -1 2 -1 6 8 5
-1 9 -1 -1 2 -1 6 8 6
-1 9 -1 -1 3 -1 5 6 8
-1 9 -1 -1 3 -1 6 6 7
-1 9 -1 -1 3 -1 6 6 8
-1 9 -1 -1 3 -1 7 6 6
-1 9 -1 -1 3 -1 8 6 5
-1 9 -1 -1 3 -1 8 6 6
-1 9 -1 -1 -1 2 8 5 6
-1 9 -1 -1 -1 2 8 6 5
-1 9 -1 -1 -1 2 8 6 6
-1 9 -1 -1 -1 3 6 5 8
-1 9 -1 -1 -1 3 6 6 7
-1 9 -1 -1 -1 3 6 6 8
-1 9 -1 -1 -1 3 6 7 6
-1 9 -1 -1 -1 3 6 8 5
-1 9 -1 -1 -1 3 6 8 6
-1 -1 2 5 6 8 -1 -1 9
-1 -1 2 5 8 6 9 -1 -1
-1 -1 2 6 5 8 -1 -1 9
-1 -1 2 6 6 8 -1 -1 9
-1 -1 2 6 8 5 9 -1 -1
-1 -1 2 6 8 6 9 -1 -1
-1 -1 2 8 5 6 -1 9 -1
-1 -1 2 8 6 5 -1 9 -1
-1 -1 2 8 6 6 -1 9 -1
-1 -1 2 9 -1 -1 5 8 6
-1 -1 2 9 -1 -1 6 8 5
-1 -1 2 9 -1 -1 6 8 6
-1 -1 2 -1 9 -1 8 5 6
-1 -1 2 -1 9 -1 8 6 5
-1 -1 2 -1 9 -1 8 6 6
-1 -1 2 -1 -1 9 5 6 8
-1 -1 2 -1 -1 9 6 5 8
-1 -1 2 -1 -1 9 6 6 8
-1 -1 3 5 6 8 9 -1 -1
-1 -1 3 5 8 6 -1 -1 9
-1 -1 3 6 5 8 -1 9 -1
-1 -1 3 6 6 7 9 -1 -1
-1 -1 3 6 6 7 -1 9 -1
-1 -1 3 6 6 8 9 -1 -1
-1 -1 3 6 6 8 -1 9 -1
-1 -1 3 6 7 6 -1 9 -1
-1 -1 3 6 7 6 -1 -1 9
-1 -1 3 6 8 5 -1 9 -1
-1 -1 3 6 8 6 -1 9 -1
-1 -1 3 6 8 6 -1 -1 9
-1 -1 3 7 6 6 9 -1 -1
-1 -1 3 7 6 6 -1 -1 9
-1 -1 3 8 5 6 -1 -1 9
-1 -1 3 8 6 5 9 -1 -1
-1 -1 3 8 6 6 9 -1 -1
-1 -1 3 8 6 6 -1 -1 9
-1 -1 3 9 -1 -1 5 6 8
-1 -1 3 9 -1 -1 6 6 7
-1 -1 3 9 -1 -1 6 6 8
-1 -1 3 9 -1 -1 7 6 6
-1 -1 3 9 -1 -1 8 6 5
-1 -1 3 9 -1 -1 8 6 6
-1 -1 3 -1 9 -1 6 5 8
-1 -1 3 -1 9 -1 6 6 7
-1 -1 3 -1 9 -1 6 6 8
-1 -1 3 -1 9 -1 6 7 6
-1 -1 3 -1 9 -1 6 8 5
-1 -1 3 -1 9 -1 6 8 6
-1 -1 3 -1 -1 9 5 8 6
-1 -1 3 -1 -1 9 6 7 6
-1 -1 3 -1 -1 9 6 8 6
-1 -1 3 -1 -1 9 7 6 6
-1 -1 3 -1 -1 9 8 5 6
-1 -1 3 -1 -1 9 8 6 6
-1 -1 5 1 8 8 6 -1 6
-1 -1 5 2 8 9 6 -1 -1
-1 -1 5 2 9 8 -1 -1 6
-1 -1 5 3 6 9 8 -1 -1
-1 -1 5 3 9 6 -1 -1 8
-1 -1 5 6 3 9 -1 8 -1
-1 -1 5 6 6 -1 8 8 1
-1 -1 5 6 9 3 -1 8 -1
-1 -1 5 6 -1 6 1 8 8
-1 -1 5 6 -1 -1 2 8 9
-1 -1 5 6 -1 -1 9 8 2
-1 -1 5 8 1 8 -1 6 6
-1 -1 5 8 2 9 -1 6 -1
-1 -1 5 8 8 1 6 6 -1
-1 -1 5 8 9 2 -1 6 -1
-1 -1 5 8 -1 -1 3 6 9
-1 -1 5 8 -1 -1 9 6 3
-1 -1 5 9 2 8 -1 -1 6
-1 -1 5 9 3 6 -1 -1 8
-1 -1 5 9 6 3 8 -1 -1
-1 -1 5 9 8 2 6 -1 -1
-1 -1 5 -1 6 6 8 1 8
-1 -1 5 -1 6 -1 8 2 9
-1 -1 5 -1 6 -1 8 9 2
-1 -1 5 -1 8 -1 6 3 9
-1 -1 5 -1 8 -1 6 9 3
-1 -1 5 -1 -1 6 2 9 8
-1 -1 5 -1 -1 6 9 2 8
-1 -1 5 -1 -1 8 3 9 6
-1 -1 5 -1 -1 8 9 3 6
-1 -1 6 1 8 8 5 -1 5
-1 -1 6 2 8 9 5 -1 -1
-1 -1 6 2 8 9 6 -1 -1
-1 -1 6 2 9 8 -1 -1 5
-1 -1 6 2 9 8 -1 -1 6
-1 -1 6 3 5 -1 8 9 -1
-1 -1 6 3 6 9 7 -1 -1
-1 -1 6 3 6 9 8 -1 -1
-1 -1 6 3 6 -1 7 9 -1
-1 -1 6 3 6 -1 8 9 -1
-1 -1 6 3 7 -1 6 9 -1
-1 -1 6 3 8 -1 5 9 -1
-1 -1 6 3 8 -1 6 9 -1
-1 -1 6 3 9 6 -1 -1 7
-1 -1 6 3 9 6 -1 -1 8
-1 -1 6 3 -1 5 -1 9 8
-1 -1 6 3 -1 6 -1 9 7
-1 -1 6 3 -1 6 -1 9 8
-1 -1 6 3 -1 7 -1 9 6
-1 -1 6 3 -1 8 -1 9 5
-1 -1 6 3 -1 8 -1 9 6
-1 -1 6 5 3 -1 9 8 -1
-1 -1 6 5 5 -1 8 8 1
-1 -1 6 5 9 -1 3 8 -1
-1 -1 6 5 -1 3 -1 8 9
-1 -1 6 5 -1 5 1 8 8
-1 -1 6 5 -1 9 -1 8 3
-1 -1 6 5 -1 -1 2 8 9
-1 -1 6 5 -1 -1 9 8 2
-1 -1 6 6 3 9 -1 7 -1
-1 -1 6 6 3 9 -1 8 -1
-1 -1 6 6 3 -1 9 7 -1
-1 -1 6 6 3 -1 9 8 -1
-1 -1 6 6 9 3 -1 7 -1
-1 -1 6 6 9 3 -1 8 -1
-1 -1 6 6 9 -1 3 7 -1
-1 -1 6 6 9 -1 3 8 -1
-1 -1 6 6 -1 3 -1 7 9
-1 -1 6 6 -1 3 -1 8 9
-1 -1 6 6 -1 9 -1 7 3
-1 -1 6 6 -1 9 -1 8 3
-1 -1 6 6 -1 -1 2 8 9
-1 -1 6 6 -1 -1 9 8 2
-1 -1 6 7 3 -1 9 6 -1
-1 -1 6 7 9 -1 3 6 -1
-1 -1 6 7 -1 3 -1 6 9
-1 -1 6 7 -1 9 -1 6 3
-1 -1 6 7 -1 -1 3 6 9
-1 -1 6 7 -1 -1 9 6 3
-1 -1 6 8 1 8 -1 5 5
-1 -1 6 8 2 9 -1 5 -1
-1 -1 6 8 2 9 -1 6 -1
-1 -1 6 8 3 -1 9 5 -1
-1 -1 6 8 3 -1 9 6 -1
-1 -1 6 8 8 1 5 5 -1
-1 -1 6 8 9 2 -1 5 -1
-1 -1 6 8 9 2 -1 6 -1
-1 -1 6 8 9 -1 3 5 -1
-1 -1 6 8 9 -1 3 6 -1
-1 -1 6 8 -1 3 -1 5 9
-1 -1 6 8 -1 3 -1 6 9
-1 -1 6 8 -1 9 -1 5 3
-1 -1 6 8 -1 9 -1 6 3
-1 -1 6 8 -1 -1 3 6 9
-1 -1 6 8 -1 -1 9 6 3
-1 -1 6 9 2 8 -1 -1 5
-1 -1 6 9 2 8 -1 -1 6
-1 -1 6 9 3 6 -1 -1 7
-1 -1 6 9 3 6 -1 -1 8
-1 -1 6 9 5 -1 8 3 -1
-1 -1 6 9 6 3 7 -1 -1
-1 -1 6 9 6 3 8 -1 -1
-1 -1 6 9 6 -1 7 3 -1
-1 -1 6 9 6 -1 8 3 -1
-1 -1 6 9 7 -1 6 3 -1
-1 -1 6 9 8 2 5 -1 -1
-1 -1 6 9 8 2 6 -1 -1
-1 -1 6 9 8 -1 5 3 -1
-1 -1 6 9 8 -1 6 3 -1
-1 -1 6 9 -1 5 -1 3 8
-1 -1 6 9 -1 6 -1 3 7
-1 -1 6 9 -1 6 -1 3 8
-1 -1 6 9 -1 7 -1 3 6
-1 -1 6 9 -1 8 -1 3 5
-1 -1 6 9 -1 8 -1 3 6
-1 -1 6 -1 3 5 9 -1 8
-1 -1 6 -1 3 6 9 -1 7
-1 -1 6 -1 3 6 9 -1 8
-1 -1 6 -1 3 7 9 -1 6
-1 -1 6 -1 3 8 9 -1 5
-1 -1 6 -1 3 8 9 -1 6
-1 -1 6 -1 5 3 8 -1 9
-1 -1 6 -1 5 5 8 1 8
-1 -1 6 -1 5 9 8 -1 3
-1 -1 6 -1 5 -1 8 2 9
-1 -1 6 -1 5 -1 8 9 2
-1 -1 6 -1 6 3 7 -1 9
-1 -1 6 -1 6 3 8 -1 9
-1 -1 6 -1 6 9 7 -1 3
-1 -1 6 -1 6 9 8 -1 3
-1 -1 6 -1 6 -1 8 2 9
-1 -1 6 -1 6 -1 8 9 2
-1 -1 6 -1 7 3 6 -1 9
-1 -1 6 -1 7 9 6 -1 3
-1 -1 6 -1 7 -1 6 3 9
-1 -1 6 -1 7 -1 6 9 3
-1 -1 6 -1 8 3 5 -1 9
-1 -1 6 -1 8 3 6 -1 9
-1 -1 6 -1 8 9 5 -1 3
-1 -1 6 -1 8 9 6 -1 3
-1 -1 6 -1 8 -1 6 3 9
-1 -1 6 -1 8 -1 6 9 3
-1 -1 6 -1 9 5 3 -1 8
-1 -1 6 -1 9 6 3 -1 7
-1 -1 6 -1 9 6 3 -1 8
-1 -1 6 -1 9 7 3 -1 6
-1 -1 6 -1 9 8 3 -1 5
-1 -1 6 -1 9 8 3 -1 6
-1 -1 6 -1 -1 5 2 9 8
-1 -1 6 -1 -1 5 9 2 8
-1 -1 6 -1 -1 6 2 9 8
-1 -1 6 -1 -1 6 9 2 8
-1 -1 6 -1 -1 7 3 9 6
-1 -1 6 -1 -1 7 9 3 6
-1 -1 6 -1 -1 8 3 9 6
-1 -1 6 -1 -1 8 9 3 6
-1 -1 7 3 6 9 6 -1 -1
-1 -1 7 3 9 6 -1 -1 6
-1 -1 7 6 3 9 -1 6 -1
-1 -1 7 6 9 3 -1 6 -1
-1 -1 7 6 -1 -1 3 6 9
-1 -1 7 6 -1 -1 9 6 3
-1 -1 7 9 3 6 -1 -1 6
-1 -1 7 9 6 3 6 -1 -1
-1 -1 7 -1 6 -1 6 3 9
-1 -1 7 -1 6 -1 6 9 3
-1 -1 7 -1 -1 6 3 9 6
-1 -1 7 -1 -1 6 9 3 6
-1 -1 8 1 5 -1 6 8 5
-1 -1 8 1 6 -1 5 8 6
-1 -1 8 1 9 9 2 -1 2
-1 -1 8 1 -1 5 5 8 6
-1 -1 8 1 -1 6 6 8 5
-1 -1 8 2 2 -1 9 9 1
-1 -1 8 2 5 -1 6 9 -1
-1 -1 8 2 6 -1 5 9 -1
-1 -1 8 2 6 -1 6 9 -1
-1 -1 8 2 -1 2 1 9 9
-1 -1 8 2 -1 5 -1 9 6
-1 -1 8 2 -1 6 -1 9 5
-1 -1 8 2 -1 6 -1 9 6
-1 -1 8 3 6 9 5 -1 -1
-1 -1 8 3 6 9 6 -1 -1
-1 -1 8 3 9 6 -1 -1 5
-1 -1 8 3 9 6 -1 -1 6
-1 -1 8 5 1 -1 8 6 5
-1 -1 8 5 2 -1 9 6 -1
-1 -1 8 5 6 8 5 -1 1
-1 -1 8 5 6 8 -1 6 1
-1 -1 8 5 8 6 1 6 -1
-1 -1 8 5 8 6 1 -1 5
-1 -1 8 5 9 -1 2 6 -1
-1 -1 8 5 -1 1 5 6 8
-1 -1 8 5 -1 2 -1 6 9
-1 -1 8 5 -1 9 -1 6 2
-1 -1 8 5 -1 -1 3 6 9
-1 -1 8 5 -1 -1 9 6 3
-1 -1 8 6 1 -1 8 5 6
-1 -1 8 6 2 -1 9 5 -1
-1 -1 8 6 2 -1 9 6 -1
-1 -1 8 6 3 9 -1 5 -1
-1 -1 8 6 3 9 -1 6 -1
-1 -1 8 6 5 8 6 -1 1
-1 -1 8 6 5 8 -1 5 1
-1 -1 8 6 8 5 1 5 -1
-1 -1 8 6 8 5 1 -1 6
-1 -1 8 6 9 3 -1 5 -1
-1 -1 8 6 9 3 -1 6 -1
-1 -1 8 6 9 -1 2 5 -1
-1 -1 8 6 9 -1 2 6 -1
-1 -1 8 6 -1 1 6 5 8
-1 -1 8 6 -1 2 -1 5 9
-1 -1 8 6 -1 2 -1 6 9
-1 -1 8 6 -1 9 -1 5 2
-1 -1 8 6 -1 9 -1 6 2
-1 -1 8 6 -1 -1 3 6 9
-1 -1 8 6 -1 -1 9 6 3
-1 -1 8 8 5 6 6 1 -1
-1 -1 8 8 5 6 -1 1 5
-1 -1 8 8 6 5 5 1 -1
-1 -1 8 8 6 5 -1 1 6
-1 -1 8 9 1 9 -1 2 2
-1 -1 8 9 3 6 -1 -1 5
-1 -1 8 9 3 6 -1 -1 6
-1 -1 8 9 5 -1 6 2 -1
-1 -1 8 9 6 3 5 -1 -1
-1 -1 8 9 6 3 6 -1 -1
-1 -1 8 9 6 -1 5 2 -1
-1 -1 8 9 6 -1 6 2 -1
-1 -1 8 9 9 1 2 2 -1
-1 -1 8 9 -1 5 -1 2 6
-1 -1 8 9 -1 6 -1 2 5
-1 -1 8 9 -1 6 -1 2 6
-1 -1 8 -1 1 5 8 5 6
-1 -1 8 -1 1 6 8 6 5
-1 -1 8 -1 2 2 9 1 9
-1 -1 8 -1 2 5 9 -1 6
-1 -1 8 -1 2 6 9 -1 5
-1 -1 8 -1 2 6 9 -1 6
-1 -1 8 -1 5 1 6 5 8
-1 -1 8 -1 5 2 6 -1 9
-1 -1 8 -1 5 9 6 -1 2
-1 -1 8 -1 5 -1 6 3 9
-1 -1 8 -1 5 -1 6 9 3
-1 -1 8 -1 6 1 5 6 8
-1 -1 8 -1 6 2 5 -1 9
-1 -1 8 -1 6 2 6 -1 9
-1 -1 8 -1 6 9 5 -1 2
-1 -1 8 -1 6 9 6 -1 2
-1 -1 8 -1 6 -1 6 3 9
-1 -1 8 -1 6 -1 6 9 3
-1 -1 8 -1 9 5 2 -1 6
-1 -1 8 -1 9 6 2 -1 5
-1 -1 8 -1 9 6 2 -1 6
-1 -1 8 -1 -1 5 3 9 6
-1 -1 8 -1 -1 5 9 3 6
-1 -1 8 -1 -1 6 3 9 6
-1 -1 8 -1 -1 6 9 3 6
-1 -1 9 1 1 -1 9 9 1
-1 -1 9 1 2 -1 8 9 2
-1 -1 9 1 9 9 1 -1 1
-1 -1 9 1 -1 1 1 9 9
-1 -1 9 1 -1 2 2 9 8
-1 -1 9 2 1 -1 9 8 2
-1 -1 9 2 8 9 2 -1 1
-1 -1 9 2 9 8 1 -1 2
-1 -1 9 2 -1 1 2 8 9
-1 -1 9 2 -1 -1 5 8 6
-1 -1 9 2 -1 -1 6 8 5
-1 -1 9 2 -1 -1 6 8 6
-1 -1 9 3 -1 -1 5 6 8
-1 -1 9 3 -1 -1 6 6 7
-1 -1 9 3 -1 -1 6 6 8
-1 -1 9 3 -1 -1 7 6 6
-1 -1 9 3 -1 -1 8 6 5
-1 -1 9 3 -1 -1 8 6 6
-1 -1 9 5 6 8 3 -1 -1
-1 -1 9 5 6 8 -1 -1 2
-1 -1 9 5 8 6 2 -1 -1
-1 -1 9 5 8 6 -1 -1 3
-1 -1 9 6 5 8 -1 3 -1
-1 -1 9 6 5 8 -1 -1 2
-1 -1 9 6 6 7 3 -1 -1
-1 -1 9 6 6 7 -1 3 -1
-1 -1 9 6 6 8 3 -1 -1
-1 -1 9 6 6 8 -1 3 -1
-1 -1 9 6 6 8 -1 -1 2
-1 -1 9 6 7 6 -1 3 -1
-1 -1 9 6 7 6 -1 -1 3
-1 -1 9 6 8 5 2 -1 -1
-1 -1 9 6 8 5 -1 3 -1
-1 -1 9 6 8 6 2 -1 -1
-1 -1 9 6 8 6 -1 3 -1
-1 -1 9 6 8 6 -1 -1 3
-1 -1 9 7 6 6 3 -1 -1
-1 -1 9 7 6 6 -1 -1 3
-1 -1 9 8 2 9 -1 2 1
-1 -1 9 8 5 6 -1 2 -1
-1 -1 9 8 5 6 -1 -1 3
-1 -1 9 8 6 5 3 -1 -1
-1 -1 9 8 6 5 -1 2 -1
-1 -1 9 8 6 6 3 -1 -1
-1 -1 9 8 6 6 -1 2 -1
-1 -1 9 8 6 6 -1 -1 3
-1 -1 9 8 9 2 1 2 -1
-1 -1 9 9 1 9 -1 1 1
-1 -1 9 9 2 8 -1 1 2
-1 -1 9 9 8 2 2 1 -1
-1 -1 9 9 9 1 1 1 -1
-1 -1 9 -1 1 1 9 1 9
-1 -1 9 -1 1 2 9 2 8
-1 -1 9 -1 2 1 8 2 9
-1 -1 9 -1 2 -1 8 5 6
-1 -1 9 -1 2 -1 8 6 5
-1 -1 9 -1 2 -1 8 6 6
-1 -1 9 -1 3 -1 6 5 8
-1 -1 9 -1 3 -1 6 6 7
-1 -1 9 -1 3 -1 6 6 8
-1 -1 9 -1 3 -1 6 7 6
-1 -1 9 -1 3 -1 6 8 5
-1 -1 9 -1 3 -1 6 8 6
-1 -1 9 -1 -1 2 5 6 8
-1 -1 9 -1 -1 2 6 5 8
-1 -1 9 -1 -1 2 6 6 8
-1 -1 9 -1 -1 3 5 8 6
-1 -1 9 -1 -1 3 6 7 6
-1 -1 9 -1 -1 3 6 8 6
-1 -1 9 -1 -1 3 7 6 6
-1 -1 9 -1 -1 3 8 5 6
-1 -1 9 -1 -1 3 8 6 6
40 14 13 13 0 0 0 7 6649
37606 394146 -62392 -341787 28456 -341787 28456
30003917154 -1209524081422 0
40 14 14 12 0 1 0 7 6002
14 13 13
-56084 681033 -88400 681033 -88400 564787 -85441
30035348425 -1209524084768 0
40 15 13 12 0 2 0 7 5466
14 13 13
14 14 12
-51174 642679 -72517 551672 -80203 635250 -98069
30034640591 -1209524081280 0
40 15 14 11 0 3 0 7 4358
14 13 13
14 14 12
15 13 12
-55894 783859 -110934 647537 -83841 563696 -83841
30041110427 -1209524083916 0
40 15 15 10 0 4 0 7 3434
14 13 13
14 14 12
15 13 12
15 14 11
-47205 767676 -112090 846691 -122191 457505 -54592
30056481545 -1209524084348 0
40 16 12 12 0 5 0 7 3304
14 13 13
14 14 12
15 13 12
15 14 11
15 15 10
175611 -2682266 299376 -15255066 2731620 -1758796 197239
29327087577 -1209524083120 0
40 16 13 11 0 6 0 7 2777
14 13 13
14 14 12
15 13 12
15 14 11
15 15 10
16 12 12
34059946 -555555556 55500096 -600600601 84762686 -303128324 34671070
-18825528396 -1209524082068 0
40 16 14 10 0 7 0 7 2043
14 13 13
14 14 12
15 13 12
15 14 11
15 15 10
16 12 12
16 13 11
-43987 655690 -64937 512812 -56990 573607 -122644
30041981097 -1209524085007 0
40 16 15 9 0 8 0 7 1424
14 13 13
14 14 12
15 13 12
15 14 11
15 15 10
16 12 12
16 13 11
16 14 10
14483299 -555555556 42389119 43627139 -97680098 -335952145 12626448
-14336483085 -1209524084913 0
40 16 16 8 0 9 0 7 820
14 13 13
14 14 12
15 13 12
15 14 11
15 15 10
16 12 12
16 13 11
16 14 10
16 15 9
7544430 -555555556 74607551 -99258427 10725953 -40780174 1337800
-8032067938 -1209524083865 0
40 17 12 11 0 10 0 7 1106
14 13 13
14 14 12
15 13 12
15 14 11
15 15 10
16 12 12
16 13 11
16 14 10
16 15 9
16 16 8
30003000 -505050505 -58534404 -569800570 -140935741 -522875817 -242608671
-64229589284 -1209524085128 0
40 17 13 10 0 11 0 7 743
14 13 13
14 14 12
15 13 12
15 14 11
15 15 10
16 12 12
16 13 11
16 14 10
16 15 9
16 16 8
17 12 11
-31031808 -341076162 -65359477 -600600601 -155400155 -467836257 -370370370
-99443433546 -1209524084635 0
40 17 14 9 0 12 0 7 450
14 13 13
14 14 12
15 13 12
15 14 11
15 15 10
16 12 12
16 13 11
16 14 10
16 15 9
16 16 8
17 12 11
17 13 10
-45423575 -505050505 -65359477 -608828006 -122100122 -411522634 -529100529
-123147170243 -1299410706194 0
40 17 15 8 0 13 0 7 207
14 13 13
14 14 12
15 13 12
15 14 11
15 15 10
16 12 12
16 13 11
16 14 10
16 15 9
16 16 8
17 12 11
17 13 10
17 14 9
-54644809 -505050505 -65359477 -592592593 -97680098 -529100529 -793650794
-131450035872 -1335722153876 0
40 17 16 7 0 14 0 7 81
14 13 13
14 14 12
15 13 12
15 14 11
15 15 10
16 12 12
16 13 11
16 14 10
16 15 9
16 16 8
17 12 11
17 13 10
17 14 9
17 15 8
-63775510 -505050505 -65359477 -555555556 -79365079 -705467372 -1269841270
-137606474384 -1338857482036 0
40 17 17 6 0 15 0 7 51
14 13 13
14 14 12
15 13 12
15 14 11
15 15 10
16 12 12
16 13 11
16 14 10
16 15 9
16 16 8
17 12 11
17 13 10
17 14 9
17 15 8
17 16 7
-111669458 -505050505 -65359477 -505050505 -65359477 -987654321 -2222222222
-164165965078 -1269702248491 0
40 18 11 11 0 16 0 7 180
14 13 13
14 14 12
15 13 12
15 14 11
15 15 10
16 12 12
16 13 11
16 14 10
16 15 9
16 16 8
17 12 11
17 13 10
17 14 9
17 15 8
17 16 7
17 17 6
-26051843 -448933782 -54466231 -522875817 -269360269 -522875817 -269360269
-99775636034 -1364091202646 0
40 18 12 10 0 17 0 7 157
14 13 13
14 14 12
15 13 12
15 14 11
15 15 10
16 12 12
16 13 11
16 14 10
16 15 9
16 16 8
17 12 11
17 13 10
17 14 9
17 15 8
17 16 7
17 17 6
18 11 11
-27777778 -448933782 -54466231 -569800570 -202020202 -467836257 -370370370
-100844940384 -1394551103282 0
40 18 13 9 0 18 0 7 54
14 13 13
14 14 12
15 13 12
15 14 11
15 15 10
16 12 12
16 13 11
16 14 10
16 15 9
16 16 8
17 12 11
17 13 10
17 14 9
17 15 8
17 16 7
17 17 6
18 11 11
18 12 10
-33619096 -448933782 -54466231 -600600601 -155400155 -411522634 -529100529
-102479227513 -1550662627285 0
40 18 14 8 0 19 0 7 3
14 13 13
14 14 12
15 13 12
15 14 11
15 15 10
16 12 12
16 13 11
16 14 10
16 15 9
16 16 8
17 12 11
17 13 10
17 14 9
17 15 8
17 16 7
17 17 6
18 11 11
18 12 10
18 13 9
-50200803 -1208459215 -173611111 -608828006 -122100122 -529100529 -793650794
-183991450925 -2929038189337 0
40 18 15 7 1 20 0 0 0
14 13 13
14 14 12
15 13 12
15 14 11
15 15 10
16 12 12
16 13 11
16 14 10
16 15 9
16 16 8
17 12 11
17 13 10
17 14 9
17 15 8
17 16 7
17 17 6
18 11 11
18 12 10
18 13 9
18 14 8

0 0 0
40 18 16 6 0 21 0 7 1
14 13 13
14 14 12
15 13 12
15 14 11
15 15 10
16 12 12
16 13 11
16 14 10
16 15 9
16 16 8
17 12 11
17 13 10
17 14 9
17 15 8
17 16 7
17 17 6
18 11 11
18 12 10
18 13 9
18 14 8
18 15 7
694444444 -448933782 -54466231 -588235294 -79365079 5333333333 2857142857
442846447438 -4009998412926 0
40 18 17 5 0 22 0 7 8
14 13 13
14 14 12
15 13 12
15 14 11
15 15 10
16 12 12
16 13 11
16 14 10
16 15 9
16 16 8
17 12 11
17 13 10
17 14 9
17 15 8
17 16 7
17 17 6
18 11 11
18 12 10
18 13 9
18 14 8
18 15 7
18 16 6
233918129 -448933782 -54466231 -505050505 -65359477 8000000000 5714285714
158954356767 -3550343961565 0
40 18 18 4 0 23 0 7 23
14 13 13
14 14 12
15 13 12
15 14 11
15 15 10
16 12 12
16 13 11
16 14 10
16 15 9
16 16 8
17 12 11
17 13 10
17 14 9
17 15 8
17 16 7
17 17 6
18 11 11
18 12 10
18 13 9
18 14 8
18 15 7
18 16 6
18 17 5
-154320988 -448933782 -54466231 -448933782 -54466231 -8009723044 -9090909091
-188360327234 -1209524084985 0
40 19 11 10 0 24 4 11 5
14 13 13
14 14 12
15 13 12
15 14 11
15 15 10
16 12 12
16 13 11
16 14 10
16 15 9
16 16 8
17 12 11
17 13 10
17 14 9
17 15 8
17 16 7
17 17 6
18 11 11
18 12 10
18 13 9
18 14 8
18 15 7
18 16 6
18 17 5
18 18 4
0 0 9 9 1 -1 1
0 0 9 8 2 -1 9
0 0 8 6 5 -1 18
0 0 7 6 6 -1 12
-29651594 -608828006 -72979383 -522875817 -269360269 -467836257 -370370370 -10000000000 -10000000000 -10000000000 -10000000000
-86235668880 -3358510796190 0
40 19 12 9 1 25 0 0 0
14 13 13
14 14 12
15 13 12
15 14 11
15 15 10
16 12 12
16 13 11
16 14 10
16 15 9
16 16 8
17 12 11
17 13 10
17 14 9
17 15 8
17 16 7
17 17 6
18 11 11
18 12 10
18 13 9
18 14 8
18 15 7
18 16 6
18 17 5
18 18 4
19 11 10

0 0 0
40 19 13 8 1 26 0 0 0
14 13 13
14 14 12
15 13 12
15 14 11
15 15 10
16 12 12
16 13 11
16 14 10
16 15 9
16 16 8
17 12 11
17 13 10
17 14 9
17 15 8
17 16 7
17 17 6
18 11 11
18 12 10
18 13 9
18 14 8
18 15 7
18 16 6
18 17 5
18 18 4
19 11 10
19 12 9

0 0 0
40 19 14 7 1 27 0 0 0
14 13 13
14 14 12
15 13 12
15 14 11
15 15 10
16 12 12
16 13 11
16 14 10
16 15 9
16 16 8
17 12 11
17 13 10
17 14 9
17 15 8
17 16 7
17 17 6
18 11 11
18 12 10
18 13 9
18 14 8
18 15 7
18 16 6
18 17 5
18 18 4
19 11 10
19 12 9
19 13 8

0 0 0
40 19 15 6 1 28 0 0 0
14 13 13
14 14 12
15 13 12
15 14 11
15 15 10
16 12 12
16 13 11
16 14 10
16 15 9
16 16 8
17 12 11
17 13 10
17 14 9
17 15 8
17 16 7
17 17 6
18 11 11
18 12 10
18 13 9
18 14 8
18 15 7
18 16 6
18 17 5
18 18 4
19 11 10
19 12 9
19 13 8
19 14 7

0 0 0
40 19 16 5 1 29 0 0 0
14 13 13
14 14 12
15 13 12
15 14 11
15 15 10
16 12 12
16 13 11
16 14 10
16 15 9
16 16 8
17 12 11
17 13 10
17 14 9
17 15 8
17 16 7
17 17 6
18 11 11
18 12 10
18 13 9
18 14 8
18 15 7
18 16 6
18 17 5
18 18 4
19 11 10
19 12 9
19 13 8
19 14 7
19 15 6

0 0 0
40 19 17 4 1 30 0 0 0
14 13 13
14 14 12
15 13 12
15 14 11
15 15 10
16 12 12
16 13 11
16 14 10
16 15 9
16 16 8
17 12 11
17 13 10
17 14 9
17 15 8
17 16 7
17 17 6
18 11 11
18 12 10
18 13 9
18 14 8
18 15 7
18 16 6
18 17 5
18 18 4
19 11 10
19 12 9
19 13 8
19 14 7
19 15 6
19 16 5

0 0 0
40 19 18 3 0 31 4 11 2
14 13 13
14 14 12
15 13 12
15 14 11
15 15 10
16 12 12
16 13 11
16 14 10
16 15 9
16 16 8
17 12 11
17 13 10
17 14 9
17 15 8
17 16 7
17 17 6
18 11 11
18 12 10
18 13 9
18 14 8
18 15 7
18 16 6
18 17 5
18 18 4
19 11 10
19 12 9
19 13 8
19 14 7
19 15 6
19 16 5
19 17 4
0 0 9 9 1 -1 1
0 0 9 8 2 -1 9
0 0 8 6 5 -1 18
0 0 7 6 6 -1 12
124146493 -608828006 -72979383 -448933782 -54466231 -10000000000 -10000000000 10000000000 -10000000000 -10000000000 -10000000000
-31152526503 -4089990572997 0
40 19 19 2 1 32 0 0 0
14 13 13
14 14 12
15 13 12
15 14 11
15 15 10
16 12 12
16 13 11
16 14 10
16 15 9
16 16 8
17 12 11
17 13 10
17 14 9
17 15 8
17 16 7
17 17 6
18 11 11
18 12 10
18 13 9
18 14 8
18 15 7
18 16 6
18 17 5
18 18 4
19 11 10
19 12 9
19 13 8
19 14 7
19 15 6
19 16 5
19 17 4
19 18 3

0 0 0
40 20 10 10 1 33 0 0 0
14 13 13
14 14 12
15 13 12
15 14 11
15 15 10
16 12 12
16 13 11
16 14 10
16 15 9
16 16 8
17 12 11
17 13 10
17 14 9
17 15 8
17 16 7
17 17 6
18 11 11
18 12 10
18 13 9
18 14 8
18 15 7
18 16 6
18 17 5
18 18 4
19 11 10
19 12 9
19 13 8
19 14 7
19 15 6
19 16 5
19 17 4
19 18 3
19 19 2

0 0 0
40 20 11 9 1 34 0 0 0
14 13 13
14 14 12
15 13 12
15 14 11
15 15 10
16 12 12
16 13 11
16 14 10
16 15 9
16 16 8
17 12 11
17 13 10
17 14 9
17 15 8
17 16 7
17 17 6
18 11 11
18 12 10
18 13 9
18 14 8
18 15 7
18 16 6
18 17 5
18 18 4
19 11 10
19 12 9
19 13 8
19 14 7
19 15 6
19 16 5
19 17 4
19 18 3
19 19 2
20 10 10

0 0 0
40 20 12 8 1 35 0 0 0
14 13 13
14 14 12
15 13 12
15 14 11
15 15 10
16 12 12
16 13 11
16 14 10
16 15 9
16 16 8
17 12 11
17 13 10
17 14 9
17 15 8
17 16 7
17 17 6
18 11 11
18 12 10
18 13 9
18 14 8
18 15 7
18 16 6
18 17 5
18 18 4
19 11 10
19 12 9
19 13 8
19 14 7
19 15 6
19 16 5
19 17 4
19 18 3
19 19 2
20 10 10
20 11 9

0 0 0
40 20 13 7 1 36 0 0 0
14 13 13
14 14 12
15 13 12
15 14 11
15 15 10
16 12 12
16 13 11
16 14 10
16 15 9
16 16 8
17 12 11
17 13 10
17 14 9
17 15 8
17 16 7
17 17 6
18 11 11
18 12 10
18 13 9
18 14 8
18 15 7
18 16 6
18 17 5
18 18 4
19 11 10
19 12 9
19 13 8
19 14 7
19 15 6
19 16 5
19 17 4
19 18 3
19 19 2
20 10 10
20 11 9
20 12 8

0 0 0
40 20 14 6 1 37 0 0 0
14 13 13
14 14 12
15 13 12
15 14 11
15 15 10
16 12 12
16 13 11
16 14 10
16 15 9
16 16 8
17 12 11
17 13 10
17 14 9
17 15 8
17 16 7
17 17 6
18 11 11
18 12 10
18 13 9
18 14 8
18 15 7
18 16 6
18 17 5
18 18 4
19 11 10
19 12 9
19 13 8
19 14 7
19 15 6
19 16 5
19 17 4
19 18 3
19 19 2
20 10 10
20 11 9
20 12 8
20 13 7

0 0 0
40 20 15 5 1 38 0 0 0
14 13 13
14 14 12
15 13 12
15 14 11
15 15 10
16 12 12
16 13 11
16 14 10
16 15 9
16 16 8
17 12 11
17 13 10
17 14 9
17 15 8
17 16 7
17 17 6
18 11 11
18 12 10
18 13 9
18 14 8
18 15 7
18 16 6
18 17 5
18 18 4
19 11 10
19 12 9
19 13 8
19 14 7
19 15 6
19 16 5
19 17 4
19 18 3
19 19 2
20 10 10
20 11 9
20 12 8
20 13 7
20 14 6

0 0 0
40 20 16 4 1 39 0 0 0
14 13 13
14 14 12
15 13 12
15 14 11
15 15 10
16 12 12
16 13 11
16 14 10
16 15 9
16 16 8
17 12 11
17 13 10
17 14 9
17 15 8
17 16 7
17 17 6
18 11 11
18 12 10
18 13 9
18 14 8
18 15 7
18 16 6
18 17 5
18 18 4
19 11 10
19 12 9
19 13 8
19 14 7
19 15 6
19 16 5
19 17 4
19 18 3
19 19 2
20 10 10
20 11 9
20 12 8
20 13 7
20 14 6
20 15 5

0 0 0
40 20 17 3 1 40 0 0 0
14 13 13
14 14 12
15 13 12
15 14 11
15 15 10
16 12 12
16 13 11
16 14 10
16 15 9
16 16 8
17 12 11
17 13 10
17 14 9
17 15 8
17 16 7
17 17 6
18 11 11
18 12 10
18 13 9
18 14 8
18 15 7
18 16 6
18 17 5
18 18 4
19 11 10
19 12 9
19 13 8
19 14 7
19 15 6
19 16 5
19 17 4
19 18 3
19 19 2
20 10 10
20 11 9
20 12 8
20 13 7
20 14 6
20 15 5
20 16 4

0 0 0
40 20 18 2 1 41 0 0 0
14 13 13
14 14 12
15 13 12
15 14 11
15 15 10
16 12 12
16 13 11
16 14 10
16 15 9
16 16 8
17 12 11
17 13 10
17 14 9
17 15 8
17 16 7
17 17 6
18 11 11
18 12 10
18 13 9
18 14 8
18 15 7
18 16 6
18 17 5
18 18 4
19 11 10
19 12 9
19 13 8
19 14 7
19 15 6
19 16 5
19 17 4
19 18 3
19 19 2
20 10 10
20 11 9
20 12 8
20 13 7
20 14 6
20 15 5
20 16 4
20 17 3

0 0 0
40 20 19 1 1 42 0 0 0
14 13 13
14 14 12
15 13 12
15 14 11
15 15 10
16 12 12
16 13 11
16 14 10
16 15 9
16 16 8
17 12 11
17 13 10
17 14 9
17 15 8
17 16 7
17 17 6
18 11 11
18 12 10
18 13 9
18 14 8
18 15 7
18 16 6
18 17 5
18 18 4
19 11 10
19 12 9
19 13 8
19 14 7
19 15 6
19 16 5
19 17 4
19 18 3
19 19 2
20 10 10
20 11 9
20 12 8
20 13 7
20 14 6
20 15 5
20 16 4
20 17 3
20 18 2

0 0 0
40 20 20 0 1 43 0 0 0
14 13 13
14 14 12
15 13 12
15 14 11
15 15 10
16 12 12
16 13 11
16 14 10
16 15 9
16 16 8
17 12 11
17 13 10
17 14 9
17 15 8
17 16 7
17 17 6
18 11 11
18 12 10
18 13 9
18 14 8
18 15 7
18 16 6
18 17 5
18 18 4
19 11 10
19 12 9
19 13 8
19 14 7
19 15 6
19 16 5
19 17 4
19 18 3
19 19 2
20 10 10
20 11 9
20 12 8
20 13 7
20 14 6
20 15 5
20 16 4
20 17 3
20 18 2
20 19 1

0 0 0
105 41 40 24 0 123 3 10 33528
45 41 23
45 40 24
45 39 25
45 38 26
45 37 27
45 36 28
45 35 29
45 34 30
45 33 31
45 32 32
44 42 23
44 41 24
44 40 25
44 39 26
44 38 27
44 37 28
44 36 29
44 35 30
44 34 31
44 33 32
43 43 23
43 42 24
43 41 25
43 40 26
43 39 27
43 38 28
43 37 29
43 36 30
43 35 31
43 34 32
43 33 33
45 38 25
45 37 26
45 36 27
45 35 28
45 34 29
45 33 30
45 32 31
44 40 24
44 39 25
44 38 26
44 37 27
44 36 28
44 35 29
44 34 30
44 33 31
44 32 32
43 40 25
43 39 26
43 38 27
43 37 28
43 36 29
43 35 30
43 34 31
43 33 32
45 35 27
45 34 28
45 33 29
45 32 30
44 38 25
44 37 26
44 36 27
44 35 28
44 34 29
44 33 30
44 32 31
43 35 29
45 33 28
42 35 32
42 42 25
42 36 31
42 41 26
42 40 27
42 39 28
42 38 29
42 37 30
42 34 33
43 42 23
43 41 24
42 42 24
42 40 26
42 38 28
42 37 29
42 34 32
43 38 26
43 37 27
43 36 28
43 34 30
43 33 31
43 32 32
42 41 25
42 39 27
42 35 31
42 33 33
44 41 23
42 36 30
45 39 24
45 45 7
45 43 15
44 44 15
45 42 20
44 43 22
41 41 27
41 40 28
41 39 29
41 38 30
41 37 31
41 36 32
41 35 33
41 34 34
45 40 23
44 42 22
45 31 31
44 39 24
43 39 25
42 42 23
42 38 27
42 37 28
42 34 31
42 33 32
44 34 28
45 36 26
42 35 30
0 1 0 0 0 4 58774
0 1 0 0 0 18 942856
0 1 0 0 0 20 701006
743162 -17097462 882851 -15032456 780336 -14471156 1097164 0 0 0
13871832890 -3614560062586 0
105 41 41 23 0 124 6 13 30799
45 41 23
45 40 24
45 39 25
45 38 26
45 37 27
45 36 28
45 35 29
45 34 30
45 33 31
45 32 32
44 42 23
44 41 24
44 40 25
44 39 26
44 38 27
44 37 28
44 36 29
44 35 30
44 34 31
44 33 32
43 43 23
43 42 24
43 41 25
43 40 26
43 39 27
43 38 28
43 37 29
43 36 30
43 35 31
43 34 32
43 33 33
45 38 25
45 37 26
45 36 27
45 35 28
45 34 29
45 33 30
45 32 31
44 40 24
44 39 25
44 38 26
44 37 27
44 36 28
44 35 29
44 34 30
44 33 31
44 32 32
43 40 25
43 39 26
43 38 27
43 37 28
43 36 29
43 35 30
43 34 31
43 33 32
45 35 27
45 34 28
45 33 29
45 32 30
44 38 25
44 37 26
44 36 27
44 35 28
44 34 29
44 33 30
44 32 31
43 35 29
45 33 28
42 35 32
42 42 25
42 36 31
42 41 26
42 40 27
42 39 28
42 38 29
42 37 30
42 34 33
43 42 23
43 41 24
42 42 24
42 40 26
42 38 28
42 37 29
42 34 32
43 38 26
43 37 27
43 36 28
43 34 30
43 33 31
43 32 32
42 41 25
42 39 27
42 35 31
42 33 33
44 41 23
42 36 30
45 39 24
45 45 7
45 43 15
44 44 15
45 42 20
44 43 22
41 41 27
41 40 28
41 39 29
41 38 30
41 37 31
41 36 32
41 35 33
41 34 34
45 40 23
44 42 22
45 31 31
44 39 24
43 39 25
42 42 23
42 38 27
42 37 28
42 34 31
42 33 32
44 34 28
45 36 26
42 35 30
41 40 24
0 1 0 0 0 4 58774
0 1 0 0 0 18 942856
0 1 0 0 0 20 701006
1 1 0 0 0 4 58774
1 1 0 0 0 18 942856
1 1 0 0 0 20 701006
1070717 -20874347 1080581 -20874347 1080581 -20176451 1466260 0 0 0 0 0 0
22861392155 -3614560057604 0
105 42 40 23 0 125 18 25 19479
45 41 23
45 40 24
45 39 25
45 38 26
45 37 27
45 36 28
45 35 29
45 34 30
45 33 31
45 32 32
44 42 23
44 41 24
44 40 25
44 39 26
44 38 27
44 37 28
44 36 29
44 35 30
44 34 31
44 33 32
43 43 23
43 42 24
43 41 25
43 40 26
43 39 27
43 38 28
43 37 29
43 36 30
43 35 31
43 34 32
43 33 33
45 38 25
45 37 26
45 36 27
45 35 28
45 34 29
45 33 30
45 32 31
44 40 24
44 39 25
44 38 26
44 37 27
44 36 28
44 35 29
44 34 30
44 33 31
44 32 32
43 40 25
43 39 26
43 38 27
43 37 28
43 36 29
43 35 30
43 34 31
43 33 32
45 35 27
45 34 28
45 33 29
45 32 30
44 38 25
44 37 26
44 36 27
44 35 28
44 34 29
44 33 30
44 32 31
43 35 29
45 33 28
42 35 32
42 42 25
42 36 31
42 41 26
42 40 27
42 39 28
42 38 29
42 37 30
42 34 33
43 42 23
43 41 24
42 42 24
42 40 26
42 38 28
42 37 29
42 34 32
43 38 26
43 37 27
43 36 28
43 34 30
43 33 31
43 32 32
42 41 25
42 39 27
42 35 31
42 33 33
44 41 23
42 36 30
45 39 24
45 45 7
45 43 15
44 44 15
45 42 20
44 43 22
41 41 27
41 40 28
41 39 29
41 38 30
41 37 31
41 36 32
41 35 33
41 34 34
45 40 23
44 42 22
45 31 31
44 39 24
43 39 25
42 42 23
42 38 27
42 37 28
42 34 31
42 33 32
44 34 28
45 36 26
42 35 30
41 40 24
41 41 23
0 1 0 0 0 0 -1208716648
0 1 0 0 0 1 -1209715486
0 1 0 0 0 2 -1208710894
0 1 0 0 0 3 -1199228590
0 1 0 0 0 5 -1208155171
0 1 0 0 0 6 -1208473579
0 1 0 0 0 7 -120697520
0 1 0 0 0 8 -120580275
0 1 0 0 0 9 -120865961
0 1 0 0 0 10 -120559116
0 1 0 0 0 11 -12078964695
0 1 0 0 0 12 -12079033618
0 1 0 0 0 13 -12081740098
0 1 0 0 0 14 -12078893080
0 1 0 0 0 15 -12060940828
0 1 0 0 0 16 -12072262069
0 1 0 0 0 17 -11961588514
0 1 0 0 0 19 -12028264876
686309 50529566 -3313134 -11406610 580508 -15339998 1256430 0 0 542 117 0 0 0 0 0 0 71 0 0 0 0 0 0 0
28758355068 -3614535293925 0
105 42 41 22 0 126 21 28 18408
45 41 23
45 40 24
45 39 25
45 38 26
45 37 27
45 36 28
45 35 29
45 34 30
45 33 31
45 32 32
44 42 23
44 41 24
44 40 25
44 39 26
44 38 27
44 37 28
44 36 29
44 35 30
44 34 31
44 33 32
43 43 23
43 42 24
43 41 25
43 40 26
43 39 27
43 38 28
43 37 29
43 36 30
43 35 31
43 34 32
43 33 33
45 38 25
45 37 26
45 36 27
45 35 28
45 34 29
45 33 30
45 32 31
44 40 24
44 39 25
44 38 26
44 37 27
44 36 28
44 35 29
44 34 30
44 33 31
44 32 32
43 40 25
43 39 26
43 38 27
43 37 28
43 36 29
43 35 30
43 34 31
43 33 32
45 35 27
45 34 28
45 33 29
45 32 30
44 38 25
44 37 26
44 36 27
44 35 28
44 34 29
44 33 30
44 32 31
43 35 29
45 33 28
42 35 32
42 42 25
42 36 31
42 41 26
42 40 27
42 39 28
42 38 29
42 37 30
42 34 33
43 42 23
43 41 24
42 42 24
42 40 26
42 38 28
42 37 29
42 34 32
43 38 26
43 37 27
43 36 28
43 34 30
43 33 31
43 32 32
42 41 25
42 39 27
42 35 31
42 33 33
44 41 23
42 36 30
45 39 24
45 45 7
45 43 15
44 44 15
45 42 20
44 43 22
41 41 27
41 40 28
41 39 29
41 38 30
41 37 31
41 36 32
41 35 33
41 34 34
45 40 23
44 42 22
45 31 31
44 39 24
43 39 25
42 42 23
42 38 27
42 37 28
42 34 31
42 33 32
44 34 28
45 36 26
42 35 30
41 40 24
41 41 23
42 40 23
0 1 0 0 0 0 -1208716648
0 1 0 0 0 1 -1209715486
0 1 0 0 0 2 -1208710894
0 1 0 0 0 3 -1199228590
0 1 0 0 0 5 -1208155171
0 1 0 0 0 6 -1208473579
0 1 0 0 0 7 -120697520
0 1 0 0 0 8 -120580275
0 1 0 0 0 9 -120865961
0 1 0 0 0 10 -120559116
0 1 0 0 0 11 -12078964695
0 1 0 0 0 12 -12079033618
0 1 0 0 0 13 -12081740098
0 1 0 0 0 14 -12078893080
0 1 0 0 0 15 -12060940828
0 1 0 0 0 16 -12072262069
0 1 0 0 0 17 -11961588514
0 1 0 0 0 19 -12028264876
1 1 0 0 0 4 58774
1 1 0 0 0 18 942856
1 1 0 0 0 20 701006
689134 54618705 -3567353 -23748491 1299710 -10904007 750300 0 0 992 0 0 0 0 0 0 0 33 0 0 0 0 0 13 0 0 0 0
34900975856 -3614505119360 0
105 42 42 21 0 127 36 43 11182
45 41 23
45 40 24
45 39 25
45 38 26
45 37 27
45 36 28
45 35 29
45 34 30
45 33 31
45 32 32
44 42 23
44 41 24
44 40 25
44 39 26
44 38 27
44 37 28
44 36 29
44 35 30
44 34 31
44 33 32
43 43 23
43 42 24
43 41 25
43 40 26
43 39 27
43 38 28
43 37 29
43 36 30
43 35 31
43 34 32
43 33 33
45 38 25
45 37 26
45 36 27
45 35 28
45 34 29
45 33 30
45 32 31
44 40 24
44 39 25
44 38 26
44 37 27
44 36 28
44 35 29
44 34 30
44 33 31
44 32 32
43 40 25
43 39 26
43 38 27
43 37 28
43 36 29
43 35 30
43 34 31
43 33 32
45 35 27
45 34 28
45 33 29
45 32 30
44 38 25
44 37 26
44 36 27
44 35 28
44 34 29
44 33 30
44 32 31
43 35 29
45 33 28
42 35 32
42 42 25
42 36 31
42 41 26
42 40 27
42 39 28
42 38 29
42 37 30
42 34 33
43 42 23
43 41 24
42 42 24
42 40 26
42 38 28
42 37 29
42 34 32
43 38 26
43 37 27
43 36 28
43 34 30
43 33 31
43 32 32
42 41 25
42 39 27
42 35 31
42 33 33
44 41 23
42 36 30
45 39 24
45 45 7
45 43 15
44 44 15
45 42 20
44 43 22
41 41 27
41 40 28
41 39 29
41 38 30
41 37 31
41 36 32
41 35 33
41 34 34
45 40 23
44 42 22
45 31 31
44 39 24
43 39 25
42 42 23
42 38 27
42 37 28
42 34 31
42 33 32
44 34 28
45 36 26
42 35 30
41 40 24
41 41 23
42 40 23
42 41 22
0 1 0 0 0 0 -1208716648
0 1 0 0 0 1 -1209715486
0 1 0 0 0 2 -1208710894
0 1 0 0 0 3 -1199228590
0 1 0 0 0 5 -1208155171
0 1 0 0 0 6 -1208473579
0 1 0 0 0 7 -120697520
0 1 0 0 0 8 -120580275
0 1 0 0 0 9 -120865961
0 1 0 0 0 10 -120559116
0 1 0 0 0 11 -12078964695
0 1 0 0 0 12 -12079033618
0 1 0 0 0 13 -12081740098
0 1 0 0 0 14 -12078893080
0 1 0 0 0 15 -12060940828
0 1 0 0 0 16 -12072262069
0 1 0 0 0 17 -11961588514
0 1 0 0 0 19 -12028264876
1 1 0 0 0 0 -1208716648
1 1 0 0 0 1 -1209715486
1 1 0 0 0 2 -1208710894
1 1 0 0 0 3 -1199228590
1 1 0 0 0 5 -1208155171
1 1 0 0 0 6 -1208473579
1 1 0 0 0 7 -120697520
1 1 0 0 0 8 -120580275
1 1 0 0 0 9 -120865961
1 1 0 0 0 10 -120559116
1 1 0 0 0 11 -12078964695
1 1 0 0 0 12 -12079033618
1 1 0 0 0 13 -12081740098
1 1 0 0 0 14 -12078893080
1 1 0 0 0 15 -12060940828
1 1 0 0 0 16 -12072262069
1 1 0 0 0 17 -11961588514
1 1 0 0 0 19 -12028264876
531951 56865063 -3693732 11166859 -827386 -9981238 855720 0 0 0 113 0 0 0 0 0 0 0 0 0 0 0 0 6 0 0 0 517 0 0 0 0 0 0 0 68 0 0 0 0 0 0 1
49016876410 -3614141188092 0
105 43 40 22 0 128 6 13 9264
45 41 23
45 40 24
45 39 25
45 38 26
45 37 27
45 36 28
45 35 29
45 34 30
45 33 31
45 32 32
44 42 23
44 41 24
44 40 25
44 39 26
44 38 27
44 37 28
44 36 29
44 35 30
44 34 31
44 33 32
43 43 23
43 42 24
43 41 25
43 40 26
43 39 27
43 38 28
43 37 29
43 36 30
43 35 31
43 34 32
43 33 33
45 38 25
45 37 26
45 36 27
45 35 28
45 34 29
45 33 30
45 32 31
44 40 24
44 39 25
44 38 26
44 37 27
44 36 28
44 35 29
44 34 30
44 33 31
44 32 32
43 40 25
43 39 26
43 38 27
43 37 28
43 36 29
43 35 30
43 34 31
43 33 32
45 35 27
45 34 28
45 33 29
45 32 30
44 38 25
44 37 26
44 36 27
44 35 28
44 34 29
44 33 30
44 32 31
43 35 29
45 33 28
42 35 32
42 42 25
42 36 31
42 41 26
42 40 27
42 39 28
42 38 29
42 37 30
42 34 33
43 42 23
43 41 24
42 42 24
42 40 26
42 38 28
42 37 29
42 34 32
43 38 26
43 37 27
43 36 28
43 34 30
43 33 31
43 32 32
42 41 25
42 39 27
42 35 31
42 33 33
44 41 23
42 36 30
45 39 24
45 45 7
45 43 15
44 44 15
45 42 20
44 43 22
41 41 27
41 40 28
41 39 29
41 38 30
41 37 31
41 36 32
41 35 33
41 34 34
45 40 23
44 42 22
45 31 31
44 39 24
43 39 25
42 42 23
42 38 27
42 37 28
42 34 31
42 33 32
44 34 28
45 36 26
42 35 30
41 40 24
41 41 23
42 40 23
42 41 22
42 42 21
0 0 15 14 14 -1 45
0 0 15 15 13 -1 21
0 0 17 17 9 -1 18
0 0 18 16 9 -1 17
0 0 18 17 8 -1 18
0 0 18 18 7 -1 2
518144 334772370 -20585583 -6899320 312979 -10898483 925064 -10000000000 -9973431361 -9878566296 -9725369674 -10000000000 -10000000000
157734875374 -3614560045025 0
105 43 41 21 0 129 9 16 8897
45 41 23
45 40 24
45 39 25
45 38 26
45 37 27
45 36 28
45 35 29
45 34 30
45 33 31
45 32 32
44 42 23
44 41 24
44 40 25
44 39 26
44 38 27
44 37 28
44 36 29
44 35 30
44 34 31
44 33 32
43 43 23
43 42 24
43 41 25
43 40 26
43 39 27
43 38 28
43 37 29
43 36 30
43 35 31
43 34 32
43 33 33
45 38 25
45 37 26
45 36 27
45 35 28
45 34 29
45 33 30
45 32 31
44 40 24
44 39 25
44 38 26
44 37 27
44 36 28
44 35 29
44 34 30
44 33 31
44 32 32
43 40 25
43 39 26
43 38 27
43 37 28
43 36 29
43 35 30
43 34 31
43 33 32
45 35 27
45 34 28
45 33 29
45 32 30
44 38 25
44 37 26
44 36 27
44 35 28
44 34 29
44 33 30
44 32 31
43 35 29
45 33 28
42 35 32
42 42 25
42 36 31
42 41 26
42 40 27
42 39 28
42 38 29
42 37 30
42 34 33
43 42 23
43 41 24
42 42 24
42 40 26
42 38 28
42 37 29
42 34 32
43 38 26
43 37 27
43 36 28
43 34 30
43 33 31
43 32 32
42 41 25
42 39 27
42 35 31
42 33 33
44 41 23
42 36 30
45 39 24
45 45 7
45 43 15
44 44 15
45 42 20
44 43 22
41 41 27
41 40 28
41 39 29
41 38 30
41 37 31
41 36 32
41 35 33
41 34 34
45 40 23
44 42 22
45 31 31
44 39 24
43 39 25
42 42 23
42 38 27
42 37 28
42 34 31
42 33 32
44 34 28
45 36 26
42 35 30
41 40 24
41 41 23
42 40 23
42 41 22
42 42 21
43 40 22
0 0 15 14 14 -1 45
0 0 15 15 13 -1 21
0 0 17 17 9 -1 18
0 0 18 16 9 -1 17
0 0 18 17 8 -1 18
0 0 18 18 7 -1 2
1 1 0 0 0 4 58774
1 1 0 0 0 18 942856
1 1 0 0 0 20 701006
553361 -351029881 18986176 -13044261 656395 -9859919 840474 -8930144491 -9017989215 -9806930696 -10000000000 -10000000000 -10000000000 0 0 0
-139485237158 -3614560065353 0
105 43 42 20 0 130 24 31 5524
45 41 23
45 40 24
45 39 25
45 38 26
45 37 27
45 36 28
45 35 29
45 34 30
45 33 31
45 32 32
44 42 23
44 41 24
44 40 25
44 39 26
44 38 27
44 37 28
44 36 29
44 35 30
44 34 31
44 33 32
43 43 23
43 42 24
43 41 25
43 40 26
43 39 27
43 38 28
43 37 29
43 36 30
43 35 31
43 34 32
43 33 33
45 38 25
45 37 26
45 36 27
45 35 28
45 34 29
45 33 30
45 32 31
44 40 24
44 39 25
44 38 26
44 37 27
44 36 28
44 35 29
44 34 30
44 33 31
44 32 32
43 40 25
43 39 26
43 38 27
43 37 28
43 36 29
43 35 30
43 34 31
43 33 32
45 35 27
45 34 28
45 33 29
45 32 30
44 38 25
44 37 26
44 36 27
44 35 28
44 34 29
44 33 30
44 32 31
43 35 29
45 33 28
42 35 32
42 42 25
42 36 31
42 41 26
42 40 27
42 39 28
42 38 29
42 37 30
42 34 33
43 42 23
43 41 24
42 42 24
42 40 26
42 38 28
42 37 29
42 34 32
43 38 26
43 37 27
43 36 28
43 34 30
43 33 31
43 32 32
42 41 25
42 39 27
42 35 31
42 33 33
44 41 23
42 36 30
45 39 24
45 45 7
45 43 15
44 44 15
45 42 20
44 43 22
41 41 27
41 40 28
41 39 29
41 38 30
41 37 31
41 36 32
41 35 33
41 34 34
45 40 23
44 42 22
45 31 31
44 39 24
43 39 25
42 42 23
42 38 27
42 37 28
42 34 31
42 33 32
44 34 28
45 36 26
42 35 30
41 40 24
41 41 23
42 40 23
42 41 22
42 42 21
43 40 22
43 41 21
0 0 15 14 14 -1 45
0 0 15 15 13 -1 21
0 0 17 17 9 -1 18
0 0 18 16 9 -1 17
0 0 18 17 8 -1 18
0 0 18 18 7 -1 2
1 1 0 0 0 0 -1208716648
1 1 0 0 0 1 -1209715486
1 1 0 0 0 2 -1208710894
1 1 0 0 0 3 -1199228590
1 1 0 0 0 5 -1208155171
1 1 0 0 0 6 -1208473579
1 1 0 0 0 7 -120697520
1 1 0 0 0 8 -120580275
1 1 0 0 0 9 -120865961
1 1 0 0 0 10 -120559116
1 1 0 0 0 11 -12078964695
1 1 0 0 0 12 -12079033618
1 1 0 0 0 13 -12081740098
1 1 0 0 0 14 -12078893080
1 1 0 0 0 15 -12060940828
1 1 0 0 0 16 -12072262069
1 1 0 0 0 17 -11961588514
1 1 0 0 0 19 -12028264876
589379 333300933 -20585583 111400595 -7076202 -10253016 909106 -10000000000 -9957896270 -9900389249 -9765506776 -10000000000 -10000000000 0 0 0 244 0 0 0 0 0 0 0 28 0 0 0 0 1 6
210768258362 -3614259874688 0
105 43 43 19 0 131 12 19 2291
45 41 23
45 40 24
45 39 25
45 38 26
45 37 27
45 36 28
45 35 29
45 34 30
45 33 31
45 32 32
44 42 23
44 41 24
44 40 25
44 39 26
44 38 27
44 37 28
44 36 29
44 35 30
44 34 31
44 33 32
43 43 23
43 42 24
43 41 25
43 40 26
43 39 27
43 38 28
43 37 29
43 36 30
43 35 31
43 34 32
43 33 33
45 38 25
45 37 26
45 36 27
45 35 28
45 34 29
45 33 30
45 32 31
44 40 24
44 39 25
44 38 26
44 37 27
44 36 28
44 35 29
44 34 30
44 33 31
44 32 32
43 40 25
43 39 26
43 38 27
43 37 28
43 36 29
43 35 30
43 34 31
43 33 32
45 35 27
45 34 28
45 33 29
45 32 30
44 38 25
44 37 26
44 36 27
44 35 28
44 34 29
44 33 30
44 32 31
43 35 29
45 33 28
42 35 32
42 42 25
42 36 31
42 41 26
42 40 27
42 39 28
42 38 29
42 37 30
42 34 33
43 42 23
43 41 24
42 42 24
42 40 26
42 38 28
42 37 29
42 34 32
43 38 26
43 37 27
43 36 28
43 34 30
43 33 31
43 32 32
42 41 25
42 39 27
42 35 31
42 33 33
44 41 23
42 36 30
45 39 24
45 45 7
45 43 15
44 44 15
45 42 20
44 43 22
41 41 27
41 40 28
41 39 29
41 38 30
41 37 31
41 36 32
41 35 33
41 34 34
45 40 23
44 42 22
45 31 31
44 39 24
43 39 25
42 42 23
42 38 27
42 37 28
42 34 31
42 33 32
44 34 28
45 36 26
42 35 30
41 40 24
41 41 23
42 40 23
42 41 22
42 42 21
43 40 22
43 41 21
43 42 20
0 0 15 14 14 -1 45
0 0 15 15 13 -1 21
0 0 17 17 9 -1 18
0 0 18 16 9 -1 17
0 0 18 17 8 -1 18
0 0 18 18 7 -1 2
1 0 15 14 14 -1 45
1 0 15 15 13 -1 21
1 0 17 17 9 -1 18
1 0 18 16 9 -1 17
1 0 18 17 8 -1 18
1 0 18 18 7 -1 2
778772 336369373 -20585583 -335848068 20585583 -2912657 -1241731 -10000000000 -9990712200 -9921840858 -9774919918 -10000000000 -10000000000 -9971700128 -10000000000 -9992886898 -10000000000 -9830825590 -9432110310
18638800492 -3614560058398 0
105 44 40 21 0 132 3 10 4853
45 41 23
45 40 24
45 39 25
45 38 26
45 37 27
45 36 28
45 35 29
45 34 30
45 33 31
45 32 32
44 42 23
44 41 24
44 40 25
44 39 26
44 38 27
44 37 28
44 36 29
44 35 30
44 34 31
44 33 32
43 43 23
43 42 24
43 41 25
43 40 26
43 39 27
43 38 28
43 37 29
43 36 30
43 35 31
43 34 32
43 33 33
45 38 25
45 37 26
45 36 27
45 35 28
45 34 29
45 33 30
45 32 31
44 40 24
44 39 25
44 38 26
44 37 27
44 36 28
44 35 29
44 34 30
44 33 31
44 32 32
43 40 25
43 39 26
43 38 27
43 37 28
43 36 29
43 35 30
43 34 31
43 33 32
45 35 27
45 34 28
45 33 29
45 32 30
44 38 25
44 37 26
44 36 27
44 35 28
44 34 29
44 33 30
44 32 31
43 35 29
45 33 28
42 35 32
42 42 25
42 36 31
42 41 26
42 40 27
42 39 28
42 38 29
42 37 30
42 34 33
43 42 23
43 41 24
42 42 24
42 40 26
42 38 28
42 37 29
42 34 32
43 38 26
43 37 27
43 36 28
43 34 30
43 33 31
43 32 32
42 41 25
42 39 27
42 35 31
42 33 33
44 41 23
42 36 30
45 39 24
45 45 7
45 43 15
44 44 15
45 42 20
44 43 22
41 41 27
41 40 28
41 39 29
41 38 30
41 37 31
41 36 32
41 35 33
41 34 34
45 40 23
44 42 22
45 31 31
44 39 24
43 39 25
42 42 23
42 38 27
42 37 28
42 34 31
42 33 32
44 34 28
45 36 26
42 35 30
41 40 24
41 41 23
42 40 23
42 41 22
42 42 21
43 40 22
43 41 21
43 42 20
43 43 19
0 0 15 15 14 -1 66
0 0 18 17 9 -1 44
0 0 18 18 8 -1 11
665219 459138801 -27527528 -4774156 180463 -9601511 880027 -10000000000 -9771430918 -10000000000
224230448648 -3614560032858 0
105 44 41 20 0 133 6 13 4688
45 41 23
45 40 24
45 39 25
45 38 26
45 37 27
45 36 28
45 35 29
45 34 30
45 33 31
45 32 32
44 42 23
44 41 24
44 40 25
44 39 26
44 38 27
44 37 28
44 36 29
44 35 30
44 34 31
44 33 32
43 43 23
43 42 24
43 41 25
43 40 26
43 39 27
43 38 28
43 37 29
43 36 30
43 35 31
43 34 32
43 33 33
45 38 25
45 37 26
45 36 27
45 35 28
45 34 29
45 33 30
45 32 31
44 40 24
44 39 25
44 38 26
44 37 27
44 36 28
44 35 29
44 34 30
44 33 31
44 32 32
43 40 25
43 39 26
43 38 27
43 37 28
43 36 29
43 35 30
43 34 31
43 33 32
45 35 27
45 34 28
45 33 29
45 32 30
44 38 25
44 37 26
44 36 27
44 35 28
44 34 29
44 33 30
44 32 31
43 35 29
45 33 28
42 35 32
42 42 25
42 36 31
42 41 26
42 40 27
42 39 28
42 38 29
42 37 30
42 34 33
43 42 23
43 41 24
42 42 24
42 40 26
42 38 28
42 37 29
42 34 32
43 38 26
43 37 27
43 36 28
43 34 30
43 33 31
43 32 32
42 41 25
42 39 27
42 35 31
42 33 33
44 41 23
42 36 30
45 39 24
45 45 7
45 43 15
44 44 15
45 42 20
44 43 22
41 41 27
41 40 28
41 39 29
41 38 30
41 37 31
41 36 32
41 35 33
41 34 34
45 40 23
44 42 22
45 31 31
44 39 24
43 39 25
42 42 23
42 38 27
42 37 28
42 34 31
42 33 32
44 34 28
45 36 26
42 35 30
41 40 24
41 41 23
42 40 23
42 41 22
42 42 21
43 40 22
43 41 21
43 42 20
43 43 19
44 40 21
0 0 15 15 14 -1 66
0 0 18 17 9 -1 44
0 0 18 18 8 -1 11
1 1 0 0 0 4 58774
1 1 0 0 0 18 942856
1 1 0 0 0 20 701006
517828 -457571978 27527528 -2414668 27746 -8044690 432156 -10000000000 -10000000000 -9627528998 0 0 0
-184589359639 -3614560049083 0
105 44 42 19 0 134 21 28 2903
45 41 23
45 40 24
45 39 25
45 38 26
45 37 27
45 36 28
45 35 29
45 34 30
45 33 31
45 32 32
44 42 23
44 41 24
44 40 25
44 39 26
44 38 27
44 37 28
44 36 29
44 35 30
44 34 31
44 33 32
43 43 23
43 42 24
43 41 25
43 40 26
43 39 27
43 38 28
43 37 29
43 36 30
43 35 31
43 34 32
43 33 33
45 38 25
45 37 26
45 36 27
45 35 28
45 34 29
45 33 30
45 32 31
44 40 24
44 39 25
44 38 26
44 37 27
44 36 28
44 35 29
44 34 30
44 33 31
44 32 32
43 40 25
43 39 26
43 38 27
43 37 28
43 36 29
43 35 30
43 34 31
43 33 32
45 35 27
45 34 28
45 33 29
45 32 30
44 38 25
44 37 26
44 36 27
44 35 28
44 34 29
44 33 30
44 32 31
43 35 29
45 33 28
42 35 32
42 42 25
42 36 31
42 41 26
42 40 27
42 39 28
42 38 29
42 37 30
42 34 33
43 42 23
43 41 24
42 42 24
42 40 26
42 38 28
42 37 29
42 34 32
43 38 26
43 37 27
43 36 28
43 34 30
43 33 31
43 32 32
42 41 25
42 39 27
42 35 31
42 33 33
44 41 23
42 36 30
45 39 24
45 45 7
45 43 15
44 44 15
45 42 20
44 43 22
41 41 27
41 40 28
41 39 29
41 38 30
41 37 31
41 36 32
41 35 33
41 34 34
45 40 23
44 42 22
45 31 31
44 39 24
43 39 25
42 42 23
42 38 27
42 37 28
42 34 31
42 33 32
44 34 28
45 36 26
42 35 30
41 40 24
41 41 23
42 40 23
42 41 22
42 42 21
43 40 22
43 41 21
43 42 20
43 43 19
44 40 21
44 41 20
0 0 15 15 14 -1 66
0 0 18 17 9 -1 44
0 0 18 18 8 -1 11
1 1 0 0 0 0 -1208716648
1 1 0 0 0 1 -1209715486
1 1 0 0 0 2 -1208710894
1 1 0 0 0 3 -1199228590
1 1 0 0 0 5 -1208155171
1 1 0 0 0 6 -1208473579
1 1 0 0 0 7 -120697520
1 1 0 0 0 8 -120580275
1 1 0 0 0 9 -120865961
1 1 0 0 0 10 -120559116
1 1 0 0 0 11 -12078964695
1 1 0 0 0 12 -12079033618
1 1 0 0 0 13 -12081740098
1 1 0 0 0 14 -12078893080
1 1 0 0 0 15 -12060940828
1 1 0 0 0 16 -12072262069
1 1 0 0 0 17 -11961588514
1 1 0 0 0 19 -12028264876
1001829 461072534 -27527528 168500890 -10649992 -3777249 -991416 -10000000000 -9725817799 -10000000000 0 0 0 422 0 0 0 0 0 0 0 0 0 0 0 0 0 5
306662866548 -3614552533919 0
105 44 43 18 0 135 9 16 1218
45 41 23
45 40 24
45 39 25
45 38 26
45 37 27
45 36 28
45 35 29
45 34 30
45 33 31
45 32 32
44 42 23
44 41 24
44 40 25
44 39 26
44 38 27
44 37 28
44 36 29
44 35 30
44 34 31
44 33 32
43 43 23
43 42 24
43 41 25
43 40 26
43 39 27
43 38 28
43 37 29
43 36 30
43 35 31
43 34 32
43 33 33
45 38 25
45 37 26
45 36 27
45 35 28
45 34 29
45 33 30
45 32 31
44 40 24
44 39 25
44 38 26
44 37 27
44 36 28
44 35 29
44 34 30
44 33 31
44 32 32
43 40 25
43 39 26
43 38 27
43 37 28
43 36 29
43 35 30
43 34 31
43 33 32
45 35 27
45 34 28
45 33 29
45 32 30
44 38 25
44 37 26
44 36 27
44 35 28
44 34 29
44 33 30
44 32 31
43 35 29
45 33 28
42 35 32
42 42 25
42 36 31
42 41 26
42 40 27
42 39 28
42 38 29
42 37 30
42 34 33
43 42 23
43 41 24
42 42 24
42 40 26
42 38 28
42 37 29
42 34 32
43 38 26
43 37 27
43 36 28
43 34 30
43 33 31
43 32 32
42 41 25
42 39 27
42 35 31
42 33 33
44 41 23
42 36 30
45 39 24
45 45 7
45 43 15
44 44 15
45 42 20
44 43 22
41 41 27
41 40 28
41 39 29
41 38 30
41 37 31
41 36 32
41 35 33
41 34 34
45 40 23
44 42 22
45 31 31
44 39 24
43 39 25
42 42 23
42 38 27
42 37 28
42 34 31
42 33 32
44 34 28
45 36 26
42 35 30
41 40 24
41 41 23
42 40 23
42 41 22
42 42 21
43 40 22
43 41 21
43 42 20
43 43 19
44 40 21
44 41 20
44 42 19
0 0 15 15 14 -1 66
0 0 18 17 9 -1 44
0 0 18 18 8 -1 11
1 0 15 14 14 -1 45
1 0 15 15 13 -1 21
1 0 17 17 9 -1 18
1 0 18 16 9 -1 17
1 0 18 17 8 -1 18
1 0 18 18 7 -1 2
637254 464140251 -27527528 333583743 -20585583 -5959643 -299695 -10000000000 -9760265546 -10000000000 -10000000000 -9991367897 -9900857480 -9741380764 -10000000000 -10000000000
373974797908 -3614560067841 0
105 45 39 21 0 136 2 9 4433
45 41 23
45 40 24
45 39 25
45 38 26
45 37 27
45 36 28
45 35 29
45 34 30
45 33 31
45 32 32
44 42 23
44 41 24
44 40 25
44 39 26
44 38 27
44 37 28
44 36 29
44 35 30
44 34 31
44 33 32
43 43 23
43 42 24
43 41 25
43 40 26
43 39 27
43 38 28
43 37 29
43 36 30
43 35 31
43 34 32
43 33 33
45 38 25
45 37 26
45 36 27
45 35 28
45 34 29
45 33 30
45 32 31
44 40 24
44 39 25
44 38 26
44 37 27
44 36 28
44 35 29
44 34 30
44 33 31
44 32 32
43 40 25
43 39 26
43 38 27
43 37 28
43 36 29
43 35 30
43 34 31
43 33 32
45 35 27
45 34 28
45 33 29
45 32 30
44 38 25
44 37 26
44 36 27
44 35 28
44 34 29
44 33 30
44 32 31
43 35 29
45 33 28
42 35 32
42 42 25
42 36 31
42 41 26
42 40 27
42 39 28
42 38 29
42 37 30
42 34 33
43 42 23
43 41 24
42 42 24
42 40 26
42 38 28
42 37 29
42 34 32
43 38 26
43 37 27
43 36 28
43 34 30
43 33 31
43 32 32
42 41 25
42 39 27
42 35 31
42 33 33
44 41 23
42 36 30
45 39 24
45 45 7
45 43 15
44 44 15
45 42 20
44 43 22
41 41 27
41 40 28
41 39 29
41 38 30
41 37 31
41 36 32
41 35 33
41 34 34
45 40 23
44 42 22
45 31 31
44 39 24
43 39 25
42 42 23
42 38 27
42 37 28
42 34 31
42 33 32
44 34 28
45 36 26
42 35 30
41 40 24
41 41 23
42 40 23
42 41 22
42 42 21
43 40 22
43 41 21
43 42 20
43 43 19
44 40 21
44 41 20
44 42 19
44 43 18
0 0 15 15 15 -1 66
0 0 18 18 9 -1 55
676128 -679012346 -3820699 -9628646 508320 -8439097 691230 10000000000 -10000000000
-427882106941 -3614560043425 0
105 45 40 20 0 137 2 9 4052
45 41 23
45 40 24
45 39 25
45 38 26
45 37 27
45 36 28
45 35 29
45 34 30
45 33 31
45 32 32
44 42 23
44 41 24
44 40 25
44 39 26
44 38 27
44 37 28
44 36 29
44 35 30
44 34 31
44 33 32
43 43 23
43 42 24
43 41 25
43 40 26
43 39 27
43 38 28
43 37 29
43 36 30
43 35 31
43 34 32
43 33 33
45 38 25
45 37 26
45 36 27
45 35 28
45 34 29
45 33 30
45 32 31
44 40 24
44 39 25
44 38 26
44 37 27
44 36 28
44 35 29
44 34 30
44 33 31
44 32 32
43 40 25
43 39 26
43 38 27
43 37 28
43 36 29
43 35 30
43 34 31
43 33 32
45 35 27
45 34 28
45 33 29
45 32 30
44 38 25
44 37 26
44 36 27
44 35 28
44 34 29
44 33 30
44 32 31
43 35 29
45 33 28
42 35 32
42 42 25
42 36 31
42 41 26
42 40 27
42 39 28
42 38 29
42 37 30
42 34 33
43 42 23
43 41 24
42 42 24
42 40 26
42 38 28
42 37 29
42 34 32
43 38 26
43 37 27
43 36 28
43 34 30
43 33 31
43 32 32
42 41 25
42 39 27
42 35 31
42 33 33
44 41 23
42 36 30
45 39 24
45 45 7
45 43 15
44 44 15
45 42 20
44 43 22
41 41 27
41 40 28
41 39 29
41 38 30
41 37 31
41 36 32
41 35 33
41 34 34
45 40 23
44 42 22
45 31 31
44 39 24
43 39 25
42 42 23
42 38 27
42 37 28
42 34 31
42 33 32
44 34 28
45 36 26
42 35 30
41 40 24
41 41 23
42 40 23
42 41 22
42 42 21
43 40 22
43 41 21
43 42 20
43 43 19
44 40 21
44 41 20
44 42 19
44 43 18
45 39 21
0 0 15 15 15 -1 66
0 0 18 18 9 -1 55
574502 -679012346 -3881465 618248 -155510 -9563742 859857 10000000000 -10000000000
-435767484356 -3614560056189 0
105 45 41 19 0 138 5 12 3859
45 41 23
45 40 24
45 39 25
45 38 26
45 37 27
45 36 28
45 35 29
45 34 30
45 33 31
45 32 32
44 42 23
44 41 24
44 40 25
44 39 26
44 38 27
44 37 28
44 36 29
44 35 30
44 34 31
44 33 32
43 43 23
43 42 24
43 41 25
43 40 26
43 39 27
43 38 28
43 37 29
43 36 30
43 35 31
43 34 32
43 33 33
45 38 25
45 37 26
45 36 27
45 35 28
45 34 29
45 33 30
45 32 31
44 40 24
44 39 25
44 38 26
44 37 27
44 36 28
44 35 29
44 34 30
44 33 31
44 32 32
43 40 25
43 39 26
43 38 27
43 37 28
43 36 29
43 35 30
43 34 31
43 33 32
45 35 27
45 34 28
45 33 29
45 32 30
44 38 25
44 37 26
44 36 27
44 35 28
44 34 29
44 33 30
44 32 31
43 35 29
45 33 28
42 35 32
42 42 25
42 36 31
42 41 26
42 40 27
42 39 28
42 38 29
42 37 30
42 34 33
43 42 23
43 41 24
42 42 24
42 40 26
42 38 28
42 37 29
42 34 32
43 38 26
43 37 27
43 36 28
43 34 30
43 33 31
43 32 32
42 41 25
42 39 27
42 35 31
42 33 33
44 41 23
42 36 30
45 39 24
45 45 7
45 43 15
44 44 15
45 42 20
44 43 22
41 41 27
41 40 28
41 39 29
41 38 30
41 37 31
41 36 32
41 35 33
41 34 34
45 40 23
44 42 22
45 31 31
44 39 24
43 39 25
42 42 23
42 38 27
42 37 28
42 34 31
42 33 32
44 34 28
45 36 26
42 35 30
41 40 24
41 41 23
42 40 23
42 41 22
42 42 21
43 40 22
43 41 21
43 42 20
43 43 19
44 40 21
44 41 20
44 42 19
44 43 18
45 39 21
45 40 20
0 0 15 15 15 -1 66
0 0 18 18 9 -1 55
1 1 0 0 0 4 58774
1 1 0 0 0 18 942856
1 1 0 0 0 20 701006
610873 -679012346 -3753093 -40780565 2355683 -11001040 1271855 10000000000 -10000000000 0 159 0
-441870489605 -3614559942848 0
105 45 42 18 0 139 20 27 2379
45 41 23
45 40 24
45 39 25
45 38 26
45 37 27
45 36 28
45 35 29
45 34 30
45 33 31
45 32 32
44 42 23
44 41 24
44 40 25
44 39 26
44 38 27
44 37 28
44 36 29
44 35 30
44 34 31
44 33 32
43 43 23
43 42 24
43 41 25
43 40 26
43 39 27
43 38 28
43 37 29
43 36 30
43 35 31
43 34 32
43 33 33
45 38 25
45 37 26
45 36 27
45 35 28
45 34 29
45 33 30
45 32 31
44 40 24
44 39 25
44 38 26
44 37 27
44 36 28
44 35 29
44 34 30
44 33 31
44 32 32
43 40 25
43 39 26
43 38 27
43 37 28
43 36 29
43 35 30
43 34 31
43 33 32
45 35 27
45 34 28
45 33 29
45 32 30
44 38 25
44 37 26
44 36 27
44 35 28
44 34 29
44 33 30
44 32 31
43 35 29
45 33 28
42 35 32
42 42 25
42 36 31
42 41 26
42 40 27
42 39 28
42 38 29
42 37 30
42 34 33
43 42 23
43 41 24
42 42 24
42 40 26
42 38 28
42 37 29
42 34 32
43 38 26
43 37 27
43 36 28
43 34 30
43 33 31
43 32 32
42 41 25
42 39 27
42 35 31
42 33 33
44 41 23
42 36 30
45 39 24
45 45 7
45 43 15
44 44 15
45 42 20
44 43 22
41 41 27
41 40 28
41 39 29
41 38 30
41 37 31
41 36 32
41 35 33
41 34 34
45 40 23
44 42 22
45 31 31
44 39 24
43 39 25
42 42 23
42 38 27
42 37 28
42 34 31
42 33 32
44 34 28
45 36 26
42 35 30
41 40 24
41 41 23
42 40 23
42 41 22
42 42 21
43 40 22
43 41 21
43 42 20
43 43 19
44 40 21
44 41 20
44 42 19
44 43 18
45 39 21
45 40 20
45 41 19
0 0 15 15 15 -1 66
0 0 18 18 9 -1 55
1 1 0 0 0 0 -1208716648
1 1 0 0 0 1 -1209715486
1 1 0 0 0 2 -1208710894
1 1 0 0 0 3 -1199228590
1 1 0 0 0 5 -1208155171
1 1 0 0 0 6 -1208473579
1 1 0 0 0 7 -120697520
1 1 0 0 0 8 -120580275
1 1 0 0 0 9 -120865961
1 1 0 0 0 10 -120559116
1 1 0 0 0 11 -12078964695
1 1 0 0 0 12 -12079033618
1 1 0 0 0 13 -12081740098
1 1 0 0 0 14 -12078893080
1 1 0 0 0 15 -12060940828
1 1 0 0 0 16 -12072262069
1 1 0 0 0 17 -11961588514
1 1 0 0 0 19 -12028264876
573757 -679012346 -3800905 115869976 -7332416 -9260210 862061 10000000000 -10000000000 0 0 0 266 0 22 0 0 0 0 0 65 0 0 0 0 0 0
-387018338489 -3614556747632 0
275 105 105 65 0 18 0 7 2670086
112 112 29
112 111 35
112 110 45
111 111 45
112 109 51
111 110 51
111 108 56
110 109 56
109 109 57
112 105 58
111 106 58
112 104 59
111 105 59
112 103 60
111 104 60
112 102 61
111 103 61
111 102 62
573425 -52910053 1265443 -52910053 1265443 -25735294 860383
-190762786478 -69439581109599 1926831607
