a0	a1	a2	b0	b1	b2	c0	c1	c2	orbit_size	cover_multiplicity	new_retained
14	14	14	14	14	14	8	7	7	3	3	1
14	14	14	14	14	14	8	8	6	3	3	1
14	14	14	14	14	14	9	7	6	6	6	1
14	14	14	14	14	14	9	8	5	6	6	1
14	14	14	14	14	14	9	9	4	3	3	1
14	14	14	14	14	14	10	6	6	3	3	1
14	14	14	14	14	14	10	7	5	6	6	1
14	14	14	14	14	14	10	8	4	6	6	1
14	14	14	14	14	14	10	9	3	6	6	1
14	14	14	14	14	14	10	10	2	3	3	1
14	14	14	14	14	14	11	6	5	6	6	1
14	14	14	14	14	14	11	7	4	6	6	1
14	14	14	14	14	14	11	8	3	6	6	1
14	14	14	14	14	14	11	9	2	6	6	1
14	14	14	14	14	14	11	10	1	6	6	1
14	14	14	14	14	14	11	11	0	3	3	1
14	14	14	14	14	14	12	5	5	3	3	1
14	14	14	14	14	14	12	6	4	6	6	1
14	14	14	14	14	14	12	7	3	6	6	1
14	14	14	14	14	14	12	8	2	6	6	1
14	14	14	14	14	14	12	9	1	6	6	1
14	14	14	14	14	14	12	10	0	6	6	1
14	14	14	14	14	14	13	5	4	6	6	1
14	14	14	14	14	14	13	6	3	6	6	1
14	14	14	14	14	14	13	7	2	6	6	1
14	14	14	14	14	14	13	8	1	6	6	1
14	14	14	14	14	14	13	9	0	6	6	1
14	14	14	14	14	14	14	4	4	3	3	1
14	14	14	14	14	14	14	5	3	6	6	1
14	14	14	14	14	14	14	6	2	6	6	1
14	14	14	14	14	14	14	7	1	6	6	1
14	14	14	14	14	14	14	8	0	6	6	1
14	14	14	14	14	14	15	4	3	6	6	1
14	14	14	14	14	14	15	5	2	6	6	1
14	14	14	14	14	14	15	6	1	6	6	1
14	14	14	14	14	14	15	7	0	6	6	1
14	14	14	15	14	13	8	7	7	18	6	1
14	14	14	15	14	13	8	8	6	18	6	1
14	14	14	15	14	13	9	5	8	18	6	1
14	14	14	15	14	13	9	6	7	18	6	1
14	14	14	15	14	13	9	7	6	18	6	1
14	14	14	15	14	13	9	8	5	18	6	1
14	14	14	15	14	13	9	9	4	18	6	1
14	14	14	15	14	13	10	3	9	18	6	1
14	14	14	15	14	13	10	4	8	18	6	1
14	14	14	15	14	13	10	5	7	18	6	1
14	14	14	15	14	13	10	6	6	18	6	1
14	14	14	15	14	13	10	7	5	18	6	1
14	14	14	15	14	13	10	8	4	18	6	1
14	14	14	15	14	13	10	9	3	18	6	1
14	14	14	15	14	13	10	10	2	18	6	1
14	14	14	15	14	13	11	1	10	18	6	1
14	14	14	15	14	13	11	2	9	18	6	1
14	14	14	15	14	13	11	3	8	18	6	1
14	14	14	15	14	13	11	4	7	18	6	1
14	14	14	15	14	13	11	5	6	18	6	1
14	14	14	15	14	13	11	6	5	18	6	1
14	14	14	15	14	13	11	7	4	18	6	1
14	14	14	15	14	13	11	8	3	18	6	1
14	14	14	15	14	13	11	9	2	18	6	1
14	14	14	15	14	13	11	10	1	18	6	1
14	14	14	15	14	13	11	11	0	18	6	1
14	14	14	15	14	13	12	0	10	18	6	1
14	14	14	15	14	13	12	1	9	18	6	1
14	14	14	15	14	13	12	2	8	18	6	1
14	14	14	15	14	13	12	3	7	18	6	1
14	14	14	15	14	13	12	4	6	18	6	1
14	14	14	15	14	13	12	5	5	18	6	1
14	14	14	15	14	13	12	6	4	18	6	1
14	14	14	15	14	13	12	7	3	18	6	1
14	14	14	15	14	13	12	8	2	18	6	1
14	14	14	15	14	13	12	9	1	18	6	1
14	14	14	15	14	13	12	10	0	18	6	1
14	14	14	15	14	13	13	0	9	18	6	1
14	14	14	15	14	13	13	1	8	18	6	1
14	14	14	15	14	13	13	2	7	18	6	1
14	14	14	15	14	13	13	3	6	18	6	1
14	14	14	15	14	13	13	4	5	18	6	1
14	14	14	15	14	13	13	5	4	18	6	1
14	14	14	15	14	13	13	6	3	18	6	1
14	14	14	15	14	13	13	7	2	18	6	1
14	14	14	15	14	13	13	8	1	18	6	1
14	14	14	15	14	13	13	9	0	18	6	1
14	14	14	15	14	13	14	0	8	18	6	1
14	14	14	15	14	13	14	1	7	18	6	1
14	14	14	15	14	13	14	2	6	18	6	1
14	14	14	15	14	13	14	3	5	18	6	1
14	14	14	15	14	13	14	4	4	18	6	1
14	14	14	15	14	13	14	5	3	18	6	1
14	14	14	15	14	13	14	6	2	18	6	1
14	14	14	15	14	13	14	7	1	18	6	1
14	14	14	15	14	13	14	8	0	18	6	1
14	14	14	15	14	13	15	1	6	18	6	1
14	14	14	15	14	13	15	2	5	18	6	1
14	14	14	15	14	13	15	3	4	18	6	1
14	14	14	15	14	13	15	4	3	18	6	1
14	14	14	15	14	13	15	5	2	18	6	1
14	14	14	15	14	13	15	7	0	18	6	1
14	14	14	15	15	12	8	7	7	9	3	1
14	14	14	15	15	12	8	8	6	9	3	1
14	14	14	15	15	12	9	7	6	18	6	1
14	14	14	15	15	12	9	8	5	18	6	1
14	14	14	15	15	12	9	9	4	9	3	1
14	14	14	15	15	12	10	6	6	9	3	1
14	14	14	15	15	12	10	7	5	18	6	1
14	14	14	15	15	12	10	8	4	18	6	1
14	14	14	15	15	12	10	9	3	18	6	1
14	14	14	15	15	12	10	10	2	9	3	1
14	14	14	15	15	12	11	6	5	18	6	1
14	14	14	15	15	12	11	7	4	18	6	1
14	14	14	15	15	12	11	8	3	18	6	1
14	14	14	15	15	12	11	9	2	18	6	1
14	14	14	15	15	12	11	10	1	18	6	1
14	14	14	15	15	12	11	11	0	9	3	1
14	14	14	15	15	12	12	5	5	9	3	1
14	14	14	15	15	12	12	6	4	18	6	1
14	14	14	15	15	12	12	7	3	18	6	1
14	14	14	15	15	12	12	8	2	18	6	1
14	14	14	15	15	12	12	9	1	18	6	1
14	14	14	15	15	12	12	10	0	18	6	1
14	14	14	15	15	12	13	5	4	18	6	1
14	14	14	15	15	12	13	6	3	18	6	1
14	14	14	15	15	12	13	7	2	18	6	1
14	14	14	15	15	12	13	8	1	18	6	1
14	14	14	15	15	12	13	9	0	18	6	1
14	14	14	15	15	12	14	4	4	9	3	1
14	14	14	15	15	12	14	5	3	18	6	1
14	14	14	15	15	12	14	6	2	18	6	1
14	14	14	15	15	12	14	7	1	18	6	1
14	14	14	15	15	12	14	8	0	18	6	1
14	14	14	15	15	12	15	4	3	18	6	1
14	14	14	15	15	12	15	6	1	18	6	1
14	14	14	15	15	12	15	7	0	18	6	1
14	14	14	16	14	12	8	7	7	18	6	1
14	14	14	16	14	12	8	8	6	18	6	1
14	14	14	16	14	12	9	5	8	18	6	1
14	14	14	16	14	12	9	6	7	18	6	1
14	14	14	16	14	12	9	7	6	18	6	1
14	14	14	16	14	12	9	8	5	18	6	1
14	14	14	16	14	12	9	9	4	18	6	1
14	14	14	16	14	12	10	3	9	18	6	1
14	14	14	16	14	12	10	4	8	18	6	1
14	14	14	16	14	12	10	5	7	18	6	1
14	14	14	16	14	12	10	6	6	18	6	1
14	14	14	16	14	12	10	7	5	18	6	1
14	14	14	16	14	12	10	8	4	18	6	1
14	14	14	16	14	12	10	9	3	18	6	1
14	14	14	16	14	12	10	10	2	18	6	1
14	14	14	16	14	12	11	1	10	18	6	1
14	14	14	16	14	12	11	2	9	18	6	1
14	14	14	16	14	12	11	3	8	18	6	1
14	14	14	16	14	12	11	4	7	18	6	1
14	14	14	16	14	12	11	5	6	18	6	1
14	14	14	16	14	12	11	6	5	18	6	1
14	14	14	16	14	12	11	7	4	18	6	1
14	14	14	16	14	12	11	8	3	18	6	1
14	14	14	16	14	12	11	9	2	18	6	1
14	14	14	16	14	12	11	10	1	18	6	1
14	14	14	16	14	12	11	11	0	18	6	1
14	14	14	16	14	12	12	0	10	18	6	1
14	14	14	16	14	12	12	1	9	18	6	1
14	14	14	16	14	12	12	2	8	18	6	1
14	14	14	16	14	12	12	3	7	18	6	1
14	14	14	16	14	12	12	4	6	18	6	1
14	14	14	16	14	12	12	5	5	18	6	1
14	14	14	16	14	12	12	6	4	18	6	1
14	14	14	16	14	12	12	7	3	18	6	1
14	14	14	16	14	12	12	8	2	18	6	1
14	14	14	16	14	12	12	9	1	18	6	1
14	14	14	16	14	12	12	10	0	18	6	1
14	14	14	16	15	11	8	7	7	18	6	1
14	14	14	16	15	11	8	8	6	18	6	1
14	14	14	16	15	11	9	5	8	18	6	1
14	14	14	16	15	11	9	6	7	18	6	1
14	14	14	16	15	11	9	7	6	18	6	1
14	14	14	16	15	11	9	8	5	18	6	1
14	14	14	16	15	11	9	9	4	18	6	1
14	14	14	16	15	11	10	3	9	18	6	1
14	14	14	16	15	11	10	4	8	18	6	1
14	14	14	16	15	11	10	5	7	18	6	1
14	14	14	16	15	11	10	6	6	18	6	1
14	14	14	16	15	11	10	7	5	18	6	1
14	14	14	16	15	11	10	8	4	18	6	1
14	14	14	16	15	11	10	9	3	18	6	1
14	14	14	16	15	11	10	10	2	18	6	1
14	14	14	16	15	11	11	1	10	18	6	1
14	14	14	16	15	11	11	2	9	18	6	1
14	14	14	16	15	11	11	3	8	18	6	1
14	14	14	16	15	11	11	4	7	18	6	1
14	14	14	16	15	11	11	5	6	18	6	1
14	14	14	16	15	11	11	6	5	18	6	1
14	14	14	16	15	11	11	7	4	18	6	1
14	14	14	16	15	11	11	8	3	18	6	1
14	14	14	16	15	11	11	9	2	18	6	1
14	14	14	16	15	11	11	10	1	18	6	1
14	14	14	16	15	11	11	11	0	18	6	1
14	14	14	16	15	11	12	0	10	18	6	1
14	14	14	16	15	11	12	1	9	18	6	1
14	14	14	16	15	11	12	2	8	18	6	1
14	14	14	16	15	11	12	3	7	18	6	1
14	14	14	16	15	11	12	4	6	18	6	1
14	14	14	16	15	11	12	5	5	18	6	1
14	14	14	16	15	11	12	6	4	18	6	1
14	14	14	16	15	11	12	7	3	18	6	1
14	14	14	16	15	11	12	8	2	18	6	1
14	14	14	16	15	11	12	9	1	18	6	1
14	14	14	16	15	11	12	10	0	18	6	1
14	14	14	17	16	9	8	7	7	18	6	1
14	14	14	17	16	9	8	8	6	18	6	1
14	14	14	17	16	9	9	5	8	18	6	1
14	14	14	17	16	9	9	6	7	18	6	1
14	14	14	17	16	9	9	7	6	18	6	1
14	14	14	17	16	9	9	8	5	18	6	1
14	14	14	17	16	9	9	9	4	18	6	1
14	14	14	17	16	9	10	3	9	18	6	1
14	14	14	17	16	9	10	4	8	18	6	1
14	14	14	17	16	9	10	5	7	18	6	1
14	14	14	17	16	9	10	6	6	18	6	1
14	14	14	17	16	9	10	7	5	18	6	1
14	14	14	17	16	9	10	8	4	18	6	1
14	14	14	17	16	9	10	9	3	18	6	1
14	14	14	17	16	9	10	10	2	18	6	1
14	14	14	17	17	8	8	7	7	9	3	1
14	14	14	17	17	8	8	8	6	9	3	1
14	14	14	17	17	8	9	7	6	18	6	1
14	14	14	17	17	8	9	8	5	18	6	1
14	14	14	17	17	8	9	9	4	9	3	1
14	14	14	17	17	8	10	6	6	9	3	1
14	14	14	17	17	8	10	7	5	18	6	1
14	14	14	17	17	8	10	8	4	18	6	1
14	14	14	17	17	8	10	9	3	18	6	1
14	14	14	18	12	12	8	7	7	9	3	1
14	14	14	18	12	12	8	8	6	9	3	1
14	14	14	18	12	12	9	7	6	18	6	1
14	14	14	18	12	12	9	8	5	18	6	1
14	14	14	18	12	12	9	9	4	9	3	1
14	14	14	18	15	9	8	7	7	18	6	1
14	14	14	18	15	9	8	8	6	18	6	1
14	14	14	18	15	9	9	5	8	18	6	1
14	14	14	18	15	9	9	6	7	18	6	1
14	14	14	18	15	9	9	7	6	18	6	1
14	14	14	18	15	9	9	8	5	18	6	1
14	14	14	18	15	9	9	9	4	18	6	1
14	14	14	18	16	8	8	7	7	18	6	1
14	14	14	18	16	8	8	8	6	18	6	1
14	14	14	18	16	8	9	5	8	18	6	1
14	14	14	18	16	8	9	6	7	18	6	1
14	14	14	18	16	8	9	7	6	18	6	1
14	14	14	18	16	8	9	8	5	18	6	1
14	14	14	18	16	8	9	9	4	18	6	1
14	14	14	18	17	7	8	7	7	18	6	1
14	14	14	18	17	7	8	8	6	18	6	1
14	14	14	18	17	7	9	5	8	18	6	1
14	14	14	18	17	7	9	6	7	18	6	1
14	14	14	18	17	7	9	7	6	18	6	1
14	14	14	18	17	7	9	8	5	18	6	1
14	14	14	18	17	7	9	9	4	18	6	1
14	14	14	18	18	6	8	7	7	9	3	1
14	14	14	18	18	6	8	8	6	9	3	1
14	14	14	18	18	6	9	7	6	18	6	1
14	14	14	18	18	6	9	8	5	18	6	1
15	14	13	14	14	14	8	7	7	18	3	1
15	14	13	14	14	14	8	8	6	18	3	1
15	14	13	14	14	14	9	5	8	18	3	1
15	14	13	14	14	14	9	6	7	18	3	1
15	14	13	14	14	14	9	7	6	18	3	1
15	14	13	14	14	14	9	8	5	18	3	1
15	14	13	14	14	14	9	9	4	18	3	1
15	14	13	14	14	14	10	3	9	18	3	1
15	14	13	14	14	14	10	4	8	18	3	1
15	14	13	14	14	14	10	5	7	18	3	1
15	14	13	14	14	14	10	6	6	18	3	1
15	14	13	14	14	14	10	7	5	18	3	1
15	14	13	14	14	14	10	8	4	18	3	1
15	14	13	14	14	14	10	9	3	18	3	1
15	14	13	14	14	14	10	10	2	18	3	1
15	14	13	14	14	14	11	1	10	18	3	1
15	14	13	14	14	14	11	2	9	18	3	1
15	14	13	14	14	14	11	3	8	18	3	1
15	14	13	14	14	14	11	4	7	18	3	1
15	14	13	14	14	14	11	5	6	18	3	1
15	14	13	14	14	14	11	6	5	18	3	1
15	14	13	14	14	14	11	7	4	18	3	1
15	14	13	14	14	14	11	8	3	18	3	1
15	14	13	14	14	14	11	9	2	18	3	1
15	14	13	14	14	14	11	10	1	18	3	1
15	14	13	14	14	14	11	11	0	18	3	1
15	14	13	14	14	14	12	0	10	18	3	1
15	14	13	14	14	14	12	1	9	18	3	1
15	14	13	14	14	14	12	2	8	18	3	1
15	14	13	14	14	14	12	3	7	18	3	1
15	14	13	14	14	14	12	4	6	18	3	1
15	14	13	14	14	14	12	5	5	18	3	1
15	14	13	14	14	14	12	6	4	18	3	1
15	14	13	14	14	14	12	7	3	18	3	1
15	14	13	14	14	14	12	8	2	18	3	1
15	14	13	14	14	14	12	9	1	18	3	1
15	14	13	14	14	14	12	10	0	18	3	1
15	14	13	14	14	14	13	0	9	18	3	1
15	14	13	14	14	14	13	1	8	18	3	1
15	14	13	14	14	14	13	2	7	18	3	1
15	14	13	14	14	14	13	3	6	18	3	1
15	14	13	14	14	14	13	4	5	18	3	1
15	14	13	14	14	14	13	5	4	18	3	1
15	14	13	14	14	14	13	6	3	18	3	1
15	14	13	14	14	14	13	7	2	18	3	1
15	14	13	14	14	14	13	8	1	18	3	1
15	14	13	14	14	14	13	9	0	18	3	1
15	14	13	14	14	14	14	0	8	18	3	1
15	14	13	14	14	14	14	1	7	18	3	1
15	14	13	14	14	14	14	2	6	18	3	1
15	14	13	14	14	14	14	3	5	18	3	1
15	14	13	14	14	14	14	4	4	18	3	1
15	14	13	14	14	14	14	5	3	18	3	1
15	14	13	14	14	14	14	6	2	18	3	1
15	14	13	14	14	14	14	7	1	18	3	1
15	14	13	14	14	14	14	8	0	18	3	1
15	14	13	14	14	14	15	1	6	18	3	1
15	14	13	14	14	14	15	2	5	18	3	1
15	14	13	14	14	14	15	3	4	18	3	1
15	14	13	14	14	14	15	4	3	18	3	1
15	14	13	14	14	14	15	5	2	18	3	1
15	14	13	14	14	14	15	7	0	18	3	1
15	14	13	15	13	14	0	7	15	18	1	1
15	14	13	15	13	14	0	8	14	18	1	1
15	14	13	15	13	14	0	9	13	18	1	1
15	14	13	15	13	14	0	10	12	18	1	1
15	14	13	15	13	14	0	11	11	18	1	1
15	14	13	15	13	14	0	12	10	18	1	1
15	14	13	15	13	14	0	13	9	18	1	1
15	14	13	15	13	14	0	14	8	18	1	1
15	14	13	15	13	14	0	15	7	18	1	1
15	14	13	15	13	14	1	6	15	18	1	1
15	14	13	15	13	14	1	7	14	18	1	1
15	14	13	15	13	14	1	8	13	18	1	1
15	14	13	15	13	14	1	9	12	18	1	1
15	14	13	15	13	14	1	10	11	18	1	1
15	14	13	15	13	14	1	11	10	18	1	1
15	14	13	15	13	14	1	12	9	18	1	1
15	14	13	15	13	14	1	13	8	18	1	1
15	14	13	15	13	14	1	14	7	18	1	1
15	14	13	15	13	14	1	15	6	18	1	1
15	14	13	15	13	14	2	6	14	18	1	1
15	14	13	15	13	14	2	7	13	18	1	1
15	14	13	15	13	14	2	8	12	18	1	1
15	14	13	15	13	14	2	9	11	18	1	1
15	14	13	15	13	14	2	10	10	18	1	1
15	14	13	15	13	14	2	11	9	18	1	1
15	14	13	15	13	14	2	12	8	18	1	1
15	14	13	15	13	14	2	13	7	18	1	1
15	14	13	15	13	14	2	14	6	18	1	1
15	14	13	15	13	14	3	4	15	18	1	1
15	14	13	15	13	14	3	5	14	18	1	1
15	14	13	15	13	14	3	6	13	18	1	1
15	14	13	15	13	14	3	7	12	18	1	1
15	14	13	15	13	14	3	8	11	18	1	1
15	14	13	15	13	14	3	9	10	18	1	1
15	14	13	15	13	14	3	10	9	18	1	1
15	14	13	15	13	14	3	11	8	18	1	1
15	14	13	15	13	14	3	12	7	18	1	1
15	14	13	15	13	14	3	13	6	18	1	1
15	14	13	15	13	14	3	14	5	18	1	1
15	14	13	15	13	14	3	15	4	18	1	1
15	14	13	15	13	14	4	3	15	18	1	1
15	14	13	15	13	14	4	4	14	18	1	1
15	14	13	15	13	14	4	5	13	18	1	1
15	14	13	15	13	14	4	6	12	18	1	1
15	14	13	15	13	14	4	7	11	18	1	1
15	14	13	15	13	14	4	8	10	18	1	1
15	14	13	15	13	14	4	9	9	18	1	1
15	14	13	15	13	14	4	10	8	18	1	1
15	14	13	15	13	14	4	11	7	18	1	1
15	14	13	15	13	14	4	12	6	18	1	1
15	14	13	15	13	14	4	13	5	18	1	1
15	14	13	15	13	14	4	14	4	18	1	1
15	14	13	15	13	14	4	15	3	18	1	1
15	14	13	15	13	14	5	2	15	18	1	1
15	14	13	15	13	14	5	3	14	18	1	1
15	14	13	15	13	14	5	4	13	18	1	1
15	14	13	15	13	14	5	5	12	18	1	1
15	14	13	15	13	14	5	6	11	18	1	1
15	14	13	15	13	14	5	7	10	18	1	1
15	14	13	15	13	14	5	8	9	18	1	1
15	14	13	15	13	14	5	9	8	18	1	1
15	14	13	15	13	14	5	10	7	18	1	1
15	14	13	15	13	14	5	11	6	18	1	1
15	14	13	15	13	14	5	12	5	18	1	1
15	14	13	15	13	14	5	13	4	18	1	1
15	14	13	15	13	14	5	14	3	18	1	1
15	14	13	15	13	14	5	15	2	18	1	1
15	14	13	15	13	14	6	1	15	18	1	1
15	14	13	15	13	14	6	2	14	18	1	1
15	14	13	15	13	14	6	3	13	18	1	1
15	14	13	15	13	14	6	4	12	18	1	1
15	14	13	15	13	14	6	5	11	18	1	1
15	14	13	15	13	14	6	6	10	18	1	1
15	14	13	15	13	14	6	7	9	18	1	1
15	14	13	15	13	14	6	8	8	18	1	1
15	14	13	15	13	14	6	9	7	18	1	1
15	14	13	15	13	14	6	10	6	18	1	1
15	14	13	15	13	14	6	11	5	18	1	1
15	14	13	15	13	14	6	12	4	18	1	1
15	14	13	15	13	14	6	13	3	18	1	1
15	14	13	15	13	14	6	14	2	18	1	1
15	14	13	15	13	14	6	15	1	18	1	1
15	14	13	15	13	14	7	0	15	18	1	1
15	14	13	15	13	14	7	1	14	18	1	1
15	14	13	15	13	14	7	2	13	18	1	1
15	14	13	15	13	14	7	3	12	18	1	1
15	14	13	15	13	14	7	4	11	18	1	1
15	14	13	15	13	14	7	5	10	18	1	1
15	14	13	15	13	14	7	6	9	18	1	1
15	14	13	15	13	14	7	7	8	18	1	1
15	14	13	15	13	14	7	8	7	18	1	1
15	14	13	15	13	14	7	9	6	18	1	1
15	14	13	15	13	14	7	10	5	18	1	1
15	14	13	15	13	14	7	11	4	18	1	1
15	14	13	15	13	14	7	12	3	18	1	1
15	14	13	15	13	14	7	13	2	18	1	1
15	14	13	15	13	14	7	14	1	18	1	1
15	14	13	15	13	14	7	15	0	18	1	1
15	14	13	15	13	14	8	0	14	18	1	1
15	14	13	15	13	14	8	1	13	18	1	1
15	14	13	15	13	14	8	2	12	18	1	1
15	14	13	15	13	14	8	3	11	18	1	1
15	14	13	15	13	14	8	4	10	18	1	1
15	14	13	15	13	14	8	5	9	18	1	1
15	14	13	15	13	14	8	6	8	18	1	1
15	14	13	15	13	14	8	7	7	18	1	1
15	14	13	15	13	14	8	8	6	18	1	1
15	14	13	15	13	14	8	9	5	18	1	1
15	14	13	15	13	14	8	10	4	18	1	1
15	14	13	15	13	14	8	11	3	18	1	1
15	14	13	15	13	14	8	12	2	18	1	1
15	14	13	15	13	14	8	13	1	18	1	1
15	14	13	15	13	14	8	14	0	18	1	1
15	14	13	15	13	14	9	0	13	18	1	1
15	14	13	15	13	14	9	1	12	18	1	1
15	14	13	15	13	14	9	2	11	18	1	1
15	14	13	15	13	14	9	3	10	18	1	1
15	14	13	15	13	14	9	4	9	18	1	1
15	14	13	15	13	14	9	5	8	18	1	1
15	14	13	15	13	14	9	6	7	18	1	1
15	14	13	15	13	14	9	7	6	18	1	1
15	14	13	15	13	14	9	8	5	18	1	1
15	14	13	15	13	14	9	9	4	18	1	1
15	14	13	15	13	14	9	10	3	18	1	1
15	14	13	15	13	14	9	11	2	18	1	1
15	14	13	15	13	14	9	12	1	18	1	1
15	14	13	15	13	14	9	13	0	18	1	1
15	14	13	15	13	14	10	0	12	18	1	1
15	14	13	15	13	14	10	1	11	18	1	1
15	14	13	15	13	14	10	2	10	18	1	1
15	14	13	15	13	14	10	3	9	18	1	1
15	14	13	15	13	14	10	4	8	18	1	1
15	14	13	15	13	14	10	5	7	18	1	1
15	14	13	15	13	14	10	6	6	18	1	1
15	14	13	15	13	14	10	7	5	18	1	1
15	14	13	15	13	14	10	8	4	18	1	1
15	14	13	15	13	14	10	9	3	18	1	1
15	14	13	15	13	14	10	10	2	18	1	1
15	14	13	15	13	14	10	11	1	18	1	1
15	14	13	15	13	14	10	12	0	18	1	1
15	14	13	15	13	14	11	0	11	18	1	1
15	14	13	15	13	14	11	1	10	18	1	1
15	14	13	15	13	14	11	2	9	18	1	1
15	14	13	15	13	14	11	3	8	18	1	1
15	14	13	15	13	14	11	4	7	18	1	1
15	14	13	15	13	14	11	5	6	18	1	1
15	14	13	15	13	14	11	6	5	18	1	1
15	14	13	15	13	14	11	7	4	18	1	1
15	14	13	15	13	14	11	8	3	18	1	1
15	14	13	15	13	14	11	9	2	18	1	1
15	14	13	15	13	14	11	10	1	18	1	1
15	14	13	15	13	14	11	11	0	18	1	1
15	14	13	15	13	14	12	0	10	18	1	1
15	14	13	15	13	14	12	1	9	18	1	1
15	14	13	15	13	14	12	2	8	18	1	1
15	14	13	15	13	14	12	3	7	18	1	1
15	14	13	15	13	14	12	4	6	18	1	1
15	14	13	15	13	14	12	5	5	18	1	1
15	14	13	15	13	14	12	6	4	18	1	1
15	14	13	15	13	14	12	7	3	18	1	1
15	14	13	15	13	14	12	8	2	18	1	1
15	14	13	15	13	14	12	9	1	18	1	1
15	14	13	15	13	14	12	10	0	18	1	1
15	14	13	15	13	14	13	0	9	18	1	1
15	14	13	15	13	14	13	1	8	18	1	1
15	14	13	15	13	14	13	2	7	18	1	1
15	14	13	15	13	14	13	3	6	18	1	1
15	14	13	15	13	14	13	4	5	18	1	1
15	14	13	15	13	14	13	5	4	18	1	1
15	14	13	15	13	14	13	6	3	18	1	1
15	14	13	15	13	14	13	7	2	18	1	1
15	14	13	15	13	14	13	8	1	18	1	1
15	14	13	15	13	14	13	9	0	18	1	1
15	14	13	15	13	14	14	0	8	18	1	1
15	14	13	15	13	14	14	2	6	18	1	1
15	14	13	15	13	14	14	3	5	18	1	1
15	14	13	15	13	14	14	4	4	18	1	1
15	14	13	15	13	14	14	5	3	18	1	1
15	14	13	15	13	14	14	6	2	18	1	1
15	14	13	15	13	14	14	8	0	18	1	1
15	14	13	15	13	14	15	0	7	18	1	1
15	14	13	15	13	14	15	2	5	18	1	1
15	14	13	15	13	14	15	3	4	18	1	1
15	14	13	15	13	14	15	4	3	18	1	1
15	14	13	15	13	14	15	5	2	18	1	1
15	14	13	15	13	14	15	7	0	18	1	1
15	14	13	15	14	13	0	7	15	18	1	1
15	14	13	15	14	13	0	8	14	18	1	1
15	14	13	15	14	13	0	9	13	18	1	1
15	14	13	15	14	13	0	10	12	18	1	1
15	14	13	15	14	13	0	11	11	18	1	1
15	14	13	15	14	13	0	12	10	18	1	1
15	14	13	15	14	13	0	13	9	18	1	1
15	14	13	15	14	13	0	14	8	18	1	1
15	14	13	15	14	13	0	15	7	18	1	1
15	14	13	15	14	13	1	7	14	18	1	1
15	14	13	15	14	13	1	8	13	18	1	1
15	14	13	15	14	13	1	9	12	18	1	1
15	14	13	15	14	13	1	10	11	18	1	1
15	14	13	15	14	13	1	11	10	18	1	1
15	14	13	15	14	13	1	12	9	18	1	1
15	14	13	15	14	13	1	13	8	18	1	1
15	14	13	15	14	13	1	14	7	18	1	1
15	14	13	15	14	13	1	15	6	18	1	1
15	14	13	15	14	13	2	5	15	18	1	1
15	14	13	15	14	13	2	6	14	18	1	1
15	14	13	15	14	13	2	7	13	18	1	1
15	14	13	15	14	13	2	8	12	18	1	1
15	14	13	15	14	13	2	9	11	18	1	1
15	14	13	15	14	13	2	10	10	18	1	1
15	14	13	15	14	13	2	11	9	18	1	1
15	14	13	15	14	13	2	12	8	18	1	1
15	14	13	15	14	13	2	13	7	18	1	1
15	14	13	15	14	13	2	14	6	18	1	1
15	14	13	15	14	13	2	15	5	18	1	1
15	14	13	15	14	13	3	4	15	18	1	1
15	14	13	15	14	13	3	5	14	18	1	1
15	14	13	15	14	13	3	6	13	18	1	1
15	14	13	15	14	13	3	7	12	18	1	1
15	14	13	15	14	13	3	8	11	18	1	1
15	14	13	15	14	13	3	9	10	18	1	1
15	14	13	15	14	13	3	10	9	18	1	1
15	14	13	15	14	13	3	11	8	18	1	1
15	14	13	15	14	13	3	12	7	18	1	1
15	14	13	15	14	13	3	13	6	18	1	1
15	14	13	15	14	13	3	14	5	18	1	1
15	14	13	15	14	13	3	15	4	18	1	1
15	14	13	15	14	13	4	3	15	18	1	1
15	14	13	15	14	13	4	4	14	18	1	1
15	14	13	15	14	13	4	5	13	18	1	1
15	14	13	15	14	13	4	6	12	18	1	1
15	14	13	15	14	13	4	7	11	18	1	1
15	14	13	15	14	13	4	8	10	18	1	1
15	14	13	15	14	13	4	9	9	18	1	1
15	14	13	15	14	13	4	10	8	18	1	1
15	14	13	15	14	13	4	11	7	18	1	1
15	14	13	15	14	13	4	12	6	18	1	1
15	14	13	15	14	13	4	13	5	18	1	1
15	14	13	15	14	13	4	14	4	18	1	1
15	14	13	15	14	13	4	15	3	18	1	1
15	14	13	15	14	13	5	2	15	18	1	1
15	14	13	15	14	13	5	3	14	18	1	1
15	14	13	15	14	13	5	4	13	18	1	1
15	14	13	15	14	13	5	5	12	18	1	1
15	14	13	15	14	13	5	6	11	18	1	1
15	14	13	15	14	13	5	7	10	18	1	1
15	14	13	15	14	13	5	8	9	18	1	1
15	14	13	15	14	13	5	9	8	18	1	1
15	14	13	15	14	13	5	10	7	18	1	1
15	14	13	15	14	13	5	11	6	18	1	1
15	14	13	15	14	13	5	12	5	18	1	1
15	14	13	15	14	13	5	13	4	18	1	1
15	14	13	15	14	13	5	14	3	18	1	1
15	14	13	15	14	13	5	15	2	18	1	1
15	14	13	15	14	13	6	1	15	18	1	1
15	14	13	15	14	13	6	2	14	18	1	1
15	14	13	15	14	13	6	3	13	18	1	1
15	14	13	15	14	13	6	4	12	18	1	1
15	14	13	15	14	13	6	5	11	18	1	1
15	14	13	15	14	13	6	6	10	18	1	1
15	14	13	15	14	13	6	7	9	18	1	1
15	14	13	15	14	13	6	8	8	18	1	1
15	14	13	15	14	13	6	9	7	18	1	1
15	14	13	15	14	13	6	10	6	18	1	1
15	14	13	15	14	13	6	11	5	18	1	1
15	14	13	15	14	13	6	12	4	18	1	1
15	14	13	15	14	13	6	13	3	18	1	1
15	14	13	15	14	13	6	14	2	18	1	1
15	14	13	15	14	13	6	15	1	18	1	1
15	14	13	15	14	13	7	1	14	18	1	1
15	14	13	15	14	13	7	2	13	18	1	1
15	14	13	15	14	13	7	3	12	18	1	1
15	14	13	15	14	13	7	4	11	18	1	1
15	14	13	15	14	13	7	5	10	18	1	1
15	14	13	15	14	13	7	6	9	18	1	1
15	14	13	15	14	13	7	7	8	18	1	1
15	14	13	15	14	13	7	8	7	18	1	1
15	14	13	15	14	13	7	9	6	18	1	1
15	14	13	15	14	13	7	10	5	18	1	1
15	14	13	15	14	13	7	11	4	18	1	1
15	14	13	15	14	13	7	12	3	18	1	1
15	14	13	15	14	13	7	13	2	18	1	1
15	14	13	15	14	13	7	14	1	18	1	1
15	14	13	15	14	13	7	15	0	18	1	1
15	14	13	15	14	13	8	0	14	18	1	1
15	14	13	15	14	13	8	1	13	18	1	1
15	14	13	15	14	13	8	2	12	18	1	1
15	14	13	15	14	13	8	3	11	18	1	1
15	14	13	15	14	13	8	4	10	18	1	1
15	14	13	15	14	13	8	5	9	18	1	1
15	14	13	15	14	13	8	6	8	18	1	1
15	14	13	15	14	13	8	7	7	18	1	1
15	14	13	15	14	13	8	8	6	18	1	1
15	14	13	15	14	13	8	9	5	18	1	1
15	14	13	15	14	13	8	10	4	18	1	1
15	14	13	15	14	13	8	11	3	18	1	1
15	14	13	15	14	13	8	12	2	18	1	1
15	14	13	15	14	13	8	13	1	18	1	1
15	14	13	15	14	13	8	14	0	18	1	1
15	14	13	15	14	13	9	0	13	18	1	1
15	14	13	15	14	13	9	1	12	18	1	1
15	14	13	15	14	13	9	2	11	18	1	1
15	14	13	15	14	13	9	3	10	18	1	1
15	14	13	15	14	13	9	4	9	18	1	1
15	14	13	15	14	13	9	5	8	18	1	1
15	14	13	15	14	13	9	6	7	18	1	1
15	14	13	15	14	13	9	7	6	18	1	1
15	14	13	15	14	13	9	8	5	18	1	1
15	14	13	15	14	13	9	9	4	18	1	1
15	14	13	15	14	13	9	10	3	18	1	1
15	14	13	15	14	13	9	11	2	18	1	1
15	14	13	15	14	13	9	12	1	18	1	1
15	14	13	15	14	13	9	13	0	18	1	1
15	14	13	15	14	13	10	0	12	18	1	1
15	14	13	15	14	13	10	1	11	18	1	1
15	14	13	15	14	13	10	2	10	18	1	1
15	14	13	15	14	13	10	3	9	18	1	1
15	14	13	15	14	13	10	4	8	18	1	1
15	14	13	15	14	13	10	5	7	18	1	1
15	14	13	15	14	13	10	6	6	18	1	1
15	14	13	15	14	13	10	7	5	18	1	1
15	14	13	15	14	13	10	8	4	18	1	1
15	14	13	15	14	13	10	9	3	18	1	1
15	14	13	15	14	13	10	10	2	18	1	1
15	14	13	15	14	13	10	11	1	18	1	1
15	14	13	15	14	13	10	12	0	18	1	1
15	14	13	15	14	13	11	0	11	18	1	1
15	14	13	15	14	13	11	1	10	18	1	1
15	14	13	15	14	13	11	2	9	18	1	1
15	14	13	15	14	13	11	3	8	18	1	1
15	14	13	15	14	13	11	4	7	18	1	1
15	14	13	15	14	13	11	5	6	18	1	1
15	14	13	15	14	13	11	6	5	18	1	1
15	14	13	15	14	13	11	7	4	18	1	1
15	14	13	15	14	13	11	8	3	18	1	1
15	14	13	15	14	13	11	9	2	18	1	1
15	14	13	15	14	13	11	10	1	18	1	1
15	14	13	15	14	13	11	11	0	18	1	1
15	14	13	15	14	13	12	0	10	18	1	1
15	14	13	15	14	13	12	1	9	18	1	1
15	14	13	15	14	13	12	2	8	18	1	1
15	14	13	15	14	13	12	3	7	18	1	1
15	14	13	15	14	13	12	4	6	18	1	1
15	14	13	15	14	13	12	5	5	18	1	1
15	14	13	15	14	13	12	6	4	18	1	1
15	14	13	15	14	13	12	7	3	18	1	1
15	14	13	15	14	13	12	8	2	18	1	1
15	14	13	15	14	13	12	9	1	18	1	1
15	14	13	15	14	13	12	10	0	18	1	1
15	14	13	15	14	13	13	0	9	18	1	1
15	14	13	15	14	13	13	1	8	18	1	1
15	14	13	15	14	13	13	2	7	18	1	1
15	14	13	15	14	13	13	3	6	18	1	1
15	14	13	15	14	13	13	4	5	18	1	1
15	14	13	15	14	13	13	5	4	18	1	1
15	14	13	15	14	13	13	6	3	18	1	1
15	14	13	15	14	13	13	7	2	18	1	1
15	14	13	15	14	13	13	8	1	18	1	1
15	14	13	15	14	13	13	9	0	18	1	1
15	14	13	15	14	13	14	1	7	18	1	1
15	14	13	15	14	13	14	2	6	18	1	1
15	14	13	15	14	13	14	3	5	18	1	1
15	14	13	15	14	13	14	4	4	18	1	1
15	14	13	15	14	13	14	5	3	18	1	1
15	14	13	15	14	13	14	7	1	18	1	1
15	14	13	15	14	13	14	8	0	18	1	1
15	14	13	15	14	13	15	1	6	18	1	1
15	14	13	15	14	13	15	2	5	18	1	1
15	14	13	15	14	13	15	3	4	18	1	1
15	14	13	15	14	13	15	4	3	18	1	1
15	14	13	15	14	13	15	6	1	18	1	1
15	14	13	15	14	13	15	7	0	18	1	1
15	14	13	15	15	12	0	8	14	18	1	1
15	14	13	15	15	12	0	9	13	18	1	1
15	14	13	15	15	12	0	10	12	18	1	1
15	14	13	15	15	12	0	11	11	18	1	1
15	14	13	15	15	12	0	12	10	18	1	1
15	14	13	15	15	12	0	13	9	18	1	1
15	14	13	15	15	12	0	14	8	18	1	1
15	14	13	15	15	12	0	15	7	18	1	1
15	14	13	15	15	12	1	6	15	18	1	1
15	14	13	15	15	12	1	7	14	18	1	1
15	14	13	15	15	12	1	8	13	18	1	1
15	14	13	15	15	12	1	9	12	18	1	1
15	14	13	15	15	12	1	10	11	18	1	1
15	14	13	15	15	12	1	11	10	18	1	1
15	14	13	15	15	12	1	12	9	18	1	1
15	14	13	15	15	12	1	13	8	18	1	1
15	14	13	15	15	12	1	14	7	18	1	1
15	14	13	15	15	12	1	15	6	18	1	1
15	14	13	15	15	12	2	7	13	18	1	1
15	14	13	15	15	12	2	8	12	18	1	1
15	14	13	15	15	12	2	9	11	18	1	1
15	14	13	15	15	12	2	10	10	18	1	1
15	14	13	15	15	12	2	11	9	18	1	1
15	14	13	15	15	12	2	12	8	18	1	1
15	14	13	15	15	12	2	13	7	18	1	1
15	14	13	15	15	12	2	14	6	18	1	1
15	14	13	15	15	12	2	15	5	18	1	1
15	14	13	15	15	12	3	4	15	18	1	1
15	14	13	15	15	12	3	5	14	18	1	1
15	14	13	15	15	12	3	6	13	18	1	1
15	14	13	15	15	12	3	7	12	18	1	1
15	14	13	15	15	12	3	8	11	18	1	1
15	14	13	15	15	12	3	9	10	18	1	1
15	14	13	15	15	12	3	10	9	18	1	1
15	14	13	15	15	12	3	11	8	18	1	1
15	14	13	15	15	12	3	12	7	18	1	1
15	14	13	15	15	12	3	13	6	18	1	1
15	14	13	15	15	12	3	14	5	18	1	1
15	14	13	15	15	12	3	15	4	18	1	1
15	14	13	15	15	12	4	3	15	18	1	1
15	14	13	15	15	12	4	4	14	18	1	1
15	14	13	15	15	12	4	5	13	18	1	1
15	14	13	15	15	12	4	6	12	18	1	1
15	14	13	15	15	12	4	7	11	18	1	1
15	14	13	15	15	12	4	8	10	18	1	1
15	14	13	15	15	12	4	9	9	18	1	1
15	14	13	15	15	12	4	10	8	18	1	1
15	14	13	15	15	12	4	11	7	18	1	1
15	14	13	15	15	12	4	12	6	18	1	1
15	14	13	15	15	12	4	13	5	18	1	1
15	14	13	15	15	12	4	14	4	18	1	1
15	14	13	15	15	12	5	2	15	18	1	1
15	14	13	15	15	12	5	3	14	18	1	1
15	14	13	15	15	12	5	4	13	18	1	1
15	14	13	15	15	12	5	5	12	18	1	1
15	14	13	15	15	12	5	6	11	18	1	1
15	14	13	15	15	12	5	7	10	18	1	1
15	14	13	15	15	12	5	8	9	18	1	1
15	14	13	15	15	12	5	9	8	18	1	1
15	14	13	15	15	12	5	10	7	18	1	1
15	14	13	15	15	12	5	11	6	18	1	1
15	14	13	15	15	12	5	12	5	18	1	1
15	14	13	15	15	12	5	13	4	18	1	1
15	14	13	15	15	12	5	14	3	18	1	1
15	14	13	15	15	12	5	15	2	18	1	1
15	14	13	15	15	12	6	2	14	18	1	1
15	14	13	15	15	12	6	3	13	18	1	1
15	14	13	15	15	12	6	4	12	18	1	1
15	14	13	15	15	12	6	5	11	18	1	1
15	14	13	15	15	12	6	6	10	18	1	1
15	14	13	15	15	12	6	7	9	18	1	1
15	14	13	15	15	12	6	8	8	18	1	1
15	14	13	15	15	12	6	9	7	18	1	1
15	14	13	15	15	12	6	10	6	18	1	1
15	14	13	15	15	12	6	11	5	18	1	1
15	14	13	15	15	12	6	12	4	18	1	1
15	14	13	15	15	12	6	13	3	18	1	1
15	14	13	15	15	12	6	14	2	18	1	1
15	14	13	15	15	12	6	15	1	18	1	1
15	14	13	15	15	12	7	1	14	18	1	1
15	14	13	15	15	12	7	2	13	18	1	1
15	14	13	15	15	12	7	3	12	18	1	1
15	14	13	15	15	12	7	4	11	18	1	1
15	14	13	15	15	12	7	5	10	18	1	1
15	14	13	15	15	12	7	6	9	18	1	1
15	14	13	15	15	12	7	7	8	18	1	1
15	14	13	15	15	12	7	8	7	18	1	1
15	14	13	15	15	12	7	9	6	18	1	1
15	14	13	15	15	12	7	10	5	18	1	1
15	14	13	15	15	12	7	11	4	18	1	1
15	14	13	15	15	12	7	12	3	18	1	1
15	14	13	15	15	12	7	13	2	18	1	1
15	14	13	15	15	12	7	14	1	18	1	1
15	14	13	15	15	12	7	15	0	18	1	1
15	14	13	15	15	12	8	1	13	18	1	1
15	14	13	15	15	12	8	2	12	18	1	1
15	14	13	15	15	12	8	3	11	18	1	1
15	14	13	15	15	12	8	4	10	18	1	1
15	14	13	15	15	12	8	5	9	18	1	1
15	14	13	15	15	12	8	6	8	18	1	1
15	14	13	15	15	12	8	7	7	18	1	1
15	14	13	15	15	12	8	8	6	18	1	1
15	14	13	15	15	12	8	9	5	18	1	1
15	14	13	15	15	12	8	10	4	18	1	1
15	14	13	15	15	12	8	11	3	18	1	1
15	14	13	15	15	12	8	12	2	18	1	1
15	14	13	15	15	12	8	13	1	18	1	1
15	14	13	15	15	12	8	14	0	18	1	1
15	14	13	15	15	12	9	0	13	18	1	1
15	14	13	15	15	12	9	1	12	18	1	1
15	14	13	15	15	12	9	2	11	18	1	1
15	14	13	15	15	12	9	3	10	18	1	1
15	14	13	15	15	12	9	4	9	18	1	1
15	14	13	15	15	12	9	5	8	18	1	1
15	14	13	15	15	12	9	6	7	18	1	1
15	14	13	15	15	12	9	7	6	18	1	1
15	14	13	15	15	12	9	8	5	18	1	1
15	14	13	15	15	12	9	9	4	18	1	1
15	14	13	15	15	12	9	10	3	18	1	1
15	14	13	15	15	12	9	11	2	18	1	1
15	14	13	15	15	12	9	12	1	18	1	1
15	14	13	15	15	12	9	13	0	18	1	1
15	14	13	15	15	12	10	0	12	18	1	1
15	14	13	15	15	12	10	1	11	18	1	1
15	14	13	15	15	12	10	2	10	18	1	1
15	14	13	15	15	12	10	3	9	18	1	1
15	14	13	15	15	12	10	4	8	18	1	1
15	14	13	15	15	12	10	5	7	18	1	1
15	14	13	15	15	12	10	6	6	18	1	1
15	14	13	15	15	12	10	7	5	18	1	1
15	14	13	15	15	12	10	8	4	18	1	1
15	14	13	15	15	12	10	9	3	18	1	1
15	14	13	15	15	12	10	10	2	18	1	1
15	14	13	15	15	12	10	11	1	18	1	1
15	14	13	15	15	12	10	12	0	18	1	1
15	14	13	15	15	12	11	0	11	18	1	1
15	14	13	15	15	12	11	1	10	18	1	1
15	14	13	15	15	12	11	2	9	18	1	1
15	14	13	15	15	12	11	3	8	18	1	1
15	14	13	15	15	12	11	4	7	18	1	1
15	14	13	15	15	12	11	5	6	18	1	1
15	14	13	15	15	12	11	6	5	18	1	1
15	14	13	15	15	12	11	7	4	18	1	1
15	14	13	15	15	12	11	8	3	18	1	1
15	14	13	15	15	12	11	9	2	18	1	1
15	14	13	15	15	12	11	10	1	18	1	1
15	14	13	15	15	12	11	11	0	18	1	1
15	14	13	15	15	12	12	0	10	18	1	1
15	14	13	15	15	12	12	1	9	18	1	1
15	14	13	15	15	12	12	2	8	18	1	1
15	14	13	15	15	12	12	3	7	18	1	1
15	14	13	15	15	12	12	4	6	18	1	1
15	14	13	15	15	12	12	5	5	18	1	1
15	14	13	15	15	12	12	6	4	18	1	1
15	14	13	15	15	12	12	7	3	18	1	1
15	14	13	15	15	12	12	8	2	18	1	1
15	14	13	15	15	12	12	9	1	18	1	1
15	14	13	15	15	12	12	10	0	18	1	1
15	14	13	15	15	12	13	0	9	18	1	1
15	14	13	15	15	12	13	1	8	18	1	1
15	14	13	15	15	12	13	2	7	18	1	1
15	14	13	15	15	12	13	3	6	18	1	1
15	14	13	15	15	12	13	4	5	18	1	1
15	14	13	15	15	12	13	5	4	18	1	1
15	14	13	15	15	12	13	6	3	18	1	1
15	14	13	15	15	12	13	7	2	18	1	1
15	14	13	15	15	12	13	8	1	18	1	1
15	14	13	15	15	12	13	9	0	18	1	1
15	14	13	15	15	12	14	0	8	18	1	1
15	14	13	15	15	12	14	1	7	18	1	1
15	14	13	15	15	12	14	2	6	18	1	1
15	14	13	15	15	12	14	3	5	18	1	1
15	14	13	15	15	12	14	4	4	18	1	1
15	14	13	15	15	12	14	6	2	18	1	1
15	14	13	15	15	12	14	7	1	18	1	1
15	14	13	15	15	12	14	8	0	18	1	1
15	14	13	15	15	12	15	0	7	18	1	1
15	14	13	15	15	12	15	1	6	18	1	1
15	14	13	15	15	12	15	2	5	18	1	1
15	14	13	15	15	12	15	3	4	18	1	1
15	14	13	15	15	12	15	5	2	18	1	1
15	14	13	15	15	12	15	6	1	18	1	1
15	14	13	15	15	12	15	7	0	18	1	1
15	14	13	16	11	15	0	10	12	18	1	1
15	14	13	16	11	15	0	12	10	18	1	1
15	14	13	16	11	15	1	9	12	18	1	1
15	14	13	16	11	15	1	10	11	18	1	1
15	14	13	16	11	15	1	11	10	18	1	1
15	14	13	16	11	15	1	12	9	18	1	1
15	14	13	16	11	15	2	8	12	18	1	1
15	14	13	16	11	15	2	9	11	18	1	1
15	14	13	16	11	15	2	10	10	18	1	1
15	14	13	16	11	15	2	11	9	18	1	1
15	14	13	16	11	15	2	12	8	18	1	1
15	14	13	16	11	15	3	7	12	18	1	1
15	14	13	16	11	15	3	8	11	18	1	1
15	14	13	16	11	15	3	9	10	18	1	1
15	14	13	16	11	15	3	10	9	18	1	1
15	14	13	16	11	15	3	11	8	18	1	1
15	14	13	16	11	15	3	12	7	18	1	1
15	14	13	16	11	15	4	6	12	18	1	1
15	14	13	16	11	15	4	7	11	18	1	1
15	14	13	16	11	15	4	8	10	18	1	1
15	14	13	16	11	15	4	9	9	18	1	1
15	14	13	16	11	15	4	10	8	18	1	1
15	14	13	16	11	15	4	11	7	18	1	1
15	14	13	16	11	15	4	12	6	18	1	1
15	14	13	16	11	15	5	5	12	18	1	1
15	14	13	16	11	15	5	6	11	18	1	1
15	14	13	16	11	15	5	7	10	18	1	1
15	14	13	16	11	15	5	8	9	18	1	1
15	14	13	16	11	15	5	9	8	18	1	1
15	14	13	16	11	15	5	10	7	18	1	1
15	14	13	16	11	15	5	11	6	18	1	1
15	14	13	16	11	15	5	12	5	18	1	1
15	14	13	16	11	15	6	4	12	18	1	1
15	14	13	16	11	15	6	5	11	18	1	1
15	14	13	16	11	15	6	6	10	18	1	1
15	14	13	16	11	15	6	7	9	18	1	1
15	14	13	16	11	15	6	8	8	18	1	1
15	14	13	16	11	15	6	9	7	18	1	1
15	14	13	16	11	15	6	10	6	18	1	1
15	14	13	16	11	15	6	11	5	18	1	1
15	14	13	16	11	15	6	12	4	18	1	1
15	14	13	16	11	15	7	3	12	18	1	1
15	14	13	16	11	15	7	4	11	18	1	1
15	14	13	16	11	15	7	5	10	18	1	1
15	14	13	16	11	15	7	6	9	18	1	1
15	14	13	16	11	15	7	7	8	18	1	1
15	14	13	16	11	15	7	8	7	18	1	1
15	14	13	16	11	15	7	9	6	18	1	1
15	14	13	16	11	15	7	10	5	18	1	1
15	14	13	16	11	15	7	11	4	18	1	1
15	14	13	16	11	15	7	12	3	18	1	1
15	14	13	16	11	15	8	2	12	18	1	1
15	14	13	16	11	15	8	3	11	18	1	1
15	14	13	16	11	15	8	4	10	18	1	1
15	14	13	16	11	15	8	5	9	18	1	1
15	14	13	16	11	15	8	6	8	18	1	1
15	14	13	16	11	15	8	7	7	18	1	1
15	14	13	16	11	15	8	8	6	18	1	1
15	14	13	16	11	15	8	9	5	18	1	1
15	14	13	16	11	15	8	10	4	18	1	1
15	14	13	16	11	15	8	11	3	18	1	1
15	14	13	16	11	15	8	12	2	18	1	1
15	14	13	16	11	15	9	1	12	18	1	1
15	14	13	16	11	15	9	2	11	18	1	1
15	14	13	16	11	15	9	3	10	18	1	1
15	14	13	16	11	15	9	4	9	18	1	1
15	14	13	16	11	15	9	5	8	18	1	1
15	14	13	16	11	15	9	6	7	18	1	1
15	14	13	16	11	15	9	7	6	18	1	1
15	14	13	16	11	15	9	8	5	18	1	1
15	14	13	16	11	15	9	9	4	18	1	1
15	14	13	16	11	15	9	10	3	18	1	1
15	14	13	16	11	15	9	11	2	18	1	1
15	14	13	16	11	15	9	12	1	18	1	1
15	14	13	16	11	15	10	0	12	18	1	1
15	14	13	16	11	15	10	1	11	18	1	1
15	14	13	16	11	15	10	2	10	18	1	1
15	14	13	16	11	15	10	3	9	18	1	1
15	14	13	16	11	15	10	4	8	18	1	1
15	14	13	16	11	15	10	5	7	18	1	1
15	14	13	16	11	15	10	6	6	18	1	1
15	14	13	16	11	15	10	7	5	18	1	1
15	14	13	16	11	15	10	8	4	18	1	1
15	14	13	16	11	15	10	9	3	18	1	1
15	14	13	16	11	15	10	10	2	18	1	1
15	14	13	16	11	15	10	11	1	18	1	1
15	14	13	16	11	15	10	12	0	18	1	1
15	14	13	16	11	15	11	0	11	18	1	1
15	14	13	16	11	15	11	1	10	18	1	1
15	14	13	16	11	15	11	2	9	18	1	1
15	14	13	16	11	15	11	3	8	18	1	1
15	14	13	16	11	15	11	4	7	18	1	1
15	14	13	16	11	15	11	5	6	18	1	1
15	14	13	16	11	15	11	6	5	18	1	1
15	14	13	16	11	15	11	7	4	18	1	1
15	14	13	16	11	15	11	8	3	18	1	1
15	14	13	16	11	15	11	9	2	18	1	1
15	14	13	16	11	15	11	10	1	18	1	1
15	14	13	16	11	15	11	11	0	18	1	1
15	14	13	16	12	14	0	10	12	18	1	1
15	14	13	16	12	14	0	11	11	18	1	1
15	14	13	16	12	14	0	12	10	18	1	1
15	14	13	16	12	14	1	9	12	18	1	1
15	14	13	16	12	14	1	10	11	18	1	1
15	14	13	16	12	14	1	11	10	18	1	1
15	14	13	16	12	14	1	12	9	18	1	1
15	14	13	16	12	14	2	8	12	18	1	1
15	14	13	16	12	14	2	9	11	18	1	1
15	14	13	16	12	14	2	10	10	18	1	1
15	14	13	16	12	14	2	11	9	18	1	1
15	14	13	16	12	14	2	12	8	18	1	1
15	14	13	16	12	14	3	7	12	18	1	1
15	14	13	16	12	14	3	8	11	18	1	1
15	14	13	16	12	14	3	9	10	18	1	1
15	14	13	16	12	14	3	10	9	18	1	1
15	14	13	16	12	14	3	11	8	18	1	1
15	14	13	16	12	14	3	12	7	18	1	1
15	14	13	16	12	14	4	6	12	18	1	1
15	14	13	16	12	14	4	7	11	18	1	1
15	14	13	16	12	14	4	8	10	18	1	1
15	14	13	16	12	14	4	9	9	18	1	1
15	14	13	16	12	14	4	10	8	18	1	1
15	14	13	16	12	14	4	11	7	18	1	1
15	14	13	16	12	14	4	12	6	18	1	1
15	14	13	16	12	14	5	5	12	18	1	1
15	14	13	16	12	14	5	6	11	18	1	1
15	14	13	16	12	14	5	7	10	18	1	1
15	14	13	16	12	14	5	8	9	18	1	1
15	14	13	16	12	14	5	9	8	18	1	1
15	14	13	16	12	14	5	10	7	18	1	1
15	14	13	16	12	14	5	11	6	18	1	1
15	14	13	16	12	14	5	12	5	18	1	1
15	14	13	16	12	14	6	4	12	18	1	1
15	14	13	16	12	14	6	5	11	18	1	1
15	14	13	16	12	14	6	6	10	18	1	1
15	14	13	16	12	14	6	7	9	18	1	1
15	14	13	16	12	14	6	8	8	18	1	1
15	14	13	16	12	14	6	9	7	18	1	1
15	14	13	16	12	14	6	10	6	18	1	1
15	14	13	16	12	14	6	11	5	18	1	1
15	14	13	16	12	14	6	12	4	18	1	1
15	14	13	16	12	14	7	3	12	18	1	1
15	14	13	16	12	14	7	4	11	18	1	1
15	14	13	16	12	14	7	5	10	18	1	1
15	14	13	16	12	14	7	6	9	18	1	1
15	14	13	16	12	14	7	7	8	18	1	1
15	14	13	16	12	14	7	8	7	18	1	1
15	14	13	16	12	14	7	9	6	18	1	1
15	14	13	16	12	14	7	10	5	18	1	1
15	14	13	16	12	14	7	11	4	18	1	1
15	14	13	16	12	14	7	12	3	18	1	1
15	14	13	16	12	14	8	2	12	18	1	1
15	14	13	16	12	14	8	3	11	18	1	1
15	14	13	16	12	14	8	4	10	18	1	1
15	14	13	16	12	14	8	5	9	18	1	1
15	14	13	16	12	14	8	6	8	18	1	1
15	14	13	16	12	14	8	7	7	18	1	1
15	14	13	16	12	14	8	8	6	18	1	1
15	14	13	16	12	14	8	9	5	18	1	1
15	14	13	16	12	14	8	10	4	18	1	1
15	14	13	16	12	14	8	11	3	18	1	1
15	14	13	16	12	14	8	12	2	18	1	1
15	14	13	16	12	14	9	1	12	18	1	1
15	14	13	16	12	14	9	2	11	18	1	1
15	14	13	16	12	14	9	3	10	18	1	1
15	14	13	16	12	14	9	4	9	18	1	1
15	14	13	16	12	14	9	5	8	18	1	1
15	14	13	16	12	14	9	6	7	18	1	1
15	14	13	16	12	14	9	7	6	18	1	1
15	14	13	16	12	14	9	8	5	18	1	1
15	14	13	16	12	14	9	9	4	18	1	1
15	14	13	16	12	14	9	10	3	18	1	1
15	14	13	16	12	14	9	11	2	18	1	1
15	14	13	16	12	14	9	12	1	18	1	1
15	14	13	16	12	14	10	0	12	18	1	1
15	14	13	16	12	14	10	1	11	18	1	1
15	14	13	16	12	14	10	2	10	18	1	1
15	14	13	16	12	14	10	3	9	18	1	1
15	14	13	16	12	14	10	4	8	18	1	1
15	14	13	16	12	14	10	5	7	18	1	1
15	14	13	16	12	14	10	6	6	18	1	1
15	14	13	16	12	14	10	7	5	18	1	1
15	14	13	16	12	14	10	8	4	18	1	1
15	14	13	16	12	14	10	9	3	18	1	1
15	14	13	16	12	14	10	10	2	18	1	1
15	14	13	16	12	14	10	11	1	18	1	1
15	14	13	16	12	14	10	12	0	18	1	1
15	14	13	16	12	14	11	0	11	18	1	1
15	14	13	16	12	14	11	1	10	18	1	1
15	14	13	16	12	14	11	2	9	18	1	1
15	14	13	16	12	14	11	3	8	18	1	1
15	14	13	16	12	14	11	4	7	18	1	1
15	14	13	16	12	14	11	5	6	18	1	1
15	14	13	16	12	14	11	6	5	18	1	1
15	14	13	16	12	14	11	7	4	18	1	1
15	14	13	16	12	14	11	8	3	18	1	1
15	14	13	16	12	14	11	9	2	18	1	1
15	14	13	16	12	14	11	10	1	18	1	1
15	14	13	16	12	14	11	11	0	18	1	1
15	14	13	16	14	12	0	10	12	18	1	1
15	14	13	16	14	12	0	11	11	18	1	1
15	14	13	16	14	12	0	12	10	18	1	1
15	14	13	16	14	12	1	9	12	18	1	1
15	14	13	16	14	12	1	10	11	18	1	1
15	14	13	16	14	12	1	11	10	18	1	1
15	14	13	16	14	12	1	12	9	18	1	1
15	14	13	16	14	12	2	8	12	18	1	1
15	14	13	16	14	12	2	9	11	18	1	1
15	14	13	16	14	12	2	10	10	18	1	1
15	14	13	16	14	12	2	11	9	18	1	1
15	14	13	16	14	12	2	12	8	18	1	1
15	14	13	16	14	12	3	7	12	18	1	1
15	14	13	16	14	12	3	8	11	18	1	1
15	14	13	16	14	12	3	9	10	18	1	1
15	14	13	16	14	12	3	10	9	18	1	1
15	14	13	16	14	12	3	11	8	18	1	1
15	14	13	16	14	12	3	12	7	18	1	1
15	14	13	16	14	12	4	6	12	18	1	1
15	14	13	16	14	12	4	7	11	18	1	1
15	14	13	16	14	12	4	8	10	18	1	1
15	14	13	16	14	12	4	9	9	18	1	1
15	14	13	16	14	12	4	10	8	18	1	1
15	14	13	16	14	12	4	11	7	18	1	1
15	14	13	16	14	12	4	12	6	18	1	1
15	14	13	16	14	12	5	5	12	18	1	1
15	14	13	16	14	12	5	6	11	18	1	1
15	14	13	16	14	12	5	7	10	18	1	1
15	14	13	16	14	12	5	8	9	18	1	1
15	14	13	16	14	12	5	9	8	18	1	1
15	14	13	16	14	12	5	10	7	18	1	1
15	14	13	16	14	12	5	11	6	18	1	1
15	14	13	16	14	12	5	12	5	18	1	1
15	14	13	16	14	12	6	4	12	18	1	1
15	14	13	16	14	12	6	5	11	18	1	1
15	14	13	16	14	12	6	6	10	18	1	1
15	14	13	16	14	12	6	7	9	18	1	1
15	14	13	16	14	12	6	8	8	18	1	1
15	14	13	16	14	12	6	9	7	18	1	1
15	14	13	16	14	12	6	10	6	18	1	1
15	14	13	16	14	12	6	11	5	18	1	1
15	14	13	16	14	12	6	12	4	18	1	1
15	14	13	16	14	12	7	3	12	18	1	1
15	14	13	16	14	12	7	4	11	18	1	1
15	14	13	16	14	12	7	5	10	18	1	1
15	14	13	16	14	12	7	6	9	18	1	1
15	14	13	16	14	12	7	7	8	18	1	1
15	14	13	16	14	12	7	8	7	18	1	1
15	14	13	16	14	12	7	9	6	18	1	1
15	14	13	16	14	12	7	10	5	18	1	1
15	14	13	16	14	12	7	11	4	18	1	1
15	14	13	16	14	12	7	12	3	18	1	1
15	14	13	16	14	12	8	2	12	18	1	1
15	14	13	16	14	12	8	3	11	18	1	1
15	14	13	16	14	12	8	4	10	18	1	1
15	14	13	16	14	12	8	5	9	18	1	1
15	14	13	16	14	12	8	6	8	18	1	1
15	14	13	16	14	12	8	7	7	18	1	1
15	14	13	16	14	12	8	8	6	18	1	1
15	14	13	16	14	12	8	9	5	18	1	1
15	14	13	16	14	12	8	10	4	18	1	1
15	14	13	16	14	12	8	11	3	18	1	1
15	14	13	16	14	12	8	12	2	18	1	1
15	14	13	16	14	12	9	1	12	18	1	1
15	14	13	16	14	12	9	2	11	18	1	1
15	14	13	16	14	12	9	3	10	18	1	1
15	14	13	16	14	12	9	4	9	18	1	1
15	14	13	16	14	12	9	5	8	18	1	1
15	14	13	16	14	12	9	6	7	18	1	1
15	14	13	16	14	12	9	7	6	18	1	1
15	14	13	16	14	12	9	8	5	18	1	1
15	14	13	16	14	12	9	9	4	18	1	1
15	14	13	16	14	12	9	10	3	18	1	1
15	14	13	16	14	12	9	11	2	18	1	1
15	14	13	16	14	12	9	12	1	18	1	1
15	14	13	16	14	12	10	0	12	18	1	1
15	14	13	16	14	12	10	1	11	18	1	1
15	14	13	16	14	12	10	2	10	18	1	1
15	14	13	16	14	12	10	3	9	18	1	1
15	14	13	16	14	12	10	4	8	18	1	1
15	14	13	16	14	12	10	5	7	18	1	1
15	14	13	16	14	12	10	6	6	18	1	1
15	14	13	16	14	12	10	7	5	18	1	1
15	14	13	16	14	12	10	8	4	18	1	1
15	14	13	16	14	12	10	9	3	18	1	1
15	14	13	16	14	12	10	10	2	18	1	1
15	14	13	16	14	12	10	11	1	18	1	1
15	14	13	16	14	12	10	12	0	18	1	1
15	14	13	16	14	12	11	0	11	18	1	1
15	14	13	16	14	12	11	1	10	18	1	1
15	14	13	16	14	12	11	2	9	18	1	1
15	14	13	16	14	12	11	3	8	18	1	1
15	14	13	16	14	12	11	4	7	18	1	1
15	14	13	16	14	12	11	5	6	18	1	1
15	14	13	16	14	12	11	6	5	18	1	1
15	14	13	16	14	12	11	7	4	18	1	1
15	14	13	16	14	12	11	8	3	18	1	1
15	14	13	16	14	12	11	9	2	18	1	1
15	14	13	16	14	12	11	10	1	18	1	1
15	14	13	16	14	12	11	11	0	18	1	1
15	14	13	16	15	11	0	10	12	18	1	1
15	14	13	16	15	11	0	11	11	18	1	1
15	14	13	16	15	11	0	12	10	18	1	1
15	14	13	16	15	11	1	9	12	18	1	1
15	14	13	16	15	11	1	10	11	18	1	1
15	14	13	16	15	11	1	11	10	18	1	1
15	14	13	16	15	11	1	12	9	18	1	1
15	14	13	16	15	11	2	8	12	18	1	1
15	14	13	16	15	11	2	9	11	18	1	1
15	14	13	16	15	11	2	10	10	18	1	1
15	14	13	16	15	11	2	11	9	18	1	1
15	14	13	16	15	11	2	12	8	18	1	1
15	14	13	16	15	11	3	7	12	18	1	1
15	14	13	16	15	11	3	8	11	18	1	1
15	14	13	16	15	11	3	9	10	18	1	1
15	14	13	16	15	11	3	10	9	18	1	1
15	14	13	16	15	11	3	11	8	18	1	1
15	14	13	16	15	11	3	12	7	18	1	1
15	14	13	16	15	11	4	6	12	18	1	1
15	14	13	16	15	11	4	7	11	18	1	1
15	14	13	16	15	11	4	8	10	18	1	1
15	14	13	16	15	11	4	9	9	18	1	1
15	14	13	16	15	11	4	10	8	18	1	1
15	14	13	16	15	11	4	11	7	18	1	1
15	14	13	16	15	11	4	12	6	18	1	1
15	14	13	16	15	11	5	5	12	18	1	1
15	14	13	16	15	11	5	6	11	18	1	1
15	14	13	16	15	11	5	7	10	18	1	1
15	14	13	16	15	11	5	8	9	18	1	1
15	14	13	16	15	11	5	9	8	18	1	1
15	14	13	16	15	11	5	10	7	18	1	1
15	14	13	16	15	11	5	11	6	18	1	1
15	14	13	16	15	11	5	12	5	18	1	1
15	14	13	16	15	11	6	4	12	18	1	1
15	14	13	16	15	11	6	5	11	18	1	1
15	14	13	16	15	11	6	6	10	18	1	1
15	14	13	16	15	11	6	7	9	18	1	1
15	14	13	16	15	11	6	8	8	18	1	1
15	14	13	16	15	11	6	9	7	18	1	1
15	14	13	16	15	11	6	10	6	18	1	1
15	14	13	16	15	11	6	11	5	18	1	1
15	14	13	16	15	11	6	12	4	18	1	1
15	14	13	16	15	11	7	3	12	18	1	1
15	14	13	16	15	11	7	4	11	18	1	1
15	14	13	16	15	11	7	5	10	18	1	1
15	14	13	16	15	11	7	6	9	18	1	1
15	14	13	16	15	11	7	7	8	18	1	1
15	14	13	16	15	11	7	8	7	18	1	1
15	14	13	16	15	11	7	9	6	18	1	1
15	14	13	16	15	11	7	10	5	18	1	1
15	14	13	16	15	11	7	11	4	18	1	1
15	14	13	16	15	11	7	12	3	18	1	1
15	14	13	16	15	11	8	2	12	18	1	1
15	14	13	16	15	11	8	3	11	18	1	1
15	14	13	16	15	11	8	4	10	18	1	1
15	14	13	16	15	11	8	5	9	18	1	1
15	14	13	16	15	11	8	6	8	18	1	1
15	14	13	16	15	11	8	7	7	18	1	1
15	14	13	16	15	11	8	8	6	18	1	1
15	14	13	16	15	11	8	9	5	18	1	1
15	14	13	16	15	11	8	10	4	18	1	1
15	14	13	16	15	11	8	11	3	18	1	1
15	14	13	16	15	11	8	12	2	18	1	1
15	14	13	16	15	11	9	1	12	18	1	1
15	14	13	16	15	11	9	2	11	18	1	1
15	14	13	16	15	11	9	3	10	18	1	1
15	14	13	16	15	11	9	4	9	18	1	1
15	14	13	16	15	11	9	5	8	18	1	1
15	14	13	16	15	11	9	6	7	18	1	1
15	14	13	16	15	11	9	7	6	18	1	1
15	14	13	16	15	11	9	8	5	18	1	1
15	14	13	16	15	11	9	9	4	18	1	1
15	14	13	16	15	11	9	10	3	18	1	1
15	14	13	16	15	11	9	11	2	18	1	1
15	14	13	16	15	11	9	12	1	18	1	1
15	14	13	16	15	11	10	0	12	18	1	1
15	14	13	16	15	11	10	1	11	18	1	1
15	14	13	16	15	11	10	2	10	18	1	1
15	14	13	16	15	11	10	3	9	18	1	1
15	14	13	16	15	11	10	4	8	18	1	1
15	14	13	16	15	11	10	5	7	18	1	1
15	14	13	16	15	11	10	6	6	18	1	1
15	14	13	16	15	11	10	7	5	18	1	1
15	14	13	16	15	11	10	8	4	18	1	1
15	14	13	16	15	11	10	9	3	18	1	1
15	14	13	16	15	11	10	10	2	18	1	1
15	14	13	16	15	11	10	11	1	18	1	1
15	14	13	16	15	11	11	0	11	18	1	1
15	14	13	16	15	11	11	1	10	18	1	1
15	14	13	16	15	11	11	2	9	18	1	1
15	14	13	16	15	11	11	3	8	18	1	1
15	14	13	16	15	11	11	4	7	18	1	1
15	14	13	16	15	11	11	5	6	18	1	1
15	14	13	16	15	11	11	6	5	18	1	1
15	14	13	16	15	11	11	7	4	18	1	1
15	14	13	16	15	11	11	8	3	18	1	1
15	14	13	16	15	11	11	9	2	18	1	1
15	14	13	16	15	11	11	10	1	18	1	1
15	14	13	16	15	11	11	11	0	18	1	1
15	14	13	17	9	16	2	11	9	18	1	1
15	14	13	17	9	16	3	9	10	18	1	1
15	14	13	17	9	16	3	10	9	18	1	1
15	14	13	17	9	16	3	11	8	18	1	1
15	14	13	17	9	16	4	8	10	18	1	1
15	14	13	17	9	16	4	9	9	18	1	1
15	14	13	17	9	16	4	10	8	18	1	1
15	14	13	17	9	16	4	11	7	18	1	1
15	14	13	17	9	16	5	7	10	18	1	1
15	14	13	17	9	16	5	8	9	18	1	1
15	14	13	17	9	16	5	9	8	18	1	1
15	14	13	17	9	16	5	10	7	18	1	1
15	14	13	17	9	16	5	11	6	18	1	1
15	14	13	17	9	16	6	6	10	18	1	1
15	14	13	17	9	16	6	7	9	18	1	1
15	14	13	17	9	16	6	8	8	18	1	1
15	14	13	17	9	16	6	9	7	18	1	1
15	14	13	17	9	16	6	10	6	18	1	1
15	14	13	17	9	16	6	11	5	18	1	1
15	14	13	17	9	16	7	5	10	18	1	1
15	14	13	17	9	16	7	6	9	18	1	1
15	14	13	17	9	16	7	7	8	18	1	1
15	14	13	17	9	16	7	8	7	18	1	1
15	14	13	17	9	16	7	9	6	18	1	1
15	14	13	17	9	16	7	10	5	18	1	1
15	14	13	17	9	16	7	11	4	18	1	1
15	14	13	17	9	16	8	4	10	18	1	1
15	14	13	17	9	16	8	5	9	18	1	1
15	14	13	17	9	16	8	6	8	18	1	1
15	14	13	17	9	16	8	7	7	18	1	1
15	14	13	17	9	16	8	8	6	18	1	1
15	14	13	17	9	16	8	9	5	18	1	1
15	14	13	17	9	16	8	10	4	18	1	1
15	14	13	17	9	16	8	11	3	18	1	1
15	14	13	17	9	16	9	3	10	18	1	1
15	14	13	17	9	16	9	4	9	18	1	1
15	14	13	17	9	16	9	5	8	18	1	1
15	14	13	17	9	16	9	6	7	18	1	1
15	14	13	17	9	16	9	7	6	18	1	1
15	14	13	17	9	16	9	8	5	18	1	1
15	14	13	17	9	16	9	9	4	18	1	1
15	14	13	17	9	16	9	10	3	18	1	1
15	14	13	17	9	16	9	11	2	18	1	1
15	14	13	17	16	9	2	10	10	18	1	1
15	14	13	17	16	9	2	11	9	18	1	1
15	14	13	17	16	9	3	9	10	18	1	1
15	14	13	17	16	9	3	10	9	18	1	1
15	14	13	17	16	9	3	11	8	18	1	1
15	14	13	17	16	9	4	8	10	18	1	1
15	14	13	17	16	9	4	9	9	18	1	1
15	14	13	17	16	9	4	10	8	18	1	1
15	14	13	17	16	9	4	11	7	18	1	1
15	14	13	17	16	9	5	7	10	18	1	1
15	14	13	17	16	9	5	8	9	18	1	1
15	14	13	17	16	9	5	9	8	18	1	1
15	14	13	17	16	9	5	10	7	18	1	1
15	14	13	17	16	9	5	11	6	18	1	1
15	14	13	17	16	9	6	6	10	18	1	1
15	14	13	17	16	9	6	7	9	18	1	1
15	14	13	17	16	9	6	8	8	18	1	1
15	14	13	17	16	9	6	9	7	18	1	1
15	14	13	17	16	9	6	10	6	18	1	1
15	14	13	17	16	9	6	11	5	18	1	1
15	14	13	17	16	9	7	5	10	18	1	1
15	14	13	17	16	9	7	6	9	18	1	1
15	14	13	17	16	9	7	7	8	18	1	1
15	14	13	17	16	9	7	8	7	18	1	1
15	14	13	17	16	9	7	9	6	18	1	1
15	14	13	17	16	9	7	10	5	18	1	1
15	14	13	17	16	9	7	11	4	18	1	1
15	14	13	17	16	9	8	4	10	18	1	1
15	14	13	17	16	9	8	5	9	18	1	1
15	14	13	17	16	9	8	6	8	18	1	1
15	14	13	17	16	9	8	7	7	18	1	1
15	14	13	17	16	9	8	8	6	18	1	1
15	14	13	17	16	9	8	9	5	18	1	1
15	14	13	17	16	9	8	10	4	18	1	1
15	14	13	17	16	9	8	11	3	18	1	1
15	14	13	17	16	9	9	3	10	18	1	1
15	14	13	17	16	9	9	4	9	18	1	1
15	14	13	17	16	9	9	5	8	18	1	1
15	14	13	17	16	9	9	6	7	18	1	1
15	14	13	17	16	9	9	7	6	18	1	1
15	14	13	17	16	9	9	8	5	18	1	1
15	14	13	17	16	9	9	9	4	18	1	1
15	14	13	17	16	9	9	10	3	18	1	1
15	14	13	17	17	8	3	10	9	18	1	1
15	14	13	17	17	8	4	9	9	18	1	1
15	14	13	17	17	8	4	10	8	18	1	1
15	14	13	17	17	8	5	8	9	18	1	1
15	14	13	17	17	8	5	9	8	18	1	1
15	14	13	17	17	8	5	10	7	18	1	1
15	14	13	17	17	8	6	7	9	18	1	1
15	14	13	17	17	8	6	8	8	18	1	1
15	14	13	17	17	8	6	9	7	18	1	1
15	14	13	17	17	8	6	10	6	18	1	1
15	14	13	17	17	8	7	6	9	18	1	1
15	14	13	17	17	8	7	7	8	18	1	1
15	14	13	17	17	8	7	8	7	18	1	1
15	14	13	17	17	8	7	9	6	18	1	1
15	14	13	17	17	8	7	10	5	18	1	1
15	14	13	17	17	8	8	5	9	18	1	1
15	14	13	17	17	8	8	6	8	18	1	1
15	14	13	17	17	8	8	7	7	18	1	1
15	14	13	17	17	8	8	8	6	18	1	1
15	14	13	17	17	8	8	9	5	18	1	1
15	14	13	17	17	8	8	10	4	18	1	1
15	14	13	17	17	8	9	4	9	18	1	1
15	14	13	17	17	8	9	5	8	18	1	1
15	14	13	17	17	8	9	6	7	18	1	1
15	14	13	17	17	8	9	7	6	18	1	1
15	14	13	17	17	8	9	8	5	18	1	1
15	14	13	17	17	8	9	9	4	18	1	1
15	14	13	18	7	17	5	8	9	18	1	1
15	14	13	18	7	17	5	9	8	18	1	1
15	14	13	18	7	17	6	7	9	18	1	1
15	14	13	18	7	17	6	8	8	18	1	1
15	14	13	18	7	17	6	9	7	18	1	1
15	14	13	18	7	17	7	6	9	18	1	1
15	14	13	18	7	17	7	7	8	18	1	1
15	14	13	18	7	17	7	8	7	18	1	1
15	14	13	18	7	17	7	9	6	18	1	1
15	14	13	18	7	17	8	5	9	18	1	1
15	14	13	18	7	17	8	6	8	18	1	1
15	14	13	18	7	17	8	7	7	18	1	1
15	14	13	18	7	17	8	8	6	18	1	1
15	14	13	18	7	17	8	9	5	18	1	1
15	14	13	18	7	17	9	4	9	18	1	1
15	14	13	18	7	17	9	5	8	18	1	1
15	14	13	18	7	17	9	6	7	18	1	1
15	14	13	18	7	17	9	7	6	18	1	1
15	14	13	18	7	17	9	8	5	18	1	1
15	14	13	18	7	17	9	9	4	18	1	1
15	14	13	18	8	16	4	9	9	18	1	1
15	14	13	18	8	16	4	10	8	18	1	1
15	14	13	18	8	16	5	8	9	18	1	1
15	14	13	18	8	16	5	9	8	18	1	1
15	14	13	18	8	16	5	10	7	18	1	1
15	14	13	18	8	16	6	7	9	18	1	1
15	14	13	18	8	16	6	8	8	18	1	1
15	14	13	18	8	16	6	9	7	18	1	1
15	14	13	18	8	16	6	10	6	18	1	1
15	14	13	18	8	16	7	6	9	18	1	1
15	14	13	18	8	16	7	7	8	18	1	1
15	14	13	18	8	16	7	8	7	18	1	1
15	14	13	18	8	16	7	9	6	18	1	1
15	14	13	18	8	16	7	10	5	18	1	1
15	14	13	18	8	16	8	5	9	18	1	1
15	14	13	18	8	16	8	6	8	18	1	1
15	14	13	18	8	16	8	7	7	18	1	1
15	14	13	18	8	16	8	8	6	18	1	1
15	14	13	18	8	16	8	9	5	18	1	1
15	14	13	18	8	16	8	10	4	18	1	1
15	14	13	18	8	16	9	4	9	18	1	1
15	14	13	18	8	16	9	5	8	18	1	1
15	14	13	18	8	16	9	6	7	18	1	1
15	14	13	18	8	16	9	7	6	18	1	1
15	14	13	18	8	16	9	8	5	18	1	1
15	14	13	18	8	16	9	9	4	18	1	1
15	14	13	18	8	16	9	10	3	18	1	1
15	14	13	18	9	15	3	10	9	18	1	1
15	14	13	18	9	15	4	9	9	18	1	1
15	14	13	18	9	15	4	10	8	18	1	1
15	14	13	18	9	15	5	8	9	18	1	1
15	14	13	18	9	15	5	9	8	18	1	1
15	14	13	18	9	15	5	10	7	18	1	1
15	14	13	18	9	15	6	7	9	18	1	1
15	14	13	18	9	15	6	8	8	18	1	1
15	14	13	18	9	15	6	9	7	18	1	1
15	14	13	18	9	15	6	10	6	18	1	1
15	14	13	18	9	15	7	6	9	18	1	1
15	14	13	18	9	15	7	7	8	18	1	1
15	14	13	18	9	15	7	8	7	18	1	1
15	14	13	18	9	15	7	9	6	18	1	1
15	14	13	18	9	15	7	10	5	18	1	1
15	14	13	18	9	15	8	5	9	18	1	1
15	14	13	18	9	15	8	6	8	18	1	1
15	14	13	18	9	15	8	7	7	18	1	1
15	14	13	18	9	15	8	8	6	18	1	1
15	14	13	18	9	15	8	9	5	18	1	1
15	14	13	18	9	15	8	10	4	18	1	1
15	14	13	18	9	15	9	4	9	18	1	1
15	14	13	18	9	15	9	5	8	18	1	1
15	14	13	18	9	15	9	6	7	18	1	1
15	14	13	18	9	15	9	7	6	18	1	1
15	14	13	18	9	15	9	8	5	18	1	1
15	14	13	18	9	15	9	9	4	18	1	1
15	14	13	18	9	15	9	10	3	18	1	1
15	14	13	18	12	12	3	10	9	18	1	1
15	14	13	18	12	12	4	9	9	18	1	1
15	14	13	18	12	12	4	10	8	18	1	1
15	14	13	18	12	12	5	8	9	18	1	1
15	14	13	18	12	12	5	9	8	18	1	1
15	14	13	18	12	12	5	10	7	18	1	1
15	14	13	18	12	12	6	7	9	18	1	1
15	14	13	18	12	12	6	8	8	18	1	1
15	14	13	18	12	12	6	9	7	18	1	1
15	14	13	18	12	12	6	10	6	18	1	1
15	14	13	18	12	12	7	6	9	18	1	1
15	14	13	18	12	12	7	7	8	18	1	1
15	14	13	18	12	12	7	8	7	18	1	1
15	14	13	18	12	12	7	9	6	18	1	1
15	14	13	18	12	12	7	10	5	18	1	1
15	14	13	18	12	12	8	5	9	18	1	1
15	14	13	18	12	12	8	6	8	18	1	1
15	14	13	18	12	12	8	7	7	18	1	1
15	14	13	18	12	12	8	8	6	18	1	1
15	14	13	18	12	12	8	9	5	18	1	1
15	14	13	18	12	12	8	10	4	18	1	1
15	14	13	18	12	12	9	4	9	18	1	1
15	14	13	18	12	12	9	5	8	18	1	1
15	14	13	18	12	12	9	6	7	18	1	1
15	14	13	18	12	12	9	7	6	18	1	1
15	14	13	18	12	12	9	8	5	18	1	1
15	14	13	18	12	12	9	9	4	18	1	1
15	14	13	18	12	12	9	10	3	18	1	1
15	14	13	18	15	9	3	10	9	18	1	1
15	14	13	18	15	9	4	9	9	18	1	1
15	14	13	18	15	9	4	10	8	18	1	1
15	14	13	18	15	9	5	8	9	18	1	1
15	14	13	18	15	9	5	9	8	18	1	1
15	14	13	18	15	9	5	10	7	18	1	1
15	14	13	18	15	9	6	7	9	18	1	1
15	14	13	18	15	9	6	8	8	18	1	1
15	14	13	18	15	9	6	9	7	18	1	1
15	14	13	18	15	9	6	10	6	18	1	1
15	14	13	18	15	9	7	6	9	18	1	1
15	14	13	18	15	9	7	7	8	18	1	1
15	14	13	18	15	9	7	8	7	18	1	1
15	14	13	18	15	9	7	9	6	18	1	1
15	14	13	18	15	9	7	10	5	18	1	1
15	14	13	18	15	9	8	5	9	18	1	1
15	14	13	18	15	9	8	6	8	18	1	1
15	14	13	18	15	9	8	7	7	18	1	1
15	14	13	18	15	9	8	8	6	18	1	1
15	14	13	18	15	9	8	9	5	18	1	1
15	14	13	18	15	9	8	10	4	18	1	1
15	14	13	18	15	9	9	4	9	18	1	1
15	14	13	18	15	9	9	5	8	18	1	1
15	14	13	18	15	9	9	6	7	18	1	1
15	14	13	18	15	9	9	7	6	18	1	1
15	14	13	18	15	9	9	8	5	18	1	1
15	14	13	18	15	9	9	9	4	18	1	1
15	14	13	18	15	9	9	10	3	18	1	1
15	14	13	18	16	8	3	10	9	18	1	1
15	14	13	18	16	8	4	9	9	18	1	1
15	14	13	18	16	8	4	10	8	18	1	1
15	14	13	18	16	8	5	8	9	18	1	1
15	14	13	18	16	8	5	9	8	18	1	1
15	14	13	18	16	8	5	10	7	18	1	1
15	14	13	18	16	8	6	7	9	18	1	1
15	14	13	18	16	8	6	8	8	18	1	1
15	14	13	18	16	8	6	9	7	18	1	1
15	14	13	18	16	8	6	10	6	18	1	1
15	14	13	18	16	8	7	6	9	18	1	1
15	14	13	18	16	8	7	7	8	18	1	1
15	14	13	18	16	8	7	8	7	18	1	1
15	14	13	18	16	8	7	9	6	18	1	1
15	14	13	18	16	8	7	10	5	18	1	1
15	14	13	18	16	8	8	5	9	18	1	1
15	14	13	18	16	8	8	6	8	18	1	1
15	14	13	18	16	8	8	7	7	18	1	1
15	14	13	18	16	8	8	8	6	18	1	1
15	14	13	18	16	8	8	9	5	18	1	1
15	14	13	18	16	8	8	10	4	18	1	1
15	14	13	18	16	8	9	4	9	18	1	1
15	14	13	18	16	8	9	5	8	18	1	1
15	14	13	18	16	8	9	6	7	18	1	1
15	14	13	18	16	8	9	7	6	18	1	1
15	14	13	18	16	8	9	8	5	18	1	1
15	14	13	18	16	8	9	9	4	18	1	1
15	14	13	18	16	8	9	10	3	18	1	1
15	14	13	18	17	7	4	9	9	18	1	1
15	14	13	18	17	7	4	10	8	18	1	1
15	14	13	18	17	7	5	8	9	18	1	1
15	14	13	18	17	7	5	9	8	18	1	1
15	14	13	18	17	7	5	10	7	18	1	1
15	14	13	18	17	7	6	7	9	18	1	1
15	14	13	18	17	7	6	8	8	18	1	1
15	14	13	18	17	7	6	9	7	18	1	1
15	14	13	18	17	7	6	10	6	18	1	1
15	14	13	18	17	7	7	6	9	18	1	1
15	14	13	18	17	7	7	7	8	18	1	1
15	14	13	18	17	7	7	8	7	18	1	1
15	14	13	18	17	7	7	9	6	18	1	1
15	14	13	18	17	7	7	10	5	18	1	1
15	14	13	18	17	7	8	5	9	18	1	1
15	14	13	18	17	7	8	6	8	18	1	1
15	14	13	18	17	7	8	7	7	18	1	1
15	14	13	18	17	7	8	8	6	18	1	1
15	14	13	18	17	7	8	9	5	18	1	1
15	14	13	18	17	7	9	4	9	18	1	1
15	14	13	18	17	7	9	5	8	18	1	1
15	14	13	18	17	7	9	6	7	18	1	1
15	14	13	18	17	7	9	7	6	18	1	1
15	14	13	18	17	7	9	8	5	18	1	1
15	14	13	18	17	7	9	9	4	18	1	1
15	14	13	18	18	6	4	9	9	18	1	1
15	14	13	18	18	6	5	8	9	18	1	1
15	14	13	18	18	6	5	9	8	18	1	1
15	14	13	18	18	6	6	7	9	18	1	1
15	14	13	18	18	6	6	8	8	18	1	1
15	14	13	18	18	6	6	9	7	18	1	1
15	14	13	18	18	6	7	6	9	18	1	1
15	14	13	18	18	6	7	7	8	18	1	1
15	14	13	18	18	6	7	8	7	18	1	1
15	14	13	18	18	6	7	9	6	18	1	1
15	14	13	18	18	6	8	5	9	18	1	1
15	14	13	18	18	6	8	6	8	18	1	1
15	14	13	18	18	6	8	7	7	18	1	1
15	14	13	18	18	6	8	8	6	18	1	1
15	14	13	18	18	6	9	4	9	18	1	1
15	14	13	18	18	6	9	5	8	18	1	1
15	14	13	18	18	6	9	6	7	18	1	1
15	14	13	18	18	6	9	7	6	18	1	1
15	14	13	18	18	6	9	8	5	18	1	1
15	15	12	14	14	14	8	7	7	9	3	1
15	15	12	14	14	14	8	8	6	9	3	1
15	15	12	14	14	14	9	7	6	18	6	1
15	15	12	14	14	14	9	8	5	18	6	1
15	15	12	14	14	14	9	9	4	9	3	1
15	15	12	14	14	14	10	6	6	9	3	1
15	15	12	14	14	14	10	7	5	18	6	1
15	15	12	14	14	14	10	8	4	18	6	1
15	15	12	14	14	14	10	9	3	18	6	1
15	15	12	14	14	14	10	10	2	9	3	1
15	15	12	14	14	14	11	6	5	18	6	1
15	15	12	14	14	14	11	7	4	18	6	1
15	15	12	14	14	14	11	8	3	18	6	1
15	15	12	14	14	14	11	9	2	18	6	1
15	15	12	14	14	14	11	10	1	18	6	1
15	15	12	14	14	14	11	11	0	9	3	1
15	15	12	14	14	14	12	5	5	9	3	1
15	15	12	14	14	14	12	6	4	18	6	1
15	15	12	14	14	14	12	7	3	18	6	1
15	15	12	14	14	14	12	8	2	18	6	1
15	15	12	14	14	14	12	9	1	18	6	1
15	15	12	14	14	14	12	10	0	18	6	1
15	15	12	14	14	14	13	5	4	18	6	1
15	15	12	14	14	14	13	6	3	18	6	1
15	15	12	14	14	14	13	7	2	18	6	1
15	15	12	14	14	14	13	8	1	18	6	1
15	15	12	14	14	14	13	9	0	18	6	1
15	15	12	14	14	14	14	4	4	9	3	1
15	15	12	14	14	14	14	5	3	18	6	1
15	15	12	14	14	14	14	6	2	18	6	1
15	15	12	14	14	14	14	7	1	18	6	1
15	15	12	14	14	14	14	8	0	18	6	1
15	15	12	14	14	14	15	4	3	18	6	1
15	15	12	14	14	14	15	6	1	18	6	1
15	15	12	14	14	14	15	7	0	18	6	1
15	15	12	15	14	13	0	8	14	18	2	1
15	15	12	15	14	13	0	9	13	18	2	1
15	15	12	15	14	13	0	10	12	18	2	1
15	15	12	15	14	13	0	11	11	18	2	1
15	15	12	15	14	13	0	12	10	18	2	1
15	15	12	15	14	13	0	13	9	18	2	1
15	15	12	15	14	13	0	14	8	18	2	1
15	15	12	15	14	13	0	15	7	18	2	1
15	15	12	15	14	13	1	6	15	18	2	1
15	15	12	15	14	13	1	7	14	18	2	1
15	15	12	15	14	13	1	8	13	18	2	1
15	15	12	15	14	13	1	9	12	18	2	1
15	15	12	15	14	13	1	10	11	18	2	1
15	15	12	15	14	13	1	11	10	18	2	1
15	15	12	15	14	13	1	12	9	18	2	1
15	15	12	15	14	13	1	13	8	18	2	1
15	15	12	15	14	13	1	14	7	18	2	1
15	15	12	15	14	13	1	15	6	18	2	1
15	15	12	15	14	13	2	7	13	18	2	1
15	15	12	15	14	13	2	8	12	18	2	1
15	15	12	15	14	13	2	9	11	18	2	1
15	15	12	15	14	13	2	10	10	18	2	1
15	15	12	15	14	13	2	11	9	18	2	1
15	15	12	15	14	13	2	12	8	18	2	1
15	15	12	15	14	13	2	13	7	18	2	1
15	15	12	15	14	13	2	14	6	18	2	1
15	15	12	15	14	13	2	15	5	18	2	1
15	15	12	15	14	13	3	4	15	18	2	1
15	15	12	15	14	13	3	5	14	18	2	1
15	15	12	15	14	13	3	6	13	18	2	1
15	15	12	15	14	13	3	7	12	18	2	1
15	15	12	15	14	13	3	8	11	18	2	1
15	15	12	15	14	13	3	9	10	18	2	1
15	15	12	15	14	13	3	10	9	18	2	1
15	15	12	15	14	13	3	11	8	18	2	1
15	15	12	15	14	13	3	12	7	18	2	1
15	15	12	15	14	13	3	13	6	18	2	1
15	15	12	15	14	13	3	14	5	18	2	1
15	15	12	15	14	13	3	15	4	18	2	1
15	15	12	15	14	13	4	3	15	18	2	1
15	15	12	15	14	13	4	4	14	18	2	1
15	15	12	15	14	13	4	5	13	18	2	1
15	15	12	15	14	13	4	6	12	18	2	1
15	15	12	15	14	13	4	7	11	18	2	1
15	15	12	15	14	13	4	8	10	18	2	1
15	15	12	15	14	13	4	9	9	18	2	1
15	15	12	15	14	13	4	10	8	18	2	1
15	15	12	15	14	13	4	11	7	18	2	1
15	15	12	15	14	13	4	12	6	18	2	1
15	15	12	15	14	13	4	13	5	18	2	1
15	15	12	15	14	13	4	14	4	18	2	1
15	15	12	15	14	13	5	2	15	18	2	1
15	15	12	15	14	13	5	3	14	18	2	1
15	15	12	15	14	13	5	4	13	18	2	1
15	15	12	15	14	13	5	5	12	18	2	1
15	15	12	15	14	13	5	6	11	18	2	1
15	15	12	15	14	13	5	7	10	18	2	1
15	15	12	15	14	13	5	8	9	18	2	1
15	15	12	15	14	13	5	9	8	18	2	1
15	15	12	15	14	13	5	10	7	18	2	1
15	15	12	15	14	13	5	11	6	18	2	1
15	15	12	15	14	13	5	12	5	18	2	1
15	15	12	15	14	13	5	13	4	18	2	1
15	15	12	15	14	13	5	14	3	18	2	1
15	15	12	15	14	13	5	15	2	18	2	1
15	15	12	15	14	13	6	2	14	18	2	1
15	15	12	15	14	13	6	3	13	18	2	1
15	15	12	15	14	13	6	4	12	18	2	1
15	15	12	15	14	13	6	5	11	18	2	1
15	15	12	15	14	13	6	6	10	18	2	1
15	15	12	15	14	13	6	7	9	18	2	1
15	15	12	15	14	13	6	8	8	18	2	1
15	15	12	15	14	13	6	9	7	18	2	1
15	15	12	15	14	13	6	10	6	18	2	1
15	15	12	15	14	13	6	11	5	18	2	1
15	15	12	15	14	13	6	12	4	18	2	1
15	15	12	15	14	13	6	13	3	18	2	1
15	15	12	15	14	13	6	14	2	18	2	1
15	15	12	15	14	13	6	15	1	18	2	1
15	15	12	15	14	13	7	1	14	18	2	1
15	15	12	15	14	13	7	2	13	18	2	1
15	15	12	15	14	13	7	3	12	18	2	1
15	15	12	15	14	13	7	4	11	18	2	1
15	15	12	15	14	13	7	5	10	18	2	1
15	15	12	15	14	13	7	6	9	18	2	1
15	15	12	15	14	13	7	7	8	18	2	1
15	15	12	15	14	13	7	8	7	18	2	1
15	15	12	15	14	13	7	9	6	18	2	1
15	15	12	15	14	13	7	10	5	18	2	1
15	15	12	15	14	13	7	11	4	18	2	1
15	15	12	15	14	13	7	12	3	18	2	1
15	15	12	15	14	13	7	13	2	18	2	1
15	15	12	15	14	13	7	14	1	18	2	1
15	15	12	15	14	13	7	15	0	18	2	1
15	15	12	15	14	13	8	1	13	18	2	1
15	15	12	15	14	13	8	2	12	18	2	1
15	15	12	15	14	13	8	3	11	18	2	1
15	15	12	15	14	13	8	4	10	18	2	1
15	15	12	15	14	13	8	5	9	18	2	1
15	15	12	15	14	13	8	6	8	18	2	1
15	15	12	15	14	13	8	7	7	18	2	1
15	15	12	15	14	13	8	8	6	18	2	1
15	15	12	15	14	13	8	9	5	18	2	1
15	15	12	15	14	13	8	10	4	18	2	1
15	15	12	15	14	13	8	11	3	18	2	1
15	15	12	15	14	13	8	12	2	18	2	1
15	15	12	15	14	13	8	13	1	18	2	1
15	15	12	15	14	13	8	14	0	18	2	1
15	15	12	15	14	13	9	0	13	18	2	1
15	15	12	15	14	13	9	1	12	18	2	1
15	15	12	15	14	13	9	2	11	18	2	1
15	15	12	15	14	13	9	3	10	18	2	1
15	15	12	15	14	13	9	4	9	18	2	1
15	15	12	15	14	13	9	5	8	18	2	1
15	15	12	15	14	13	9	6	7	18	2	1
15	15	12	15	14	13	9	7	6	18	2	1
15	15	12	15	14	13	9	8	5	18	2	1
15	15	12	15	14	13	9	9	4	18	2	1
15	15	12	15	14	13	9	10	3	18	2	1
15	15	12	15	14	13	9	11	2	18	2	1
15	15	12	15	14	13	9	12	1	18	2	1
15	15	12	15	14	13	9	13	0	18	2	1
15	15	12	15	14	13	10	0	12	18	2	1
15	15	12	15	14	13	10	1	11	18	2	1
15	15	12	15	14	13	10	2	10	18	2	1
15	15	12	15	14	13	10	3	9	18	2	1
15	15	12	15	14	13	10	4	8	18	2	1
15	15	12	15	14	13	10	5	7	18	2	1
15	15	12	15	14	13	10	6	6	18	2	1
15	15	12	15	14	13	10	7	5	18	2	1
15	15	12	15	14	13	10	8	4	18	2	1
15	15	12	15	14	13	10	9	3	18	2	1
15	15	12	15	14	13	10	10	2	18	2	1
15	15	12	15	14	13	10	11	1	18	2	1
15	15	12	15	14	13	10	12	0	18	2	1
15	15	12	15	14	13	11	0	11	18	2	1
15	15	12	15	14	13	11	1	10	18	2	1
15	15	12	15	14	13	11	2	9	18	2	1
15	15	12	15	14	13	11	3	8	18	2	1
15	15	12	15	14	13	11	4	7	18	2	1
15	15	12	15	14	13	11	5	6	18	2	1
15	15	12	15	14	13	11	6	5	18	2	1
15	15	12	15	14	13	11	7	4	18	2	1
15	15	12	15	14	13	11	8	3	18	2	1
15	15	12	15	14	13	11	9	2	18	2	1
15	15	12	15	14	13	11	10	1	18	2	1
15	15	12	15	14	13	11	11	0	18	2	1
15	15	12	15	14	13	12	0	10	18	2	1
15	15	12	15	14	13	12	1	9	18	2	1
15	15	12	15	14	13	12	2	8	18	2	1
15	15	12	15	14	13	12	3	7	18	2	1
15	15	12	15	14	13	12	4	6	18	2	1
15	15	12	15	14	13	12	5	5	18	2	1
15	15	12	15	14	13	12	6	4	18	2	1
15	15	12	15	14	13	12	7	3	18	2	1
15	15	12	15	14	13	12	8	2	18	2	1
15	15	12	15	14	13	12	9	1	18	2	1
15	15	12	15	14	13	12	10	0	18	2	1
15	15	12	15	14	13	13	0	9	18	2	1
15	15	12	15	14	13	13	1	8	18	2	1
15	15	12	15	14	13	13	2	7	18	2	1
15	15	12	15	14	13	13	3	6	18	2	1
15	15	12	15	14	13	13	4	5	18	2	1
15	15	12	15	14	13	13	5	4	18	2	1
15	15	12	15	14	13	13	6	3	18	2	1
15	15	12	15	14	13	13	7	2	18	2	1
15	15	12	15	14	13	13	8	1	18	2	1
15	15	12	15	14	13	13	9	0	18	2	1
15	15	12	15	14	13	14	0	8	18	2	1
15	15	12	15	14	13	14	1	7	18	2	1
15	15	12	15	14	13	14	2	6	18	2	1
15	15	12	15	14	13	14	3	5	18	2	1
15	15	12	15	14	13	14	4	4	18	2	1
15	15	12	15	14	13	14	6	2	18	2	1
15	15	12	15	14	13	14	7	1	18	2	1
15	15	12	15	14	13	14	8	0	18	2	1
15	15	12	15	14	13	15	0	7	18	2	1
15	15	12	15	14	13	15	1	6	18	2	1
15	15	12	15	14	13	15	2	5	18	2	1
15	15	12	15	14	13	15	3	4	18	2	1
15	15	12	15	14	13	15	5	2	18	2	1
15	15	12	15	14	13	15	6	1	18	2	1
15	15	12	15	14	13	15	7	0	18	2	1
15	15	12	15	15	12	4	3	15	18	2	1
15	15	12	15	15	12	4	4	14	9	1	1
15	15	12	15	15	12	5	2	15	18	2	1
15	15	12	15	15	12	5	3	14	18	2	1
15	15	12	15	15	12	5	4	13	18	2	1
15	15	12	15	15	12	5	5	12	9	1	1
15	15	12	15	15	12	6	2	14	18	2	1
15	15	12	15	15	12	6	3	13	18	2	1
15	15	12	15	15	12	6	4	12	18	2	1
15	15	12	15	15	12	6	5	11	18	2	1
15	15	12	15	15	12	6	6	10	9	1	1
15	15	12	15	15	12	7	0	15	18	2	1
15	15	12	15	15	12	7	2	13	18	2	1
15	15	12	15	15	12	7	3	12	18	2	1
15	15	12	15	15	12	7	4	11	18	2	1
15	15	12	15	15	12	7	5	10	18	2	1
15	15	12	15	15	12	7	6	9	18	2	1
15	15	12	15	15	12	7	7	8	9	1	1
15	15	12	15	15	12	8	0	14	18	2	1
15	15	12	15	15	12	8	1	13	18	2	1
15	15	12	15	15	12	8	2	12	18	2	1
15	15	12	15	15	12	8	3	11	18	2	1
15	15	12	15	15	12	8	4	10	18	2	1
15	15	12	15	15	12	8	5	9	18	2	1
15	15	12	15	15	12	8	6	8	18	2	1
15	15	12	15	15	12	8	7	7	18	2	1
15	15	12	15	15	12	8	8	6	9	1	1
15	15	12	15	15	12	9	0	13	18	2	1
15	15	12	15	15	12	9	1	12	18	2	1
15	15	12	15	15	12	9	2	11	18	2	1
15	15	12	15	15	12	9	3	10	18	2	1
15	15	12	15	15	12	9	4	9	18	2	1
15	15	12	15	15	12	9	5	8	18	2	1
15	15	12	15	15	12	9	6	7	18	2	1
15	15	12	15	15	12	9	7	6	18	2	1
15	15	12	15	15	12	9	8	5	18	2	1
15	15	12	15	15	12	9	9	4	9	1	1
15	15	12	15	15	12	10	0	12	18	2	1
15	15	12	15	15	12	10	1	11	18	2	1
15	15	12	15	15	12	10	2	10	18	2	1
15	15	12	15	15	12	10	3	9	18	2	1
15	15	12	15	15	12	10	4	8	18	2	1
15	15	12	15	15	12	10	5	7	18	2	1
15	15	12	15	15	12	10	6	6	18	2	1
15	15	12	15	15	12	10	7	5	18	2	1
15	15	12	15	15	12	10	8	4	18	2	1
15	15	12	15	15	12	10	9	3	18	2	1
15	15	12	15	15	12	10	10	2	9	1	1
15	15	12	15	15	12	11	0	11	18	2	1
15	15	12	15	15	12	11	1	10	18	2	1
15	15	12	15	15	12	11	2	9	18	2	1
15	15	12	15	15	12	11	3	8	18	2	1
15	15	12	15	15	12	11	4	7	18	2	1
15	15	12	15	15	12	11	5	6	18	2	1
15	15	12	15	15	12	11	6	5	18	2	1
15	15	12	15	15	12	11	7	4	18	2	1
15	15	12	15	15	12	11	8	3	18	2	1
15	15	12	15	15	12	11	9	2	18	2	1
15	15	12	15	15	12	11	10	1	18	2	1
15	15	12	15	15	12	12	0	10	18	2	1
15	15	12	15	15	12	12	1	9	18	2	1
15	15	12	15	15	12	12	2	8	18	2	1
15	15	12	15	15	12	12	3	7	18	2	1
15	15	12	15	15	12	12	4	6	18	2	1
15	15	12	15	15	12	12	5	5	18	2	1
15	15	12	15	15	12	12	6	4	18	2	1
15	15	12	15	15	12	12	7	3	18	2	1
15	15	12	15	15	12	12	8	2	18	2	1
15	15	12	15	15	12	12	9	1	18	2	1
15	15	12	15	15	12	12	10	0	18	2	1
15	15	12	15	15	12	13	0	9	18	2	1
15	15	12	15	15	12	13	1	8	18	2	1
15	15	12	15	15	12	13	2	7	18	2	1
15	15	12	15	15	12	13	3	6	18	2	1
15	15	12	15	15	12	13	4	5	18	2	1
15	15	12	15	15	12	13	5	4	18	2	1
15	15	12	15	15	12	13	6	3	18	2	1
15	15	12	15	15	12	13	7	2	18	2	1
15	15	12	15	15	12	13	8	1	18	2	1
15	15	12	15	15	12	13	9	0	18	2	1
15	15	12	15	15	12	14	0	8	18	2	1
15	15	12	15	15	12	14	1	7	18	2	1
15	15	12	15	15	12	14	2	6	18	2	1
15	15	12	15	15	12	14	3	5	18	2	1
15	15	12	15	15	12	14	5	3	18	2	1
15	15	12	15	15	12	14	6	2	18	2	1
15	15	12	15	15	12	14	7	1	18	2	1
15	15	12	15	15	12	14	8	0	18	2	1
15	15	12	15	15	12	15	0	7	18	2	1
15	15	12	15	15	12	15	1	6	18	2	1
15	15	12	15	15	12	15	2	5	18	2	1
15	15	12	15	15	12	15	4	3	18	2	1
15	15	12	15	15	12	15	5	2	18	2	1
15	15	12	15	15	12	15	6	1	18	2	1
15	15	12	15	15	12	15	7	0	18	2	1
15	15	12	16	14	12	0	11	11	18	2	1
15	15	12	16	14	12	0	12	10	18	2	1
15	15	12	16	14	12	0	13	9	18	2	1
15	15	12	16	14	12	0	14	8	18	2	1
15	15	12	16	14	12	1	10	11	18	2	1
15	15	12	16	14	12	1	11	10	18	2	1
15	15	12	16	14	12	1	12	9	18	2	1
15	15	12	16	14	12	1	13	8	18	2	1
15	15	12	16	14	12	1	14	7	18	2	1
15	15	12	16	14	12	2	9	11	18	2	1
15	15	12	16	14	12	2	10	10	18	2	1
15	15	12	16	14	12	2	11	9	18	2	1
15	15	12	16	14	12	2	12	8	18	2	1
15	15	12	16	14	12	2	13	7	18	2	1
15	15	12	16	14	12	2	14	6	18	2	1
15	15	12	16	14	12	3	8	11	18	2	1
15	15	12	16	14	12	3	9	10	18	2	1
15	15	12	16	14	12	3	10	9	18	2	1
15	15	12	16	14	12	3	11	8	18	2	1
15	15	12	16	14	12	3	12	7	18	2	1
15	15	12	16	14	12	3	13	6	18	2	1
15	15	12	16	14	12	3	14	5	18	2	1
15	15	12	16	14	12	4	7	11	18	2	1
15	15	12	16	14	12	4	8	10	18	2	1
15	15	12	16	14	12	4	9	9	18	2	1
15	15	12	16	14	12	4	10	8	18	2	1
15	15	12	16	14	12	4	11	7	18	2	1
15	15	12	16	14	12	4	12	6	18	2	1
15	15	12	16	14	12	4	13	5	18	2	1
15	15	12	16	14	12	4	14	4	18	2	1
15	15	12	16	14	12	5	6	11	18	2	1
15	15	12	16	14	12	5	7	10	18	2	1
15	15	12	16	14	12	5	8	9	18	2	1
15	15	12	16	14	12	5	9	8	18	2	1
15	15	12	16	14	12	5	10	7	18	2	1
15	15	12	16	14	12	5	11	6	18	2	1
15	15	12	16	14	12	5	12	5	18	2	1
15	15	12	16	14	12	5	13	4	18	2	1
15	15	12	16	14	12	5	14	3	18	2	1
15	15	12	16	14	12	6	5	11	18	2	1
15	15	12	16	14	12	6	6	10	18	2	1
15	15	12	16	14	12	6	7	9	18	2	1
15	15	12	16	14	12	6	8	8	18	2	1
15	15	12	16	14	12	6	9	7	18	2	1
15	15	12	16	14	12	6	10	6	18	2	1
15	15	12	16	14	12	6	11	5	18	2	1
15	15	12	16	14	12	6	12	4	18	2	1
15	15	12	16	14	12	6	13	3	18	2	1
15	15	12	16	14	12	6	14	2	18	2	1
15	15	12	16	14	12	7	4	11	18	2	1
15	15	12	16	14	12	7	5	10	18	2	1
15	15	12	16	14	12	7	6	9	18	2	1
15	15	12	16	14	12	7	7	8	18	2	1
15	15	12	16	14	12	7	8	7	18	2	1
15	15	12	16	14	12	7	9	6	18	2	1
15	15	12	16	14	12	7	10	5	18	2	1
15	15	12	16	14	12	7	11	4	18	2	1
15	15	12	16	14	12	7	12	3	18	2	1
15	15	12	16	14	12	7	13	2	18	2	1
15	15	12	16	14	12	7	14	1	18	2	1
15	15	12	16	14	12	8	3	11	18	2	1
15	15	12	16	14	12	8	4	10	18	2	1
15	15	12	16	14	12	8	5	9	18	2	1
15	15	12	16	14	12	8	6	8	18	2	1
15	15	12	16	14	12	8	7	7	18	2	1
15	15	12	16	14	12	8	8	6	18	2	1
15	15	12	16	14	12	8	9	5	18	2	1
15	15	12	16	14	12	8	10	4	18	2	1
15	15	12	16	14	12	8	11	3	18	2	1
15	15	12	16	14	12	8	12	2	18	2	1
15	15	12	16	14	12	8	13	1	18	2	1
15	15	12	16	14	12	8	14	0	18	2	1
15	15	12	16	14	12	9	2	11	18	2	1
15	15	12	16	14	12	9	3	10	18	2	1
15	15	12	16	14	12	9	4	9	18	2	1
15	15	12	16	14	12	9	5	8	18	2	1
15	15	12	16	14	12	9	6	7	18	2	1
15	15	12	16	14	12	9	7	6	18	2	1
15	15	12	16	14	12	9	8	5	18	2	1
15	15	12	16	14	12	9	9	4	18	2	1
15	15	12	16	14	12	9	10	3	18	2	1
15	15	12	16	14	12	9	11	2	18	2	1
15	15	12	16	14	12	9	12	1	18	2	1
15	15	12	16	14	12	9	13	0	18	2	1
15	15	12	16	14	12	10	1	11	18	2	1
15	15	12	16	14	12	10	2	10	18	2	1
15	15	12	16	14	12	10	3	9	18	2	1
15	15	12	16	14	12	10	4	8	18	2	1
15	15	12	16	14	12	10	5	7	18	2	1
15	15	12	16	14	12	10	6	6	18	2	1
15	15	12	16	14	12	10	7	5	18	2	1
15	15	12	16	14	12	10	8	4	18	2	1
15	15	12	16	14	12	10	9	3	18	2	1
15	15	12	16	14	12	10	10	2	18	2	1
15	15	12	16	14	12	10	11	1	18	2	1
15	15	12	16	14	12	11	0	11	18	2	1
15	15	12	16	14	12	11	1	10	18	2	1
15	15	12	16	14	12	11	2	9	18	2	1
15	15	12	16	14	12	11	3	8	18	2	1
15	15	12	16	14	12	11	4	7	18	2	1
15	15	12	16	14	12	11	5	6	18	2	1
15	15	12	16	14	12	11	6	5	18	2	1
15	15	12	16	14	12	11	7	4	18	2	1
15	15	12	16	14	12	11	8	3	18	2	1
15	15	12	16	14	12	11	9	2	18	2	1
15	15	12	16	14	12	11	10	1	18	2	1
15	15	12	16	14	12	11	11	0	18	2	1
15	15	12	16	15	11	0	11	11	18	2	1
15	15	12	16	15	11	0	12	10	18	2	1
15	15	12	16	15	11	0	13	9	18	2	1
15	15	12	16	15	11	0	14	8	18	2	1
15	15	12	16	15	11	1	10	11	18	2	1
15	15	12	16	15	11	1	11	10	18	2	1
15	15	12	16	15	11	1	12	9	18	2	1
15	15	12	16	15	11	1	13	8	18	2	1
15	15	12	16	15	11	1	14	7	18	2	1
15	15	12	16	15	11	2	9	11	18	2	1
15	15	12	16	15	11	2	10	10	18	2	1
15	15	12	16	15	11	2	11	9	18	2	1
15	15	12	16	15	11	2	12	8	18	2	1
15	15	12	16	15	11	2	13	7	18	2	1
15	15	12	16	15	11	2	14	6	18	2	1
15	15	12	16	15	11	3	8	11	18	2	1
15	15	12	16	15	11	3	9	10	18	2	1
15	15	12	16	15	11	3	10	9	18	2	1
15	15	12	16	15	11	3	11	8	18	2	1
15	15	12	16	15	11	3	12	7	18	2	1
15	15	12	16	15	11	3	13	6	18	2	1
15	15	12	16	15	11	4	7	11	18	2	1
15	15	12	16	15	11	4	8	10	18	2	1
15	15	12	16	15	11	4	9	9	18	2	1
15	15	12	16	15	11	4	10	8	18	2	1
15	15	12	16	15	11	4	11	7	18	2	1
15	15	12	16	15	11	4	12	6	18	2	1
15	15	12	16	15	11	4	13	5	18	2	1
15	15	12	16	15	11	4	14	4	18	2	1
15	15	12	16	15	11	5	6	11	18	2	1
15	15	12	16	15	11	5	7	10	18	2	1
15	15	12	16	15	11	5	8	9	18	2	1
15	15	12	16	15	11	5	9	8	18	2	1
15	15	12	16	15	11	5	10	7	18	2	1
15	15	12	16	15	11	5	11	6	18	2	1
15	15	12	16	15	11	5	12	5	18	2	1
15	15	12	16	15	11	5	13	4	18	2	1
15	15	12	16	15	11	5	14	3	18	2	1
15	15	12	16	15	11	6	5	11	18	2	1
15	15	12	16	15	11	6	6	10	18	2	1
15	15	12	16	15	11	6	7	9	18	2	1
15	15	12	16	15	11	6	8	8	18	2	1
15	15	12	16	15	11	6	9	7	18	2	1
15	15	12	16	15	11	6	10	6	18	2	1
15	15	12	16	15	11	6	11	5	18	2	1
15	15	12	16	15	11	6	12	4	18	2	1
15	15	12	16	15	11	6	13	3	18	2	1
15	15	12	16	15	11	6	14	2	18	2	1
15	15	12	16	15	11	7	4	11	18	2	1
15	15	12	16	15	11	7	5	10	18	2	1
15	15	12	16	15	11	7	6	9	18	2	1
15	15	12	16	15	11	7	7	8	18	2	1
15	15	12	16	15	11	7	8	7	18	2	1
15	15	12	16	15	11	7	9	6	18	2	1
15	15	12	16	15	11	7	10	5	18	2	1
15	15	12	16	15	11	7	11	4	18	2	1
15	15	12	16	15	11	7	12	3	18	2	1
15	15	12	16	15	11	7	13	2	18	2	1
15	15	12	16	15	11	7	14	1	18	2	1
15	15	12	16	15	11	8	3	11	18	2	1
15	15	12	16	15	11	8	4	10	18	2	1
15	15	12	16	15	11	8	5	9	18	2	1
15	15	12	16	15	11	8	6	8	18	2	1
15	15	12	16	15	11	8	7	7	18	2	1
15	15	12	16	15	11	8	8	6	18	2	1
15	15	12	16	15	11	8	9	5	18	2	1
15	15	12	16	15	11	8	10	4	18	2	1
15	15	12	16	15	11	8	11	3	18	2	1
15	15	12	16	15	11	8	12	2	18	2	1
15	15	12	16	15	11	8	13	1	18	2	1
15	15	12	16	15	11	8	14	0	18	2	1
15	15	12	16	15	11	9	2	11	18	2	1
15	15	12	16	15	11	9	3	10	18	2	1
15	15	12	16	15	11	9	4	9	18	2	1
15	15	12	16	15	11	9	5	8	18	2	1
15	15	12	16	15	11	9	6	7	18	2	1
15	15	12	16	15	11	9	7	6	18	2	1
15	15	12	16	15	11	9	8	5	18	2	1
15	15	12	16	15	11	9	9	4	18	2	1
15	15	12	16	15	11	9	10	3	18	2	1
15	15	12	16	15	11	9	11	2	18	2	1
15	15	12	16	15	11	9	12	1	18	2	1
15	15	12	16	15	11	9	13	0	18	2	1
15	15	12	16	15	11	10	1	11	18	2	1
15	15	12	16	15	11	10	2	10	18	2	1
15	15	12	16	15	11	10	3	9	18	2	1
15	15	12	16	15	11	10	4	8	18	2	1
15	15	12	16	15	11	10	5	7	18	2	1
15	15	12	16	15	11	10	6	6	18	2	1
15	15	12	16	15	11	10	7	5	18	2	1
15	15	12	16	15	11	10	8	4	18	2	1
15	15	12	16	15	11	10	9	3	18	2	1
15	15	12	16	15	11	10	10	2	18	2	1
15	15	12	16	15	11	11	0	11	18	2	1
15	15	12	16	15	11	11	1	10	18	2	1
15	15	12	16	15	11	11	2	9	18	2	1
15	15	12	16	15	11	11	3	8	18	2	1
15	15	12	16	15	11	11	4	7	18	2	1
15	15	12	16	15	11	11	5	6	18	2	1
15	15	12	16	15	11	11	6	5	18	2	1
15	15	12	16	15	11	11	7	4	18	2	1
15	15	12	16	15	11	11	8	3	18	2	1
15	15	12	16	15	11	11	9	2	18	2	1
15	15	12	16	15	11	11	10	1	18	2	1
15	15	12	17	16	9	2	11	9	18	2	1
15	15	12	17	16	9	3	10	9	18	2	1
15	15	12	17	16	9	3	11	8	18	2	1
15	15	12	17	16	9	4	9	9	18	2	1
15	15	12	17	16	9	4	10	8	18	2	1
15	15	12	17	16	9	4	11	7	18	2	1
15	15	12	17	16	9	5	8	9	18	2	1
15	15	12	17	16	9	5	9	8	18	2	1
15	15	12	17	16	9	5	10	7	18	2	1
15	15	12	17	16	9	5	11	6	18	2	1
15	15	12	17	16	9	6	7	9	18	2	1
15	15	12	17	16	9	6	8	8	18	2	1
15	15	12	17	16	9	6	9	7	18	2	1
15	15	12	17	16	9	6	10	6	18	2	1
15	15	12	17	16	9	6	11	5	18	2	1
15	15	12	17	16	9	7	6	9	18	2	1
15	15	12	17	16	9	7	7	8	18	2	1
15	15	12	17	16	9	7	8	7	18	2	1
15	15	12	17	16	9	7	9	6	18	2	1
15	15	12	17	16	9	7	10	5	18	2	1
15	15	12	17	16	9	7	11	4	18	2	1
15	15	12	17	16	9	8	5	9	18	2	1
15	15	12	17	16	9	8	6	8	18	2	1
15	15	12	17	16	9	8	7	7	18	2	1
15	15	12	17	16	9	8	8	6	18	2	1
15	15	12	17	16	9	8	9	5	18	2	1
15	15	12	17	16	9	8	10	4	18	2	1
15	15	12	17	16	9	8	11	3	18	2	1
15	15	12	17	16	9	9	4	9	18	2	1
15	15	12	17	16	9	9	5	8	18	2	1
15	15	12	17	16	9	9	6	7	18	2	1
15	15	12	17	16	9	9	7	6	18	2	1
15	15	12	17	16	9	9	8	5	18	2	1
15	15	12	17	16	9	9	9	4	18	2	1
15	15	12	17	17	8	7	6	9	18	2	1
15	15	12	17	17	8	7	7	8	9	1	1
15	15	12	17	17	8	8	5	9	18	2	1
15	15	12	17	17	8	8	6	8	18	2	1
15	15	12	17	17	8	8	7	7	18	2	1
15	15	12	17	17	8	8	8	6	9	1	1
15	15	12	17	17	8	9	4	9	18	2	1
15	15	12	17	17	8	9	5	8	18	2	1
15	15	12	17	17	8	9	6	7	18	2	1
15	15	12	17	17	8	9	7	6	18	2	1
15	15	12	17	17	8	9	8	5	18	2	1
15	15	12	18	12	12	5	12	5	9	1	1
15	15	12	18	12	12	6	10	6	9	1	1
15	15	12	18	12	12	6	11	5	18	2	1
15	15	12	18	12	12	6	12	4	18	2	1
15	15	12	18	12	12	7	8	7	9	1	1
15	15	12	18	12	12	7	9	6	18	2	1
15	15	12	18	12	12	7	10	5	18	2	1
15	15	12	18	12	12	7	11	4	18	2	1
15	15	12	18	12	12	7	12	3	18	2	1
15	15	12	18	12	12	8	6	8	9	1	1
15	15	12	18	12	12	8	7	7	18	2	1
15	15	12	18	12	12	8	8	6	18	2	1
15	15	12	18	12	12	8	9	5	18	2	1
15	15	12	18	12	12	8	10	4	18	2	1
15	15	12	18	12	12	8	11	3	18	2	1
15	15	12	18	12	12	8	12	2	18	2	1
15	15	12	18	12	12	9	4	9	9	1	1
15	15	12	18	12	12	9	5	8	18	2	1
15	15	12	18	12	12	9	6	7	18	2	1
15	15	12	18	12	12	9	7	6	18	2	1
15	15	12	18	12	12	9	8	5	18	2	1
15	15	12	18	12	12	9	9	4	18	2	1
15	15	12	18	12	12	9	10	3	18	2	1
15	15	12	18	12	12	9	11	2	18	2	1
15	15	12	18	12	12	9	12	1	18	2	1
15	15	12	18	15	9	1	12	9	18	2	1
15	15	12	18	15	9	2	11	9	18	2	1
15	15	12	18	15	9	2	12	8	18	2	1
15	15	12	18	15	9	3	10	9	18	2	1
15	15	12	18	15	9	3	11	8	18	2	1
15	15	12	18	15	9	3	12	7	18	2	1
15	15	12	18	15	9	4	9	9	18	2	1
15	15	12	18	15	9	4	10	8	18	2	1
15	15	12	18	15	9	4	11	7	18	2	1
15	15	12	18	15	9	4	12	6	18	2	1
15	15	12	18	15	9	5	8	9	18	2	1
15	15	12	18	15	9	5	9	8	18	2	1
15	15	12	18	15	9	5	10	7	18	2	1
15	15	12	18	15	9	5	11	6	18	2	1
15	15	12	18	15	9	5	12	5	18	2	1
15	15	12	18	15	9	6	7	9	18	2	1
15	15	12	18	15	9	6	8	8	18	2	1
15	15	12	18	15	9	6	9	7	18	2	1
15	15	12	18	15	9	6	10	6	18	2	1
15	15	12	18	15	9	6	11	5	18	2	1
15	15	12	18	15	9	6	12	4	18	2	1
15	15	12	18	15	9	7	6	9	18	2	1
15	15	12	18	15	9	7	7	8	18	2	1
15	15	12	18	15	9	7	8	7	18	2	1
15	15	12	18	15	9	7	9	6	18	2	1
15	15	12	18	15	9	7	10	5	18	2	1
15	15	12	18	15	9	7	11	4	18	2	1
15	15	12	18	15	9	7	12	3	18	2	1
15	15	12	18	15	9	8	5	9	18	2	1
15	15	12	18	15	9	8	6	8	18	2	1
15	15	12	18	15	9	8	7	7	18	2	1
15	15	12	18	15	9	8	8	6	18	2	1
15	15	12	18	15	9	8	9	5	18	2	1
15	15	12	18	15	9	8	10	4	18	2	1
15	15	12	18	15	9	9	4	9	18	2	1
15	15	12	18	15	9	9	5	8	18	2	1
15	15	12	18	15	9	9	6	7	18	2	1
15	15	12	18	15	9	9	7	6	18	2	1
15	15	12	18	15	9	9	8	5	18	2	1
15	15	12	18	15	9	9	9	4	18	2	1
15	15	12	18	15	9	9	10	3	18	2	1
15	15	12	18	15	9	9	12	1	18	2	1
15	15	12	18	16	8	2	11	9	18	2	1
15	15	12	18	16	8	3	10	9	18	2	1
15	15	12	18	16	8	3	11	8	18	2	1
15	15	12	18	16	8	4	9	9	18	2	1
15	15	12	18	16	8	4	10	8	18	2	1
15	15	12	18	16	8	4	11	7	18	2	1
15	15	12	18	16	8	5	8	9	18	2	1
15	15	12	18	16	8	5	9	8	18	2	1
15	15	12	18	16	8	5	10	7	18	2	1
15	15	12	18	16	8	5	11	6	18	2	1
15	15	12	18	16	8	6	7	9	18	2	1
15	15	12	18	16	8	6	8	8	18	2	1
15	15	12	18	16	8	6	9	7	18	2	1
15	15	12	18	16	8	6	10	6	18	2	1
15	15	12	18	16	8	6	11	5	18	2	1
15	15	12	18	16	8	7	6	9	18	2	1
15	15	12	18	16	8	7	7	8	18	2	1
15	15	12	18	16	8	7	8	7	18	2	1
15	15	12	18	16	8	7	9	6	18	2	1
15	15	12	18	16	8	7	10	5	18	2	1
15	15	12	18	16	8	7	11	4	18	2	1
15	15	12	18	16	8	8	5	9	18	2	1
15	15	12	18	16	8	8	6	8	18	2	1
15	15	12	18	16	8	8	7	7	18	2	1
15	15	12	18	16	8	8	8	6	18	2	1
15	15	12	18	16	8	8	9	5	18	2	1
15	15	12	18	16	8	9	4	9	18	2	1
15	15	12	18	16	8	9	5	8	18	2	1
15	15	12	18	16	8	9	6	7	18	2	1
15	15	12	18	16	8	9	7	6	18	2	1
15	15	12	18	16	8	9	8	5	18	2	1
15	15	12	18	16	8	9	9	4	18	2	1
15	15	12	18	16	8	9	11	2	18	2	1
15	15	12	18	17	7	4	9	9	18	2	1
15	15	12	18	17	7	5	8	9	18	2	1
15	15	12	18	17	7	5	9	8	18	2	1
15	15	12	18	17	7	6	7	9	18	2	1
15	15	12	18	17	7	6	8	8	18	2	1
15	15	12	18	17	7	6	9	7	18	2	1
15	15	12	18	17	7	7	6	9	18	2	1
15	15	12	18	17	7	7	7	8	18	2	1
15	15	12	18	17	7	7	8	7	18	2	1
15	15	12	18	17	7	7	9	6	18	2	1
15	15	12	18	17	7	8	5	9	18	2	1
15	15	12	18	17	7	8	6	8	18	2	1
15	15	12	18	17	7	8	7	7	18	2	1
15	15	12	18	17	7	8	8	6	18	2	1
15	15	12	18	17	7	9	4	9	18	2	1
15	15	12	18	17	7	9	5	8	18	2	1
15	15	12	18	17	7	9	6	7	18	2	1
15	15	12	18	17	7	9	7	6	18	2	1
15	15	12	18	17	7	9	8	5	18	2	1
15	15	12	18	18	6	7	6	9	18	2	1
15	15	12	18	18	6	7	7	8	9	1	1
15	15	12	18	18	6	8	5	9	18	2	1
15	15	12	18	18	6	8	6	8	18	2	1
15	15	12	18	18	6	8	7	7	18	2	1
15	15	12	18	18	6	9	4	9	18	2	1
15	15	12	18	18	6	9	5	8	18	2	1
15	15	12	18	18	6	9	6	7	18	2	1
15	15	12	18	18	6	9	7	6	18	2	1
15	15	12	18	18	6	9	9	4	9	1	1
16	14	12	14	14	14	8	7	7	18	3	1
16	14	12	14	14	14	8	8	6	18	3	1
16	14	12	14	14	14	9	5	8	18	3	1
16	14	12	14	14	14	9	6	7	18	3	1
16	14	12	14	14	14	9	7	6	18	3	1
16	14	12	14	14	14	9	8	5	18	3	1
16	14	12	14	14	14	9	9	4	18	3	1
16	14	12	14	14	14	10	3	9	18	3	1
16	14	12	14	14	14	10	4	8	18	3	1
16	14	12	14	14	14	10	5	7	18	3	1
16	14	12	14	14	14	10	6	6	18	3	1
16	14	12	14	14	14	10	7	5	18	3	1
16	14	12	14	14	14	10	8	4	18	3	1
16	14	12	14	14	14	10	9	3	18	3	1
16	14	12	14	14	14	10	10	2	18	3	1
16	14	12	14	14	14	11	1	10	18	3	1
16	14	12	14	14	14	11	2	9	18	3	1
16	14	12	14	14	14	11	3	8	18	3	1
16	14	12	14	14	14	11	4	7	18	3	1
16	14	12	14	14	14	11	5	6	18	3	1
16	14	12	14	14	14	11	6	5	18	3	1
16	14	12	14	14	14	11	7	4	18	3	1
16	14	12	14	14	14	11	8	3	18	3	1
16	14	12	14	14	14	11	9	2	18	3	1
16	14	12	14	14	14	11	10	1	18	3	1
16	14	12	14	14	14	11	11	0	18	3	1
16	14	12	14	14	14	12	0	10	18	3	1
16	14	12	14	14	14	12	1	9	18	3	1
16	14	12	14	14	14	12	2	8	18	3	1
16	14	12	14	14	14	12	3	7	18	3	1
16	14	12	14	14	14	12	4	6	18	3	1
16	14	12	14	14	14	12	5	5	18	3	1
16	14	12	14	14	14	12	6	4	18	3	1
16	14	12	14	14	14	12	7	3	18	3	1
16	14	12	14	14	14	12	8	2	18	3	1
16	14	12	14	14	14	12	9	1	18	3	1
16	14	12	14	14	14	12	10	0	18	3	1
16	14	12	15	13	14	0	10	12	18	1	1
16	14	12	15	13	14	0	11	11	18	1	1
16	14	12	15	13	14	0	12	10	18	1	1
16	14	12	15	13	14	1	9	12	18	1	1
16	14	12	15	13	14	1	10	11	18	1	1
16	14	12	15	13	14	1	11	10	18	1	1
16	14	12	15	13	14	1	12	9	18	1	1
16	14	12	15	13	14	2	8	12	18	1	1
16	14	12	15	13	14	2	9	11	18	1	1
16	14	12	15	13	14	2	10	10	18	1	1
16	14	12	15	13	14	2	11	9	18	1	1
16	14	12	15	13	14	2	12	8	18	1	1
16	14	12	15	13	14	3	7	12	18	1	1
16	14	12	15	13	14	3	8	11	18	1	1
16	14	12	15	13	14	3	9	10	18	1	1
16	14	12	15	13	14	3	10	9	18	1	1
16	14	12	15	13	14	3	11	8	18	1	1
16	14	12	15	13	14	3	12	7	18	1	1
16	14	12	15	13	14	4	6	12	18	1	1
16	14	12	15	13	14	4	7	11	18	1	1
16	14	12	15	13	14	4	8	10	18	1	1
16	14	12	15	13	14	4	9	9	18	1	1
16	14	12	15	13	14	4	10	8	18	1	1
16	14	12	15	13	14	4	11	7	18	1	1
16	14	12	15	13	14	4	12	6	18	1	1
16	14	12	15	13	14	5	5	12	18	1	1
16	14	12	15	13	14	5	6	11	18	1	1
16	14	12	15	13	14	5	7	10	18	1	1
16	14	12	15	13	14	5	8	9	18	1	1
16	14	12	15	13	14	5	9	8	18	1	1
16	14	12	15	13	14	5	10	7	18	1	1
16	14	12	15	13	14	5	11	6	18	1	1
16	14	12	15	13	14	5	12	5	18	1	1
16	14	12	15	13	14	6	4	12	18	1	1
16	14	12	15	13	14	6	5	11	18	1	1
16	14	12	15	13	14	6	6	10	18	1	1
16	14	12	15	13	14	6	7	9	18	1	1
16	14	12	15	13	14	6	8	8	18	1	1
16	14	12	15	13	14	6	9	7	18	1	1
16	14	12	15	13	14	6	10	6	18	1	1
16	14	12	15	13	14	6	11	5	18	1	1
16	14	12	15	13	14	6	12	4	18	1	1
16	14	12	15	13	14	7	3	12	18	1	1
16	14	12	15	13	14	7	4	11	18	1	1
16	14	12	15	13	14	7	5	10	18	1	1
16	14	12	15	13	14	7	6	9	18	1	1
16	14	12	15	13	14	7	7	8	18	1	1
16	14	12	15	13	14	7	8	7	18	1	1
16	14	12	15	13	14	7	9	6	18	1	1
16	14	12	15	13	14	7	10	5	18	1	1
16	14	12	15	13	14	7	11	4	18	1	1
16	14	12	15	13	14	7	12	3	18	1	1
16	14	12	15	13	14	8	2	12	18	1	1
16	14	12	15	13	14	8	3	11	18	1	1
16	14	12	15	13	14	8	4	10	18	1	1
16	14	12	15	13	14	8	5	9	18	1	1
16	14	12	15	13	14	8	6	8	18	1	1
16	14	12	15	13	14	8	7	7	18	1	1
16	14	12	15	13	14	8	8	6	18	1	1
16	14	12	15	13	14	8	9	5	18	1	1
16	14	12	15	13	14	8	10	4	18	1	1
16	14	12	15	13	14	8	11	3	18	1	1
16	14	12	15	13	14	8	12	2	18	1	1
16	14	12	15	13	14	9	1	12	18	1	1
16	14	12	15	13	14	9	2	11	18	1	1
16	14	12	15	13	14	9	3	10	18	1	1
16	14	12	15	13	14	9	4	9	18	1	1
16	14	12	15	13	14	9	5	8	18	1	1
16	14	12	15	13	14	9	6	7	18	1	1
16	14	12	15	13	14	9	7	6	18	1	1
16	14	12	15	13	14	9	8	5	18	1	1
16	14	12	15	13	14	9	9	4	18	1	1
16	14	12	15	13	14	9	10	3	18	1	1
16	14	12	15	13	14	9	11	2	18	1	1
16	14	12	15	13	14	9	12	1	18	1	1
16	14	12	15	13	14	10	0	12	18	1	1
16	14	12	15	13	14	10	1	11	18	1	1
16	14	12	15	13	14	10	2	10	18	1	1
16	14	12	15	13	14	10	3	9	18	1	1
16	14	12	15	13	14	10	4	8	18	1	1
16	14	12	15	13	14	10	5	7	18	1	1
16	14	12	15	13	14	10	6	6	18	1	1
16	14	12	15	13	14	10	7	5	18	1	1
16	14	12	15	13	14	10	8	4	18	1	1
16	14	12	15	13	14	10	9	3	18	1	1
16	14	12	15	13	14	10	10	2	18	1	1
16	14	12	15	13	14	10	11	1	18	1	1
16	14	12	15	13	14	10	12	0	18	1	1
16	14	12	15	13	14	11	0	11	18	1	1
16	14	12	15	13	14	11	1	10	18	1	1
16	14	12	15	13	14	11	2	9	18	1	1
16	14	12	15	13	14	11	3	8	18	1	1
16	14	12	15	13	14	11	4	7	18	1	1
16	14	12	15	13	14	11	5	6	18	1	1
16	14	12	15	13	14	11	6	5	18	1	1
16	14	12	15	13	14	11	7	4	18	1	1
16	14	12	15	13	14	11	8	3	18	1	1
16	14	12	15	13	14	11	9	2	18	1	1
16	14	12	15	13	14	11	10	1	18	1	1
16	14	12	15	13	14	11	11	0	18	1	1
16	14	12	15	14	13	0	10	12	18	1	1
16	14	12	15	14	13	0	11	11	18	1	1
16	14	12	15	14	13	0	12	10	18	1	1
16	14	12	15	14	13	1	9	12	18	1	1
16	14	12	15	14	13	1	10	11	18	1	1
16	14	12	15	14	13	1	11	10	18	1	1
16	14	12	15	14	13	1	12	9	18	1	1
16	14	12	15	14	13	2	8	12	18	1	1
16	14	12	15	14	13	2	9	11	18	1	1
16	14	12	15	14	13	2	10	10	18	1	1
16	14	12	15	14	13	2	11	9	18	1	1
16	14	12	15	14	13	2	12	8	18	1	1
16	14	12	15	14	13	3	7	12	18	1	1
16	14	12	15	14	13	3	8	11	18	1	1
16	14	12	15	14	13	3	9	10	18	1	1
16	14	12	15	14	13	3	10	9	18	1	1
16	14	12	15	14	13	3	11	8	18	1	1
16	14	12	15	14	13	3	12	7	18	1	1
16	14	12	15	14	13	4	6	12	18	1	1
16	14	12	15	14	13	4	7	11	18	1	1
16	14	12	15	14	13	4	8	10	18	1	1
16	14	12	15	14	13	4	9	9	18	1	1
16	14	12	15	14	13	4	10	8	18	1	1
16	14	12	15	14	13	4	11	7	18	1	1
16	14	12	15	14	13	4	12	6	18	1	1
16	14	12	15	14	13	5	5	12	18	1	1
16	14	12	15	14	13	5	6	11	18	1	1
16	14	12	15	14	13	5	7	10	18	1	1
16	14	12	15	14	13	5	8	9	18	1	1
16	14	12	15	14	13	5	9	8	18	1	1
16	14	12	15	14	13	5	10	7	18	1	1
16	14	12	15	14	13	5	11	6	18	1	1
16	14	12	15	14	13	5	12	5	18	1	1
16	14	12	15	14	13	6	4	12	18	1	1
16	14	12	15	14	13	6	5	11	18	1	1
16	14	12	15	14	13	6	6	10	18	1	1
16	14	12	15	14	13	6	7	9	18	1	1
16	14	12	15	14	13	6	8	8	18	1	1
16	14	12	15	14	13	6	9	7	18	1	1
16	14	12	15	14	13	6	10	6	18	1	1
16	14	12	15	14	13	6	11	5	18	1	1
16	14	12	15	14	13	6	12	4	18	1	1
16	14	12	15	14	13	7	3	12	18	1	1
16	14	12	15	14	13	7	4	11	18	1	1
16	14	12	15	14	13	7	5	10	18	1	1
16	14	12	15	14	13	7	6	9	18	1	1
16	14	12	15	14	13	7	7	8	18	1	1
16	14	12	15	14	13	7	8	7	18	1	1
16	14	12	15	14	13	7	9	6	18	1	1
16	14	12	15	14	13	7	10	5	18	1	1
16	14	12	15	14	13	7	11	4	18	1	1
16	14	12	15	14	13	7	12	3	18	1	1
16	14	12	15	14	13	8	2	12	18	1	1
16	14	12	15	14	13	8	3	11	18	1	1
16	14	12	15	14	13	8	4	10	18	1	1
16	14	12	15	14	13	8	5	9	18	1	1
16	14	12	15	14	13	8	6	8	18	1	1
16	14	12	15	14	13	8	7	7	18	1	1
16	14	12	15	14	13	8	8	6	18	1	1
16	14	12	15	14	13	8	9	5	18	1	1
16	14	12	15	14	13	8	10	4	18	1	1
16	14	12	15	14	13	8	11	3	18	1	1
16	14	12	15	14	13	8	12	2	18	1	1
16	14	12	15	14	13	9	1	12	18	1	1
16	14	12	15	14	13	9	2	11	18	1	1
16	14	12	15	14	13	9	3	10	18	1	1
16	14	12	15	14	13	9	4	9	18	1	1
16	14	12	15	14	13	9	5	8	18	1	1
16	14	12	15	14	13	9	6	7	18	1	1
16	14	12	15	14	13	9	7	6	18	1	1
16	14	12	15	14	13	9	8	5	18	1	1
16	14	12	15	14	13	9	9	4	18	1	1
16	14	12	15	14	13	9	10	3	18	1	1
16	14	12	15	14	13	9	11	2	18	1	1
16	14	12	15	14	13	9	12	1	18	1	1
16	14	12	15	14	13	10	0	12	18	1	1
16	14	12	15	14	13	10	1	11	18	1	1
16	14	12	15	14	13	10	2	10	18	1	1
16	14	12	15	14	13	10	3	9	18	1	1
16	14	12	15	14	13	10	4	8	18	1	1
16	14	12	15	14	13	10	5	7	18	1	1
16	14	12	15	14	13	10	6	6	18	1	1
16	14	12	15	14	13	10	7	5	18	1	1
16	14	12	15	14	13	10	8	4	18	1	1
16	14	12	15	14	13	10	9	3	18	1	1
16	14	12	15	14	13	10	10	2	18	1	1
16	14	12	15	14	13	10	11	1	18	1	1
16	14	12	15	14	13	10	12	0	18	1	1
16	14	12	15	14	13	11	0	11	18	1	1
16	14	12	15	14	13	11	1	10	18	1	1
16	14	12	15	14	13	11	2	9	18	1	1
16	14	12	15	14	13	11	3	8	18	1	1
16	14	12	15	14	13	11	4	7	18	1	1
16	14	12	15	14	13	11	5	6	18	1	1
16	14	12	15	14	13	11	6	5	18	1	1
16	14	12	15	14	13	11	7	4	18	1	1
16	14	12	15	14	13	11	8	3	18	1	1
16	14	12	15	14	13	11	9	2	18	1	1
16	14	12	15	14	13	11	10	1	18	1	1
16	14	12	15	14	13	11	11	0	18	1	1
16	14	12	15	15	12	0	11	11	18	1	1
16	14	12	15	15	12	0	12	10	18	1	1
16	14	12	15	15	12	0	13	9	18	1	1
16	14	12	15	15	12	0	14	8	18	1	1
16	14	12	15	15	12	1	10	11	18	1	1
16	14	12	15	15	12	1	11	10	18	1	1
16	14	12	15	15	12	1	12	9	18	1	1
16	14	12	15	15	12	1	13	8	18	1	1
16	14	12	15	15	12	1	14	7	18	1	1
16	14	12	15	15	12	2	9	11	18	1	1
16	14	12	15	15	12	2	10	10	18	1	1
16	14	12	15	15	12	2	11	9	18	1	1
16	14	12	15	15	12	2	12	8	18	1	1
16	14	12	15	15	12	2	13	7	18	1	1
16	14	12	15	15	12	2	14	6	18	1	1
16	14	12	15	15	12	3	8	11	18	1	1
16	14	12	15	15	12	3	9	10	18	1	1
16	14	12	15	15	12	3	10	9	18	1	1
16	14	12	15	15	12	3	11	8	18	1	1
16	14	12	15	15	12	3	12	7	18	1	1
16	14	12	15	15	12	3	13	6	18	1	1
16	14	12	15	15	12	3	14	5	18	1	1
16	14	12	15	15	12	4	7	11	18	1	1
16	14	12	15	15	12	4	8	10	18	1	1
16	14	12	15	15	12	4	9	9	18	1	1
16	14	12	15	15	12	4	10	8	18	1	1
16	14	12	15	15	12	4	11	7	18	1	1
16	14	12	15	15	12	4	12	6	18	1	1
16	14	12	15	15	12	4	13	5	18	1	1
16	14	12	15	15	12	4	14	4	18	1	1
16	14	12	15	15	12	5	6	11	18	1	1
16	14	12	15	15	12	5	7	10	18	1	1
16	14	12	15	15	12	5	8	9	18	1	1
16	14	12	15	15	12	5	9	8	18	1	1
16	14	12	15	15	12	5	10	7	18	1	1
16	14	12	15	15	12	5	11	6	18	1	1
16	14	12	15	15	12	5	12	5	18	1	1
16	14	12	15	15	12	5	13	4	18	1	1
16	14	12	15	15	12	5	14	3	18	1	1
16	14	12	15	15	12	6	5	11	18	1	1
16	14	12	15	15	12	6	6	10	18	1	1
16	14	12	15	15	12	6	7	9	18	1	1
16	14	12	15	15	12	6	8	8	18	1	1
16	14	12	15	15	12	6	9	7	18	1	1
16	14	12	15	15	12	6	10	6	18	1	1
16	14	12	15	15	12	6	11	5	18	1	1
16	14	12	15	15	12	6	12	4	18	1	1
16	14	12	15	15	12	6	13	3	18	1	1
16	14	12	15	15	12	6	14	2	18	1	1
16	14	12	15	15	12	7	4	11	18	1	1
16	14	12	15	15	12	7	5	10	18	1	1
16	14	12	15	15	12	7	6	9	18	1	1
16	14	12	15	15	12	7	7	8	18	1	1
16	14	12	15	15	12	7	8	7	18	1	1
16	14	12	15	15	12	7	9	6	18	1	1
16	14	12	15	15	12	7	10	5	18	1	1
16	14	12	15	15	12	7	11	4	18	1	1
16	14	12	15	15	12	7	12	3	18	1	1
16	14	12	15	15	12	7	13	2	18	1	1
16	14	12	15	15	12	7	14	1	18	1	1
16	14	12	15	15	12	8	3	11	18	1	1
16	14	12	15	15	12	8	4	10	18	1	1
16	14	12	15	15	12	8	5	9	18	1	1
16	14	12	15	15	12	8	6	8	18	1	1
16	14	12	15	15	12	8	7	7	18	1	1
16	14	12	15	15	12	8	8	6	18	1	1
16	14	12	15	15	12	8	9	5	18	1	1
16	14	12	15	15	12	8	10	4	18	1	1
16	14	12	15	15	12	8	11	3	18	1	1
16	14	12	15	15	12	8	12	2	18	1	1
16	14	12	15	15	12	8	13	1	18	1	1
16	14	12	15	15	12	8	14	0	18	1	1
16	14	12	15	15	12	9	2	11	18	1	1
16	14	12	15	15	12	9	3	10	18	1	1
16	14	12	15	15	12	9	4	9	18	1	1
16	14	12	15	15	12	9	5	8	18	1	1
16	14	12	15	15	12	9	6	7	18	1	1
16	14	12	15	15	12	9	7	6	18	1	1
16	14	12	15	15	12	9	8	5	18	1	1
16	14	12	15	15	12	9	9	4	18	1	1
16	14	12	15	15	12	9	10	3	18	1	1
16	14	12	15	15	12	9	11	2	18	1	1
16	14	12	15	15	12	9	12	1	18	1	1
16	14	12	15	15	12	9	13	0	18	1	1
16	14	12	15	15	12	10	1	11	18	1	1
16	14	12	15	15	12	10	2	10	18	1	1
16	14	12	15	15	12	10	3	9	18	1	1
16	14	12	15	15	12	10	4	8	18	1	1
16	14	12	15	15	12	10	5	7	18	1	1
16	14	12	15	15	12	10	6	6	18	1	1
16	14	12	15	15	12	10	7	5	18	1	1
16	14	12	15	15	12	10	8	4	18	1	1
16	14	12	15	15	12	10	9	3	18	1	1
16	14	12	15	15	12	10	10	2	18	1	1
16	14	12	15	15	12	10	11	1	18	1	1
16	14	12	15	15	12	11	0	11	18	1	1
16	14	12	15	15	12	11	1	10	18	1	1
16	14	12	15	15	12	11	2	9	18	1	1
16	14	12	15	15	12	11	3	8	18	1	1
16	14	12	15	15	12	11	4	7	18	1	1
16	14	12	15	15	12	11	5	6	18	1	1
16	14	12	15	15	12	11	6	5	18	1	1
16	14	12	15	15	12	11	7	4	18	1	1
16	14	12	15	15	12	11	8	3	18	1	1
16	14	12	15	15	12	11	9	2	18	1	1
16	14	12	15	15	12	11	10	1	18	1	1
16	14	12	15	15	12	11	11	0	18	1	1
16	14	12	16	11	15	1	9	12	18	1	1
16	14	12	16	11	15	1	11	10	18	1	1
16	14	12	16	11	15	2	8	12	18	1	1
16	14	12	16	11	15	2	9	11	18	1	1
16	14	12	16	11	15	2	10	10	18	1	1
16	14	12	16	11	15	2	11	9	18	1	1
16	14	12	16	11	15	3	7	12	18	1	1
16	14	12	16	11	15	3	8	11	18	1	1
16	14	12	16	11	15	3	9	10	18	1	1
16	14	12	16	11	15	3	10	9	18	1	1
16	14	12	16	11	15	3	11	8	18	1	1
16	14	12	16	11	15	4	6	12	18	1	1
16	14	12	16	11	15	4	7	11	18	1	1
16	14	12	16	11	15	4	8	10	18	1	1
16	14	12	16	11	15	4	9	9	18	1	1
16	14	12	16	11	15	4	10	8	18	1	1
16	14	12	16	11	15	4	11	7	18	1	1
16	14	12	16	11	15	5	5	12	18	1	1
16	14	12	16	11	15	5	6	11	18	1	1
16	14	12	16	11	15	5	7	10	18	1	1
16	14	12	16	11	15	5	8	9	18	1	1
16	14	12	16	11	15	5	9	8	18	1	1
16	14	12	16	11	15	5	10	7	18	1	1
16	14	12	16	11	15	5	11	6	18	1	1
16	14	12	16	11	15	6	4	12	18	1	1
16	14	12	16	11	15	6	5	11	18	1	1
16	14	12	16	11	15	6	6	10	18	1	1
16	14	12	16	11	15	6	7	9	18	1	1
16	14	12	16	11	15	6	8	8	18	1	1
16	14	12	16	11	15	6	9	7	18	1	1
16	14	12	16	11	15	6	10	6	18	1	1
16	14	12	16	11	15	6	11	5	18	1	1
16	14	12	16	11	15	7	3	12	18	1	1
16	14	12	16	11	15	7	4	11	18	1	1
16	14	12	16	11	15	7	5	10	18	1	1
16	14	12	16	11	15	7	6	9	18	1	1
16	14	12	16	11	15	7	7	8	18	1	1
16	14	12	16	11	15	7	8	7	18	1	1
16	14	12	16	11	15	7	9	6	18	1	1
16	14	12	16	11	15	7	10	5	18	1	1
16	14	12	16	11	15	7	11	4	18	1	1
16	14	12	16	11	15	8	2	12	18	1	1
16	14	12	16	11	15	8	3	11	18	1	1
16	14	12	16	11	15	8	4	10	18	1	1
16	14	12	16	11	15	8	5	9	18	1	1
16	14	12	16	11	15	8	6	8	18	1	1
16	14	12	16	11	15	8	7	7	18	1	1
16	14	12	16	11	15	8	8	6	18	1	1
16	14	12	16	11	15	8	9	5	18	1	1
16	14	12	16	11	15	8	10	4	18	1	1
16	14	12	16	11	15	8	11	3	18	1	1
16	14	12	16	11	15	9	1	12	18	1	1
16	14	12	16	11	15	9	2	11	18	1	1
16	14	12	16	11	15	9	3	10	18	1	1
16	14	12	16	11	15	9	4	9	18	1	1
16	14	12	16	11	15	9	5	8	18	1	1
16	14	12	16	11	15	9	6	7	18	1	1
16	14	12	16	11	15	9	7	6	18	1	1
16	14	12	16	11	15	9	8	5	18	1	1
16	14	12	16	11	15	9	9	4	18	1	1
16	14	12	16	11	15	9	10	3	18	1	1
16	14	12	16	11	15	9	11	2	18	1	1
16	14	12	16	12	14	0	10	12	18	1	1
16	14	12	16	12	14	0	12	10	18	1	1
16	14	12	16	12	14	1	9	12	18	1	1
16	14	12	16	12	14	1	10	11	18	1	1
16	14	12	16	12	14	1	11	10	18	1	1
16	14	12	16	12	14	1	12	9	18	1	1
16	14	12	16	12	14	2	8	12	18	1	1
16	14	12	16	12	14	2	9	11	18	1	1
16	14	12	16	12	14	2	10	10	18	1	1
16	14	12	16	12	14	2	11	9	18	1	1
16	14	12	16	12	14	2	12	8	18	1	1
16	14	12	16	12	14	3	7	12	18	1	1
16	14	12	16	12	14	3	8	11	18	1	1
16	14	12	16	12	14	3	9	10	18	1	1
16	14	12	16	12	14	3	10	9	18	1	1
16	14	12	16	12	14	3	11	8	18	1	1
16	14	12	16	12	14	3	12	7	18	1	1
16	14	12	16	12	14	4	6	12	18	1	1
16	14	12	16	12	14	4	7	11	18	1	1
16	14	12	16	12	14	4	8	10	18	1	1
16	14	12	16	12	14	4	9	9	18	1	1
16	14	12	16	12	14	4	10	8	18	1	1
16	14	12	16	12	14	4	11	7	18	1	1
16	14	12	16	12	14	4	12	6	18	1	1
16	14	12	16	12	14	5	5	12	18	1	1
16	14	12	16	12	14	5	6	11	18	1	1
16	14	12	16	12	14	5	7	10	18	1	1
16	14	12	16	12	14	5	8	9	18	1	1
16	14	12	16	12	14	5	9	8	18	1	1
16	14	12	16	12	14	5	10	7	18	1	1
16	14	12	16	12	14	5	11	6	18	1	1
16	14	12	16	12	14	5	12	5	18	1	1
16	14	12	16	12	14	6	4	12	18	1	1
16	14	12	16	12	14	6	5	11	18	1	1
16	14	12	16	12	14	6	6	10	18	1	1
16	14	12	16	12	14	6	7	9	18	1	1
16	14	12	16	12	14	6	8	8	18	1	1
16	14	12	16	12	14	6	9	7	18	1	1
16	14	12	16	12	14	6	10	6	18	1	1
16	14	12	16	12	14	6	11	5	18	1	1
16	14	12	16	12	14	6	12	4	18	1	1
16	14	12	16	12	14	7	3	12	18	1	1
16	14	12	16	12	14	7	4	11	18	1	1
16	14	12	16	12	14	7	5	10	18	1	1
16	14	12	16	12	14	7	6	9	18	1	1
16	14	12	16	12	14	7	7	8	18	1	1
16	14	12	16	12	14	7	8	7	18	1	1
16	14	12	16	12	14	7	9	6	18	1	1
16	14	12	16	12	14	7	10	5	18	1	1
16	14	12	16	12	14	7	11	4	18	1	1
16	14	12	16	12	14	7	12	3	18	1	1
16	14	12	16	12	14	8	2	12	18	1	1
16	14	12	16	12	14	8	3	11	18	1	1
16	14	12	16	12	14	8	4	10	18	1	1
16	14	12	16	12	14	8	5	9	18	1	1
16	14	12	16	12	14	8	6	8	18	1	1
16	14	12	16	12	14	8	7	7	18	1	1
16	14	12	16	12	14	8	8	6	18	1	1
16	14	12	16	12	14	8	9	5	18	1	1
16	14	12	16	12	14	8	10	4	18	1	1
16	14	12	16	12	14	8	11	3	18	1	1
16	14	12	16	12	14	8	12	2	18	1	1
16	14	12	16	12	14	9	1	12	18	1	1
16	14	12	16	12	14	9	2	11	18	1	1
16	14	12	16	12	14	9	3	10	18	1	1
16	14	12	16	12	14	9	4	9	18	1	1
16	14	12	16	12	14	9	5	8	18	1	1
16	14	12	16	12	14	9	6	7	18	1	1
16	14	12	16	12	14	9	7	6	18	1	1
16	14	12	16	12	14	9	8	5	18	1	1
16	14	12	16	12	14	9	9	4	18	1	1
16	14	12	16	12	14	9	10	3	18	1	1
16	14	12	16	12	14	9	11	2	18	1	1
16	14	12	16	12	14	9	12	1	18	1	1
16	14	12	16	14	12	0	10	12	18	1	1
16	14	12	16	14	12	0	11	11	18	1	1
16	14	12	16	14	12	0	12	10	18	1	1
16	14	12	16	14	12	0	13	9	18	1	1
16	14	12	16	14	12	0	14	8	18	1	1
16	14	12	16	14	12	1	9	12	18	1	1
16	14	12	16	14	12	1	10	11	18	1	1
16	14	12	16	14	12	1	11	10	18	1	1
16	14	12	16	14	12	1	12	9	18	1	1
16	14	12	16	14	12	1	13	8	18	1	1
16	14	12	16	14	12	1	14	7	18	1	1
16	14	12	16	14	12	2	8	12	18	1	1
16	14	12	16	14	12	2	9	11	18	1	1
16	14	12	16	14	12	2	10	10	18	1	1
16	14	12	16	14	12	2	11	9	18	1	1
16	14	12	16	14	12	2	12	8	18	1	1
16	14	12	16	14	12	2	13	7	18	1	1
16	14	12	16	14	12	2	14	6	18	1	1
16	14	12	16	14	12	3	7	12	18	1	1
16	14	12	16	14	12	3	8	11	18	1	1
16	14	12	16	14	12	3	9	10	18	1	1
16	14	12	16	14	12	3	10	9	18	1	1
16	14	12	16	14	12	3	11	8	18	1	1
16	14	12	16	14	12	3	12	7	18	1	1
16	14	12	16	14	12	3	13	6	18	1	1
16	14	12	16	14	12	3	14	5	18	1	1
16	14	12	16	14	12	4	6	12	18	1	1
16	14	12	16	14	12	4	7	11	18	1	1
16	14	12	16	14	12	4	8	10	18	1	1
16	14	12	16	14	12	4	9	9	18	1	1
16	14	12	16	14	12	4	10	8	18	1	1
16	14	12	16	14	12	4	11	7	18	1	1
16	14	12	16	14	12	4	12	6	18	1	1
16	14	12	16	14	12	4	13	5	18	1	1
16	14	12	16	14	12	4	14	4	18	1	1
16	14	12	16	14	12	5	5	12	18	1	1
16	14	12	16	14	12	5	6	11	18	1	1
16	14	12	16	14	12	5	7	10	18	1	1
16	14	12	16	14	12	5	8	9	18	1	1
16	14	12	16	14	12	5	9	8	18	1	1
16	14	12	16	14	12	5	10	7	18	1	1
16	14	12	16	14	12	5	11	6	18	1	1
16	14	12	16	14	12	5	12	5	18	1	1
16	14	12	16	14	12	5	13	4	18	1	1
16	14	12	16	14	12	5	14	3	18	1	1
16	14	12	16	14	12	6	4	12	18	1	1
16	14	12	16	14	12	6	5	11	18	1	1
16	14	12	16	14	12	6	6	10	18	1	1
16	14	12	16	14	12	6	7	9	18	1	1
16	14	12	16	14	12	6	8	8	18	1	1
16	14	12	16	14	12	6	9	7	18	1	1
16	14	12	16	14	12	6	10	6	18	1	1
16	14	12	16	14	12	6	11	5	18	1	1
16	14	12	16	14	12	6	12	4	18	1	1
16	14	12	16	14	12	6	13	3	18	1	1
16	14	12	16	14	12	6	14	2	18	1	1
16	14	12	16	14	12	7	3	12	18	1	1
16	14	12	16	14	12	7	4	11	18	1	1
16	14	12	16	14	12	7	5	10	18	1	1
16	14	12	16	14	12	7	6	9	18	1	1
16	14	12	16	14	12	7	7	8	18	1	1
16	14	12	16	14	12	7	8	7	18	1	1
16	14	12	16	14	12	7	9	6	18	1	1
16	14	12	16	14	12	7	10	5	18	1	1
16	14	12	16	14	12	7	11	4	18	1	1
16	14	12	16	14	12	7	12	3	18	1	1
16	14	12	16	14	12	7	13	2	18	1	1
16	14	12	16	14	12	7	14	1	18	1	1
16	14	12	16	14	12	8	2	12	18	1	1
16	14	12	16	14	12	8	3	11	18	1	1
16	14	12	16	14	12	8	4	10	18	1	1
16	14	12	16	14	12	8	5	9	18	1	1
16	14	12	16	14	12	8	6	8	18	1	1
16	14	12	16	14	12	8	7	7	18	1	1
16	14	12	16	14	12	8	8	6	18	1	1
16	14	12	16	14	12	8	9	5	18	1	1
16	14	12	16	14	12	8	10	4	18	1	1
16	14	12	16	14	12	8	11	3	18	1	1
16	14	12	16	14	12	8	12	2	18	1	1
16	14	12	16	14	12	8	13	1	18	1	1
16	14	12	16	14	12	8	14	0	18	1	1
16	14	12	16	14	12	9	1	12	18	1	1
16	14	12	16	14	12	9	2	11	18	1	1
16	14	12	16	14	12	9	3	10	18	1	1
16	14	12	16	14	12	9	4	9	18	1	1
16	14	12	16	14	12	9	5	8	18	1	1
16	14	12	16	14	12	9	6	7	18	1	1
16	14	12	16	14	12	9	7	6	18	1	1
16	14	12	16	14	12	9	8	5	18	1	1
16	14	12	16	14	12	9	9	4	18	1	1
16	14	12	16	14	12	9	10	3	18	1	1
16	14	12	16	14	12	9	11	2	18	1	1
16	14	12	16	14	12	9	12	1	18	1	1
16	14	12	16	15	11	0	11	11	18	1	1
16	14	12	16	15	11	0	12	10	18	1	1
16	14	12	16	15	11	0	13	9	18	1	1
16	14	12	16	15	11	0	14	8	18	1	1
16	14	12	16	15	11	1	10	11	18	1	1
16	14	12	16	15	11	1	11	10	18	1	1
16	14	12	16	15	11	1	12	9	18	1	1
16	14	12	16	15	11	1	13	8	18	1	1
16	14	12	16	15	11	1	14	7	18	1	1
16	14	12	16	15	11	2	9	11	18	1	1
16	14	12	16	15	11	2	10	10	18	1	1
16	14	12	16	15	11	2	11	9	18	1	1
16	14	12	16	15	11	2	12	8	18	1	1
16	14	12	16	15	11	2	13	7	18	1	1
16	14	12	16	15	11	2	14	6	18	1	1
16	14	12	16	15	11	3	8	11	18	1	1
16	14	12	16	15	11	3	9	10	18	1	1
16	14	12	16	15	11	3	10	9	18	1	1
16	14	12	16	15	11	3	11	8	18	1	1
16	14	12	16	15	11	3	12	7	18	1	1
16	14	12	16	15	11	3	13	6	18	1	1
16	14	12	16	15	11	3	14	5	18	1	1
16	14	12	16	15	11	4	7	11	18	1	1
16	14	12	16	15	11	4	8	10	18	1	1
16	14	12	16	15	11	4	9	9	18	1	1
16	14	12	16	15	11	4	10	8	18	1	1
16	14	12	16	15	11	4	11	7	18	1	1
16	14	12	16	15	11	4	12	6	18	1	1
16	14	12	16	15	11	4	13	5	18	1	1
16	14	12	16	15	11	4	14	4	18	1	1
16	14	12	16	15	11	5	6	11	18	1	1
16	14	12	16	15	11	5	7	10	18	1	1
16	14	12	16	15	11	5	8	9	18	1	1
16	14	12	16	15	11	5	9	8	18	1	1
16	14	12	16	15	11	5	10	7	18	1	1
16	14	12	16	15	11	5	11	6	18	1	1
16	14	12	16	15	11	5	12	5	18	1	1
16	14	12	16	15	11	5	13	4	18	1	1
16	14	12	16	15	11	5	14	3	18	1	1
16	14	12	16	15	11	6	5	11	18	1	1
16	14	12	16	15	11	6	6	10	18	1	1
16	14	12	16	15	11	6	7	9	18	1	1
16	14	12	16	15	11	6	8	8	18	1	1
16	14	12	16	15	11	6	9	7	18	1	1
16	14	12	16	15	11	6	10	6	18	1	1
16	14	12	16	15	11	6	11	5	18	1	1
16	14	12	16	15	11	6	12	4	18	1	1
16	14	12	16	15	11	6	13	3	18	1	1
16	14	12	16	15	11	6	14	2	18	1	1
16	14	12	16	15	11	7	4	11	18	1	1
16	14	12	16	15	11	7	5	10	18	1	1
16	14	12	16	15	11	7	6	9	18	1	1
16	14	12	16	15	11	7	7	8	18	1	1
16	14	12	16	15	11	7	8	7	18	1	1
16	14	12	16	15	11	7	9	6	18	1	1
16	14	12	16	15	11	7	10	5	18	1	1
16	14	12	16	15	11	7	11	4	18	1	1
16	14	12	16	15	11	7	12	3	18	1	1
16	14	12	16	15	11	7	13	2	18	1	1
16	14	12	16	15	11	7	14	1	18	1	1
16	14	12	16	15	11	8	3	11	18	1	1
16	14	12	16	15	11	8	4	10	18	1	1
16	14	12	16	15	11	8	5	9	18	1	1
16	14	12	16	15	11	8	6	8	18	1	1
16	14	12	16	15	11	8	7	7	18	1	1
16	14	12	16	15	11	8	8	6	18	1	1
16	14	12	16	15	11	8	9	5	18	1	1
16	14	12	16	15	11	8	10	4	18	1	1
16	14	12	16	15	11	8	11	3	18	1	1
16	14	12	16	15	11	8	12	2	18	1	1
16	14	12	16	15	11	8	13	1	18	1	1
16	14	12	16	15	11	8	14	0	18	1	1
16	14	12	16	15	11	9	2	11	18	1	1
16	14	12	16	15	11	9	3	10	18	1	1
16	14	12	16	15	11	9	4	9	18	1	1
16	14	12	16	15	11	9	5	8	18	1	1
16	14	12	16	15	11	9	6	7	18	1	1
16	14	12	16	15	11	9	7	6	18	1	1
16	14	12	16	15	11	9	8	5	18	1	1
16	14	12	16	15	11	9	9	4	18	1	1
16	14	12	16	15	11	9	10	3	18	1	1
16	14	12	16	15	11	9	11	2	18	1	1
16	14	12	17	9	16	4	8	10	18	1	1
16	14	12	17	9	16	4	9	9	18	1	1
16	14	12	17	9	16	5	7	10	18	1	1
16	14	12	17	9	16	5	8	9	18	1	1
16	14	12	17	9	16	5	9	8	18	1	1
16	14	12	17	9	16	6	6	10	18	1	1
16	14	12	17	9	16	6	7	9	18	1	1
16	14	12	17	9	16	6	8	8	18	1	1
16	14	12	17	9	16	6	9	7	18	1	1
16	14	12	17	9	16	7	5	10	18	1	1
16	14	12	17	9	16	7	6	9	18	1	1
16	14	12	17	9	16	7	7	8	18	1	1
16	14	12	17	9	16	7	8	7	18	1	1
16	14	12	17	9	16	7	9	6	18	1	1
16	14	12	17	9	16	8	4	10	18	1	1
16	14	12	17	9	16	8	5	9	18	1	1
16	14	12	17	9	16	8	6	8	18	1	1
16	14	12	17	9	16	8	7	7	18	1	1
16	14	12	17	9	16	8	8	6	18	1	1
16	14	12	17	9	16	8	9	5	18	1	1
16	14	12	17	9	16	9	3	10	18	1	1
16	14	12	17	9	16	9	4	9	18	1	1
16	14	12	17	9	16	9	5	8	18	1	1
16	14	12	17	9	16	9	6	7	18	1	1
16	14	12	17	9	16	9	7	6	18	1	1
16	14	12	17	9	16	9	8	5	18	1	1
16	14	12	17	9	16	9	9	4	18	1	1
16	14	12	17	16	9	2	11	9	18	1	1
16	14	12	17	16	9	2	12	8	18	1	1
16	14	12	17	16	9	3	10	9	18	1	1
16	14	12	17	16	9	3	11	8	18	1	1
16	14	12	17	16	9	3	12	7	18	1	1
16	14	12	17	16	9	4	9	9	18	1	1
16	14	12	17	16	9	4	10	8	18	1	1
16	14	12	17	16	9	4	11	7	18	1	1
16	14	12	17	16	9	4	12	6	18	1	1
16	14	12	17	16	9	5	8	9	18	1	1
16	14	12	17	16	9	5	9	8	18	1	1
16	14	12	17	16	9	5	10	7	18	1	1
16	14	12	17	16	9	5	11	6	18	1	1
16	14	12	17	16	9	5	12	5	18	1	1
16	14	12	17	16	9	6	7	9	18	1	1
16	14	12	17	16	9	6	8	8	18	1	1
16	14	12	17	16	9	6	9	7	18	1	1
16	14	12	17	16	9	6	10	6	18	1	1
16	14	12	17	16	9	6	11	5	18	1	1
16	14	12	17	16	9	6	12	4	18	1	1
16	14	12	17	16	9	7	6	9	18	1	1
16	14	12	17	16	9	7	7	8	18	1	1
16	14	12	17	16	9	7	8	7	18	1	1
16	14	12	17	16	9	7	9	6	18	1	1
16	14	12	17	16	9	7	10	5	18	1	1
16	14	12	17	16	9	7	11	4	18	1	1
16	14	12	17	16	9	7	12	3	18	1	1
16	14	12	17	16	9	8	5	9	18	1	1
16	14	12	17	16	9	8	6	8	18	1	1
16	14	12	17	16	9	8	7	7	18	1	1
16	14	12	17	16	9	8	8	6	18	1	1
16	14	12	17	16	9	8	9	5	18	1	1
16	14	12	17	16	9	8	10	4	18	1	1
16	14	12	17	16	9	9	4	9	18	1	1
16	14	12	17	16	9	9	5	8	18	1	1
16	14	12	17	16	9	9	6	7	18	1	1
16	14	12	17	16	9	9	7	6	18	1	1
16	14	12	17	16	9	9	8	5	18	1	1
16	14	12	17	16	9	9	9	4	18	1	1
16	14	12	17	16	9	9	10	3	18	1	1
16	14	12	17	16	9	9	12	1	18	1	1
16	14	12	17	17	8	3	10	9	18	1	1
16	14	12	17	17	8	4	9	9	18	1	1
16	14	12	17	17	8	4	10	8	18	1	1
16	14	12	17	17	8	5	8	9	18	1	1
16	14	12	17	17	8	5	9	8	18	1	1
16	14	12	17	17	8	5	10	7	18	1	1
16	14	12	17	17	8	6	7	9	18	1	1
16	14	12	17	17	8	6	8	8	18	1	1
16	14	12	17	17	8	6	9	7	18	1	1
16	14	12	17	17	8	6	10	6	18	1	1
16	14	12	17	17	8	7	6	9	18	1	1
16	14	12	17	17	8	7	7	8	18	1	1
16	14	12	17	17	8	7	8	7	18	1	1
16	14	12	17	17	8	7	9	6	18	1	1
16	14	12	17	17	8	7	10	5	18	1	1
16	14	12	17	17	8	8	5	9	18	1	1
16	14	12	17	17	8	8	6	8	18	1	1
16	14	12	17	17	8	8	7	7	18	1	1
16	14	12	17	17	8	8	8	6	18	1	1
16	14	12	17	17	8	8	9	5	18	1	1
16	14	12	17	17	8	9	4	9	18	1	1
16	14	12	17	17	8	9	5	8	18	1	1
16	14	12	17	17	8	9	6	7	18	1	1
16	14	12	17	17	8	9	7	6	18	1	1
16	14	12	17	17	8	9	8	5	18	1	1
16	14	12	17	17	8	9	9	4	18	1	1
16	14	12	18	7	17	5	9	8	18	1	1
16	14	12	18	7	17	6	7	9	18	1	1
16	14	12	18	7	17	6	8	8	18	1	1
16	14	12	18	7	17	6	9	7	18	1	1
16	14	12	18	7	17	7	6	9	18	1	1
16	14	12	18	7	17	7	7	8	18	1	1
16	14	12	18	7	17	7	8	7	18	1	1
16	14	12	18	7	17	7	9	6	18	1	1
16	14	12	18	7	17	8	5	9	18	1	1
16	14	12	18	7	17	8	6	8	18	1	1
16	14	12	18	7	17	8	7	7	18	1	1
16	14	12	18	7	17	8	8	6	18	1	1
16	14	12	18	7	17	8	9	5	18	1	1
16	14	12	18	7	17	9	4	9	18	1	1
16	14	12	18	7	17	9	5	8	18	1	1
16	14	12	18	7	17	9	6	7	18	1	1
16	14	12	18	7	17	9	7	6	18	1	1
16	14	12	18	7	17	9	8	5	18	1	1
16	14	12	18	7	17	9	9	4	18	1	1
16	14	12	18	8	16	5	8	9	18	1	1
16	14	12	18	8	16	5	9	8	18	1	1
16	14	12	18	8	16	6	7	9	18	1	1
16	14	12	18	8	16	6	8	8	18	1	1
16	14	12	18	8	16	6	9	7	18	1	1
16	14	12	18	8	16	7	6	9	18	1	1
16	14	12	18	8	16	7	7	8	18	1	1
16	14	12	18	8	16	7	8	7	18	1	1
16	14	12	18	8	16	7	9	6	18	1	1
16	14	12	18	8	16	8	5	9	18	1	1
16	14	12	18	8	16	8	6	8	18	1	1
16	14	12	18	8	16	8	7	7	18	1	1
16	14	12	18	8	16	8	8	6	18	1	1
16	14	12	18	8	16	8	9	5	18	1	1
16	14	12	18	8	16	9	4	9	18	1	1
16	14	12	18	8	16	9	5	8	18	1	1
16	14	12	18	8	16	9	6	7	18	1	1
16	14	12	18	8	16	9	7	6	18	1	1
16	14	12	18	8	16	9	8	5	18	1	1
16	14	12	18	8	16	9	9	4	18	1	1
16	14	12	18	9	15	3	11	8	18	1	1
16	14	12	18	9	15	4	9	9	18	1	1
16	14	12	18	9	15	4	10	8	18	1	1
16	14	12	18	9	15	4	11	7	18	1	1
16	14	12	18	9	15	5	8	9	18	1	1
16	14	12	18	9	15	5	9	8	18	1	1
16	14	12	18	9	15	5	10	7	18	1	1
16	14	12	18	9	15	5	11	6	18	1	1
16	14	12	18	9	15	6	7	9	18	1	1
16	14	12	18	9	15	6	8	8	18	1	1
16	14	12	18	9	15	6	9	7	18	1	1
16	14	12	18	9	15	6	10	6	18	1	1
16	14	12	18	9	15	6	11	5	18	1	1
16	14	12	18	9	15	7	6	9	18	1	1
16	14	12	18	9	15	7	7	8	18	1	1
16	14	12	18	9	15	7	8	7	18	1	1
16	14	12	18	9	15	7	9	6	18	1	1
16	14	12	18	9	15	7	10	5	18	1	1
16	14	12	18	9	15	7	11	4	18	1	1
16	14	12	18	9	15	8	5	9	18	1	1
16	14	12	18	9	15	8	6	8	18	1	1
16	14	12	18	9	15	8	7	7	18	1	1
16	14	12	18	9	15	8	8	6	18	1	1
16	14	12	18	9	15	8	9	5	18	1	1
16	14	12	18	9	15	8	10	4	18	1	1
16	14	12	18	9	15	8	11	3	18	1	1
16	14	12	18	9	15	9	4	9	18	1	1
16	14	12	18	9	15	9	5	8	18	1	1
16	14	12	18	9	15	9	6	7	18	1	1
16	14	12	18	9	15	9	7	6	18	1	1
16	14	12	18	9	15	9	8	5	18	1	1
16	14	12	18	9	15	9	9	4	18	1	1
16	14	12	18	9	15	9	10	3	18	1	1
16	14	12	18	9	15	9	11	2	18	1	1
16	14	12	18	12	12	1	12	9	18	1	1
16	14	12	18	12	12	2	11	9	18	1	1
16	14	12	18	12	12	2	12	8	18	1	1
16	14	12	18	12	12	3	10	9	18	1	1
16	14	12	18	12	12	3	11	8	18	1	1
16	14	12	18	12	12	3	12	7	18	1	1
16	14	12	18	12	12	4	9	9	18	1	1
16	14	12	18	12	12	4	10	8	18	1	1
16	14	12	18	12	12	4	11	7	18	1	1
16	14	12	18	12	12	4	12	6	18	1	1
16	14	12	18	12	12	5	8	9	18	1	1
16	14	12	18	12	12	5	9	8	18	1	1
16	14	12	18	12	12	5	10	7	18	1	1
16	14	12	18	12	12	5	11	6	18	1	1
16	14	12	18	12	12	5	12	5	18	1	1
16	14	12	18	12	12	6	7	9	18	1	1
16	14	12	18	12	12	6	8	8	18	1	1
16	14	12	18	12	12	6	9	7	18	1	1
16	14	12	18	12	12	6	10	6	18	1	1
16	14	12	18	12	12	6	11	5	18	1	1
16	14	12	18	12	12	6	12	4	18	1	1
16	14	12	18	12	12	7	6	9	18	1	1
16	14	12	18	12	12	7	7	8	18	1	1
16	14	12	18	12	12	7	8	7	18	1	1
16	14	12	18	12	12	7	9	6	18	1	1
16	14	12	18	12	12	7	10	5	18	1	1
16	14	12	18	12	12	7	11	4	18	1	1
16	14	12	18	12	12	7	12	3	18	1	1
16	14	12	18	12	12	8	5	9	18	1	1
16	14	12	18	12	12	8	6	8	18	1	1
16	14	12	18	12	12	8	7	7	18	1	1
16	14	12	18	12	12	8	8	6	18	1	1
16	14	12	18	12	12	8	9	5	18	1	1
16	14	12	18	12	12	8	10	4	18	1	1
16	14	12	18	12	12	8	11	3	18	1	1
16	14	12	18	12	12	8	12	2	18	1	1
16	14	12	18	12	12	9	4	9	18	1	1
16	14	12	18	12	12	9	5	8	18	1	1
16	14	12	18	12	12	9	6	7	18	1	1
16	14	12	18	12	12	9	7	6	18	1	1
16	14	12	18	12	12	9	8	5	18	1	1
16	14	12	18	12	12	9	9	4	18	1	1
16	14	12	18	12	12	9	10	3	18	1	1
16	14	12	18	12	12	9	11	2	18	1	1
16	14	12	18	12	12	9	12	1	18	1	1
16	14	12	18	15	9	1	12	9	18	1	1
16	14	12	18	15	9	2	11	9	18	1	1
16	14	12	18	15	9	2	12	8	18	1	1
16	14	12	18	15	9	3	10	9	18	1	1
16	14	12	18	15	9	3	11	8	18	1	1
16	14	12	18	15	9	3	12	7	18	1	1
16	14	12	18	15	9	4	9	9	18	1	1
16	14	12	18	15	9	4	10	8	18	1	1
16	14	12	18	15	9	4	11	7	18	1	1
16	14	12	18	15	9	4	12	6	18	1	1
16	14	12	18	15	9	5	8	9	18	1	1
16	14	12	18	15	9	5	9	8	18	1	1
16	14	12	18	15	9	5	10	7	18	1	1
16	14	12	18	15	9	5	11	6	18	1	1
16	14	12	18	15	9	5	12	5	18	1	1
16	14	12	18	15	9	6	7	9	18	1	1
16	14	12	18	15	9	6	8	8	18	1	1
16	14	12	18	15	9	6	9	7	18	1	1
16	14	12	18	15	9	6	10	6	18	1	1
16	14	12	18	15	9	6	11	5	18	1	1
16	14	12	18	15	9	6	12	4	18	1	1
16	14	12	18	15	9	7	6	9	18	1	1
16	14	12	18	15	9	7	7	8	18	1	1
16	14	12	18	15	9	7	8	7	18	1	1
16	14	12	18	15	9	7	9	6	18	1	1
16	14	12	18	15	9	7	10	5	18	1	1
16	14	12	18	15	9	7	11	4	18	1	1
16	14	12	18	15	9	8	5	9	18	1	1
16	14	12	18	15	9	8	6	8	18	1	1
16	14	12	18	15	9	8	7	7	18	1	1
16	14	12	18	15	9	8	8	6	18	1	1
16	14	12	18	15	9	8	9	5	18	1	1
16	14	12	18	15	9	8	10	4	18	1	1
16	14	12	18	15	9	8	11	3	18	1	1
16	14	12	18	15	9	9	4	9	18	1	1
16	14	12	18	15	9	9	5	8	18	1	1
16	14	12	18	15	9	9	6	7	18	1	1
16	14	12	18	15	9	9	7	6	18	1	1
16	14	12	18	15	9	9	8	5	18	1	1
16	14	12	18	15	9	9	9	4	18	1	1
16	14	12	18	15	9	9	10	3	18	1	1
16	14	12	18	15	9	9	11	2	18	1	1
16	14	12	18	15	9	9	12	1	18	1	1
16	14	12	18	16	8	2	12	8	18	1	1
16	14	12	18	16	8	3	10	9	18	1	1
16	14	12	18	16	8	3	11	8	18	1	1
16	14	12	18	16	8	3	12	7	18	1	1
16	14	12	18	16	8	4	9	9	18	1	1
16	14	12	18	16	8	4	10	8	18	1	1
16	14	12	18	16	8	4	11	7	18	1	1
16	14	12	18	16	8	4	12	6	18	1	1
16	14	12	18	16	8	5	8	9	18	1	1
16	14	12	18	16	8	5	9	8	18	1	1
16	14	12	18	16	8	5	10	7	18	1	1
16	14	12	18	16	8	5	11	6	18	1	1
16	14	12	18	16	8	5	12	5	18	1	1
16	14	12	18	16	8	6	7	9	18	1	1
16	14	12	18	16	8	6	8	8	18	1	1
16	14	12	18	16	8	6	9	7	18	1	1
16	14	12	18	16	8	6	10	6	18	1	1
16	14	12	18	16	8	6	11	5	18	1	1
16	14	12	18	16	8	6	12	4	18	1	1
16	14	12	18	16	8	7	6	9	18	1	1
16	14	12	18	16	8	7	7	8	18	1	1
16	14	12	18	16	8	7	8	7	18	1	1
16	14	12	18	16	8	7	9	6	18	1	1
16	14	12	18	16	8	7	10	5	18	1	1
16	14	12	18	16	8	8	5	9	18	1	1
16	14	12	18	16	8	8	6	8	18	1	1
16	14	12	18	16	8	8	7	7	18	1	1
16	14	12	18	16	8	8	8	6	18	1	1
16	14	12	18	16	8	8	9	5	18	1	1
16	14	12	18	16	8	8	10	4	18	1	1
16	14	12	18	16	8	8	12	2	18	1	1
16	14	12	18	16	8	9	4	9	18	1	1
16	14	12	18	16	8	9	5	8	18	1	1
16	14	12	18	16	8	9	6	7	18	1	1
16	14	12	18	16	8	9	7	6	18	1	1
16	14	12	18	16	8	9	8	5	18	1	1
16	14	12	18	16	8	9	9	4	18	1	1
16	14	12	18	16	8	9	10	3	18	1	1
16	14	12	18	16	8	9	11	2	18	1	1
16	14	12	18	16	8	9	12	1	18	1	1
16	14	12	18	17	7	3	10	9	18	1	1
16	14	12	18	17	7	4	9	9	18	1	1
16	14	12	18	17	7	4	10	8	18	1	1
16	14	12	18	17	7	5	8	9	18	1	1
16	14	12	18	17	7	5	9	8	18	1	1
16	14	12	18	17	7	5	10	7	18	1	1
16	14	12	18	17	7	6	7	9	18	1	1
16	14	12	18	17	7	6	8	8	18	1	1
16	14	12	18	17	7	6	9	7	18	1	1
16	14	12	18	17	7	6	10	6	18	1	1
16	14	12	18	17	7	7	6	9	18	1	1
16	14	12	18	17	7	7	7	8	18	1	1
16	14	12	18	17	7	7	8	7	18	1	1
16	14	12	18	17	7	7	9	6	18	1	1
16	14	12	18	17	7	8	5	9	18	1	1
16	14	12	18	17	7	8	6	8	18	1	1
16	14	12	18	17	7	8	7	7	18	1	1
16	14	12	18	17	7	8	8	6	18	1	1
16	14	12	18	17	7	8	9	5	18	1	1
16	14	12	18	17	7	9	4	9	18	1	1
16	14	12	18	17	7	9	5	8	18	1	1
16	14	12	18	17	7	9	6	7	18	1	1
16	14	12	18	17	7	9	7	6	18	1	1
16	14	12	18	17	7	9	8	5	18	1	1
16	14	12	18	17	7	9	9	4	18	1	1
16	14	12	18	17	7	9	10	3	18	1	1
16	14	12	18	18	6	4	9	9	18	1	1
16	14	12	18	18	6	5	8	9	18	1	1
16	14	12	18	18	6	5	9	8	18	1	1
16	14	12	18	18	6	6	7	9	18	1	1
16	14	12	18	18	6	6	8	8	18	1	1
16	14	12	18	18	6	6	9	7	18	1	1
16	14	12	18	18	6	7	6	9	18	1	1
16	14	12	18	18	6	7	7	8	18	1	1
16	14	12	18	18	6	7	8	7	18	1	1
16	14	12	18	18	6	8	5	9	18	1	1
16	14	12	18	18	6	8	6	8	18	1	1
16	14	12	18	18	6	8	7	7	18	1	1
16	14	12	18	18	6	8	8	6	18	1	1
16	14	12	18	18	6	9	4	9	18	1	1
16	14	12	18	18	6	9	5	8	18	1	1
16	14	12	18	18	6	9	6	7	18	1	1
16	14	12	18	18	6	9	7	6	18	1	1
16	14	12	18	18	6	9	8	5	18	1	1
16	14	12	18	18	6	9	9	4	18	1	1
16	14	12	20	16	6	6	9	7	18	1	0
16	15	11	14	14	14	8	7	7	18	3	1
16	15	11	14	14	14	8	8	6	18	3	1
16	15	11	14	14	14	9	5	8	18	3	1
16	15	11	14	14	14	9	6	7	18	3	1
16	15	11	14	14	14	9	7	6	18	3	1
16	15	11	14	14	14	9	8	5	18	3	1
16	15	11	14	14	14	9	9	4	18	3	1
16	15	11	14	14	14	10	3	9	18	3	1
16	15	11	14	14	14	10	4	8	18	3	1
16	15	11	14	14	14	10	5	7	18	3	1
16	15	11	14	14	14	10	6	6	18	3	1
16	15	11	14	14	14	10	7	5	18	3	1
16	15	11	14	14	14	10	8	4	18	3	1
16	15	11	14	14	14	10	9	3	18	3	1
16	15	11	14	14	14	10	10	2	18	3	1
16	15	11	14	14	14	11	1	10	18	3	1
16	15	11	14	14	14	11	2	9	18	3	1
16	15	11	14	14	14	11	3	8	18	3	1
16	15	11	14	14	14	11	4	7	18	3	1
16	15	11	14	14	14	11	5	6	18	3	1
16	15	11	14	14	14	11	6	5	18	3	1
16	15	11	14	14	14	11	7	4	18	3	1
16	15	11	14	14	14	11	8	3	18	3	1
16	15	11	14	14	14	11	9	2	18	3	1
16	15	11	14	14	14	11	10	1	18	3	1
16	15	11	14	14	14	11	11	0	18	3	1
16	15	11	14	14	14	12	0	10	18	3	1
16	15	11	14	14	14	12	1	9	18	3	1
16	15	11	14	14	14	12	2	8	18	3	1
16	15	11	14	14	14	12	3	7	18	3	1
16	15	11	14	14	14	12	4	6	18	3	1
16	15	11	14	14	14	12	5	5	18	3	1
16	15	11	14	14	14	12	6	4	18	3	1
16	15	11	14	14	14	12	7	3	18	3	1
16	15	11	14	14	14	12	8	2	18	3	1
16	15	11	14	14	14	12	9	1	18	3	1
16	15	11	14	14	14	12	10	0	18	3	1
16	15	11	15	13	14	0	10	12	18	1	1
16	15	11	15	13	14	0	12	10	18	1	1
16	15	11	15	13	14	1	9	12	18	1	1
16	15	11	15	13	14	1	10	11	18	1	1
16	15	11	15	13	14	1	11	10	18	1	1
16	15	11	15	13	14	1	12	9	18	1	1
16	15	11	15	13	14	2	8	12	18	1	1
16	15	11	15	13	14	2	9	11	18	1	1
16	15	11	15	13	14	2	10	10	18	1	1
16	15	11	15	13	14	2	11	9	18	1	1
16	15	11	15	13	14	2	12	8	18	1	1
16	15	11	15	13	14	3	7	12	18	1	1
16	15	11	15	13	14	3	8	11	18	1	1
16	15	11	15	13	14	3	9	10	18	1	1
16	15	11	15	13	14	3	10	9	18	1	1
16	15	11	15	13	14	3	11	8	18	1	1
16	15	11	15	13	14	3	12	7	18	1	1
16	15	11	15	13	14	4	6	12	18	1	1
16	15	11	15	13	14	4	7	11	18	1	1
16	15	11	15	13	14	4	8	10	18	1	1
16	15	11	15	13	14	4	9	9	18	1	1
16	15	11	15	13	14	4	10	8	18	1	1
16	15	11	15	13	14	4	11	7	18	1	1
16	15	11	15	13	14	4	12	6	18	1	1
16	15	11	15	13	14	5	5	12	18	1	1
16	15	11	15	13	14	5	6	11	18	1	1
16	15	11	15	13	14	5	7	10	18	1	1
16	15	11	15	13	14	5	8	9	18	1	1
16	15	11	15	13	14	5	9	8	18	1	1
16	15	11	15	13	14	5	10	7	18	1	1
16	15	11	15	13	14	5	11	6	18	1	1
16	15	11	15	13	14	5	12	5	18	1	1
16	15	11	15	13	14	6	4	12	18	1	1
16	15	11	15	13	14	6	5	11	18	1	1
16	15	11	15	13	14	6	6	10	18	1	1
16	15	11	15	13	14	6	7	9	18	1	1
16	15	11	15	13	14	6	8	8	18	1	1
16	15	11	15	13	14	6	9	7	18	1	1
16	15	11	15	13	14	6	10	6	18	1	1
16	15	11	15	13	14	6	11	5	18	1	1
16	15	11	15	13	14	6	12	4	18	1	1
16	15	11	15	13	14	7	3	12	18	1	1
16	15	11	15	13	14	7	4	11	18	1	1
16	15	11	15	13	14	7	5	10	18	1	1
16	15	11	15	13	14	7	6	9	18	1	1
16	15	11	15	13	14	7	7	8	18	1	1
16	15	11	15	13	14	7	8	7	18	1	1
16	15	11	15	13	14	7	9	6	18	1	1
16	15	11	15	13	14	7	10	5	18	1	1
16	15	11	15	13	14	7	11	4	18	1	1
16	15	11	15	13	14	7	12	3	18	1	1
16	15	11	15	13	14	8	2	12	18	1	1
16	15	11	15	13	14	8	3	11	18	1	1
16	15	11	15	13	14	8	4	10	18	1	1
16	15	11	15	13	14	8	5	9	18	1	1
16	15	11	15	13	14	8	6	8	18	1	1
16	15	11	15	13	14	8	7	7	18	1	1
16	15	11	15	13	14	8	8	6	18	1	1
16	15	11	15	13	14	8	9	5	18	1	1
16	15	11	15	13	14	8	10	4	18	1	1
16	15	11	15	13	14	8	11	3	18	1	1
16	15	11	15	13	14	8	12	2	18	1	1
16	15	11	15	13	14	9	1	12	18	1	1
16	15	11	15	13	14	9	2	11	18	1	1
16	15	11	15	13	14	9	3	10	18	1	1
16	15	11	15	13	14	9	4	9	18	1	1
16	15	11	15	13	14	9	5	8	18	1	1
16	15	11	15	13	14	9	6	7	18	1	1
16	15	11	15	13	14	9	7	6	18	1	1
16	15	11	15	13	14	9	8	5	18	1	1
16	15	11	15	13	14	9	9	4	18	1	1
16	15	11	15	13	14	9	10	3	18	1	1
16	15	11	15	13	14	9	11	2	18	1	1
16	15	11	15	13	14	9	12	1	18	1	1
16	15	11	15	13	14	10	0	12	18	1	1
16	15	11	15	13	14	10	1	11	18	1	1
16	15	11	15	13	14	10	2	10	18	1	1
16	15	11	15	13	14	10	3	9	18	1	1
16	15	11	15	13	14	10	4	8	18	1	1
16	15	11	15	13	14	10	5	7	18	1	1
16	15	11	15	13	14	10	6	6	18	1	1
16	15	11	15	13	14	10	7	5	18	1	1
16	15	11	15	13	14	10	8	4	18	1	1
16	15	11	15	13	14	10	9	3	18	1	1
16	15	11	15	13	14	10	10	2	18	1	1
16	15	11	15	13	14	10	11	1	18	1	1
16	15	11	15	13	14	10	12	0	18	1	1
16	15	11	15	13	14	11	0	11	18	1	1
16	15	11	15	13	14	11	1	10	18	1	1
16	15	11	15	13	14	11	2	9	18	1	1
16	15	11	15	13	14	11	3	8	18	1	1
16	15	11	15	13	14	11	4	7	18	1	1
16	15	11	15	13	14	11	5	6	18	1	1
16	15	11	15	13	14	11	6	5	18	1	1
16	15	11	15	13	14	11	7	4	18	1	1
16	15	11	15	13	14	11	8	3	18	1	1
16	15	11	15	13	14	11	9	2	18	1	1
16	15	11	15	13	14	11	10	1	18	1	1
16	15	11	15	13	14	11	11	0	18	1	1
16	15	11	15	14	13	0	10	12	18	1	1
16	15	11	15	14	13	0	11	11	18	1	1
16	15	11	15	14	13	0	12	10	18	1	1
16	15	11	15	14	13	1	9	12	18	1	1
16	15	11	15	14	13	1	10	11	18	1	1
16	15	11	15	14	13	1	11	10	18	1	1
16	15	11	15	14	13	1	12	9	18	1	1
16	15	11	15	14	13	2	8	12	18	1	1
16	15	11	15	14	13	2	9	11	18	1	1
16	15	11	15	14	13	2	10	10	18	1	1
16	15	11	15	14	13	2	11	9	18	1	1
16	15	11	15	14	13	2	12	8	18	1	1
16	15	11	15	14	13	3	7	12	18	1	1
16	15	11	15	14	13	3	8	11	18	1	1
16	15	11	15	14	13	3	9	10	18	1	1
16	15	11	15	14	13	3	10	9	18	1	1
16	15	11	15	14	13	3	11	8	18	1	1
16	15	11	15	14	13	3	12	7	18	1	1
16	15	11	15	14	13	4	6	12	18	1	1
16	15	11	15	14	13	4	7	11	18	1	1
16	15	11	15	14	13	4	8	10	18	1	1
16	15	11	15	14	13	4	9	9	18	1	1
16	15	11	15	14	13	4	10	8	18	1	1
16	15	11	15	14	13	4	11	7	18	1	1
16	15	11	15	14	13	4	12	6	18	1	1
16	15	11	15	14	13	5	5	12	18	1	1
16	15	11	15	14	13	5	6	11	18	1	1
16	15	11	15	14	13	5	7	10	18	1	1
16	15	11	15	14	13	5	8	9	18	1	1
16	15	11	15	14	13	5	9	8	18	1	1
16	15	11	15	14	13	5	10	7	18	1	1
16	15	11	15	14	13	5	11	6	18	1	1
16	15	11	15	14	13	5	12	5	18	1	1
16	15	11	15	14	13	6	4	12	18	1	1
16	15	11	15	14	13	6	5	11	18	1	1
16	15	11	15	14	13	6	6	10	18	1	1
16	15	11	15	14	13	6	7	9	18	1	1
16	15	11	15	14	13	6	8	8	18	1	1
16	15	11	15	14	13	6	9	7	18	1	1
16	15	11	15	14	13	6	10	6	18	1	1
16	15	11	15	14	13	6	11	5	18	1	1
16	15	11	15	14	13	6	12	4	18	1	1
16	15	11	15	14	13	7	3	12	18	1	1
16	15	11	15	14	13	7	4	11	18	1	1
16	15	11	15	14	13	7	5	10	18	1	1
16	15	11	15	14	13	7	6	9	18	1	1
16	15	11	15	14	13	7	7	8	18	1	1
16	15	11	15	14	13	7	8	7	18	1	1
16	15	11	15	14	13	7	9	6	18	1	1
16	15	11	15	14	13	7	10	5	18	1	1
16	15	11	15	14	13	7	11	4	18	1	1
16	15	11	15	14	13	7	12	3	18	1	1
16	15	11	15	14	13	8	2	12	18	1	1
16	15	11	15	14	13	8	3	11	18	1	1
16	15	11	15	14	13	8	4	10	18	1	1
16	15	11	15	14	13	8	5	9	18	1	1
16	15	11	15	14	13	8	6	8	18	1	1
16	15	11	15	14	13	8	7	7	18	1	1
16	15	11	15	14	13	8	8	6	18	1	1
16	15	11	15	14	13	8	9	5	18	1	1
16	15	11	15	14	13	8	10	4	18	1	1
16	15	11	15	14	13	8	11	3	18	1	1
16	15	11	15	14	13	8	12	2	18	1	1
16	15	11	15	14	13	9	1	12	18	1	1
16	15	11	15	14	13	9	2	11	18	1	1
16	15	11	15	14	13	9	3	10	18	1	1
16	15	11	15	14	13	9	4	9	18	1	1
16	15	11	15	14	13	9	5	8	18	1	1
16	15	11	15	14	13	9	6	7	18	1	1
16	15	11	15	14	13	9	7	6	18	1	1
16	15	11	15	14	13	9	8	5	18	1	1
16	15	11	15	14	13	9	9	4	18	1	1
16	15	11	15	14	13	9	10	3	18	1	1
16	15	11	15	14	13	9	11	2	18	1	1
16	15	11	15	14	13	9	12	1	18	1	1
16	15	11	15	14	13	10	0	12	18	1	1
16	15	11	15	14	13	10	1	11	18	1	1
16	15	11	15	14	13	10	2	10	18	1	1
16	15	11	15	14	13	10	3	9	18	1	1
16	15	11	15	14	13	10	4	8	18	1	1
16	15	11	15	14	13	10	5	7	18	1	1
16	15	11	15	14	13	10	6	6	18	1	1
16	15	11	15	14	13	10	7	5	18	1	1
16	15	11	15	14	13	10	8	4	18	1	1
16	15	11	15	14	13	10	9	3	18	1	1
16	15	11	15	14	13	10	10	2	18	1	1
16	15	11	15	14	13	10	11	1	18	1	1
16	15	11	15	14	13	11	0	11	18	1	1
16	15	11	15	14	13	11	1	10	18	1	1
16	15	11	15	14	13	11	2	9	18	1	1
16	15	11	15	14	13	11	3	8	18	1	1
16	15	11	15	14	13	11	4	7	18	1	1
16	15	11	15	14	13	11	5	6	18	1	1
16	15	11	15	14	13	11	6	5	18	1	1
16	15	11	15	14	13	11	7	4	18	1	1
16	15	11	15	14	13	11	8	3	18	1	1
16	15	11	15	14	13	11	9	2	18	1	1
16	15	11	15	14	13	11	10	1	18	1	1
16	15	11	15	14	13	11	11	0	18	1	1
16	15	11	15	15	12	0	11	11	18	1	1
16	15	11	15	15	12	0	12	10	18	1	1
16	15	11	15	15	12	0	13	9	18	1	1
16	15	11	15	15	12	0	14	8	18	1	1
16	15	11	15	15	12	1	10	11	18	1	1
16	15	11	15	15	12	1	11	10	18	1	1
16	15	11	15	15	12	1	12	9	18	1	1
16	15	11	15	15	12	1	13	8	18	1	1
16	15	11	15	15	12	1	14	7	18	1	1
16	15	11	15	15	12	2	9	11	18	1	1
16	15	11	15	15	12	2	10	10	18	1	1
16	15	11	15	15	12	2	11	9	18	1	1
16	15	11	15	15	12	2	12	8	18	1	1
16	15	11	15	15	12	2	13	7	18	1	1
16	15	11	15	15	12	2	14	6	18	1	1
16	15	11	15	15	12	3	8	11	18	1	1
16	15	11	15	15	12	3	9	10	18	1	1
16	15	11	15	15	12	3	10	9	18	1	1
16	15	11	15	15	12	3	11	8	18	1	1
16	15	11	15	15	12	3	12	7	18	1	1
16	15	11	15	15	12	3	13	6	18	1	1
16	15	11	15	15	12	4	7	11	18	1	1
16	15	11	15	15	12	4	8	10	18	1	1
16	15	11	15	15	12	4	9	9	18	1	1
16	15	11	15	15	12	4	10	8	18	1	1
16	15	11	15	15	12	4	11	7	18	1	1
16	15	11	15	15	12	4	12	6	18	1	1
16	15	11	15	15	12	4	13	5	18	1	1
16	15	11	15	15	12	4	14	4	18	1	1
16	15	11	15	15	12	5	6	11	18	1	1
16	15	11	15	15	12	5	7	10	18	1	1
16	15	11	15	15	12	5	8	9	18	1	1
16	15	11	15	15	12	5	9	8	18	1	1
16	15	11	15	15	12	5	10	7	18	1	1
16	15	11	15	15	12	5	11	6	18	1	1
16	15	11	15	15	12	5	12	5	18	1	1
16	15	11	15	15	12	5	13	4	18	1	1
16	15	11	15	15	12	5	14	3	18	1	1
16	15	11	15	15	12	6	5	11	18	1	1
16	15	11	15	15	12	6	6	10	18	1	1
16	15	11	15	15	12	6	7	9	18	1	1
16	15	11	15	15	12	6	8	8	18	1	1
16	15	11	15	15	12	6	9	7	18	1	1
16	15	11	15	15	12	6	10	6	18	1	1
16	15	11	15	15	12	6	11	5	18	1	1
16	15	11	15	15	12	6	12	4	18	1	1
16	15	11	15	15	12	6	13	3	18	1	1
16	15	11	15	15	12	6	14	2	18	1	1
16	15	11	15	15	12	7	4	11	18	1	1
16	15	11	15	15	12	7	5	10	18	1	1
16	15	11	15	15	12	7	6	9	18	1	1
16	15	11	15	15	12	7	7	8	18	1	1
16	15	11	15	15	12	7	8	7	18	1	1
16	15	11	15	15	12	7	9	6	18	1	1
16	15	11	15	15	12	7	10	5	18	1	1
16	15	11	15	15	12	7	11	4	18	1	1
16	15	11	15	15	12	7	12	3	18	1	1
16	15	11	15	15	12	7	13	2	18	1	1
16	15	11	15	15	12	7	14	1	18	1	1
16	15	11	15	15	12	8	3	11	18	1	1
16	15	11	15	15	12	8	4	10	18	1	1
16	15	11	15	15	12	8	5	9	18	1	1
16	15	11	15	15	12	8	6	8	18	1	1
16	15	11	15	15	12	8	7	7	18	1	1
16	15	11	15	15	12	8	8	6	18	1	1
16	15	11	15	15	12	8	9	5	18	1	1
16	15	11	15	15	12	8	10	4	18	1	1
16	15	11	15	15	12	8	11	3	18	1	1
16	15	11	15	15	12	8	12	2	18	1	1
16	15	11	15	15	12	8	13	1	18	1	1
16	15	11	15	15	12	8	14	0	18	1	1
16	15	11	15	15	12	9	2	11	18	1	1
16	15	11	15	15	12	9	3	10	18	1	1
16	15	11	15	15	12	9	4	9	18	1	1
16	15	11	15	15	12	9	5	8	18	1	1
16	15	11	15	15	12	9	6	7	18	1	1
16	15	11	15	15	12	9	7	6	18	1	1
16	15	11	15	15	12	9	8	5	18	1	1
16	15	11	15	15	12	9	9	4	18	1	1
16	15	11	15	15	12	9	10	3	18	1	1
16	15	11	15	15	12	9	11	2	18	1	1
16	15	11	15	15	12	9	12	1	18	1	1
16	15	11	15	15	12	9	13	0	18	1	1
16	15	11	15	15	12	10	1	11	18	1	1
16	15	11	15	15	12	10	2	10	18	1	1
16	15	11	15	15	12	10	3	9	18	1	1
16	15	11	15	15	12	10	4	8	18	1	1
16	15	11	15	15	12	10	5	7	18	1	1
16	15	11	15	15	12	10	6	6	18	1	1
16	15	11	15	15	12	10	7	5	18	1	1
16	15	11	15	15	12	10	8	4	18	1	1
16	15	11	15	15	12	10	9	3	18	1	1
16	15	11	15	15	12	10	10	2	18	1	1
16	15	11	15	15	12	11	0	11	18	1	1
16	15	11	15	15	12	11	1	10	18	1	1
16	15	11	15	15	12	11	2	9	18	1	1
16	15	11	15	15	12	11	3	8	18	1	1
16	15	11	15	15	12	11	4	7	18	1	1
16	15	11	15	15	12	11	5	6	18	1	1
16	15	11	15	15	12	11	6	5	18	1	1
16	15	11	15	15	12	11	7	4	18	1	1
16	15	11	15	15	12	11	8	3	18	1	1
16	15	11	15	15	12	11	9	2	18	1	1
16	15	11	15	15	12	11	10	1	18	1	1
16	15	11	16	11	15	0	11	11	18	1	1
16	15	11	16	11	15	2	9	11	18	1	1
16	15	11	16	11	15	2	11	9	18	1	1
16	15	11	16	11	15	3	8	11	18	1	1
16	15	11	16	11	15	3	9	10	18	1	1
16	15	11	16	11	15	3	10	9	18	1	1
16	15	11	16	11	15	3	11	8	18	1	1
16	15	11	16	11	15	4	7	11	18	1	1
16	15	11	16	11	15	4	8	10	18	1	1
16	15	11	16	11	15	4	9	9	18	1	1
16	15	11	16	11	15	4	10	8	18	1	1
16	15	11	16	11	15	4	11	7	18	1	1
16	15	11	16	11	15	5	6	11	18	1	1
16	15	11	16	11	15	5	7	10	18	1	1
16	15	11	16	11	15	5	8	9	18	1	1
16	15	11	16	11	15	5	9	8	18	1	1
16	15	11	16	11	15	5	10	7	18	1	1
16	15	11	16	11	15	5	11	6	18	1	1
16	15	11	16	11	15	6	5	11	18	1	1
16	15	11	16	11	15	6	6	10	18	1	1
16	15	11	16	11	15	6	7	9	18	1	1
16	15	11	16	11	15	6	8	8	18	1	1
16	15	11	16	11	15	6	9	7	18	1	1
16	15	11	16	11	15	6	10	6	18	1	1
16	15	11	16	11	15	6	11	5	18	1	1
16	15	11	16	11	15	7	4	11	18	1	1
16	15	11	16	11	15	7	5	10	18	1	1
16	15	11	16	11	15	7	6	9	18	1	1
16	15	11	16	11	15	7	7	8	18	1	1
16	15	11	16	11	15	7	8	7	18	1	1
16	15	11	16	11	15	7	9	6	18	1	1
16	15	11	16	11	15	7	10	5	18	1	1
16	15	11	16	11	15	7	11	4	18	1	1
16	15	11	16	11	15	8	3	11	18	1	1
16	15	11	16	11	15	8	4	10	18	1	1
16	15	11	16	11	15	8	5	9	18	1	1
16	15	11	16	11	15	8	6	8	18	1	1
16	15	11	16	11	15	8	7	7	18	1	1
16	15	11	16	11	15	8	8	6	18	1	1
16	15	11	16	11	15	8	9	5	18	1	1
16	15	11	16	11	15	8	10	4	18	1	1
16	15	11	16	11	15	8	11	3	18	1	1
16	15	11	16	11	15	9	2	11	18	1	1
16	15	11	16	11	15	9	3	10	18	1	1
16	15	11	16	11	15	9	4	9	18	1	1
16	15	11	16	11	15	9	5	8	18	1	1
16	15	11	16	11	15	9	6	7	18	1	1
16	15	11	16	11	15	9	7	6	18	1	1
16	15	11	16	11	15	9	8	5	18	1	1
16	15	11	16	11	15	9	9	4	18	1	1
16	15	11	16	11	15	9	10	3	18	1	1
16	15	11	16	11	15	9	11	2	18	1	1
16	15	11	16	12	14	1	10	11	18	1	1
16	15	11	16	12	14	1	12	9	18	1	1
16	15	11	16	12	14	2	9	11	18	1	1
16	15	11	16	12	14	2	10	10	18	1	1
16	15	11	16	12	14	2	11	9	18	1	1
16	15	11	16	12	14	2	12	8	18	1	1
16	15	11	16	12	14	3	8	11	18	1	1
16	15	11	16	12	14	3	9	10	18	1	1
16	15	11	16	12	14	3	10	9	18	1	1
16	15	11	16	12	14	3	11	8	18	1	1
16	15	11	16	12	14	3	12	7	18	1	1
16	15	11	16	12	14	4	7	11	18	1	1
16	15	11	16	12	14	4	8	10	18	1	1
16	15	11	16	12	14	4	9	9	18	1	1
16	15	11	16	12	14	4	10	8	18	1	1
16	15	11	16	12	14	4	11	7	18	1	1
16	15	11	16	12	14	4	12	6	18	1	1
16	15	11	16	12	14	5	6	11	18	1	1
16	15	11	16	12	14	5	7	10	18	1	1
16	15	11	16	12	14	5	8	9	18	1	1
16	15	11	16	12	14	5	9	8	18	1	1
16	15	11	16	12	14	5	10	7	18	1	1
16	15	11	16	12	14	5	11	6	18	1	1
16	15	11	16	12	14	5	12	5	18	1	1
16	15	11	16	12	14	6	5	11	18	1	1
16	15	11	16	12	14	6	6	10	18	1	1
16	15	11	16	12	14	6	7	9	18	1	1
16	15	11	16	12	14	6	8	8	18	1	1
16	15	11	16	12	14	6	9	7	18	1	1
16	15	11	16	12	14	6	10	6	18	1	1
16	15	11	16	12	14	6	11	5	18	1	1
16	15	11	16	12	14	6	12	4	18	1	1
16	15	11	16	12	14	7	4	11	18	1	1
16	15	11	16	12	14	7	5	10	18	1	1
16	15	11	16	12	14	7	6	9	18	1	1
16	15	11	16	12	14	7	7	8	18	1	1
16	15	11	16	12	14	7	8	7	18	1	1
16	15	11	16	12	14	7	9	6	18	1	1
16	15	11	16	12	14	7	10	5	18	1	1
16	15	11	16	12	14	7	11	4	18	1	1
16	15	11	16	12	14	7	12	3	18	1	1
16	15	11	16	12	14	8	3	11	18	1	1
16	15	11	16	12	14	8	4	10	18	1	1
16	15	11	16	12	14	8	5	9	18	1	1
16	15	11	16	12	14	8	6	8	18	1	1
16	15	11	16	12	14	8	7	7	18	1	1
16	15	11	16	12	14	8	8	6	18	1	1
16	15	11	16	12	14	8	9	5	18	1	1
16	15	11	16	12	14	8	10	4	18	1	1
16	15	11	16	12	14	8	11	3	18	1	1
16	15	11	16	12	14	8	12	2	18	1	1
16	15	11	16	12	14	9	2	11	18	1	1
16	15	11	16	12	14	9	3	10	18	1	1
16	15	11	16	12	14	9	4	9	18	1	1
16	15	11	16	12	14	9	5	8	18	1	1
16	15	11	16	12	14	9	6	7	18	1	1
16	15	11	16	12	14	9	7	6	18	1	1
16	15	11	16	12	14	9	8	5	18	1	1
16	15	11	16	12	14	9	9	4	18	1	1
16	15	11	16	12	14	9	10	3	18	1	1
16	15	11	16	12	14	9	11	2	18	1	1
16	15	11	16	12	14	9	12	1	18	1	1
16	15	11	16	14	12	0	11	11	18	1	1
16	15	11	16	14	12	0	12	10	18	1	1
16	15	11	16	14	12	0	13	9	18	1	1
16	15	11	16	14	12	0	14	8	18	1	1
16	15	11	16	14	12	1	10	11	18	1	1
16	15	11	16	14	12	1	11	10	18	1	1
16	15	11	16	14	12	1	12	9	18	1	1
16	15	11	16	14	12	1	13	8	18	1	1
16	15	11	16	14	12	1	14	7	18	1	1
16	15	11	16	14	12	2	9	11	18	1	1
16	15	11	16	14	12	2	10	10	18	1	1
16	15	11	16	14	12	2	11	9	18	1	1
16	15	11	16	14	12	2	12	8	18	1	1
16	15	11	16	14	12	2	13	7	18	1	1
16	15	11	16	14	12	2	14	6	18	1	1
16	15	11	16	14	12	3	8	11	18	1	1
16	15	11	16	14	12	3	9	10	18	1	1
16	15	11	16	14	12	3	10	9	18	1	1
16	15	11	16	14	12	3	11	8	18	1	1
16	15	11	16	14	12	3	12	7	18	1	1
16	15	11	16	14	12	3	13	6	18	1	1
16	15	11	16	14	12	3	14	5	18	1	1
16	15	11	16	14	12	4	7	11	18	1	1
16	15	11	16	14	12	4	8	10	18	1	1
16	15	11	16	14	12	4	9	9	18	1	1
16	15	11	16	14	12	4	10	8	18	1	1
16	15	11	16	14	12	4	11	7	18	1	1
16	15	11	16	14	12	4	12	6	18	1	1
16	15	11	16	14	12	4	13	5	18	1	1
16	15	11	16	14	12	4	14	4	18	1	1
16	15	11	16	14	12	5	6	11	18	1	1
16	15	11	16	14	12	5	7	10	18	1	1
16	15	11	16	14	12	5	8	9	18	1	1
16	15	11	16	14	12	5	9	8	18	1	1
16	15	11	16	14	12	5	10	7	18	1	1
16	15	11	16	14	12	5	11	6	18	1	1
16	15	11	16	14	12	5	12	5	18	1	1
16	15	11	16	14	12	5	13	4	18	1	1
16	15	11	16	14	12	5	14	3	18	1	1
16	15	11	16	14	12	6	5	11	18	1	1
16	15	11	16	14	12	6	6	10	18	1	1
16	15	11	16	14	12	6	7	9	18	1	1
16	15	11	16	14	12	6	8	8	18	1	1
16	15	11	16	14	12	6	9	7	18	1	1
16	15	11	16	14	12	6	10	6	18	1	1
16	15	11	16	14	12	6	11	5	18	1	1
16	15	11	16	14	12	6	12	4	18	1	1
16	15	11	16	14	12	6	13	3	18	1	1
16	15	11	16	14	12	6	14	2	18	1	1
16	15	11	16	14	12	7	4	11	18	1	1
16	15	11	16	14	12	7	5	10	18	1	1
16	15	11	16	14	12	7	6	9	18	1	1
16	15	11	16	14	12	7	7	8	18	1	1
16	15	11	16	14	12	7	8	7	18	1	1
16	15	11	16	14	12	7	9	6	18	1	1
16	15	11	16	14	12	7	10	5	18	1	1
16	15	11	16	14	12	7	11	4	18	1	1
16	15	11	16	14	12	7	12	3	18	1	1
16	15	11	16	14	12	7	13	2	18	1	1
16	15	11	16	14	12	7	14	1	18	1	1
16	15	11	16	14	12	8	3	11	18	1	1
16	15	11	16	14	12	8	4	10	18	1	1
16	15	11	16	14	12	8	5	9	18	1	1
16	15	11	16	14	12	8	6	8	18	1	1
16	15	11	16	14	12	8	7	7	18	1	1
16	15	11	16	14	12	8	8	6	18	1	1
16	15	11	16	14	12	8	9	5	18	1	1
16	15	11	16	14	12	8	10	4	18	1	1
16	15	11	16	14	12	8	11	3	18	1	1
16	15	11	16	14	12	8	12	2	18	1	1
16	15	11	16	14	12	8	13	1	18	1	1
16	15	11	16	14	12	8	14	0	18	1	1
16	15	11	16	14	12	9	2	11	18	1	1
16	15	11	16	14	12	9	3	10	18	1	1
16	15	11	16	14	12	9	4	9	18	1	1
16	15	11	16	14	12	9	5	8	18	1	1
16	15	11	16	14	12	9	6	7	18	1	1
16	15	11	16	14	12	9	7	6	18	1	1
16	15	11	16	14	12	9	8	5	18	1	1
16	15	11	16	14	12	9	9	4	18	1	1
16	15	11	16	14	12	9	10	3	18	1	1
16	15	11	16	14	12	9	11	2	18	1	1
16	15	11	16	15	11	0	11	11	18	1	1
16	15	11	16	15	11	0	12	10	18	1	1
16	15	11	16	15	11	0	13	9	18	1	1
16	15	11	16	15	11	0	14	8	18	1	1
16	15	11	16	15	11	0	15	7	18	1	1
16	15	11	16	15	11	1	10	11	18	1	1
16	15	11	16	15	11	1	11	10	18	1	1
16	15	11	16	15	11	1	12	9	18	1	1
16	15	11	16	15	11	1	13	8	18	1	1
16	15	11	16	15	11	1	14	7	18	1	1
16	15	11	16	15	11	2	9	11	18	1	1
16	15	11	16	15	11	2	10	10	18	1	1
16	15	11	16	15	11	2	11	9	18	1	1
16	15	11	16	15	11	2	12	8	18	1	1
16	15	11	16	15	11	2	13	7	18	1	1
16	15	11	16	15	11	2	15	5	18	1	1
16	15	11	16	15	11	3	8	11	18	1	1
16	15	11	16	15	11	3	9	10	18	1	1
16	15	11	16	15	11	3	10	9	18	1	1
16	15	11	16	15	11	3	11	8	18	1	1
16	15	11	16	15	11	3	12	7	18	1	1
16	15	11	16	15	11	3	13	6	18	1	1
16	15	11	16	15	11	3	14	5	18	1	1
16	15	11	16	15	11	3	15	4	18	1	1
16	15	11	16	15	11	4	7	11	18	1	1
16	15	11	16	15	11	4	8	10	18	1	1
16	15	11	16	15	11	4	9	9	18	1	1
16	15	11	16	15	11	4	10	8	18	1	1
16	15	11	16	15	11	4	11	7	18	1	1
16	15	11	16	15	11	4	12	6	18	1	1
16	15	11	16	15	11	4	13	5	18	1	1
16	15	11	16	15	11	4	14	4	18	1	1
16	15	11	16	15	11	4	15	3	18	1	1
16	15	11	16	15	11	5	6	11	18	1	1
16	15	11	16	15	11	5	7	10	18	1	1
16	15	11	16	15	11	5	8	9	18	1	1
16	15	11	16	15	11	5	9	8	18	1	1
16	15	11	16	15	11	5	10	7	18	1	1
16	15	11	16	15	11	5	11	6	18	1	1
16	15	11	16	15	11	5	12	5	18	1	1
16	15	11	16	15	11	5	13	4	18	1	1
16	15	11	16	15	11	5	14	3	18	1	1
16	15	11	16	15	11	5	15	2	18	1	1
16	15	11	16	15	11	6	5	11	18	1	1
16	15	11	16	15	11	6	6	10	18	1	1
16	15	11	16	15	11	6	7	9	18	1	1
16	15	11	16	15	11	6	8	8	18	1	1
16	15	11	16	15	11	6	9	7	18	1	1
16	15	11	16	15	11	6	10	6	18	1	1
16	15	11	16	15	11	6	11	5	18	1	1
16	15	11	16	15	11	6	12	4	18	1	1
16	15	11	16	15	11	6	13	3	18	1	1
16	15	11	16	15	11	6	14	2	18	1	1
16	15	11	16	15	11	6	15	1	18	1	1
16	15	11	16	15	11	7	4	11	18	1	1
16	15	11	16	15	11	7	5	10	18	1	1
16	15	11	16	15	11	7	6	9	18	1	1
16	15	11	16	15	11	7	7	8	18	1	1
16	15	11	16	15	11	7	8	7	18	1	1
16	15	11	16	15	11	7	9	6	18	1	1
16	15	11	16	15	11	7	10	5	18	1	1
16	15	11	16	15	11	7	11	4	18	1	1
16	15	11	16	15	11	7	12	3	18	1	1
16	15	11	16	15	11	7	13	2	18	1	1
16	15	11	16	15	11	7	14	1	18	1	1
16	15	11	16	15	11	7	15	0	18	1	1
16	15	11	16	15	11	8	3	11	18	1	1
16	15	11	16	15	11	8	4	10	18	1	1
16	15	11	16	15	11	8	5	9	18	1	1
16	15	11	16	15	11	8	6	8	18	1	1
16	15	11	16	15	11	8	7	7	18	1	1
16	15	11	16	15	11	8	8	6	18	1	1
16	15	11	16	15	11	8	9	5	18	1	1
16	15	11	16	15	11	8	10	4	18	1	1
16	15	11	16	15	11	8	11	3	18	1	1
16	15	11	16	15	11	8	12	2	18	1	1
16	15	11	16	15	11	8	13	1	18	1	1
16	15	11	16	15	11	8	14	0	18	1	1
16	15	11	16	15	11	9	2	11	18	1	1
16	15	11	16	15	11	9	3	10	18	1	1
16	15	11	16	15	11	9	4	9	18	1	1
16	15	11	16	15	11	9	5	8	18	1	1
16	15	11	16	15	11	9	6	7	18	1	1
16	15	11	16	15	11	9	7	6	18	1	1
16	15	11	16	15	11	9	8	5	18	1	1
16	15	11	16	15	11	9	9	4	18	1	1
16	15	11	16	15	11	9	10	3	18	1	1
16	15	11	16	15	11	9	13	0	18	1	1
16	15	11	17	9	16	5	8	9	18	1	1
16	15	11	17	9	16	5	9	8	18	1	1
16	15	11	17	9	16	6	7	9	18	1	1
16	15	11	17	9	16	6	8	8	18	1	1
16	15	11	17	9	16	6	9	7	18	1	1
16	15	11	17	9	16	7	6	9	18	1	1
16	15	11	17	9	16	7	7	8	18	1	1
16	15	11	17	9	16	7	8	7	18	1	1
16	15	11	17	9	16	7	9	6	18	1	1
16	15	11	17	9	16	8	5	9	18	1	1
16	15	11	17	9	16	8	6	8	18	1	1
16	15	11	17	9	16	8	7	7	18	1	1
16	15	11	17	9	16	8	8	6	18	1	1
16	15	11	17	9	16	8	9	5	18	1	1
16	15	11	17	9	16	9	4	9	18	1	1
16	15	11	17	9	16	9	5	8	18	1	1
16	15	11	17	9	16	9	6	7	18	1	1
16	15	11	17	9	16	9	7	6	18	1	1
16	15	11	17	9	16	9	8	5	18	1	1
16	15	11	17	9	16	9	9	4	18	1	1
16	15	11	17	16	9	2	11	9	18	1	1
16	15	11	17	16	9	3	10	9	18	1	1
16	15	11	17	16	9	3	11	8	18	1	1
16	15	11	17	16	9	4	9	9	18	1	1
16	15	11	17	16	9	4	10	8	18	1	1
16	15	11	17	16	9	4	11	7	18	1	1
16	15	11	17	16	9	5	8	9	18	1	1
16	15	11	17	16	9	5	9	8	18	1	1
16	15	11	17	16	9	5	10	7	18	1	1
16	15	11	17	16	9	5	11	6	18	1	1
16	15	11	17	16	9	6	7	9	18	1	1
16	15	11	17	16	9	6	8	8	18	1	1
16	15	11	17	16	9	6	9	7	18	1	1
16	15	11	17	16	9	6	10	6	18	1	1
16	15	11	17	16	9	6	11	5	18	1	1
16	15	11	17	16	9	7	6	9	18	1	1
16	15	11	17	16	9	7	7	8	18	1	1
16	15	11	17	16	9	7	8	7	18	1	1
16	15	11	17	16	9	7	9	6	18	1	1
16	15	11	17	16	9	7	10	5	18	1	1
16	15	11	17	16	9	7	11	4	18	1	1
16	15	11	17	16	9	8	5	9	18	1	1
16	15	11	17	16	9	8	6	8	18	1	1
16	15	11	17	16	9	8	7	7	18	1	1
16	15	11	17	16	9	8	8	6	18	1	1
16	15	11	17	16	9	8	9	5	18	1	1
16	15	11	17	16	9	9	4	9	18	1	1
16	15	11	17	16	9	9	5	8	18	1	1
16	15	11	17	16	9	9	6	7	18	1	1
16	15	11	17	16	9	9	7	6	18	1	1
16	15	11	17	16	9	9	8	5	18	1	1
16	15	11	17	16	9	9	9	4	18	1	1
16	15	11	17	16	9	9	11	2	18	1	1
16	15	11	17	17	8	4	9	9	18	1	1
16	15	11	17	17	8	5	8	9	18	1	1
16	15	11	17	17	8	5	9	8	18	1	1
16	15	11	17	17	8	6	7	9	18	1	1
16	15	11	17	17	8	6	8	8	18	1	1
16	15	11	17	17	8	6	9	7	18	1	1
16	15	11	17	17	8	7	6	9	18	1	1
16	15	11	17	17	8	7	7	8	18	1	1
16	15	11	17	17	8	7	8	7	18	1	1
16	15	11	17	17	8	7	9	6	18	1	1
16	15	11	17	17	8	8	5	9	18	1	1
16	15	11	17	17	8	8	6	8	18	1	1
16	15	11	17	17	8	8	7	7	18	1	1
16	15	11	17	17	8	8	8	6	18	1	1
16	15	11	17	17	8	9	4	9	18	1	1
16	15	11	17	17	8	9	5	8	18	1	1
16	15	11	17	17	8	9	6	7	18	1	1
16	15	11	17	17	8	9	7	6	18	1	1
16	15	11	17	17	8	9	8	5	18	1	1
16	15	11	18	7	17	4	9	9	18	1	1
16	15	11	18	7	17	6	7	9	18	1	1
16	15	11	18	7	17	6	9	7	18	1	1
16	15	11	18	7	17	7	6	9	18	1	1
16	15	11	18	7	17	7	7	8	18	1	1
16	15	11	18	7	17	7	8	7	18	1	1
16	15	11	18	7	17	7	9	6	18	1	1
16	15	11	18	7	17	8	5	9	18	1	1
16	15	11	18	7	17	8	6	8	18	1	1
16	15	11	18	7	17	8	7	7	18	1	1
16	15	11	18	7	17	8	8	6	18	1	1
16	15	11	18	7	17	8	9	5	18	1	1
16	15	11	18	7	17	9	4	9	18	1	1
16	15	11	18	7	17	9	5	8	18	1	1
16	15	11	18	7	17	9	6	7	18	1	1
16	15	11	18	7	17	9	7	6	18	1	1
16	15	11	18	7	17	9	8	5	18	1	1
16	15	11	18	7	17	9	9	4	18	1	1
16	15	11	18	8	16	5	8	9	18	1	1
16	15	11	18	8	16	6	7	9	18	1	1
16	15	11	18	8	16	6	8	8	18	1	1
16	15	11	18	8	16	6	9	7	18	1	1
16	15	11	18	8	16	7	6	9	18	1	1
16	15	11	18	8	16	7	7	8	18	1	1
16	15	11	18	8	16	7	8	7	18	1	1
16	15	11	18	8	16	7	9	6	18	1	1
16	15	11	18	8	16	8	5	9	18	1	1
16	15	11	18	8	16	8	6	8	18	1	1
16	15	11	18	8	16	8	7	7	18	1	1
16	15	11	18	8	16	8	8	6	18	1	1
16	15	11	18	8	16	8	9	5	18	1	1
16	15	11	18	8	16	9	4	9	18	1	1
16	15	11	18	8	16	9	5	8	18	1	1
16	15	11	18	8	16	9	6	7	18	1	1
16	15	11	18	8	16	9	7	6	18	1	1
16	15	11	18	8	16	9	8	5	18	1	1
16	15	11	18	8	16	9	9	4	18	1	1
16	15	11	18	9	15	2	11	9	18	1	1
16	15	11	18	9	15	4	9	9	18	1	1
16	15	11	18	9	15	4	11	7	18	1	1
16	15	11	18	9	15	5	8	9	18	1	1
16	15	11	18	9	15	5	9	8	18	1	1
16	15	11	18	9	15	5	10	7	18	1	1
16	15	11	18	9	15	5	11	6	18	1	1
16	15	11	18	9	15	6	7	9	18	1	1
16	15	11	18	9	15	6	8	8	18	1	1
16	15	11	18	9	15	6	9	7	18	1	1
16	15	11	18	9	15	6	10	6	18	1	1
16	15	11	18	9	15	6	11	5	18	1	1
16	15	11	18	9	15	7	6	9	18	1	1
16	15	11	18	9	15	7	7	8	18	1	1
16	15	11	18	9	15	7	8	7	18	1	1
16	15	11	18	9	15	7	9	6	18	1	1
16	15	11	18	9	15	7	10	5	18	1	1
16	15	11	18	9	15	7	11	4	18	1	1
16	15	11	18	9	15	8	5	9	18	1	1
16	15	11	18	9	15	8	6	8	18	1	1
16	15	11	18	9	15	8	7	7	18	1	1
16	15	11	18	9	15	8	8	6	18	1	1
16	15	11	18	9	15	8	9	5	18	1	1
16	15	11	18	9	15	8	10	4	18	1	1
16	15	11	18	9	15	8	11	3	18	1	1
16	15	11	18	9	15	9	4	9	18	1	1
16	15	11	18	9	15	9	5	8	18	1	1
16	15	11	18	9	15	9	6	7	18	1	1
16	15	11	18	9	15	9	7	6	18	1	1
16	15	11	18	9	15	9	8	5	18	1	1
16	15	11	18	9	15	9	9	4	18	1	1
16	15	11	18	9	15	9	10	3	18	1	1
16	15	11	18	9	15	9	11	2	18	1	1
16	15	11	18	12	12	1	12	9	18	1	1
16	15	11	18	12	12	2	11	9	18	1	1
16	15	11	18	12	12	2	12	8	18	1	1
16	15	11	18	12	12	3	10	9	18	1	1
16	15	11	18	12	12	3	11	8	18	1	1
16	15	11	18	12	12	3	12	7	18	1	1
16	15	11	18	12	12	4	9	9	18	1	1
16	15	11	18	12	12	4	10	8	18	1	1
16	15	11	18	12	12	4	11	7	18	1	1
16	15	11	18	12	12	4	12	6	18	1	1
16	15	11	18	12	12	5	8	9	18	1	1
16	15	11	18	12	12	5	9	8	18	1	1
16	15	11	18	12	12	5	10	7	18	1	1
16	15	11	18	12	12	5	11	6	18	1	1
16	15	11	18	12	12	5	12	5	18	1	1
16	15	11	18	12	12	6	7	9	18	1	1
16	15	11	18	12	12	6	8	8	18	1	1
16	15	11	18	12	12	6	9	7	18	1	1
16	15	11	18	12	12	6	10	6	18	1	1
16	15	11	18	12	12	6	11	5	18	1	1
16	15	11	18	12	12	6	12	4	18	1	1
16	15	11	18	12	12	7	6	9	18	1	1
16	15	11	18	12	12	7	7	8	18	1	1
16	15	11	18	12	12	7	8	7	18	1	1
16	15	11	18	12	12	7	9	6	18	1	1
16	15	11	18	12	12	7	10	5	18	1	1
16	15	11	18	12	12	7	11	4	18	1	1
16	15	11	18	12	12	7	12	3	18	1	1
16	15	11	18	12	12	8	5	9	18	1	1
16	15	11	18	12	12	8	6	8	18	1	1
16	15	11	18	12	12	8	7	7	18	1	1
16	15	11	18	12	12	8	8	6	18	1	1
16	15	11	18	12	12	8	9	5	18	1	1
16	15	11	18	12	12	8	10	4	18	1	1
16	15	11	18	12	12	8	11	3	18	1	1
16	15	11	18	12	12	8	12	2	18	1	1
16	15	11	18	12	12	9	4	9	18	1	1
16	15	11	18	12	12	9	5	8	18	1	1
16	15	11	18	12	12	9	6	7	18	1	1
16	15	11	18	12	12	9	7	6	18	1	1
16	15	11	18	12	12	9	8	5	18	1	1
16	15	11	18	12	12	9	9	4	18	1	1
16	15	11	18	12	12	9	10	3	18	1	1
16	15	11	18	12	12	9	11	2	18	1	1
16	15	11	18	12	12	9	12	1	18	1	1
16	15	11	18	15	9	1	12	9	18	1	1
16	15	11	18	15	9	2	11	9	18	1	1
16	15	11	18	15	9	2	12	8	18	1	1
16	15	11	18	15	9	3	10	9	18	1	1
16	15	11	18	15	9	3	11	8	18	1	1
16	15	11	18	15	9	3	12	7	18	1	1
16	15	11	18	15	9	4	9	9	18	1	1
16	15	11	18	15	9	4	10	8	18	1	1
16	15	11	18	15	9	4	11	7	18	1	1
16	15	11	18	15	9	4	12	6	18	1	1
16	15	11	18	15	9	5	8	9	18	1	1
16	15	11	18	15	9	5	9	8	18	1	1
16	15	11	18	15	9	5	10	7	18	1	1
16	15	11	18	15	9	5	11	6	18	1	1
16	15	11	18	15	9	5	12	5	18	1	1
16	15	11	18	15	9	6	7	9	18	1	1
16	15	11	18	15	9	6	8	8	18	1	1
16	15	11	18	15	9	6	9	7	18	1	1
16	15	11	18	15	9	6	10	6	18	1	1
16	15	11	18	15	9	6	11	5	18	1	1
16	15	11	18	15	9	6	12	4	18	1	1
16	15	11	18	15	9	7	6	9	18	1	1
16	15	11	18	15	9	7	7	8	18	1	1
16	15	11	18	15	9	7	8	7	18	1	1
16	15	11	18	15	9	7	9	6	18	1	1
16	15	11	18	15	9	7	10	5	18	1	1
16	15	11	18	15	9	8	5	9	18	1	1
16	15	11	18	15	9	8	6	8	18	1	1
16	15	11	18	15	9	8	7	7	18	1	1
16	15	11	18	15	9	8	8	6	18	1	1
16	15	11	18	15	9	8	9	5	18	1	1
16	15	11	18	15	9	8	10	4	18	1	1
16	15	11	18	15	9	8	12	2	18	1	1
16	15	11	18	15	9	9	4	9	18	1	1
16	15	11	18	15	9	9	5	8	18	1	1
16	15	11	18	15	9	9	6	7	18	1	1
16	15	11	18	15	9	9	7	6	18	1	1
16	15	11	18	15	9	9	8	5	18	1	1
16	15	11	18	15	9	9	9	4	18	1	1
16	15	11	18	15	9	9	10	3	18	1	1
16	15	11	18	15	9	9	11	2	18	1	1
16	15	11	18	15	9	9	12	1	18	1	1
16	15	11	18	16	8	2	11	9	18	1	1
16	15	11	18	16	8	3	10	9	18	1	1
16	15	11	18	16	8	3	11	8	18	1	1
16	15	11	18	16	8	4	9	9	18	1	1
16	15	11	18	16	8	4	10	8	18	1	1
16	15	11	18	16	8	4	11	7	18	1	1
16	15	11	18	16	8	5	8	9	18	1	1
16	15	11	18	16	8	5	9	8	18	1	1
16	15	11	18	16	8	5	10	7	18	1	1
16	15	11	18	16	8	5	11	6	18	1	1
16	15	11	18	16	8	6	7	9	18	1	1
16	15	11	18	16	8	6	8	8	18	1	1
16	15	11	18	16	8	6	9	7	18	1	1
16	15	11	18	16	8	6	10	6	18	1	1
16	15	11	18	16	8	6	11	5	18	1	1
16	15	11	18	16	8	7	6	9	18	1	1
16	15	11	18	16	8	7	7	8	18	1	1
16	15	11	18	16	8	7	8	7	18	1	1
16	15	11	18	16	8	7	9	6	18	1	1
16	15	11	18	16	8	8	5	9	18	1	1
16	15	11	18	16	8	8	6	8	18	1	1
16	15	11	18	16	8	8	7	7	18	1	1
16	15	11	18	16	8	8	8	6	18	1	1
16	15	11	18	16	8	8	9	5	18	1	1
16	15	11	18	16	8	8	11	3	18	1	1
16	15	11	18	16	8	9	4	9	18	1	1
16	15	11	18	16	8	9	5	8	18	1	1
16	15	11	18	16	8	9	6	7	18	1	1
16	15	11	18	16	8	9	7	6	18	1	1
16	15	11	18	16	8	9	8	5	18	1	1
16	15	11	18	16	8	9	9	4	18	1	1
16	15	11	18	16	8	9	10	3	18	1	1
16	15	11	18	16	8	9	11	2	18	1	1
16	15	11	18	17	7	4	9	9	18	1	1
16	15	11	18	17	7	5	8	9	18	1	1
16	15	11	18	17	7	5	9	8	18	1	1
16	15	11	18	17	7	6	7	9	18	1	1
16	15	11	18	17	7	6	8	8	18	1	1
16	15	11	18	17	7	6	9	7	18	1	1
16	15	11	18	17	7	7	6	9	18	1	1
16	15	11	18	17	7	7	7	8	18	1	1
16	15	11	18	17	7	7	8	7	18	1	1
16	15	11	18	17	7	8	5	9	18	1	1
16	15	11	18	17	7	8	6	8	18	1	1
16	15	11	18	17	7	8	7	7	18	1	1
16	15	11	18	17	7	8	8	6	18	1	1
16	15	11	18	17	7	9	4	9	18	1	1
16	15	11	18	17	7	9	5	8	18	1	1
16	15	11	18	17	7	9	6	7	18	1	1
16	15	11	18	17	7	9	7	6	18	1	1
16	15	11	18	17	7	9	8	5	18	1	1
16	15	11	18	17	7	9	9	4	18	1	1
16	15	11	18	18	6	4	9	9	18	1	1
16	15	11	18	18	6	5	8	9	18	1	1
16	15	11	18	18	6	5	9	8	18	1	1
16	15	11	18	18	6	6	7	9	18	1	1
16	15	11	18	18	6	6	8	8	18	1	1
16	15	11	18	18	6	6	9	7	18	1	1
16	15	11	18	18	6	7	6	9	18	1	1
16	15	11	18	18	6	7	7	8	18	1	1
16	15	11	18	18	6	8	5	9	18	1	1
16	15	11	18	18	6	8	6	8	18	1	1
16	15	11	18	18	6	8	7	7	18	1	1
16	15	11	18	18	6	8	9	5	18	1	1
16	15	11	18	18	6	9	4	9	18	1	1
16	15	11	18	18	6	9	5	8	18	1	1
16	15	11	18	18	6	9	6	7	18	1	1
16	15	11	18	18	6	9	7	6	18	1	1
16	15	11	18	18	6	9	8	5	18	1	1
16	15	11	18	18	6	9	9	4	18	1	1
17	16	9	14	14	14	8	7	7	18	3	1
17	16	9	14	14	14	8	8	6	18	3	1
17	16	9	14	14	14	9	5	8	18	3	1
17	16	9	14	14	14	9	6	7	18	3	1
17	16	9	14	14	14	9	7	6	18	3	1
17	16	9	14	14	14	9	8	5	18	3	1
17	16	9	14	14	14	9	9	4	18	3	1
17	16	9	14	14	14	10	3	9	18	3	1
17	16	9	14	14	14	10	4	8	18	3	1
17	16	9	14	14	14	10	5	7	18	3	1
17	16	9	14	14	14	10	6	6	18	3	1
17	16	9	14	14	14	10	7	5	18	3	1
17	16	9	14	14	14	10	8	4	18	3	1
17	16	9	14	14	14	10	9	3	18	3	1
17	16	9	14	14	14	10	10	2	18	3	1
17	16	9	15	13	14	2	9	11	18	1	1
17	16	9	15	13	14	3	8	11	18	1	1
17	16	9	15	13	14	3	9	10	18	1	1
17	16	9	15	13	14	3	10	9	18	1	1
17	16	9	15	13	14	4	7	11	18	1	1
17	16	9	15	13	14	4	8	10	18	1	1
17	16	9	15	13	14	4	9	9	18	1	1
17	16	9	15	13	14	4	10	8	18	1	1
17	16	9	15	13	14	5	6	11	18	1	1
17	16	9	15	13	14	5	7	10	18	1	1
17	16	9	15	13	14	5	8	9	18	1	1
17	16	9	15	13	14	5	9	8	18	1	1
17	16	9	15	13	14	5	10	7	18	1	1
17	16	9	15	13	14	6	5	11	18	1	1
17	16	9	15	13	14	6	6	10	18	1	1
17	16	9	15	13	14	6	7	9	18	1	1
17	16	9	15	13	14	6	8	8	18	1	1
17	16	9	15	13	14	6	9	7	18	1	1
17	16	9	15	13	14	6	10	6	18	1	1
17	16	9	15	13	14	7	4	11	18	1	1
17	16	9	15	13	14	7	5	10	18	1	1
17	16	9	15	13	14	7	6	9	18	1	1
17	16	9	15	13	14	7	7	8	18	1	1
17	16	9	15	13	14	7	8	7	18	1	1
17	16	9	15	13	14	7	9	6	18	1	1
17	16	9	15	13	14	7	10	5	18	1	1
17	16	9	15	13	14	8	3	11	18	1	1
17	16	9	15	13	14	8	4	10	18	1	1
17	16	9	15	13	14	8	5	9	18	1	1
17	16	9	15	13	14	8	6	8	18	1	1
17	16	9	15	13	14	8	7	7	18	1	1
17	16	9	15	13	14	8	8	6	18	1	1
17	16	9	15	13	14	8	9	5	18	1	1
17	16	9	15	13	14	8	10	4	18	1	1
17	16	9	15	13	14	9	2	11	18	1	1
17	16	9	15	13	14	9	3	10	18	1	1
17	16	9	15	13	14	9	4	9	18	1	1
17	16	9	15	13	14	9	5	8	18	1	1
17	16	9	15	13	14	9	6	7	18	1	1
17	16	9	15	13	14	9	7	6	18	1	1
17	16	9	15	13	14	9	8	5	18	1	1
17	16	9	15	13	14	9	9	4	18	1	1
17	16	9	15	13	14	9	10	3	18	1	1
17	16	9	15	14	13	2	10	10	18	1	1
17	16	9	15	14	13	2	11	9	18	1	1
17	16	9	15	14	13	3	9	10	18	1	1
17	16	9	15	14	13	3	10	9	18	1	1
17	16	9	15	14	13	3	11	8	18	1	1
17	16	9	15	14	13	4	8	10	18	1	1
17	16	9	15	14	13	4	9	9	18	1	1
17	16	9	15	14	13	4	10	8	18	1	1
17	16	9	15	14	13	4	11	7	18	1	1
17	16	9	15	14	13	5	7	10	18	1	1
17	16	9	15	14	13	5	8	9	18	1	1
17	16	9	15	14	13	5	9	8	18	1	1
17	16	9	15	14	13	5	10	7	18	1	1
17	16	9	15	14	13	5	11	6	18	1	1
17	16	9	15	14	13	6	6	10	18	1	1
17	16	9	15	14	13	6	7	9	18	1	1
17	16	9	15	14	13	6	8	8	18	1	1
17	16	9	15	14	13	6	9	7	18	1	1
17	16	9	15	14	13	6	10	6	18	1	1
17	16	9	15	14	13	6	11	5	18	1	1
17	16	9	15	14	13	7	5	10	18	1	1
17	16	9	15	14	13	7	6	9	18	1	1
17	16	9	15	14	13	7	7	8	18	1	1
17	16	9	15	14	13	7	8	7	18	1	1
17	16	9	15	14	13	7	9	6	18	1	1
17	16	9	15	14	13	7	10	5	18	1	1
17	16	9	15	14	13	7	11	4	18	1	1
17	16	9	15	14	13	8	4	10	18	1	1
17	16	9	15	14	13	8	5	9	18	1	1
17	16	9	15	14	13	8	6	8	18	1	1
17	16	9	15	14	13	8	7	7	18	1	1
17	16	9	15	14	13	8	8	6	18	1	1
17	16	9	15	14	13	8	9	5	18	1	1
17	16	9	15	14	13	8	10	4	18	1	1
17	16	9	15	14	13	8	11	3	18	1	1
17	16	9	15	14	13	9	3	10	18	1	1
17	16	9	15	14	13	9	4	9	18	1	1
17	16	9	15	14	13	9	5	8	18	1	1
17	16	9	15	14	13	9	6	7	18	1	1
17	16	9	15	14	13	9	7	6	18	1	1
17	16	9	15	14	13	9	8	5	18	1	1
17	16	9	15	14	13	9	9	4	18	1	1
17	16	9	15	14	13	9	10	3	18	1	1
17	16	9	15	15	12	2	11	9	18	1	1
17	16	9	15	15	12	3	10	9	18	1	1
17	16	9	15	15	12	3	11	8	18	1	1
17	16	9	15	15	12	4	9	9	18	1	1
17	16	9	15	15	12	4	10	8	18	1	1
17	16	9	15	15	12	4	11	7	18	1	1
17	16	9	15	15	12	5	8	9	18	1	1
17	16	9	15	15	12	5	9	8	18	1	1
17	16	9	15	15	12	5	10	7	18	1	1
17	16	9	15	15	12	5	11	6	18	1	1
17	16	9	15	15	12	6	7	9	18	1	1
17	16	9	15	15	12	6	8	8	18	1	1
17	16	9	15	15	12	6	9	7	18	1	1
17	16	9	15	15	12	6	10	6	18	1	1
17	16	9	15	15	12	6	11	5	18	1	1
17	16	9	15	15	12	7	6	9	18	1	1
17	16	9	15	15	12	7	7	8	18	1	1
17	16	9	15	15	12	7	8	7	18	1	1
17	16	9	15	15	12	7	9	6	18	1	1
17	16	9	15	15	12	7	10	5	18	1	1
17	16	9	15	15	12	7	11	4	18	1	1
17	16	9	15	15	12	8	5	9	18	1	1
17	16	9	15	15	12	8	6	8	18	1	1
17	16	9	15	15	12	8	7	7	18	1	1
17	16	9	15	15	12	8	8	6	18	1	1
17	16	9	15	15	12	8	9	5	18	1	1
17	16	9	15	15	12	8	10	4	18	1	1
17	16	9	15	15	12	8	11	3	18	1	1
17	16	9	15	15	12	9	4	9	18	1	1
17	16	9	15	15	12	9	5	8	18	1	1
17	16	9	15	15	12	9	6	7	18	1	1
17	16	9	15	15	12	9	7	6	18	1	1
17	16	9	15	15	12	9	8	5	18	1	1
17	16	9	15	15	12	9	9	4	18	1	1
17	16	9	16	11	15	5	8	9	18	1	1
17	16	9	16	11	15	5	9	8	18	1	1
17	16	9	16	11	15	6	7	9	18	1	1
17	16	9	16	11	15	6	8	8	18	1	1
17	16	9	16	11	15	6	9	7	18	1	1
17	16	9	16	11	15	7	6	9	18	1	1
17	16	9	16	11	15	7	7	8	18	1	1
17	16	9	16	11	15	7	8	7	18	1	1
17	16	9	16	11	15	7	9	6	18	1	1
17	16	9	16	11	15	8	5	9	18	1	1
17	16	9	16	11	15	8	6	8	18	1	1
17	16	9	16	11	15	8	7	7	18	1	1
17	16	9	16	11	15	8	8	6	18	1	1
17	16	9	16	11	15	8	9	5	18	1	1
17	16	9	16	11	15	9	4	9	18	1	1
17	16	9	16	11	15	9	5	8	18	1	1
17	16	9	16	11	15	9	6	7	18	1	1
17	16	9	16	11	15	9	7	6	18	1	1
17	16	9	16	11	15	9	8	5	18	1	1
17	16	9	16	11	15	9	9	4	18	1	1
17	16	9	16	12	14	4	9	9	18	1	1
17	16	9	16	12	14	4	10	8	18	1	1
17	16	9	16	12	14	5	8	9	18	1	1
17	16	9	16	12	14	5	9	8	18	1	1
17	16	9	16	12	14	5	10	7	18	1	1
17	16	9	16	12	14	6	7	9	18	1	1
17	16	9	16	12	14	6	8	8	18	1	1
17	16	9	16	12	14	6	9	7	18	1	1
17	16	9	16	12	14	6	10	6	18	1	1
17	16	9	16	12	14	7	6	9	18	1	1
17	16	9	16	12	14	7	7	8	18	1	1
17	16	9	16	12	14	7	8	7	18	1	1
17	16	9	16	12	14	7	9	6	18	1	1
17	16	9	16	12	14	7	10	5	18	1	1
17	16	9	16	12	14	8	5	9	18	1	1
17	16	9	16	12	14	8	6	8	18	1	1
17	16	9	16	12	14	8	7	7	18	1	1
17	16	9	16	12	14	8	8	6	18	1	1
17	16	9	16	12	14	8	9	5	18	1	1
17	16	9	16	12	14	8	10	4	18	1	1
17	16	9	16	12	14	9	4	9	18	1	1
17	16	9	16	12	14	9	5	8	18	1	1
17	16	9	16	12	14	9	6	7	18	1	1
17	16	9	16	12	14	9	7	6	18	1	1
17	16	9	16	12	14	9	8	5	18	1	1
17	16	9	16	12	14	9	9	4	18	1	1
17	16	9	16	12	14	9	10	3	18	1	1
17	16	9	16	14	12	2	11	9	18	1	1
17	16	9	16	14	12	2	12	8	18	1	1
17	16	9	16	14	12	3	10	9	18	1	1
17	16	9	16	14	12	3	11	8	18	1	1
17	16	9	16	14	12	3	12	7	18	1	1
17	16	9	16	14	12	4	9	9	18	1	1
17	16	9	16	14	12	4	10	8	18	1	1
17	16	9	16	14	12	4	11	7	18	1	1
17	16	9	16	14	12	4	12	6	18	1	1
17	16	9	16	14	12	5	8	9	18	1	1
17	16	9	16	14	12	5	9	8	18	1	1
17	16	9	16	14	12	5	10	7	18	1	1
17	16	9	16	14	12	5	11	6	18	1	1
17	16	9	16	14	12	5	12	5	18	1	1
17	16	9	16	14	12	6	7	9	18	1	1
17	16	9	16	14	12	6	8	8	18	1	1
17	16	9	16	14	12	6	9	7	18	1	1
17	16	9	16	14	12	6	10	6	18	1	1
17	16	9	16	14	12	6	11	5	18	1	1
17	16	9	16	14	12	6	12	4	18	1	1
17	16	9	16	14	12	7	6	9	18	1	1
17	16	9	16	14	12	7	7	8	18	1	1
17	16	9	16	14	12	7	8	7	18	1	1
17	16	9	16	14	12	7	9	6	18	1	1
17	16	9	16	14	12	7	10	5	18	1	1
17	16	9	16	14	12	7	11	4	18	1	1
17	16	9	16	14	12	7	12	3	18	1	1
17	16	9	16	14	12	8	5	9	18	1	1
17	16	9	16	14	12	8	6	8	18	1	1
17	16	9	16	14	12	8	7	7	18	1	1
17	16	9	16	14	12	8	8	6	18	1	1
17	16	9	16	14	12	8	9	5	18	1	1
17	16	9	16	14	12	8	10	4	18	1	1
17	16	9	16	14	12	9	4	9	18	1	1
17	16	9	16	14	12	9	5	8	18	1	1
17	16	9	16	14	12	9	6	7	18	1	1
17	16	9	16	14	12	9	7	6	18	1	1
17	16	9	16	14	12	9	8	5	18	1	1
17	16	9	16	14	12	9	9	4	18	1	1
17	16	9	16	14	12	9	10	3	18	1	1
17	16	9	16	14	12	9	12	1	18	1	1
17	16	9	16	15	11	2	11	9	18	1	1
17	16	9	16	15	11	3	10	9	18	1	1
17	16	9	16	15	11	3	11	8	18	1	1
17	16	9	16	15	11	4	9	9	18	1	1
17	16	9	16	15	11	4	10	8	18	1	1
17	16	9	16	15	11	4	11	7	18	1	1
17	16	9	16	15	11	5	8	9	18	1	1
17	16	9	16	15	11	5	9	8	18	1	1
17	16	9	16	15	11	5	10	7	18	1	1
17	16	9	16	15	11	5	11	6	18	1	1
17	16	9	16	15	11	6	7	9	18	1	1
17	16	9	16	15	11	6	8	8	18	1	1
17	16	9	16	15	11	6	9	7	18	1	1
17	16	9	16	15	11	6	10	6	18	1	1
17	16	9	16	15	11	6	11	5	18	1	1
17	16	9	16	15	11	7	6	9	18	1	1
17	16	9	16	15	11	7	7	8	18	1	1
17	16	9	16	15	11	7	8	7	18	1	1
17	16	9	16	15	11	7	9	6	18	1	1
17	16	9	16	15	11	7	10	5	18	1	1
17	16	9	16	15	11	7	11	4	18	1	1
17	16	9	16	15	11	8	5	9	18	1	1
17	16	9	16	15	11	8	6	8	18	1	1
17	16	9	16	15	11	8	7	7	18	1	1
17	16	9	16	15	11	8	8	6	18	1	1
17	16	9	16	15	11	8	9	5	18	1	1
17	16	9	16	15	11	9	4	9	18	1	1
17	16	9	16	15	11	9	5	8	18	1	1
17	16	9	16	15	11	9	6	7	18	1	1
17	16	9	16	15	11	9	7	6	18	1	1
17	16	9	16	15	11	9	8	5	18	1	1
17	16	9	16	15	11	9	9	4	18	1	1
17	16	9	16	15	11	9	11	2	18	1	1
17	16	9	17	9	16	4	9	9	18	1	1
17	16	9	17	9	16	6	7	9	18	1	1
17	16	9	17	9	16	6	9	7	18	1	1
17	16	9	17	9	16	7	6	9	18	1	1
17	16	9	17	9	16	7	7	8	18	1	1
17	16	9	17	9	16	7	8	7	18	1	1
17	16	9	17	9	16	7	9	6	18	1	1
17	16	9	17	9	16	8	5	9	18	1	1
17	16	9	17	9	16	8	6	8	18	1	1
17	16	9	17	9	16	8	7	7	18	1	1
17	16	9	17	9	16	8	8	6	18	1	1
17	16	9	17	9	16	8	9	5	18	1	1
17	16	9	17	9	16	9	4	9	18	1	1
17	16	9	17	9	16	9	5	8	18	1	1
17	16	9	17	9	16	9	6	7	18	1	1
17	16	9	17	9	16	9	7	6	18	1	1
17	16	9	17	9	16	9	8	5	18	1	1
17	16	9	17	9	16	9	9	4	18	1	1
17	16	9	17	16	9	4	9	9	18	1	1
17	16	9	17	16	9	5	8	9	18	1	1
17	16	9	17	16	9	5	9	8	18	1	1
17	16	9	17	16	9	6	7	9	18	1	1
17	16	9	17	16	9	6	8	8	18	1	1
17	16	9	17	16	9	6	9	7	18	1	1
17	16	9	17	16	9	7	6	9	18	1	1
17	16	9	17	16	9	7	7	8	18	1	1
17	16	9	17	16	9	7	8	7	18	1	1
17	16	9	17	16	9	8	5	9	18	1	1
17	16	9	17	16	9	8	6	8	18	1	1
17	16	9	17	16	9	8	7	7	18	1	1
17	16	9	17	16	9	8	8	6	18	1	1
17	16	9	17	16	9	9	4	9	18	1	1
17	16	9	17	16	9	9	5	8	18	1	1
17	16	9	17	16	9	9	6	7	18	1	1
17	16	9	17	16	9	9	7	6	18	1	1
17	16	9	17	16	9	9	8	5	18	1	1
17	16	9	17	16	9	9	9	4	18	1	1
17	16	9	17	17	8	4	9	9	18	1	1
17	16	9	17	17	8	5	8	9	18	1	1
17	16	9	17	17	8	5	9	8	18	1	1
17	16	9	17	17	8	6	7	9	18	1	1
17	16	9	17	17	8	6	8	8	18	1	1
17	16	9	17	17	8	6	9	7	18	1	1
17	16	9	17	17	8	7	6	9	18	1	1
17	16	9	17	17	8	7	7	8	18	1	1
17	16	9	17	17	8	8	5	9	18	1	1
17	16	9	17	17	8	8	6	8	18	1	1
17	16	9	17	17	8	8	7	7	18	1	1
17	16	9	17	17	8	8	9	5	18	1	1
17	16	9	17	17	8	9	4	9	18	1	1
17	16	9	17	17	8	9	5	8	18	1	1
17	16	9	17	17	8	9	6	7	18	1	1
17	16	9	17	17	8	9	7	6	18	1	1
17	16	9	17	17	8	9	8	5	18	1	1
17	16	9	17	17	8	9	9	4	18	1	1
17	16	9	18	7	17	4	9	9	18	1	1
17	16	9	18	7	17	5	8	9	18	1	1
17	16	9	18	7	17	5	9	8	18	1	1
17	16	9	18	7	17	6	7	9	18	1	1
17	16	9	18	7	17	6	8	8	18	1	1
17	16	9	18	7	17	6	9	7	18	1	1
17	16	9	18	7	17	7	6	9	18	1	1
17	16	9	18	7	17	7	9	6	18	1	1
17	16	9	18	7	17	8	5	9	18	1	1
17	16	9	18	7	17	8	6	8	18	1	1
17	16	9	18	7	17	8	8	6	18	1	1
17	16	9	18	7	17	8	9	5	18	1	1
17	16	9	18	7	17	9	4	9	18	1	1
17	16	9	18	7	17	9	6	7	18	1	1
17	16	9	18	7	17	9	7	6	18	1	1
17	16	9	18	7	17	9	8	5	18	1	1
17	16	9	18	7	17	9	9	4	18	1	1
17	16	9	18	8	16	4	9	9	18	1	1
17	16	9	18	8	16	5	8	9	18	1	1
17	16	9	18	8	16	5	9	8	18	1	1
17	16	9	18	8	16	6	7	9	18	1	1
17	16	9	18	8	16	7	6	9	18	1	1
17	16	9	18	8	16	7	7	8	18	1	1
17	16	9	18	8	16	7	9	6	18	1	1
17	16	9	18	8	16	8	5	9	18	1	1
17	16	9	18	8	16	8	6	8	18	1	1
17	16	9	18	8	16	8	7	7	18	1	1
17	16	9	18	8	16	8	8	6	18	1	1
17	16	9	18	8	16	8	9	5	18	1	1
17	16	9	18	8	16	9	5	8	18	1	1
17	16	9	18	8	16	9	6	7	18	1	1
17	16	9	18	8	16	9	7	6	18	1	1
17	16	9	18	8	16	9	8	5	18	1	1
17	16	9	18	8	16	9	9	4	18	1	1
17	16	9	18	9	15	4	9	9	18	1	1
17	16	9	18	9	15	5	8	9	18	1	1
17	16	9	18	9	15	6	7	9	18	1	1
17	16	9	18	9	15	6	8	8	18	1	1
17	16	9	18	9	15	7	6	9	18	1	1
17	16	9	18	9	15	7	7	8	18	1	1
17	16	9	18	9	15	7	8	7	18	1	1
17	16	9	18	9	15	7	9	6	18	1	1
17	16	9	18	9	15	8	5	9	18	1	1
17	16	9	18	9	15	8	6	8	18	1	1
17	16	9	18	9	15	8	7	7	18	1	1
17	16	9	18	9	15	8	8	6	18	1	1
17	16	9	18	9	15	8	9	5	18	1	1
17	16	9	18	9	15	9	4	9	18	1	1
17	16	9	18	9	15	9	5	8	18	1	1
17	16	9	18	9	15	9	6	7	18	1	1
17	16	9	18	9	15	9	7	6	18	1	1
17	16	9	18	9	15	9	8	5	18	1	1
17	16	9	18	12	12	1	12	9	18	1	1
17	16	9	18	12	12	2	11	9	18	1	1
17	16	9	18	12	12	3	10	9	18	1	1
17	16	9	18	12	12	3	11	8	18	1	1
17	16	9	18	12	12	4	9	9	18	1	1
17	16	9	18	12	12	4	10	8	18	1	1
17	16	9	18	12	12	4	11	7	18	1	1
17	16	9	18	12	12	4	12	6	18	1	1
17	16	9	18	12	12	5	8	9	18	1	1
17	16	9	18	12	12	5	9	8	18	1	1
17	16	9	18	12	12	5	10	7	18	1	1
17	16	9	18	12	12	5	11	6	18	1	1
17	16	9	18	12	12	5	12	5	18	1	1
17	16	9	18	12	12	6	7	9	18	1	1
17	16	9	18	12	12	6	8	8	18	1	1
17	16	9	18	12	12	6	9	7	18	1	1
17	16	9	18	12	12	6	10	6	18	1	1
17	16	9	18	12	12	6	11	5	18	1	1
17	16	9	18	12	12	6	12	4	18	1	1
17	16	9	18	12	12	7	6	9	18	1	1
17	16	9	18	12	12	7	7	8	18	1	1
17	16	9	18	12	12	7	8	7	18	1	1
17	16	9	18	12	12	7	9	6	18	1	1
17	16	9	18	12	12	7	10	5	18	1	1
17	16	9	18	12	12	7	11	4	18	1	1
17	16	9	18	12	12	7	12	3	18	1	1
17	16	9	18	12	12	8	5	9	18	1	1
17	16	9	18	12	12	8	6	8	18	1	1
17	16	9	18	12	12	8	7	7	18	1	1
17	16	9	18	12	12	8	8	6	18	1	1
17	16	9	18	12	12	8	9	5	18	1	1
17	16	9	18	12	12	8	10	4	18	1	1
17	16	9	18	12	12	8	11	3	18	1	1
17	16	9	18	12	12	8	12	2	18	1	1
17	16	9	18	12	12	9	4	9	18	1	1
17	16	9	18	12	12	9	5	8	18	1	1
17	16	9	18	12	12	9	7	6	18	1	1
17	16	9	18	12	12	9	8	5	18	1	1
17	16	9	18	12	12	9	9	4	18	1	1
17	16	9	18	12	12	9	10	3	18	1	1
17	16	9	18	12	12	9	11	2	18	1	1
17	16	9	18	12	12	9	12	1	18	1	1
17	16	9	18	15	9	2	11	9	18	1	1
17	16	9	18	15	9	3	10	9	18	1	1
17	16	9	18	15	9	3	11	8	18	1	1
17	16	9	18	15	9	4	9	9	18	1	1
17	16	9	18	15	9	4	10	8	18	1	1
17	16	9	18	15	9	4	11	7	18	1	1
17	16	9	18	15	9	5	8	9	18	1	1
17	16	9	18	15	9	5	9	8	18	1	1
17	16	9	18	15	9	5	10	7	18	1	1
17	16	9	18	15	9	5	11	6	18	1	1
17	16	9	18	15	9	6	7	9	18	1	1
17	16	9	18	15	9	6	8	8	18	1	1
17	16	9	18	15	9	6	9	7	18	1	1
17	16	9	18	15	9	7	6	9	18	1	1
17	16	9	18	15	9	7	7	8	18	1	1
17	16	9	18	15	9	7	8	7	18	1	1
17	16	9	18	15	9	7	9	6	18	1	1
17	16	9	18	15	9	7	11	4	18	1	1
17	16	9	18	15	9	8	5	9	18	1	1
17	16	9	18	15	9	8	6	8	18	1	1
17	16	9	18	15	9	8	7	7	18	1	1
17	16	9	18	15	9	8	8	6	18	1	1
17	16	9	18	15	9	8	9	5	18	1	1
17	16	9	18	15	9	8	10	4	18	1	1
17	16	9	18	15	9	8	11	3	18	1	1
17	16	9	18	15	9	9	4	9	18	1	1
17	16	9	18	15	9	9	5	8	18	1	1
17	16	9	18	15	9	9	6	7	18	1	1
17	16	9	18	15	9	9	7	6	18	1	1
17	16	9	18	15	9	9	8	5	18	1	1
17	16	9	18	15	9	9	9	4	18	1	1
17	16	9	18	15	9	9	10	3	18	1	1
17	16	9	18	15	9	9	11	2	18	1	1
17	16	9	18	16	8	4	9	9	18	1	1
17	16	9	18	16	8	5	8	9	18	1	1
17	16	9	18	16	8	5	9	8	18	1	1
17	16	9	18	16	8	6	7	9	18	1	1
17	16	9	18	16	8	6	8	8	18	1	1
17	16	9	18	16	8	7	6	9	18	1	1
17	16	9	18	16	8	7	7	8	18	1	1
17	16	9	18	16	8	7	8	7	18	1	1
17	16	9	18	16	8	8	5	9	18	1	1
17	16	9	18	16	8	8	6	8	18	1	1
17	16	9	18	16	8	8	7	7	18	1	1
17	16	9	18	16	8	8	8	6	18	1	1
17	16	9	18	16	8	8	9	5	18	1	1
17	16	9	18	16	8	9	4	9	18	1	1
17	16	9	18	16	8	9	5	8	18	1	1
17	16	9	18	16	8	9	6	7	18	1	1
17	16	9	18	16	8	9	7	6	18	1	1
17	16	9	18	16	8	9	8	5	18	1	1
17	16	9	18	16	8	9	9	4	18	1	1
17	16	9	18	17	7	4	9	9	18	1	1
17	16	9	18	17	7	5	8	9	18	1	1
17	16	9	18	17	7	5	9	8	18	1	1
17	16	9	18	17	7	6	7	9	18	1	1
17	16	9	18	17	7	7	6	9	18	1	1
17	16	9	18	17	7	7	7	8	18	1	1
17	16	9	18	17	7	7	9	6	18	1	1
17	16	9	18	17	7	8	5	9	18	1	1
17	16	9	18	17	7	8	6	8	18	1	1
17	16	9	18	17	7	8	7	7	18	1	1
17	16	9	18	17	7	8	8	6	18	1	1
17	16	9	18	17	7	8	9	5	18	1	1
17	16	9	18	17	7	9	4	9	18	1	1
17	16	9	18	17	7	9	5	8	18	1	1
17	16	9	18	17	7	9	6	7	18	1	1
17	16	9	18	17	7	9	7	6	18	1	1
17	16	9	18	17	7	9	8	5	18	1	1
17	16	9	18	17	7	9	9	4	18	1	1
17	16	9	18	18	6	4	9	9	18	1	1
17	16	9	18	18	6	5	8	9	18	1	1
17	16	9	18	18	6	5	9	8	18	1	1
17	16	9	18	18	6	6	9	7	18	1	1
17	16	9	18	18	6	7	6	9	18	1	1
17	16	9	18	18	6	7	8	7	18	1	1
17	16	9	18	18	6	7	9	6	18	1	1
17	16	9	18	18	6	8	5	9	18	1	1
17	16	9	18	18	6	8	6	8	18	1	1
17	16	9	18	18	6	8	7	7	18	1	1
17	16	9	18	18	6	8	8	6	18	1	1
17	16	9	18	18	6	8	9	5	18	1	1
17	16	9	18	18	6	9	4	9	18	1	1
17	16	9	18	18	6	9	5	8	18	1	1
17	16	9	18	18	6	9	6	7	18	1	1
17	16	9	18	18	6	9	7	6	18	1	1
17	16	9	18	18	6	9	8	5	18	1	1
17	16	9	18	18	6	9	9	4	18	1	1
17	17	8	14	14	14	8	7	7	9	3	1
17	17	8	14	14	14	8	8	6	9	3	1
17	17	8	14	14	14	9	7	6	18	6	1
17	17	8	14	14	14	9	8	5	18	6	1
17	17	8	14	14	14	9	9	4	9	3	1
17	17	8	14	14	14	10	6	6	9	3	1
17	17	8	14	14	14	10	7	5	18	6	1
17	17	8	14	14	14	10	8	4	18	6	1
17	17	8	14	14	14	10	9	3	18	6	1
17	17	8	15	14	13	3	10	9	18	2	1
17	17	8	15	14	13	4	9	9	18	2	1
17	17	8	15	14	13	4	10	8	18	2	1
17	17	8	15	14	13	5	8	9	18	2	1
17	17	8	15	14	13	5	9	8	18	2	1
17	17	8	15	14	13	5	10	7	18	2	1
17	17	8	15	14	13	6	7	9	18	2	1
17	17	8	15	14	13	6	8	8	18	2	1
17	17	8	15	14	13	6	9	7	18	2	1
17	17	8	15	14	13	6	10	6	18	2	1
17	17	8	15	14	13	7	6	9	18	2	1
17	17	8	15	14	13	7	7	8	18	2	1
17	17	8	15	14	13	7	8	7	18	2	1
17	17	8	15	14	13	7	9	6	18	2	1
17	17	8	15	14	13	7	10	5	18	2	1
17	17	8	15	14	13	8	5	9	18	2	1
17	17	8	15	14	13	8	6	8	18	2	1
17	17	8	15	14	13	8	7	7	18	2	1
17	17	8	15	14	13	8	8	6	18	2	1
17	17	8	15	14	13	8	9	5	18	2	1
17	17	8	15	14	13	8	10	4	18	2	1
17	17	8	15	14	13	9	4	9	18	2	1
17	17	8	15	14	13	9	5	8	18	2	1
17	17	8	15	14	13	9	6	7	18	2	1
17	17	8	15	14	13	9	7	6	18	2	1
17	17	8	15	14	13	9	8	5	18	2	1
17	17	8	15	14	13	9	9	4	18	2	1
17	17	8	15	15	12	7	6	9	18	2	1
17	17	8	15	15	12	7	7	8	9	1	1
17	17	8	15	15	12	8	5	9	18	2	1
17	17	8	15	15	12	8	6	8	18	2	1
17	17	8	15	15	12	8	7	7	18	2	1
17	17	8	15	15	12	8	8	6	9	1	1
17	17	8	15	15	12	9	4	9	18	2	1
17	17	8	15	15	12	9	5	8	18	2	1
17	17	8	15	15	12	9	6	7	18	2	1
17	17	8	15	15	12	9	7	6	18	2	1
17	17	8	15	15	12	9	8	5	18	2	1
17	17	8	16	14	12	3	10	9	18	2	1
17	17	8	16	14	12	4	9	9	18	2	1
17	17	8	16	14	12	4	10	8	18	2	1
17	17	8	16	14	12	5	8	9	18	2	1
17	17	8	16	14	12	5	9	8	18	2	1
17	17	8	16	14	12	5	10	7	18	2	1
17	17	8	16	14	12	6	7	9	18	2	1
17	17	8	16	14	12	6	8	8	18	2	1
17	17	8	16	14	12	6	9	7	18	2	1
17	17	8	16	14	12	6	10	6	18	2	1
17	17	8	16	14	12	7	6	9	18	2	1
17	17	8	16	14	12	7	7	8	18	2	1
17	17	8	16	14	12	7	8	7	18	2	1
17	17	8	16	14	12	7	9	6	18	2	1
17	17	8	16	14	12	7	10	5	18	2	1
17	17	8	16	14	12	8	5	9	18	2	1
17	17	8	16	14	12	8	6	8	18	2	1
17	17	8	16	14	12	8	7	7	18	2	1
17	17	8	16	14	12	8	8	6	18	2	1
17	17	8	16	14	12	8	9	5	18	2	1
17	17	8	16	14	12	9	4	9	18	2	1
17	17	8	16	14	12	9	5	8	18	2	1
17	17	8	16	14	12	9	6	7	18	2	1
17	17	8	16	14	12	9	7	6	18	2	1
17	17	8	16	14	12	9	8	5	18	2	1
17	17	8	16	14	12	9	9	4	18	2	1
17	17	8	16	15	11	4	9	9	18	2	1
17	17	8	16	15	11	5	8	9	18	2	1
17	17	8	16	15	11	5	9	8	18	2	1
17	17	8	16	15	11	6	7	9	18	2	1
17	17	8	16	15	11	6	8	8	18	2	1
17	17	8	16	15	11	6	9	7	18	2	1
17	17	8	16	15	11	7	6	9	18	2	1
17	17	8	16	15	11	7	7	8	18	2	1
17	17	8	16	15	11	7	8	7	18	2	1
17	17	8	16	15	11	7	9	6	18	2	1
17	17	8	16	15	11	8	5	9	18	2	1
17	17	8	16	15	11	8	6	8	18	2	1
17	17	8	16	15	11	8	7	7	18	2	1
17	17	8	16	15	11	8	8	6	18	2	1
17	17	8	16	15	11	9	4	9	18	2	1
17	17	8	16	15	11	9	5	8	18	2	1
17	17	8	16	15	11	9	6	7	18	2	1
17	17	8	16	15	11	9	7	6	18	2	1
17	17	8	16	15	11	9	8	5	18	2	1
17	17	8	17	16	9	4	9	9	18	2	1
17	17	8	17	16	9	5	8	9	18	2	1
17	17	8	17	16	9	5	9	8	18	2	1
17	17	8	17	16	9	6	7	9	18	2	1
17	17	8	17	16	9	6	8	8	18	2	1
17	17	8	17	16	9	6	9	7	18	2	1
17	17	8	17	16	9	7	6	9	18	2	1
17	17	8	17	16	9	7	7	8	18	2	1
17	17	8	17	16	9	8	5	9	18	2	1
17	17	8	17	16	9	8	6	8	18	2	1
17	17	8	17	16	9	8	7	7	18	2	1
17	17	8	17	16	9	8	9	5	18	2	1
17	17	8	17	16	9	9	4	9	18	2	1
17	17	8	17	16	9	9	5	8	18	2	1
17	17	8	17	16	9	9	6	7	18	2	1
17	17	8	17	16	9	9	7	6	18	2	1
17	17	8	17	16	9	9	8	5	18	2	1
17	17	8	17	16	9	9	9	4	18	2	1
17	17	8	17	17	8	7	6	9	18	2	1
17	17	8	17	17	8	8	5	9	18	2	1
17	17	8	17	17	8	8	6	8	18	2	1
17	17	8	17	17	8	8	8	6	9	1	1
17	17	8	17	17	8	9	4	9	18	2	1
17	17	8	17	17	8	9	5	8	18	2	1
17	17	8	17	17	8	9	6	7	18	2	1
17	17	8	17	17	8	9	7	6	18	2	1
17	17	8	17	17	8	9	8	5	18	2	1
17	17	8	17	17	8	9	9	4	9	1	1
17	17	8	18	12	12	5	12	5	9	1	1
17	17	8	18	12	12	6	10	6	9	1	1
17	17	8	18	12	12	6	11	5	18	2	1
17	17	8	18	12	12	7	8	7	9	1	1
17	17	8	18	12	12	7	9	6	18	2	1
17	17	8	18	12	12	7	10	5	18	2	1
17	17	8	18	12	12	7	11	4	18	2	1
17	17	8	18	12	12	8	6	8	9	1	1
17	17	8	18	12	12	8	7	7	18	2	1
17	17	8	18	12	12	8	8	6	18	2	1
17	17	8	18	12	12	8	9	5	18	2	1
17	17	8	18	12	12	8	10	4	18	2	1
17	17	8	18	12	12	8	11	3	18	2	1
17	17	8	18	12	12	8	12	2	18	2	1
17	17	8	18	12	12	9	4	9	9	1	1
17	17	8	18	12	12	9	6	7	18	2	1
17	17	8	18	12	12	9	7	6	18	2	1
17	17	8	18	12	12	9	8	5	18	2	1
17	17	8	18	12	12	9	9	4	18	2	1
17	17	8	18	12	12	9	10	3	18	2	1
17	17	8	18	12	12	9	11	2	18	2	1
17	17	8	18	12	12	9	12	1	18	2	1
17	17	8	18	15	9	4	9	9	18	2	1
17	17	8	18	15	9	5	9	8	18	2	1
17	17	8	18	15	9	6	7	9	18	2	1
17	17	8	18	15	9	6	8	8	18	2	1
17	17	8	18	15	9	7	6	9	18	2	1
17	17	8	18	15	9	7	7	8	18	2	1
17	17	8	18	15	9	7	8	7	18	2	1
17	17	8	18	15	9	8	5	9	18	2	1
17	17	8	18	15	9	8	6	8	18	2	1
17	17	8	18	15	9	8	7	7	18	2	1
17	17	8	18	15	9	8	8	6	18	2	1
17	17	8	18	15	9	8	9	5	18	2	1
17	17	8	18	15	9	9	4	9	18	2	1
17	17	8	18	15	9	9	5	8	18	2	1
17	17	8	18	15	9	9	6	7	18	2	1
17	17	8	18	15	9	9	7	6	18	2	1
17	17	8	18	15	9	9	8	5	18	2	1
17	17	8	18	15	9	9	9	4	18	2	1
17	17	8	18	16	8	5	8	9	18	2	1
17	17	8	18	16	8	5	9	8	18	2	1
17	17	8	18	16	8	6	7	9	18	2	1
17	17	8	18	16	8	7	6	9	18	2	1
17	17	8	18	16	8	7	7	8	18	2	1
17	17	8	18	16	8	7	9	6	18	2	1
17	17	8	18	16	8	8	5	9	18	2	1
17	17	8	18	16	8	8	6	8	18	2	1
17	17	8	18	16	8	8	7	7	18	2	1
17	17	8	18	16	8	8	8	6	18	2	1
17	17	8	18	16	8	8	9	5	18	2	1
17	17	8	18	16	8	9	4	9	18	2	1
17	17	8	18	16	8	9	5	8	18	2	1
17	17	8	18	16	8	9	6	7	18	2	1
17	17	8	18	16	8	9	7	6	18	2	1
17	17	8	18	16	8	9	8	5	18	2	1
17	17	8	18	16	8	9	9	4	18	2	1
17	17	8	18	17	7	4	9	9	18	2	1
17	17	8	18	17	7	5	8	9	18	2	1
17	17	8	18	17	7	5	9	8	18	2	1
17	17	8	18	17	7	6	9	7	18	2	1
17	17	8	18	17	7	7	6	9	18	2	1
17	17	8	18	17	7	7	8	7	18	2	1
17	17	8	18	17	7	7	9	6	18	2	1
17	17	8	18	17	7	8	5	9	18	2	1
17	17	8	18	17	7	8	6	8	18	2	1
17	17	8	18	17	7	8	7	7	18	2	1
17	17	8	18	17	7	8	8	6	18	2	1
17	17	8	18	17	7	8	9	5	18	2	1
17	17	8	18	17	7	9	5	8	18	2	1
17	17	8	18	17	7	9	6	7	18	2	1
17	17	8	18	17	7	9	7	6	18	2	1
17	17	8	18	17	7	9	8	5	18	2	1
17	17	8	18	17	7	9	9	4	18	2	1
17	17	8	18	18	6	7	7	8	9	1	1
17	17	8	18	18	6	8	6	8	18	2	1
17	17	8	18	18	6	8	7	7	18	2	1
17	17	8	18	18	6	8	8	6	9	1	1
17	17	8	18	18	6	9	4	9	18	2	1
17	17	8	18	18	6	9	5	8	18	2	1
17	17	8	18	18	6	9	6	7	18	2	1
17	17	8	18	18	6	9	7	6	18	2	1
17	17	8	18	18	6	9	8	5	18	2	1
18	12	12	14	14	14	8	7	7	9	3	1
18	12	12	14	14	14	8	8	6	9	3	1
18	12	12	14	14	14	9	7	6	18	6	1
18	12	12	14	14	14	9	8	5	18	6	1
18	12	12	14	14	14	9	9	4	9	3	1
18	12	12	15	14	13	3	10	9	18	2	1
18	12	12	15	14	13	4	9	9	18	2	1
18	12	12	15	14	13	4	10	8	18	2	1
18	12	12	15	14	13	5	8	9	18	2	1
18	12	12	15	14	13	5	9	8	18	2	1
18	12	12	15	14	13	5	10	7	18	2	1
18	12	12	15	14	13	6	7	9	18	2	1
18	12	12	15	14	13	6	8	8	18	2	1
18	12	12	15	14	13	6	9	7	18	2	1
18	12	12	15	14	13	6	10	6	18	2	1
18	12	12	15	14	13	7	6	9	18	2	1
18	12	12	15	14	13	7	7	8	18	2	1
18	12	12	15	14	13	7	8	7	18	2	1
18	12	12	15	14	13	7	9	6	18	2	1
18	12	12	15	14	13	7	10	5	18	2	1
18	12	12	15	14	13	8	5	9	18	2	1
18	12	12	15	14	13	8	6	8	18	2	1
18	12	12	15	14	13	8	7	7	18	2	1
18	12	12	15	14	13	8	8	6	18	2	1
18	12	12	15	14	13	8	9	5	18	2	1
18	12	12	15	14	13	8	10	4	18	2	1
18	12	12	15	14	13	9	4	9	18	2	1
18	12	12	15	14	13	9	5	8	18	2	1
18	12	12	15	14	13	9	6	7	18	2	1
18	12	12	15	14	13	9	7	6	18	2	1
18	12	12	15	14	13	9	8	5	18	2	1
18	12	12	15	14	13	9	9	4	18	2	1
18	12	12	15	14	13	9	10	3	18	2	1
18	12	12	15	15	12	5	12	5	9	1	1
18	12	12	15	15	12	6	10	6	9	1	1
18	12	12	15	15	12	6	11	5	18	2	1
18	12	12	15	15	12	6	12	4	18	2	1
18	12	12	15	15	12	7	8	7	9	1	1
18	12	12	15	15	12	7	9	6	18	2	1
18	12	12	15	15	12	7	10	5	18	2	1
18	12	12	15	15	12	7	11	4	18	2	1
18	12	12	15	15	12	7	12	3	18	2	1
18	12	12	15	15	12	8	6	8	9	1	1
18	12	12	15	15	12	8	7	7	18	2	1
18	12	12	15	15	12	8	8	6	18	2	1
18	12	12	15	15	12	8	9	5	18	2	1
18	12	12	15	15	12	8	10	4	18	2	1
18	12	12	15	15	12	8	11	3	18	2	1
18	12	12	15	15	12	8	12	2	18	2	1
18	12	12	15	15	12	9	4	9	9	1	1
18	12	12	15	15	12	9	5	8	18	2	1
18	12	12	15	15	12	9	6	7	18	2	1
18	12	12	15	15	12	9	7	6	18	2	1
18	12	12	15	15	12	9	8	5	18	2	1
18	12	12	15	15	12	9	9	4	18	2	1
18	12	12	15	15	12	9	10	3	18	2	1
18	12	12	15	15	12	9	11	2	18	2	1
18	12	12	15	15	12	9	12	1	18	2	1
18	12	12	16	14	12	1	12	9	18	2	1
18	12	12	16	14	12	2	11	9	18	2	1
18	12	12	16	14	12	2	12	8	18	2	1
18	12	12	16	14	12	3	10	9	18	2	1
18	12	12	16	14	12	3	11	8	18	2	1
18	12	12	16	14	12	3	12	7	18	2	1
18	12	12	16	14	12	4	9	9	18	2	1
18	12	12	16	14	12	4	10	8	18	2	1
18	12	12	16	14	12	4	11	7	18	2	1
18	12	12	16	14	12	4	12	6	18	2	1
18	12	12	16	14	12	5	8	9	18	2	1
18	12	12	16	14	12	5	9	8	18	2	1
18	12	12	16	14	12	5	10	7	18	2	1
18	12	12	16	14	12	5	11	6	18	2	1
18	12	12	16	14	12	5	12	5	18	2	1
18	12	12	16	14	12	6	7	9	18	2	1
18	12	12	16	14	12	6	8	8	18	2	1
18	12	12	16	14	12	6	9	7	18	2	1
18	12	12	16	14	12	6	10	6	18	2	1
18	12	12	16	14	12	6	11	5	18	2	1
18	12	12	16	14	12	6	12	4	18	2	1
18	12	12	16	14	12	7	6	9	18	2	1
18	12	12	16	14	12	7	7	8	18	2	1
18	12	12	16	14	12	7	8	7	18	2	1
18	12	12	16	14	12	7	9	6	18	2	1
18	12	12	16	14	12	7	10	5	18	2	1
18	12	12	16	14	12	7	11	4	18	2	1
18	12	12	16	14	12	7	12	3	18	2	1
18	12	12	16	14	12	8	5	9	18	2	1
18	12	12	16	14	12	8	6	8	18	2	1
18	12	12	16	14	12	8	7	7	18	2	1
18	12	12	16	14	12	8	8	6	18	2	1
18	12	12	16	14	12	8	9	5	18	2	1
18	12	12	16	14	12	8	10	4	18	2	1
18	12	12	16	14	12	8	11	3	18	2	1
18	12	12	16	14	12	8	12	2	18	2	1
18	12	12	16	14	12	9	4	9	18	2	1
18	12	12	16	14	12	9	5	8	18	2	1
18	12	12	16	14	12	9	6	7	18	2	1
18	12	12	16	14	12	9	7	6	18	2	1
18	12	12	16	14	12	9	8	5	18	2	1
18	12	12	16	14	12	9	9	4	18	2	1
18	12	12	16	14	12	9	10	3	18	2	1
18	12	12	16	14	12	9	11	2	18	2	1
18	12	12	16	14	12	9	12	1	18	2	1
18	12	12	16	15	11	1	12	9	18	2	1
18	12	12	16	15	11	2	11	9	18	2	1
18	12	12	16	15	11	2	12	8	18	2	1
18	12	12	16	15	11	3	10	9	18	2	1
18	12	12	16	15	11	3	11	8	18	2	1
18	12	12	16	15	11	3	12	7	18	2	1
18	12	12	16	15	11	4	9	9	18	2	1
18	12	12	16	15	11	4	10	8	18	2	1
18	12	12	16	15	11	4	11	7	18	2	1
18	12	12	16	15	11	4	12	6	18	2	1
18	12	12	16	15	11	5	8	9	18	2	1
18	12	12	16	15	11	5	9	8	18	2	1
18	12	12	16	15	11	5	10	7	18	2	1
18	12	12	16	15	11	5	11	6	18	2	1
18	12	12	16	15	11	5	12	5	18	2	1
18	12	12	16	15	11	6	7	9	18	2	1
18	12	12	16	15	11	6	8	8	18	2	1
18	12	12	16	15	11	6	9	7	18	2	1
18	12	12	16	15	11	6	10	6	18	2	1
18	12	12	16	15	11	6	11	5	18	2	1
18	12	12	16	15	11	6	12	4	18	2	1
18	12	12	16	15	11	7	6	9	18	2	1
18	12	12	16	15	11	7	7	8	18	2	1
18	12	12	16	15	11	7	8	7	18	2	1
18	12	12	16	15	11	7	9	6	18	2	1
18	12	12	16	15	11	7	10	5	18	2	1
18	12	12	16	15	11	7	11	4	18	2	1
18	12	12	16	15	11	7	12	3	18	2	1
18	12	12	16	15	11	8	5	9	18	2	1
18	12	12	16	15	11	8	6	8	18	2	1
18	12	12	16	15	11	8	7	7	18	2	1
18	12	12	16	15	11	8	8	6	18	2	1
18	12	12	16	15	11	8	9	5	18	2	1
18	12	12	16	15	11	8	10	4	18	2	1
18	12	12	16	15	11	8	11	3	18	2	1
18	12	12	16	15	11	8	12	2	18	2	1
18	12	12	16	15	11	9	4	9	18	2	1
18	12	12	16	15	11	9	5	8	18	2	1
18	12	12	16	15	11	9	6	7	18	2	1
18	12	12	16	15	11	9	7	6	18	2	1
18	12	12	16	15	11	9	8	5	18	2	1
18	12	12	16	15	11	9	9	4	18	2	1
18	12	12	16	15	11	9	10	3	18	2	1
18	12	12	16	15	11	9	11	2	18	2	1
18	12	12	16	15	11	9	12	1	18	2	1
18	12	12	17	16	9	1	12	9	18	2	1
18	12	12	17	16	9	2	11	9	18	2	1
18	12	12	17	16	9	3	10	9	18	2	1
18	12	12	17	16	9	3	11	8	18	2	1
18	12	12	17	16	9	4	9	9	18	2	1
18	12	12	17	16	9	4	10	8	18	2	1
18	12	12	17	16	9	4	11	7	18	2	1
18	12	12	17	16	9	4	12	6	18	2	1
18	12	12	17	16	9	5	8	9	18	2	1
18	12	12	17	16	9	5	9	8	18	2	1
18	12	12	17	16	9	5	10	7	18	2	1
18	12	12	17	16	9	5	11	6	18	2	1
18	12	12	17	16	9	5	12	5	18	2	1
18	12	12	17	16	9	6	7	9	18	2	1
18	12	12	17	16	9	6	8	8	18	2	1
18	12	12	17	16	9	6	9	7	18	2	1
18	12	12	17	16	9	6	10	6	18	2	1
18	12	12	17	16	9	6	11	5	18	2	1
18	12	12	17	16	9	6	12	4	18	2	1
18	12	12	17	16	9	7	6	9	18	2	1
18	12	12	17	16	9	7	7	8	18	2	1
18	12	12	17	16	9	7	8	7	18	2	1
18	12	12	17	16	9	7	9	6	18	2	1
18	12	12	17	16	9	7	10	5	18	2	1
18	12	12	17	16	9	7	11	4	18	2	1
18	12	12	17	16	9	7	12	3	18	2	1
18	12	12	17	16	9	8	5	9	18	2	1
18	12	12	17	16	9	8	6	8	18	2	1
18	12	12	17	16	9	8	7	7	18	2	1
18	12	12	17	16	9	8	8	6	18	2	1
18	12	12	17	16	9	8	9	5	18	2	1
18	12	12	17	16	9	8	10	4	18	2	1
18	12	12	17	16	9	8	11	3	18	2	1
18	12	12	17	16	9	8	12	2	18	2	1
18	12	12	17	16	9	9	4	9	18	2	1
18	12	12	17	16	9	9	5	8	18	2	1
18	12	12	17	16	9	9	7	6	18	2	1
18	12	12	17	16	9	9	8	5	18	2	1
18	12	12	17	16	9	9	9	4	18	2	1
18	12	12	17	16	9	9	10	3	18	2	1
18	12	12	17	16	9	9	11	2	18	2	1
18	12	12	17	16	9	9	12	1	18	2	1
18	12	12	17	17	8	5	12	5	9	1	1
18	12	12	17	17	8	6	10	6	9	1	1
18	12	12	17	17	8	6	11	5	18	2	1
18	12	12	17	17	8	7	8	7	9	1	1
18	12	12	17	17	8	7	9	6	18	2	1
18	12	12	17	17	8	7	10	5	18	2	1
18	12	12	17	17	8	7	11	4	18	2	1
18	12	12	17	17	8	8	6	8	9	1	1
18	12	12	17	17	8	8	7	7	18	2	1
18	12	12	17	17	8	8	8	6	18	2	1
18	12	12	17	17	8	8	9	5	18	2	1
18	12	12	17	17	8	8	10	4	18	2	1
18	12	12	17	17	8	8	11	3	18	2	1
18	12	12	17	17	8	8	12	2	18	2	1
18	12	12	17	17	8	9	4	9	9	1	1
18	12	12	17	17	8	9	6	7	18	2	1
18	12	12	17	17	8	9	7	6	18	2	1
18	12	12	17	17	8	9	8	5	18	2	1
18	12	12	17	17	8	9	9	4	18	2	1
18	12	12	17	17	8	9	10	3	18	2	1
18	12	12	17	17	8	9	11	2	18	2	1
18	12	12	17	17	8	9	12	1	18	2	1
18	12	12	18	12	12	0	12	10	18	2	1
18	12	12	18	12	12	1	11	10	18	2	1
18	12	12	18	12	12	1	12	9	18	2	1
18	12	12	18	12	12	2	10	10	9	1	1
18	12	12	18	12	12	2	11	9	18	2	1
18	12	12	18	12	12	2	12	8	18	2	1
18	12	12	18	12	12	3	10	9	18	2	1
18	12	12	18	12	12	3	11	8	18	2	1
18	12	12	18	12	12	3	12	7	18	2	1
18	12	12	18	12	12	4	9	9	9	1	1
18	12	12	18	12	12	4	10	8	18	2	1
18	12	12	18	12	12	4	11	7	18	2	1
18	12	12	18	12	12	4	12	6	18	2	1
18	12	12	18	12	12	5	9	8	18	2	1
18	12	12	18	12	12	5	10	7	18	2	1
18	12	12	18	12	12	5	11	6	18	2	1
18	12	12	18	12	12	5	12	5	18	2	1
18	12	12	18	12	12	6	8	8	9	1	1
18	12	12	18	12	12	6	9	7	18	2	1
18	12	12	18	12	12	6	10	6	18	2	1
18	12	12	18	12	12	6	11	5	18	2	1
18	12	12	18	12	12	6	12	4	18	2	1
18	12	12	18	12	12	7	8	7	18	2	1
18	12	12	18	12	12	7	9	6	18	2	1
18	12	12	18	12	12	7	10	5	18	2	1
18	12	12	18	12	12	7	11	4	18	2	1
18	12	12	18	12	12	7	12	3	18	2	1
18	12	12	18	12	12	8	7	7	9	1	1
18	12	12	18	12	12	8	8	6	18	2	1
18	12	12	18	12	12	8	9	5	18	2	1
18	12	12	18	12	12	8	11	3	18	2	1
18	12	12	18	12	12	8	12	2	18	2	1
18	12	12	18	12	12	9	7	6	18	2	1
18	12	12	18	12	12	9	8	5	18	2	1
18	12	12	18	12	12	9	10	3	18	2	1
18	12	12	18	12	12	9	11	2	18	2	1
18	12	12	18	12	12	9	12	1	18	2	1
18	12	12	18	15	9	1	12	9	18	2	1
18	12	12	18	15	9	3	10	9	18	2	1
18	12	12	18	15	9	3	12	7	18	2	1
18	12	12	18	15	9	4	9	9	18	2	1
18	12	12	18	15	9	4	10	8	18	2	1
18	12	12	18	15	9	4	11	7	18	2	1
18	12	12	18	15	9	4	12	6	18	2	1
18	12	12	18	15	9	5	8	9	18	2	1
18	12	12	18	15	9	5	9	8	18	2	1
18	12	12	18	15	9	5	10	7	18	2	1
18	12	12	18	15	9	5	11	6	18	2	1
18	12	12	18	15	9	5	12	5	18	2	1
18	12	12	18	15	9	6	7	9	18	2	1
18	12	12	18	15	9	6	8	8	18	2	1
18	12	12	18	15	9	6	9	7	18	2	1
18	12	12	18	15	9	6	10	6	18	2	1
18	12	12	18	15	9	6	11	5	18	2	1
18	12	12	18	15	9	6	12	4	18	2	1
18	12	12	18	15	9	7	6	9	18	2	1
18	12	12	18	15	9	7	7	8	18	2	1
18	12	12	18	15	9	7	8	7	18	2	1
18	12	12	18	15	9	7	9	6	18	2	1
18	12	12	18	15	9	7	10	5	18	2	1
18	12	12	18	15	9	7	11	4	18	2	1
18	12	12	18	15	9	7	12	3	18	2	1
18	12	12	18	15	9	8	5	9	18	2	1
18	12	12	18	15	9	8	6	8	18	2	1
18	12	12	18	15	9	8	8	6	18	2	1
18	12	12	18	15	9	8	9	5	18	2	1
18	12	12	18	15	9	8	10	4	18	2	1
18	12	12	18	15	9	8	11	3	18	2	1
18	12	12	18	15	9	8	12	2	18	2	1
18	12	12	18	15	9	9	4	9	18	2	1
18	12	12	18	15	9	9	5	8	18	2	1
18	12	12	18	15	9	9	7	6	18	2	1
18	12	12	18	15	9	9	8	5	18	2	1
18	12	12	18	15	9	9	9	4	18	2	1
18	12	12	18	15	9	9	10	3	18	2	1
18	12	12	18	15	9	9	11	2	18	2	1
18	12	12	18	15	9	9	12	1	18	2	1
18	12	12	18	16	8	1	12	9	18	2	1
18	12	12	18	16	8	2	11	9	18	2	1
18	12	12	18	16	8	2	12	8	18	2	1
18	12	12	18	16	8	3	10	9	18	2	1
18	12	12	18	16	8	4	9	9	18	2	1
18	12	12	18	16	8	4	10	8	18	2	1
18	12	12	18	16	8	4	12	6	18	2	1
18	12	12	18	16	8	5	8	9	18	2	1
18	12	12	18	16	8	5	9	8	18	2	1
18	12	12	18	16	8	5	10	7	18	2	1
18	12	12	18	16	8	5	11	6	18	2	1
18	12	12	18	16	8	5	12	5	18	2	1
18	12	12	18	16	8	6	7	9	18	2	1
18	12	12	18	16	8	6	8	8	18	2	1
18	12	12	18	16	8	6	9	7	18	2	1
18	12	12	18	16	8	6	10	6	18	2	1
18	12	12	18	16	8	6	11	5	18	2	1
18	12	12	18	16	8	6	12	4	18	2	1
18	12	12	18	16	8	7	6	9	18	2	1
18	12	12	18	16	8	7	7	8	18	2	1
18	12	12	18	16	8	7	8	7	18	2	1
18	12	12	18	16	8	7	9	6	18	2	1
18	12	12	18	16	8	7	10	5	18	2	1
18	12	12	18	16	8	7	11	4	18	2	1
18	12	12	18	16	8	7	12	3	18	2	1
18	12	12	18	16	8	8	5	9	18	2	1
18	12	12	18	16	8	8	7	7	18	2	1
18	12	12	18	16	8	8	8	6	18	2	1
18	12	12	18	16	8	8	9	5	18	2	1
18	12	12	18	16	8	8	10	4	18	2	1
18	12	12	18	16	8	8	11	3	18	2	1
18	12	12	18	16	8	8	12	2	18	2	1
18	12	12	18	16	8	9	4	9	18	2	1
18	12	12	18	16	8	9	6	7	18	2	1
18	12	12	18	16	8	9	7	6	18	2	1
18	12	12	18	16	8	9	8	5	18	2	1
18	12	12	18	16	8	9	9	4	18	2	1
18	12	12	18	16	8	9	10	3	18	2	1
18	12	12	18	16	8	9	11	2	18	2	1
18	12	12	18	16	8	9	12	1	18	2	1
18	12	12	18	17	7	1	12	9	18	2	1
18	12	12	18	17	7	2	11	9	18	2	1
18	12	12	18	17	7	2	12	8	18	2	1
18	12	12	18	17	7	3	10	9	18	2	1
18	12	12	18	17	7	3	11	8	18	2	1
18	12	12	18	17	7	3	12	7	18	2	1
18	12	12	18	17	7	4	9	9	18	2	1
18	12	12	18	17	7	4	10	8	18	2	1
18	12	12	18	17	7	5	8	9	18	2	1
18	12	12	18	17	7	5	9	8	18	2	1
18	12	12	18	17	7	5	10	7	18	2	1
18	12	12	18	17	7	6	7	9	18	2	1
18	12	12	18	17	7	6	8	8	18	2	1
18	12	12	18	17	7	6	9	7	18	2	1
18	12	12	18	17	7	6	10	6	18	2	1
18	12	12	18	17	7	6	11	5	18	2	1
18	12	12	18	17	7	7	6	9	18	2	1
18	12	12	18	17	7	7	7	8	18	2	1
18	12	12	18	17	7	7	8	7	18	2	1
18	12	12	18	17	7	7	9	6	18	2	1
18	12	12	18	17	7	7	10	5	18	2	1
18	12	12	18	17	7	7	11	4	18	2	1
18	12	12	18	17	7	7	12	3	18	2	1
18	12	12	18	17	7	8	6	8	18	2	1
18	12	12	18	17	7	8	7	7	18	2	1
18	12	12	18	17	7	8	8	6	18	2	1
18	12	12	18	17	7	8	9	5	18	2	1
18	12	12	18	17	7	8	10	4	18	2	1
18	12	12	18	17	7	8	11	3	18	2	1
18	12	12	18	17	7	8	12	2	18	2	1
18	12	12	18	17	7	9	5	8	18	2	1
18	12	12	18	17	7	9	6	7	18	2	1
18	12	12	18	17	7	9	7	6	18	2	1
18	12	12	18	17	7	9	8	5	18	2	1
18	12	12	18	17	7	9	9	4	18	2	1
18	12	12	18	17	7	9	10	3	18	2	1
18	12	12	18	17	7	9	11	2	18	2	1
18	12	12	18	17	7	9	12	1	18	2	1
18	12	12	18	18	6	6	10	6	9	1	1
18	12	12	18	18	6	6	12	4	18	2	1
18	12	12	18	18	6	7	8	7	9	1	1
18	12	12	18	18	6	7	9	6	18	2	1
18	12	12	18	18	6	7	10	5	18	2	1
18	12	12	18	18	6	7	11	4	18	2	1
18	12	12	18	18	6	7	12	3	18	2	1
18	12	12	18	18	6	8	6	8	9	1	1
18	12	12	18	18	6	8	7	7	18	2	1
18	12	12	18	18	6	8	8	6	18	2	1
18	12	12	18	18	6	8	9	5	18	2	1
18	12	12	18	18	6	8	10	4	18	2	1
18	12	12	18	18	6	8	11	3	18	2	1
18	12	12	18	18	6	8	12	2	18	2	1
18	12	12	18	18	6	9	4	9	9	1	1
18	12	12	18	18	6	9	5	8	18	2	1
18	12	12	18	18	6	9	6	7	18	2	1
18	12	12	18	18	6	9	7	6	18	2	1
18	12	12	18	18	6	9	8	5	18	2	1
18	12	12	18	18	6	9	9	4	18	2	1
18	12	12	18	18	6	9	10	3	18	2	1
18	12	12	18	18	6	9	11	2	18	2	1
18	12	12	18	18	6	9	12	1	18	2	1
18	15	9	14	14	14	8	7	7	18	3	1
18	15	9	14	14	14	8	8	6	18	3	1
18	15	9	14	14	14	9	5	8	18	3	1
18	15	9	14	14	14	9	6	7	18	3	1
18	15	9	14	14	14	9	7	6	18	3	1
18	15	9	14	14	14	9	8	5	18	3	1
18	15	9	14	14	14	9	9	4	18	3	1
18	15	9	15	13	14	3	9	10	18	1	1
18	15	9	15	13	14	4	8	10	18	1	1
18	15	9	15	13	14	4	9	9	18	1	1
18	15	9	15	13	14	5	7	10	18	1	1
18	15	9	15	13	14	5	8	9	18	1	1
18	15	9	15	13	14	5	9	8	18	1	1
18	15	9	15	13	14	6	6	10	18	1	1
18	15	9	15	13	14	6	7	9	18	1	1
18	15	9	15	13	14	6	8	8	18	1	1
18	15	9	15	13	14	6	9	7	18	1	1
18	15	9	15	13	14	7	5	10	18	1	1
18	15	9	15	13	14	7	6	9	18	1	1
18	15	9	15	13	14	7	7	8	18	1	1
18	15	9	15	13	14	7	8	7	18	1	1
18	15	9	15	13	14	7	9	6	18	1	1
18	15	9	15	13	14	8	4	10	18	1	1
18	15	9	15	13	14	8	5	9	18	1	1
18	15	9	15	13	14	8	6	8	18	1	1
18	15	9	15	13	14	8	7	7	18	1	1
18	15	9	15	13	14	8	8	6	18	1	1
18	15	9	15	13	14	8	9	5	18	1	1
18	15	9	15	13	14	9	3	10	18	1	1
18	15	9	15	13	14	9	4	9	18	1	1
18	15	9	15	13	14	9	5	8	18	1	1
18	15	9	15	13	14	9	6	7	18	1	1
18	15	9	15	13	14	9	7	6	18	1	1
18	15	9	15	13	14	9	8	5	18	1	1
18	15	9	15	13	14	9	9	4	18	1	1
18	15	9	15	14	13	3	10	9	18	1	1
18	15	9	15	14	13	4	9	9	18	1	1
18	15	9	15	14	13	4	10	8	18	1	1
18	15	9	15	14	13	5	8	9	18	1	1
18	15	9	15	14	13	5	9	8	18	1	1
18	15	9	15	14	13	5	10	7	18	1	1
18	15	9	15	14	13	6	7	9	18	1	1
18	15	9	15	14	13	6	8	8	18	1	1
18	15	9	15	14	13	6	9	7	18	1	1
18	15	9	15	14	13	6	10	6	18	1	1
18	15	9	15	14	13	7	6	9	18	1	1
18	15	9	15	14	13	7	7	8	18	1	1
18	15	9	15	14	13	7	8	7	18	1	1
18	15	9	15	14	13	7	9	6	18	1	1
18	15	9	15	14	13	7	10	5	18	1	1
18	15	9	15	14	13	8	5	9	18	1	1
18	15	9	15	14	13	8	6	8	18	1	1
18	15	9	15	14	13	8	7	7	18	1	1
18	15	9	15	14	13	8	8	6	18	1	1
18	15	9	15	14	13	8	9	5	18	1	1
18	15	9	15	14	13	8	10	4	18	1	1
18	15	9	15	14	13	9	4	9	18	1	1
18	15	9	15	14	13	9	5	8	18	1	1
18	15	9	15	14	13	9	6	7	18	1	1
18	15	9	15	14	13	9	7	6	18	1	1
18	15	9	15	14	13	9	8	5	18	1	1
18	15	9	15	14	13	9	9	4	18	1	1
18	15	9	15	14	13	9	10	3	18	1	1
18	15	9	15	15	12	1	12	9	18	1	1
18	15	9	15	15	12	2	11	9	18	1	1
18	15	9	15	15	12	2	12	8	18	1	1
18	15	9	15	15	12	3	10	9	18	1	1
18	15	9	15	15	12	3	11	8	18	1	1
18	15	9	15	15	12	3	12	7	18	1	1
18	15	9	15	15	12	4	9	9	18	1	1
18	15	9	15	15	12	4	10	8	18	1	1
18	15	9	15	15	12	4	11	7	18	1	1
18	15	9	15	15	12	4	12	6	18	1	1
18	15	9	15	15	12	5	8	9	18	1	1
18	15	9	15	15	12	5	9	8	18	1	1
18	15	9	15	15	12	5	10	7	18	1	1
18	15	9	15	15	12	5	11	6	18	1	1
18	15	9	15	15	12	5	12	5	18	1	1
18	15	9	15	15	12	6	7	9	18	1	1
18	15	9	15	15	12	6	8	8	18	1	1
18	15	9	15	15	12	6	9	7	18	1	1
18	15	9	15	15	12	6	10	6	18	1	1
18	15	9	15	15	12	6	11	5	18	1	1
18	15	9	15	15	12	6	12	4	18	1	1
18	15	9	15	15	12	7	6	9	18	1	1
18	15	9	15	15	12	7	7	8	18	1	1
18	15	9	15	15	12	7	8	7	18	1	1
18	15	9	15	15	12	7	9	6	18	1	1
18	15	9	15	15	12	7	10	5	18	1	1
18	15	9	15	15	12	7	11	4	18	1	1
18	15	9	15	15	12	7	12	3	18	1	1
18	15	9	15	15	12	8	5	9	18	1	1
18	15	9	15	15	12	8	6	8	18	1	1
18	15	9	15	15	12	8	7	7	18	1	1
18	15	9	15	15	12	8	8	6	18	1	1
18	15	9	15	15	12	8	9	5	18	1	1
18	15	9	15	15	12	8	10	4	18	1	1
18	15	9	15	15	12	9	4	9	18	1	1
18	15	9	15	15	12	9	5	8	18	1	1
18	15	9	15	15	12	9	6	7	18	1	1
18	15	9	15	15	12	9	7	6	18	1	1
18	15	9	15	15	12	9	8	5	18	1	1
18	15	9	15	15	12	9	9	4	18	1	1
18	15	9	15	15	12	9	10	3	18	1	1
18	15	9	15	15	12	9	12	1	18	1	1
18	15	9	16	11	15	2	9	11	18	1	1
18	15	9	16	11	15	4	7	11	18	1	1
18	15	9	16	11	15	4	9	9	18	1	1
18	15	9	16	11	15	5	6	11	18	1	1
18	15	9	16	11	15	5	7	10	18	1	1
18	15	9	16	11	15	5	8	9	18	1	1
18	15	9	16	11	15	5	9	8	18	1	1
18	15	9	16	11	15	6	5	11	18	1	1
18	15	9	16	11	15	6	6	10	18	1	1
18	15	9	16	11	15	6	7	9	18	1	1
18	15	9	16	11	15	6	8	8	18	1	1
18	15	9	16	11	15	6	9	7	18	1	1
18	15	9	16	11	15	7	4	11	18	1	1
18	15	9	16	11	15	7	5	10	18	1	1
18	15	9	16	11	15	7	6	9	18	1	1
18	15	9	16	11	15	7	7	8	18	1	1
18	15	9	16	11	15	7	8	7	18	1	1
18	15	9	16	11	15	7	9	6	18	1	1
18	15	9	16	11	15	8	3	11	18	1	1
18	15	9	16	11	15	8	4	10	18	1	1
18	15	9	16	11	15	8	5	9	18	1	1
18	15	9	16	11	15	8	6	8	18	1	1
18	15	9	16	11	15	8	7	7	18	1	1
18	15	9	16	11	15	8	8	6	18	1	1
18	15	9	16	11	15	8	9	5	18	1	1
18	15	9	16	11	15	9	2	11	18	1	1
18	15	9	16	11	15	9	3	10	18	1	1
18	15	9	16	11	15	9	4	9	18	1	1
18	15	9	16	11	15	9	5	8	18	1	1
18	15	9	16	11	15	9	6	7	18	1	1
18	15	9	16	11	15	9	7	6	18	1	1
18	15	9	16	11	15	9	8	5	18	1	1
18	15	9	16	11	15	9	9	4	18	1	1
18	15	9	16	12	14	3	8	11	18	1	1
18	15	9	16	12	14	4	7	11	18	1	1
18	15	9	16	12	14	4	8	10	18	1	1
18	15	9	16	12	14	4	9	9	18	1	1
18	15	9	16	12	14	5	6	11	18	1	1
18	15	9	16	12	14	5	7	10	18	1	1
18	15	9	16	12	14	5	8	9	18	1	1
18	15	9	16	12	14	5	9	8	18	1	1
18	15	9	16	12	14	6	5	11	18	1	1
18	15	9	16	12	14	6	6	10	18	1	1
18	15	9	16	12	14	6	7	9	18	1	1
18	15	9	16	12	14	6	8	8	18	1	1
18	15	9	16	12	14	6	9	7	18	1	1
18	15	9	16	12	14	7	4	11	18	1	1
18	15	9	16	12	14	7	5	10	18	1	1
18	15	9	16	12	14	7	6	9	18	1	1
18	15	9	16	12	14	7	7	8	18	1	1
18	15	9	16	12	14	7	8	7	18	1	1
18	15	9	16	12	14	7	9	6	18	1	1
18	15	9	16	12	14	8	3	11	18	1	1
18	15	9	16	12	14	8	4	10	18	1	1
18	15	9	16	12	14	8	5	9	18	1	1
18	15	9	16	12	14	8	6	8	18	1	1
18	15	9	16	12	14	8	7	7	18	1	1
18	15	9	16	12	14	8	8	6	18	1	1
18	15	9	16	12	14	8	9	5	18	1	1
18	15	9	16	12	14	9	2	11	18	1	1
18	15	9	16	12	14	9	3	10	18	1	1
18	15	9	16	12	14	9	4	9	18	1	1
18	15	9	16	12	14	9	5	8	18	1	1
18	15	9	16	12	14	9	6	7	18	1	1
18	15	9	16	12	14	9	7	6	18	1	1
18	15	9	16	12	14	9	8	5	18	1	1
18	15	9	16	12	14	9	9	4	18	1	1
18	15	9	16	14	12	1	12	9	18	1	1
18	15	9	16	14	12	2	11	9	18	1	1
18	15	9	16	14	12	2	12	8	18	1	1
18	15	9	16	14	12	3	10	9	18	1	1
18	15	9	16	14	12	3	11	8	18	1	1
18	15	9	16	14	12	3	12	7	18	1	1
18	15	9	16	14	12	4	9	9	18	1	1
18	15	9	16	14	12	4	10	8	18	1	1
18	15	9	16	14	12	4	11	7	18	1	1
18	15	9	16	14	12	4	12	6	18	1	1
18	15	9	16	14	12	5	8	9	18	1	1
18	15	9	16	14	12	5	9	8	18	1	1
18	15	9	16	14	12	5	10	7	18	1	1
18	15	9	16	14	12	5	11	6	18	1	1
18	15	9	16	14	12	5	12	5	18	1	1
18	15	9	16	14	12	6	7	9	18	1	1
18	15	9	16	14	12	6	8	8	18	1	1
18	15	9	16	14	12	6	9	7	18	1	1
18	15	9	16	14	12	6	10	6	18	1	1
18	15	9	16	14	12	6	11	5	18	1	1
18	15	9	16	14	12	6	12	4	18	1	1
18	15	9	16	14	12	7	6	9	18	1	1
18	15	9	16	14	12	7	7	8	18	1	1
18	15	9	16	14	12	7	8	7	18	1	1
18	15	9	16	14	12	7	9	6	18	1	1
18	15	9	16	14	12	7	10	5	18	1	1
18	15	9	16	14	12	7	11	4	18	1	1
18	15	9	16	14	12	8	5	9	18	1	1
18	15	9	16	14	12	8	6	8	18	1	1
18	15	9	16	14	12	8	7	7	18	1	1
18	15	9	16	14	12	8	8	6	18	1	1
18	15	9	16	14	12	8	9	5	18	1	1
18	15	9	16	14	12	8	10	4	18	1	1
18	15	9	16	14	12	8	11	3	18	1	1
18	15	9	16	14	12	9	4	9	18	1	1
18	15	9	16	14	12	9	5	8	18	1	1
18	15	9	16	14	12	9	6	7	18	1	1
18	15	9	16	14	12	9	7	6	18	1	1
18	15	9	16	14	12	9	8	5	18	1	1
18	15	9	16	14	12	9	9	4	18	1	1
18	15	9	16	14	12	9	10	3	18	1	1
18	15	9	16	14	12	9	11	2	18	1	1
18	15	9	16	14	12	9	12	1	18	1	1
18	15	9	16	15	11	1	12	9	18	1	1
18	15	9	16	15	11	2	11	9	18	1	1
18	15	9	16	15	11	2	12	8	18	1	1
18	15	9	16	15	11	3	10	9	18	1	1
18	15	9	16	15	11	3	11	8	18	1	1
18	15	9	16	15	11	3	12	7	18	1	1
18	15	9	16	15	11	4	9	9	18	1	1
18	15	9	16	15	11	4	10	8	18	1	1
18	15	9	16	15	11	4	11	7	18	1	1
18	15	9	16	15	11	4	12	6	18	1	1
18	15	9	16	15	11	5	8	9	18	1	1
18	15	9	16	15	11	5	9	8	18	1	1
18	15	9	16	15	11	5	10	7	18	1	1
18	15	9	16	15	11	5	11	6	18	1	1
18	15	9	16	15	11	5	12	5	18	1	1
18	15	9	16	15	11	6	7	9	18	1	1
18	15	9	16	15	11	6	8	8	18	1	1
18	15	9	16	15	11	6	9	7	18	1	1
18	15	9	16	15	11	6	10	6	18	1	1
18	15	9	16	15	11	6	11	5	18	1	1
18	15	9	16	15	11	6	12	4	18	1	1
18	15	9	16	15	11	7	6	9	18	1	1
18	15	9	16	15	11	7	7	8	18	1	1
18	15	9	16	15	11	7	8	7	18	1	1
18	15	9	16	15	11	7	9	6	18	1	1
18	15	9	16	15	11	7	10	5	18	1	1
18	15	9	16	15	11	8	5	9	18	1	1
18	15	9	16	15	11	8	6	8	18	1	1
18	15	9	16	15	11	8	7	7	18	1	1
18	15	9	16	15	11	8	8	6	18	1	1
18	15	9	16	15	11	8	9	5	18	1	1
18	15	9	16	15	11	8	10	4	18	1	1
18	15	9	16	15	11	8	12	2	18	1	1
18	15	9	16	15	11	9	4	9	18	1	1
18	15	9	16	15	11	9	5	8	18	1	1
18	15	9	16	15	11	9	6	7	18	1	1
18	15	9	16	15	11	9	7	6	18	1	1
18	15	9	16	15	11	9	8	5	18	1	1
18	15	9	16	15	11	9	9	4	18	1	1
18	15	9	16	15	11	9	10	3	18	1	1
18	15	9	16	15	11	9	11	2	18	1	1
18	15	9	16	15	11	9	12	1	18	1	1
18	15	9	17	9	16	4	9	9	18	1	1
18	15	9	17	9	16	5	9	8	18	1	1
18	15	9	17	9	16	6	8	8	18	1	1
18	15	9	17	9	16	6	9	7	18	1	1
18	15	9	17	9	16	7	6	9	18	1	1
18	15	9	17	9	16	7	7	8	18	1	1
18	15	9	17	9	16	7	8	7	18	1	1
18	15	9	17	9	16	7	9	6	18	1	1
18	15	9	17	9	16	8	5	9	18	1	1
18	15	9	17	9	16	8	6	8	18	1	1
18	15	9	17	9	16	8	7	7	18	1	1
18	15	9	17	9	16	8	8	6	18	1	1
18	15	9	17	9	16	8	9	5	18	1	1
18	15	9	17	9	16	9	5	8	18	1	1
18	15	9	17	9	16	9	6	7	18	1	1
18	15	9	17	9	16	9	7	6	18	1	1
18	15	9	17	9	16	9	8	5	18	1	1
18	15	9	17	9	16	9	9	4	18	1	1
18	15	9	17	16	9	2	11	9	18	1	1
18	15	9	17	16	9	3	10	9	18	1	1
18	15	9	17	16	9	3	11	8	18	1	1
18	15	9	17	16	9	4	9	9	18	1	1
18	15	9	17	16	9	4	10	8	18	1	1
18	15	9	17	16	9	4	11	7	18	1	1
18	15	9	17	16	9	5	8	9	18	1	1
18	15	9	17	16	9	5	9	8	18	1	1
18	15	9	17	16	9	5	10	7	18	1	1
18	15	9	17	16	9	5	11	6	18	1	1
18	15	9	17	16	9	6	7	9	18	1	1
18	15	9	17	16	9	6	8	8	18	1	1
18	15	9	17	16	9	6	9	7	18	1	1
18	15	9	17	16	9	7	6	9	18	1	1
18	15	9	17	16	9	7	7	8	18	1	1
18	15	9	17	16	9	7	8	7	18	1	1
18	15	9	17	16	9	7	9	6	18	1	1
18	15	9	17	16	9	7	11	4	18	1	1
18	15	9	17	16	9	8	5	9	18	1	1
18	15	9	17	16	9	8	6	8	18	1	1
18	15	9	17	16	9	8	7	7	18	1	1
18	15	9	17	16	9	8	8	6	18	1	1
18	15	9	17	16	9	8	9	5	18	1	1
18	15	9	17	16	9	8	10	4	18	1	1
18	15	9	17	16	9	8	11	3	18	1	1
18	15	9	17	16	9	9	4	9	18	1	1
18	15	9	17	16	9	9	5	8	18	1	1
18	15	9	17	16	9	9	6	7	18	1	1
18	15	9	17	16	9	9	7	6	18	1	1
18	15	9	17	16	9	9	8	5	18	1	1
18	15	9	17	16	9	9	9	4	18	1	1
18	15	9	17	16	9	9	10	3	18	1	1
18	15	9	17	16	9	9	11	2	18	1	1
18	15	9	17	17	8	4	9	9	18	1	1
18	15	9	17	17	8	5	9	8	18	1	1
18	15	9	17	17	8	6	7	9	18	1	1
18	15	9	17	17	8	6	8	8	18	1	1
18	15	9	17	17	8	7	6	9	18	1	1
18	15	9	17	17	8	7	7	8	18	1	1
18	15	9	17	17	8	7	8	7	18	1	1
18	15	9	17	17	8	8	5	9	18	1	1
18	15	9	17	17	8	8	6	8	18	1	1
18	15	9	17	17	8	8	7	7	18	1	1
18	15	9	17	17	8	8	8	6	18	1	1
18	15	9	17	17	8	8	9	5	18	1	1
18	15	9	17	17	8	9	4	9	18	1	1
18	15	9	17	17	8	9	5	8	18	1	1
18	15	9	17	17	8	9	6	7	18	1	1
18	15	9	17	17	8	9	7	6	18	1	1
18	15	9	17	17	8	9	8	5	18	1	1
18	15	9	17	17	8	9	9	4	18	1	1
18	15	9	18	7	17	4	9	9	18	1	1
18	15	9	18	7	17	5	8	9	18	1	1
18	15	9	18	7	17	5	9	8	18	1	1
18	15	9	18	7	17	6	7	9	18	1	1
18	15	9	18	7	17	6	8	8	18	1	1
18	15	9	18	7	17	6	9	7	18	1	1
18	15	9	18	7	17	7	8	7	18	1	1
18	15	9	18	7	17	7	9	6	18	1	1
18	15	9	18	7	17	8	5	9	18	1	1
18	15	9	18	7	17	8	7	7	18	1	1
18	15	9	18	7	17	8	8	6	18	1	1
18	15	9	18	7	17	8	9	5	18	1	1
18	15	9	18	7	17	9	4	9	18	1	1
18	15	9	18	7	17	9	5	8	18	1	1
18	15	9	18	7	17	9	7	6	18	1	1
18	15	9	18	7	17	9	8	5	18	1	1
18	15	9	18	7	17	9	9	4	18	1	1
18	15	9	18	8	16	4	9	9	18	1	1
18	15	9	18	8	16	5	8	9	18	1	1
18	15	9	18	8	16	5	9	8	18	1	1
18	15	9	18	8	16	6	9	7	18	1	1
18	15	9	18	8	16	7	6	9	18	1	1
18	15	9	18	8	16	7	8	7	18	1	1
18	15	9	18	8	16	7	9	6	18	1	1
18	15	9	18	8	16	8	6	8	18	1	1
18	15	9	18	8	16	8	7	7	18	1	1
18	15	9	18	8	16	8	8	6	18	1	1
18	15	9	18	8	16	8	9	5	18	1	1
18	15	9	18	8	16	9	4	9	18	1	1
18	15	9	18	8	16	9	6	7	18	1	1
18	15	9	18	8	16	9	7	6	18	1	1
18	15	9	18	8	16	9	8	5	18	1	1
18	15	9	18	8	16	9	9	4	18	1	1
18	15	9	18	9	15	4	9	9	18	1	1
18	15	9	18	9	15	6	7	9	18	1	1
18	15	9	18	9	15	6	9	7	18	1	1
18	15	9	18	9	15	7	6	9	18	1	1
18	15	9	18	9	15	7	7	8	18	1	1
18	15	9	18	9	15	7	8	7	18	1	1
18	15	9	18	9	15	7	9	6	18	1	1
18	15	9	18	9	15	8	5	9	18	1	1
18	15	9	18	9	15	8	6	8	18	1	1
18	15	9	18	9	15	8	7	7	18	1	1
18	15	9	18	9	15	8	8	6	18	1	1
18	15	9	18	9	15	8	9	5	18	1	1
18	15	9	18	9	15	9	5	8	18	1	1
18	15	9	18	9	15	9	6	7	18	1	1
18	15	9	18	9	15	9	7	6	18	1	1
18	15	9	18	9	15	9	8	5	18	1	1
18	15	9	18	12	12	1	12	9	18	1	1
18	15	9	18	12	12	3	10	9	18	1	1
18	15	9	18	12	12	3	12	7	18	1	1
18	15	9	18	12	12	4	9	9	18	1	1
18	15	9	18	12	12	4	10	8	18	1	1
18	15	9	18	12	12	4	11	7	18	1	1
18	15	9	18	12	12	4	12	6	18	1	1
18	15	9	18	12	12	5	8	9	18	1	1
18	15	9	18	12	12	5	9	8	18	1	1
18	15	9	18	12	12	5	10	7	18	1	1
18	15	9	18	12	12	5	11	6	18	1	1
18	15	9	18	12	12	5	12	5	18	1	1
18	15	9	18	12	12	6	7	9	18	1	1
18	15	9	18	12	12	6	8	8	18	1	1
18	15	9	18	12	12	6	9	7	18	1	1
18	15	9	18	12	12	6	10	6	18	1	1
18	15	9	18	12	12	6	11	5	18	1	1
18	15	9	18	12	12	6	12	4	18	1	1
18	15	9	18	12	12	7	6	9	18	1	1
18	15	9	18	12	12	7	7	8	18	1	1
18	15	9	18	12	12	7	8	7	18	1	1
18	15	9	18	12	12	7	9	6	18	1	1
18	15	9	18	12	12	7	10	5	18	1	1
18	15	9	18	12	12	7	11	4	18	1	1
18	15	9	18	12	12	7	12	3	18	1	1
18	15	9	18	12	12	8	5	9	18	1	1
18	15	9	18	12	12	8	6	8	18	1	1
18	15	9	18	12	12	8	8	6	18	1	1
18	15	9	18	12	12	8	9	5	18	1	1
18	15	9	18	12	12	8	10	4	18	1	1
18	15	9	18	12	12	8	11	3	18	1	1
18	15	9	18	12	12	8	12	2	18	1	1
18	15	9	18	12	12	9	4	9	18	1	1
18	15	9	18	12	12	9	5	8	18	1	1
18	15	9	18	12	12	9	7	6	18	1	1
18	15	9	18	12	12	9	8	5	18	1	1
18	15	9	18	12	12	9	9	4	18	1	1
18	15	9	18	12	12	9	10	3	18	1	1
18	15	9	18	12	12	9	11	2	18	1	1
18	15	9	18	12	12	9	12	1	18	1	1
18	15	9	18	15	9	0	13	9	18	1	1
18	15	9	18	15	9	0	15	7	18	1	1
18	15	9	18	15	9	1	12	9	18	1	1
18	15	9	18	15	9	1	13	8	18	1	1
18	15	9	18	15	9	1	14	7	18	1	1
18	15	9	18	15	9	1	15	6	18	1	1
18	15	9	18	15	9	2	11	9	18	1	1
18	15	9	18	15	9	2	12	8	18	1	1
18	15	9	18	15	9	2	13	7	18	1	1
18	15	9	18	15	9	2	14	6	18	1	1
18	15	9	18	15	9	2	15	5	18	1	1
18	15	9	18	15	9	3	10	9	18	1	1
18	15	9	18	15	9	3	11	8	18	1	1
18	15	9	18	15	9	3	12	7	18	1	1
18	15	9	18	15	9	3	13	6	18	1	1
18	15	9	18	15	9	3	14	5	18	1	1
18	15	9	18	15	9	3	15	4	18	1	1
18	15	9	18	15	9	4	9	9	18	1	1
18	15	9	18	15	9	4	10	8	18	1	1
18	15	9	18	15	9	4	11	7	18	1	1
18	15	9	18	15	9	4	12	6	18	1	1
18	15	9	18	15	9	4	13	5	18	1	1
18	15	9	18	15	9	4	14	4	18	1	1
18	15	9	18	15	9	4	15	3	18	1	1
18	15	9	18	15	9	5	8	9	18	1	1
18	15	9	18	15	9	5	9	8	18	1	1
18	15	9	18	15	9	5	10	7	18	1	1
18	15	9	18	15	9	5	13	4	18	1	1
18	15	9	18	15	9	5	14	3	18	1	1
18	15	9	18	15	9	5	15	2	18	1	1
18	15	9	18	15	9	6	7	9	18	1	1
18	15	9	18	15	9	6	8	8	18	1	1
18	15	9	18	15	9	6	9	7	18	1	1
18	15	9	18	15	9	6	10	6	18	1	1
18	15	9	18	15	9	6	12	4	18	1	1
18	15	9	18	15	9	6	13	3	18	1	1
18	15	9	18	15	9	6	14	2	18	1	1
18	15	9	18	15	9	6	15	1	18	1	1
18	15	9	18	15	9	7	6	9	18	1	1
18	15	9	18	15	9	7	7	8	18	1	1
18	15	9	18	15	9	7	8	7	18	1	1
18	15	9	18	15	9	7	9	6	18	1	1
18	15	9	18	15	9	7	10	5	18	1	1
18	15	9	18	15	9	7	11	4	18	1	1
18	15	9	18	15	9	7	12	3	18	1	1
18	15	9	18	15	9	7	13	2	18	1	1
18	15	9	18	15	9	7	14	1	18	1	1
18	15	9	18	15	9	8	5	9	18	1	1
18	15	9	18	15	9	8	6	8	18	1	1
18	15	9	18	15	9	8	7	7	18	1	1
18	15	9	18	15	9	8	8	6	18	1	1
18	15	9	18	15	9	8	9	5	18	1	1
18	15	9	18	15	9	8	10	4	18	1	1
18	15	9	18	15	9	8	11	3	18	1	1
18	15	9	18	15	9	8	12	2	18	1	1
18	15	9	18	15	9	8	13	1	18	1	1
18	15	9	18	15	9	9	4	9	18	1	1
18	15	9	18	15	9	9	5	8	18	1	1
18	15	9	18	15	9	9	6	7	18	1	1
18	15	9	18	15	9	9	7	6	18	1	1
18	15	9	18	15	9	9	8	5	18	1	1
18	15	9	18	15	9	9	9	4	18	1	1
18	15	9	18	15	9	9	10	3	18	1	1
18	15	9	18	15	9	9	11	2	18	1	1
18	15	9	18	15	9	9	12	1	18	1	1
18	15	9	18	16	8	2	11	9	18	1	1
18	15	9	18	16	8	3	10	9	18	1	1
18	15	9	18	16	8	3	11	8	18	1	1
18	15	9	18	16	8	4	9	9	18	1	1
18	15	9	18	16	8	4	10	8	18	1	1
18	15	9	18	16	8	4	11	7	18	1	1
18	15	9	18	16	8	5	8	9	18	1	1
18	15	9	18	16	8	5	9	8	18	1	1
18	15	9	18	16	8	6	7	9	18	1	1
18	15	9	18	16	8	6	8	8	18	1	1
18	15	9	18	16	8	6	9	7	18	1	1
18	15	9	18	16	8	6	11	5	18	1	1
18	15	9	18	16	8	7	6	9	18	1	1
18	15	9	18	16	8	7	7	8	18	1	1
18	15	9	18	16	8	7	8	7	18	1	1
18	15	9	18	16	8	7	9	6	18	1	1
18	15	9	18	16	8	7	10	5	18	1	1
18	15	9	18	16	8	7	11	4	18	1	1
18	15	9	18	16	8	8	5	9	18	1	1
18	15	9	18	16	8	8	6	8	18	1	1
18	15	9	18	16	8	8	7	7	18	1	1
18	15	9	18	16	8	8	8	6	18	1	1
18	15	9	18	16	8	8	9	5	18	1	1
18	15	9	18	16	8	8	10	4	18	1	1
18	15	9	18	16	8	8	11	3	18	1	1
18	15	9	18	16	8	9	4	9	18	1	1
18	15	9	18	16	8	9	5	8	18	1	1
18	15	9	18	16	8	9	6	7	18	1	1
18	15	9	18	16	8	9	7	6	18	1	1
18	15	9	18	16	8	9	8	5	18	1	1
18	15	9	18	16	8	9	9	4	18	1	1
18	15	9	18	16	8	9	10	3	18	1	1
18	15	9	18	16	8	9	11	2	18	1	1
18	15	9	18	17	7	4	9	9	18	1	1
18	15	9	18	17	7	5	8	9	18	1	1
18	15	9	18	17	7	6	8	8	18	1	1
18	15	9	18	17	7	7	6	9	18	1	1
18	15	9	18	17	7	7	7	8	18	1	1
18	15	9	18	17	7	7	8	7	18	1	1
18	15	9	18	17	7	7	9	6	18	1	1
18	15	9	18	17	7	8	5	9	18	1	1
18	15	9	18	17	7	8	6	8	18	1	1
18	15	9	18	17	7	8	7	7	18	1	1
18	15	9	18	17	7	8	8	6	18	1	1
18	15	9	18	17	7	8	9	5	18	1	1
18	15	9	18	17	7	9	4	9	18	1	1
18	15	9	18	17	7	9	5	8	18	1	1
18	15	9	18	17	7	9	6	7	18	1	1
18	15	9	18	17	7	9	7	6	18	1	1
18	15	9	18	17	7	9	8	5	18	1	1
18	15	9	18	17	7	9	9	4	18	1	1
18	15	9	18	18	6	4	9	9	18	1	1
18	15	9	18	18	6	6	7	9	18	1	1
18	15	9	18	18	6	6	9	7	18	1	1
18	15	9	18	18	6	7	8	7	18	1	1
18	15	9	18	18	6	7	9	6	18	1	1
18	15	9	18	18	6	8	5	9	18	1	1
18	15	9	18	18	6	8	6	8	18	1	1
18	15	9	18	18	6	8	7	7	18	1	1
18	15	9	18	18	6	8	8	6	18	1	1
18	15	9	18	18	6	8	9	5	18	1	1
18	15	9	18	18	6	9	4	9	18	1	1
18	15	9	18	18	6	9	5	8	18	1	1
18	15	9	18	18	6	9	6	7	18	1	1
18	15	9	18	18	6	9	7	6	18	1	1
18	15	9	18	18	6	9	8	5	18	1	1
18	15	9	18	18	6	9	9	4	18	1	1
18	16	8	14	14	14	8	7	7	18	3	1
18	16	8	14	14	14	8	8	6	18	3	1
18	16	8	14	14	14	9	5	8	18	3	1
18	16	8	14	14	14	9	6	7	18	3	1
18	16	8	14	14	14	9	7	6	18	3	1
18	16	8	14	14	14	9	8	5	18	3	1
18	16	8	14	14	14	9	9	4	18	3	1
18	16	8	15	13	14	4	8	10	18	1	1
18	16	8	15	13	14	4	9	9	18	1	1
18	16	8	15	13	14	5	7	10	18	1	1
18	16	8	15	13	14	5	8	9	18	1	1
18	16	8	15	13	14	5	9	8	18	1	1
18	16	8	15	13	14	6	6	10	18	1	1
18	16	8	15	13	14	6	7	9	18	1	1
18	16	8	15	13	14	6	8	8	18	1	1
18	16	8	15	13	14	6	9	7	18	1	1
18	16	8	15	13	14	7	5	10	18	1	1
18	16	8	15	13	14	7	6	9	18	1	1
18	16	8	15	13	14	7	7	8	18	1	1
18	16	8	15	13	14	7	8	7	18	1	1
18	16	8	15	13	14	7	9	6	18	1	1
18	16	8	15	13	14	8	4	10	18	1	1
18	16	8	15	13	14	8	5	9	18	1	1
18	16	8	15	13	14	8	6	8	18	1	1
18	16	8	15	13	14	8	7	7	18	1	1
18	16	8	15	13	14	8	8	6	18	1	1
18	16	8	15	13	14	8	9	5	18	1	1
18	16	8	15	13	14	9	3	10	18	1	1
18	16	8	15	13	14	9	4	9	18	1	1
18	16	8	15	13	14	9	5	8	18	1	1
18	16	8	15	13	14	9	6	7	18	1	1
18	16	8	15	13	14	9	7	6	18	1	1
18	16	8	15	13	14	9	8	5	18	1	1
18	16	8	15	13	14	9	9	4	18	1	1
18	16	8	15	14	13	3	10	9	18	1	1
18	16	8	15	14	13	4	9	9	18	1	1
18	16	8	15	14	13	4	10	8	18	1	1
18	16	8	15	14	13	5	8	9	18	1	1
18	16	8	15	14	13	5	9	8	18	1	1
18	16	8	15	14	13	5	10	7	18	1	1
18	16	8	15	14	13	6	7	9	18	1	1
18	16	8	15	14	13	6	8	8	18	1	1
18	16	8	15	14	13	6	9	7	18	1	1
18	16	8	15	14	13	6	10	6	18	1	1
18	16	8	15	14	13	7	6	9	18	1	1
18	16	8	15	14	13	7	7	8	18	1	1
18	16	8	15	14	13	7	8	7	18	1	1
18	16	8	15	14	13	7	9	6	18	1	1
18	16	8	15	14	13	7	10	5	18	1	1
18	16	8	15	14	13	8	5	9	18	1	1
18	16	8	15	14	13	8	6	8	18	1	1
18	16	8	15	14	13	8	7	7	18	1	1
18	16	8	15	14	13	8	8	6	18	1	1
18	16	8	15	14	13	8	9	5	18	1	1
18	16	8	15	14	13	8	10	4	18	1	1
18	16	8	15	14	13	9	4	9	18	1	1
18	16	8	15	14	13	9	5	8	18	1	1
18	16	8	15	14	13	9	6	7	18	1	1
18	16	8	15	14	13	9	7	6	18	1	1
18	16	8	15	14	13	9	8	5	18	1	1
18	16	8	15	14	13	9	9	4	18	1	1
18	16	8	15	14	13	9	10	3	18	1	1
18	16	8	15	15	12	2	11	9	18	1	1
18	16	8	15	15	12	3	10	9	18	1	1
18	16	8	15	15	12	3	11	8	18	1	1
18	16	8	15	15	12	4	9	9	18	1	1
18	16	8	15	15	12	4	10	8	18	1	1
18	16	8	15	15	12	4	11	7	18	1	1
18	16	8	15	15	12	5	8	9	18	1	1
18	16	8	15	15	12	5	9	8	18	1	1
18	16	8	15	15	12	5	10	7	18	1	1
18	16	8	15	15	12	5	11	6	18	1	1
18	16	8	15	15	12	6	7	9	18	1	1
18	16	8	15	15	12	6	8	8	18	1	1
18	16	8	15	15	12	6	9	7	18	1	1
18	16	8	15	15	12	6	10	6	18	1	1
18	16	8	15	15	12	6	11	5	18	1	1
18	16	8	15	15	12	7	6	9	18	1	1
18	16	8	15	15	12	7	7	8	18	1	1
18	16	8	15	15	12	7	8	7	18	1	1
18	16	8	15	15	12	7	9	6	18	1	1
18	16	8	15	15	12	7	10	5	18	1	1
18	16	8	15	15	12	7	11	4	18	1	1
18	16	8	15	15	12	8	5	9	18	1	1
18	16	8	15	15	12	8	6	8	18	1	1
18	16	8	15	15	12	8	7	7	18	1	1
18	16	8	15	15	12	8	8	6	18	1	1
18	16	8	15	15	12	8	9	5	18	1	1
18	16	8	15	15	12	9	4	9	18	1	1
18	16	8	15	15	12	9	5	8	18	1	1
18	16	8	15	15	12	9	6	7	18	1	1
18	16	8	15	15	12	9	7	6	18	1	1
18	16	8	15	15	12	9	8	5	18	1	1
18	16	8	15	15	12	9	9	4	18	1	1
18	16	8	15	15	12	9	11	2	18	1	1
18	16	8	16	11	15	5	9	8	18	1	1
18	16	8	16	11	15	6	7	9	18	1	1
18	16	8	16	11	15	6	8	8	18	1	1
18	16	8	16	11	15	6	9	7	18	1	1
18	16	8	16	11	15	7	6	9	18	1	1
18	16	8	16	11	15	7	7	8	18	1	1
18	16	8	16	11	15	7	8	7	18	1	1
18	16	8	16	11	15	7	9	6	18	1	1
18	16	8	16	11	15	8	5	9	18	1	1
18	16	8	16	11	15	8	6	8	18	1	1
18	16	8	16	11	15	8	7	7	18	1	1
18	16	8	16	11	15	8	8	6	18	1	1
18	16	8	16	11	15	8	9	5	18	1	1
18	16	8	16	11	15	9	4	9	18	1	1
18	16	8	16	11	15	9	5	8	18	1	1
18	16	8	16	11	15	9	6	7	18	1	1
18	16	8	16	11	15	9	7	6	18	1	1
18	16	8	16	11	15	9	8	5	18	1	1
18	16	8	16	11	15	9	9	4	18	1	1
18	16	8	16	12	14	5	8	9	18	1	1
18	16	8	16	12	14	5	9	8	18	1	1
18	16	8	16	12	14	6	7	9	18	1	1
18	16	8	16	12	14	6	8	8	18	1	1
18	16	8	16	12	14	6	9	7	18	1	1
18	16	8	16	12	14	7	6	9	18	1	1
18	16	8	16	12	14	7	7	8	18	1	1
18	16	8	16	12	14	7	8	7	18	1	1
18	16	8	16	12	14	7	9	6	18	1	1
18	16	8	16	12	14	8	5	9	18	1	1
18	16	8	16	12	14	8	6	8	18	1	1
18	16	8	16	12	14	8	7	7	18	1	1
18	16	8	16	12	14	8	8	6	18	1	1
18	16	8	16	12	14	8	9	5	18	1	1
18	16	8	16	12	14	9	4	9	18	1	1
18	16	8	16	12	14	9	5	8	18	1	1
18	16	8	16	12	14	9	6	7	18	1	1
18	16	8	16	12	14	9	7	6	18	1	1
18	16	8	16	12	14	9	8	5	18	1	1
18	16	8	16	12	14	9	9	4	18	1	1
18	16	8	16	14	12	2	12	8	18	1	1
18	16	8	16	14	12	3	10	9	18	1	1
18	16	8	16	14	12	3	11	8	18	1	1
18	16	8	16	14	12	3	12	7	18	1	1
18	16	8	16	14	12	4	9	9	18	1	1
18	16	8	16	14	12	4	10	8	18	1	1
18	16	8	16	14	12	4	11	7	18	1	1
18	16	8	16	14	12	4	12	6	18	1	1
18	16	8	16	14	12	5	8	9	18	1	1
18	16	8	16	14	12	5	9	8	18	1	1
18	16	8	16	14	12	5	10	7	18	1	1
18	16	8	16	14	12	5	11	6	18	1	1
18	16	8	16	14	12	5	12	5	18	1	1
18	16	8	16	14	12	6	7	9	18	1	1
18	16	8	16	14	12	6	8	8	18	1	1
18	16	8	16	14	12	6	9	7	18	1	1
18	16	8	16	14	12	6	10	6	18	1	1
18	16	8	16	14	12	6	11	5	18	1	1
18	16	8	16	14	12	6	12	4	18	1	1
18	16	8	16	14	12	7	6	9	18	1	1
18	16	8	16	14	12	7	7	8	18	1	1
18	16	8	16	14	12	7	8	7	18	1	1
18	16	8	16	14	12	7	9	6	18	1	1
18	16	8	16	14	12	7	10	5	18	1	1
18	16	8	16	14	12	8	5	9	18	1	1
18	16	8	16	14	12	8	6	8	18	1	1
18	16	8	16	14	12	8	7	7	18	1	1
18	16	8	16	14	12	8	8	6	18	1	1
18	16	8	16	14	12	8	9	5	18	1	1
18	16	8	16	14	12	8	10	4	18	1	1
18	16	8	16	14	12	8	12	2	18	1	1
18	16	8	16	14	12	9	4	9	18	1	1
18	16	8	16	14	12	9	5	8	18	1	1
18	16	8	16	14	12	9	6	7	18	1	1
18	16	8	16	14	12	9	7	6	18	1	1
18	16	8	16	14	12	9	8	5	18	1	1
18	16	8	16	14	12	9	9	4	18	1	1
18	16	8	16	14	12	9	10	3	18	1	1
18	16	8	16	14	12	9	11	2	18	1	1
18	16	8	16	14	12	9	12	1	18	1	1
18	16	8	16	15	11	2	11	9	18	1	1
18	16	8	16	15	11	3	10	9	18	1	1
18	16	8	16	15	11	3	11	8	18	1	1
18	16	8	16	15	11	4	9	9	18	1	1
18	16	8	16	15	11	4	10	8	18	1	1
18	16	8	16	15	11	4	11	7	18	1	1
18	16	8	16	15	11	5	8	9	18	1	1
18	16	8	16	15	11	5	9	8	18	1	1
18	16	8	16	15	11	5	10	7	18	1	1
18	16	8	16	15	11	5	11	6	18	1	1
18	16	8	16	15	11	6	7	9	18	1	1
18	16	8	16	15	11	6	8	8	18	1	1
18	16	8	16	15	11	6	9	7	18	1	1
18	16	8	16	15	11	6	10	6	18	1	1
18	16	8	16	15	11	6	11	5	18	1	1
18	16	8	16	15	11	7	6	9	18	1	1
18	16	8	16	15	11	7	7	8	18	1	1
18	16	8	16	15	11	7	8	7	18	1	1
18	16	8	16	15	11	7	9	6	18	1	1
18	16	8	16	15	11	8	5	9	18	1	1
18	16	8	16	15	11	8	6	8	18	1	1
18	16	8	16	15	11	8	7	7	18	1	1
18	16	8	16	15	11	8	8	6	18	1	1
18	16	8	16	15	11	8	9	5	18	1	1
18	16	8	16	15	11	8	11	3	18	1	1
18	16	8	16	15	11	9	4	9	18	1	1
18	16	8	16	15	11	9	5	8	18	1	1
18	16	8	16	15	11	9	6	7	18	1	1
18	16	8	16	15	11	9	7	6	18	1	1
18	16	8	16	15	11	9	8	5	18	1	1
18	16	8	16	15	11	9	9	4	18	1	1
18	16	8	16	15	11	9	10	3	18	1	1
18	16	8	16	15	11	9	11	2	18	1	1
18	16	8	17	9	16	4	9	9	18	1	1
18	16	8	17	9	16	5	8	9	18	1	1
18	16	8	17	9	16	5	9	8	18	1	1
18	16	8	17	9	16	6	9	7	18	1	1
18	16	8	17	9	16	7	6	9	18	1	1
18	16	8	17	9	16	7	8	7	18	1	1
18	16	8	17	9	16	7	9	6	18	1	1
18	16	8	17	9	16	8	5	9	18	1	1
18	16	8	17	9	16	8	6	8	18	1	1
18	16	8	17	9	16	8	7	7	18	1	1
18	16	8	17	9	16	8	8	6	18	1	1
18	16	8	17	9	16	8	9	5	18	1	1
18	16	8	17	9	16	9	4	9	18	1	1
18	16	8	17	9	16	9	5	8	18	1	1
18	16	8	17	9	16	9	6	7	18	1	1
18	16	8	17	9	16	9	7	6	18	1	1
18	16	8	17	9	16	9	8	5	18	1	1
18	16	8	17	16	9	4	9	9	18	1	1
18	16	8	17	16	9	5	8	9	18	1	1
18	16	8	17	16	9	5	9	8	18	1	1
18	16	8	17	16	9	6	7	9	18	1	1
18	16	8	17	16	9	6	8	8	18	1	1
18	16	8	17	16	9	7	6	9	18	1	1
18	16	8	17	16	9	7	7	8	18	1	1
18	16	8	17	16	9	7	8	7	18	1	1
18	16	8	17	16	9	8	5	9	18	1	1
18	16	8	17	16	9	8	6	8	18	1	1
18	16	8	17	16	9	8	7	7	18	1	1
18	16	8	17	16	9	8	8	6	18	1	1
18	16	8	17	16	9	8	9	5	18	1	1
18	16	8	17	16	9	9	4	9	18	1	1
18	16	8	17	16	9	9	5	8	18	1	1
18	16	8	17	16	9	9	6	7	18	1	1
18	16	8	17	16	9	9	7	6	18	1	1
18	16	8	17	16	9	9	8	5	18	1	1
18	16	8	17	16	9	9	9	4	18	1	1
18	16	8	17	17	8	5	8	9	18	1	1
18	16	8	17	17	8	5	9	8	18	1	1
18	16	8	17	17	8	6	7	9	18	1	1
18	16	8	17	17	8	7	6	9	18	1	1
18	16	8	17	17	8	7	7	8	18	1	1
18	16	8	17	17	8	7	9	6	18	1	1
18	16	8	17	17	8	8	5	9	18	1	1
18	16	8	17	17	8	8	6	8	18	1	1
18	16	8	17	17	8	8	7	7	18	1	1
18	16	8	17	17	8	8	8	6	18	1	1
18	16	8	17	17	8	8	9	5	18	1	1
18	16	8	17	17	8	9	4	9	18	1	1
18	16	8	17	17	8	9	5	8	18	1	1
18	16	8	17	17	8	9	6	7	18	1	1
18	16	8	17	17	8	9	7	6	18	1	1
18	16	8	17	17	8	9	8	5	18	1	1
18	16	8	17	17	8	9	9	4	18	1	1
18	16	8	18	7	17	4	9	9	18	1	1
18	16	8	18	7	17	5	8	9	18	1	1
18	16	8	18	7	17	5	9	8	18	1	1
18	16	8	18	7	17	6	7	9	18	1	1
18	16	8	18	7	17	6	8	8	18	1	1
18	16	8	18	7	17	6	9	7	18	1	1
18	16	8	18	7	17	7	6	9	18	1	1
18	16	8	18	7	17	7	7	8	18	1	1
18	16	8	18	7	17	7	8	7	18	1	1
18	16	8	18	7	17	7	9	6	18	1	1
18	16	8	18	7	17	8	8	6	18	1	1
18	16	8	18	7	17	8	9	5	18	1	1
18	16	8	18	7	17	9	4	9	18	1	1
18	16	8	18	7	17	9	7	6	18	1	1
18	16	8	18	7	17	9	8	5	18	1	1
18	16	8	18	7	17	9	9	4	18	1	1
18	16	8	18	8	16	4	9	9	18	1	1
18	16	8	18	8	16	5	8	9	18	1	1
18	16	8	18	8	16	5	9	8	18	1	1
18	16	8	18	8	16	6	7	9	18	1	1
18	16	8	18	8	16	6	8	8	18	1	1
18	16	8	18	8	16	6	9	7	18	1	1
18	16	8	18	8	16	7	6	9	18	1	1
18	16	8	18	8	16	7	9	6	18	1	1
18	16	8	18	8	16	8	5	9	18	1	1
18	16	8	18	8	16	8	6	8	18	1	1
18	16	8	18	8	16	8	8	6	18	1	1
18	16	8	18	8	16	8	9	5	18	1	1
18	16	8	18	8	16	9	5	8	18	1	1
18	16	8	18	8	16	9	6	7	18	1	1
18	16	8	18	8	16	9	7	6	18	1	1
18	16	8	18	8	16	9	8	5	18	1	1
18	16	8	18	9	15	4	9	9	18	1	1
18	16	8	18	9	15	5	8	9	18	1	1
18	16	8	18	9	15	5	9	8	18	1	1
18	16	8	18	9	15	6	7	9	18	1	1
18	16	8	18	9	15	7	6	9	18	1	1
18	16	8	18	9	15	7	7	8	18	1	1
18	16	8	18	9	15	7	9	6	18	1	1
18	16	8	18	9	15	8	5	9	18	1	1
18	16	8	18	9	15	8	6	8	18	1	1
18	16	8	18	9	15	8	7	7	18	1	1
18	16	8	18	9	15	8	8	6	18	1	1
18	16	8	18	9	15	9	4	9	18	1	1
18	16	8	18	9	15	9	5	8	18	1	1
18	16	8	18	9	15	9	6	7	18	1	1
18	16	8	18	9	15	9	7	6	18	1	1
18	16	8	18	9	15	9	9	4	18	1	1
18	16	8	18	12	12	1	12	9	18	1	1
18	16	8	18	12	12	2	11	9	18	1	1
18	16	8	18	12	12	2	12	8	18	1	1
18	16	8	18	12	12	3	10	9	18	1	1
18	16	8	18	12	12	4	9	9	18	1	1
18	16	8	18	12	12	4	10	8	18	1	1
18	16	8	18	12	12	4	12	6	18	1	1
18	16	8	18	12	12	5	8	9	18	1	1
18	16	8	18	12	12	5	9	8	18	1	1
18	16	8	18	12	12	5	10	7	18	1	1
18	16	8	18	12	12	5	11	6	18	1	1
18	16	8	18	12	12	5	12	5	18	1	1
18	16	8	18	12	12	6	7	9	18	1	1
18	16	8	18	12	12	6	8	8	18	1	1
18	16	8	18	12	12	6	9	7	18	1	1
18	16	8	18	12	12	6	10	6	18	1	1
18	16	8	18	12	12	6	11	5	18	1	1
18	16	8	18	12	12	6	12	4	18	1	1
18	16	8	18	12	12	7	6	9	18	1	1
18	16	8	18	12	12	7	7	8	18	1	1
18	16	8	18	12	12	7	8	7	18	1	1
18	16	8	18	12	12	7	9	6	18	1	1
18	16	8	18	12	12	7	10	5	18	1	1
18	16	8	18	12	12	7	11	4	18	1	1
18	16	8	18	12	12	7	12	3	18	1	1
18	16	8	18	12	12	8	5	9	18	1	1
18	16	8	18	12	12	8	7	7	18	1	1
18	16	8	18	12	12	8	8	6	18	1	1
18	16	8	18	12	12	8	9	5	18	1	1
18	16	8	18	12	12	8	10	4	18	1	1
18	16	8	18	12	12	8	11	3	18	1	1
18	16	8	18	12	12	8	12	2	18	1	1
18	16	8	18	12	12	9	4	9	18	1	1
18	16	8	18	12	12	9	6	7	18	1	1
18	16	8	18	12	12	9	7	6	18	1	1
18	16	8	18	12	12	9	8	5	18	1	1
18	16	8	18	12	12	9	9	4	18	1	1
18	16	8	18	12	12	9	10	3	18	1	1
18	16	8	18	12	12	9	11	2	18	1	1
18	16	8	18	12	12	9	12	1	18	1	1
18	16	8	18	15	9	2	11	9	18	1	1
18	16	8	18	15	9	3	10	9	18	1	1
18	16	8	18	15	9	3	11	8	18	1	1
18	16	8	18	15	9	4	9	9	18	1	1
18	16	8	18	15	9	4	10	8	18	1	1
18	16	8	18	15	9	4	11	7	18	1	1
18	16	8	18	15	9	5	8	9	18	1	1
18	16	8	18	15	9	5	9	8	18	1	1
18	16	8	18	15	9	6	7	9	18	1	1
18	16	8	18	15	9	6	8	8	18	1	1
18	16	8	18	15	9	6	9	7	18	1	1
18	16	8	18	15	9	6	11	5	18	1	1
18	16	8	18	15	9	7	6	9	18	1	1
18	16	8	18	15	9	7	7	8	18	1	1
18	16	8	18	15	9	7	8	7	18	1	1
18	16	8	18	15	9	7	9	6	18	1	1
18	16	8	18	15	9	7	10	5	18	1	1
18	16	8	18	15	9	7	11	4	18	1	1
18	16	8	18	15	9	8	5	9	18	1	1
18	16	8	18	15	9	8	6	8	18	1	1
18	16	8	18	15	9	8	7	7	18	1	1
18	16	8	18	15	9	8	8	6	18	1	1
18	16	8	18	15	9	8	9	5	18	1	1
18	16	8	18	15	9	8	10	4	18	1	1
18	16	8	18	15	9	8	11	3	18	1	1
18	16	8	18	15	9	9	4	9	18	1	1
18	16	8	18	15	9	9	5	8	18	1	1
18	16	8	18	15	9	9	6	7	18	1	1
18	16	8	18	15	9	9	7	6	18	1	1
18	16	8	18	15	9	9	8	5	18	1	1
18	16	8	18	15	9	9	9	4	18	1	1
18	16	8	18	15	9	9	10	3	18	1	1
18	16	8	18	15	9	9	11	2	18	1	1
18	16	8	18	16	8	4	9	9	18	1	1
18	16	8	18	16	8	5	8	9	18	1	1
18	16	8	18	16	8	6	7	9	18	1	1
18	16	8	18	16	8	6	8	8	18	1	1
18	16	8	18	16	8	7	6	9	18	1	1
18	16	8	18	16	8	7	7	8	18	1	1
18	16	8	18	16	8	7	8	7	18	1	1
18	16	8	18	16	8	7	9	6	18	1	1
18	16	8	18	16	8	8	5	9	18	1	1
18	16	8	18	16	8	8	6	8	18	1	1
18	16	8	18	16	8	8	7	7	18	1	1
18	16	8	18	16	8	8	8	6	18	1	1
18	16	8	18	16	8	8	9	5	18	1	1
18	16	8	18	16	8	9	4	9	18	1	1
18	16	8	18	16	8	9	5	8	18	1	1
18	16	8	18	16	8	9	6	7	18	1	1
18	16	8	18	16	8	9	7	6	18	1	1
18	16	8	18	16	8	9	8	5	18	1	1
18	16	8	18	16	8	9	9	4	18	1	1
18	16	8	18	17	7	4	9	9	18	1	1
18	16	8	18	17	7	6	7	9	18	1	1
18	16	8	18	17	7	6	9	7	18	1	1
18	16	8	18	17	7	7	6	9	18	1	1
18	16	8	18	17	7	7	7	8	18	1	1
18	16	8	18	17	7	7	8	7	18	1	1
18	16	8	18	17	7	7	9	6	18	1	1
18	16	8	18	17	7	8	5	9	18	1	1
18	16	8	18	17	7	8	6	8	18	1	1
18	16	8	18	17	7	8	7	7	18	1	1
18	16	8	18	17	7	8	8	6	18	1	1
18	16	8	18	17	7	8	9	5	18	1	1
18	16	8	18	17	7	9	4	9	18	1	1
18	16	8	18	17	7	9	5	8	18	1	1
18	16	8	18	17	7	9	6	7	18	1	1
18	16	8	18	17	7	9	7	6	18	1	1
18	16	8	18	17	7	9	8	5	18	1	1
18	16	8	18	17	7	9	9	4	18	1	1
18	16	8	18	18	6	4	9	9	18	1	1
18	16	8	18	18	6	5	9	8	18	1	1
18	16	8	18	18	6	6	9	7	18	1	1
18	16	8	18	18	6	7	6	9	18	1	1
18	16	8	18	18	6	7	7	8	18	1	1
18	16	8	18	18	6	7	8	7	18	1	1
18	16	8	18	18	6	7	9	6	18	1	1
18	16	8	18	18	6	8	5	9	18	1	1
18	16	8	18	18	6	8	6	8	18	1	1
18	16	8	18	18	6	8	7	7	18	1	1
18	16	8	18	18	6	8	8	6	18	1	1
18	16	8	18	18	6	8	9	5	18	1	1
18	16	8	18	18	6	9	4	9	18	1	1
18	16	8	18	18	6	9	5	8	18	1	1
18	16	8	18	18	6	9	6	7	18	1	1
18	16	8	18	18	6	9	7	6	18	1	1
18	16	8	18	18	6	9	8	5	18	1	1
18	17	7	14	14	14	8	7	7	18	3	1
18	17	7	14	14	14	8	8	6	18	3	1
18	17	7	14	14	14	9	5	8	18	3	1
18	17	7	14	14	14	9	6	7	18	3	1
18	17	7	14	14	14	9	7	6	18	3	1
18	17	7	14	14	14	9	8	5	18	3	1
18	17	7	14	14	14	9	9	4	18	3	1
18	17	7	15	13	14	5	8	9	18	1	1
18	17	7	15	13	14	5	9	8	18	1	1
18	17	7	15	13	14	6	7	9	18	1	1
18	17	7	15	13	14	6	8	8	18	1	1
18	17	7	15	13	14	6	9	7	18	1	1
18	17	7	15	13	14	7	6	9	18	1	1
18	17	7	15	13	14	7	7	8	18	1	1
18	17	7	15	13	14	7	8	7	18	1	1
18	17	7	15	13	14	7	9	6	18	1	1
18	17	7	15	13	14	8	5	9	18	1	1
18	17	7	15	13	14	8	6	8	18	1	1
18	17	7	15	13	14	8	7	7	18	1	1
18	17	7	15	13	14	8	8	6	18	1	1
18	17	7	15	13	14	8	9	5	18	1	1
18	17	7	15	13	14	9	4	9	18	1	1
18	17	7	15	13	14	9	5	8	18	1	1
18	17	7	15	13	14	9	6	7	18	1	1
18	17	7	15	13	14	9	7	6	18	1	1
18	17	7	15	13	14	9	8	5	18	1	1
18	17	7	15	13	14	9	9	4	18	1	1
18	17	7	15	14	13	4	9	9	18	1	1
18	17	7	15	14	13	4	10	8	18	1	1
18	17	7	15	14	13	5	8	9	18	1	1
18	17	7	15	14	13	5	9	8	18	1	1
18	17	7	15	14	13	5	10	7	18	1	1
18	17	7	15	14	13	6	7	9	18	1	1
18	17	7	15	14	13	6	8	8	18	1	1
18	17	7	15	14	13	6	9	7	18	1	1
18	17	7	15	14	13	6	10	6	18	1	1
18	17	7	15	14	13	7	6	9	18	1	1
18	17	7	15	14	13	7	7	8	18	1	1
18	17	7	15	14	13	7	8	7	18	1	1
18	17	7	15	14	13	7	9	6	18	1	1
18	17	7	15	14	13	7	10	5	18	1	1
18	17	7	15	14	13	8	5	9	18	1	1
18	17	7	15	14	13	8	6	8	18	1	1
18	17	7	15	14	13	8	7	7	18	1	1
18	17	7	15	14	13	8	8	6	18	1	1
18	17	7	15	14	13	8	9	5	18	1	1
18	17	7	15	14	13	9	4	9	18	1	1
18	17	7	15	14	13	9	5	8	18	1	1
18	17	7	15	14	13	9	6	7	18	1	1
18	17	7	15	14	13	9	7	6	18	1	1
18	17	7	15	14	13	9	8	5	18	1	1
18	17	7	15	14	13	9	9	4	18	1	1
18	17	7	15	15	12	4	9	9	18	1	1
18	17	7	15	15	12	5	8	9	18	1	1
18	17	7	15	15	12	5	9	8	18	1	1
18	17	7	15	15	12	6	7	9	18	1	1
18	17	7	15	15	12	6	8	8	18	1	1
18	17	7	15	15	12	6	9	7	18	1	1
18	17	7	15	15	12	7	6	9	18	1	1
18	17	7	15	15	12	7	7	8	18	1	1
18	17	7	15	15	12	7	8	7	18	1	1
18	17	7	15	15	12	7	9	6	18	1	1
18	17	7	15	15	12	8	5	9	18	1	1
18	17	7	15	15	12	8	6	8	18	1	1
18	17	7	15	15	12	8	7	7	18	1	1
18	17	7	15	15	12	8	8	6	18	1	1
18	17	7	15	15	12	9	4	9	18	1	1
18	17	7	15	15	12	9	5	8	18	1	1
18	17	7	15	15	12	9	6	7	18	1	1
18	17	7	15	15	12	9	7	6	18	1	1
18	17	7	15	15	12	9	8	5	18	1	1
18	17	7	16	11	15	4	9	9	18	1	1
18	17	7	16	11	15	6	7	9	18	1	1
18	17	7	16	11	15	6	9	7	18	1	1
18	17	7	16	11	15	7	6	9	18	1	1
18	17	7	16	11	15	7	7	8	18	1	1
18	17	7	16	11	15	7	8	7	18	1	1
18	17	7	16	11	15	7	9	6	18	1	1
18	17	7	16	11	15	8	5	9	18	1	1
18	17	7	16	11	15	8	6	8	18	1	1
18	17	7	16	11	15	8	7	7	18	1	1
18	17	7	16	11	15	8	8	6	18	1	1
18	17	7	16	11	15	8	9	5	18	1	1
18	17	7	16	11	15	9	4	9	18	1	1
18	17	7	16	11	15	9	5	8	18	1	1
18	17	7	16	11	15	9	6	7	18	1	1
18	17	7	16	11	15	9	7	6	18	1	1
18	17	7	16	11	15	9	8	5	18	1	1
18	17	7	16	11	15	9	9	4	18	1	1
18	17	7	16	12	14	5	8	9	18	1	1
18	17	7	16	12	14	6	7	9	18	1	1
18	17	7	16	12	14	6	8	8	18	1	1
18	17	7	16	12	14	6	9	7	18	1	1
18	17	7	16	12	14	7	6	9	18	1	1
18	17	7	16	12	14	7	7	8	18	1	1
18	17	7	16	12	14	7	8	7	18	1	1
18	17	7	16	12	14	7	9	6	18	1	1
18	17	7	16	12	14	8	5	9	18	1	1
18	17	7	16	12	14	8	6	8	18	1	1
18	17	7	16	12	14	8	7	7	18	1	1
18	17	7	16	12	14	8	8	6	18	1	1
18	17	7	16	12	14	8	9	5	18	1	1
18	17	7	16	12	14	9	4	9	18	1	1
18	17	7	16	12	14	9	5	8	18	1	1
18	17	7	16	12	14	9	6	7	18	1	1
18	17	7	16	12	14	9	7	6	18	1	1
18	17	7	16	12	14	9	8	5	18	1	1
18	17	7	16	12	14	9	9	4	18	1	1
18	17	7	16	14	12	3	10	9	18	1	1
18	17	7	16	14	12	4	9	9	18	1	1
18	17	7	16	14	12	4	10	8	18	1	1
18	17	7	16	14	12	5	8	9	18	1	1
18	17	7	16	14	12	5	9	8	18	1	1
18	17	7	16	14	12	5	10	7	18	1	1
18	17	7	16	14	12	6	7	9	18	1	1
18	17	7	16	14	12	6	8	8	18	1	1
18	17	7	16	14	12	6	9	7	18	1	1
18	17	7	16	14	12	6	10	6	18	1	1
18	17	7	16	14	12	7	6	9	18	1	1
18	17	7	16	14	12	7	7	8	18	1	1
18	17	7	16	14	12	7	8	7	18	1	1
18	17	7	16	14	12	7	9	6	18	1	1
18	17	7	16	14	12	8	5	9	18	1	1
18	17	7	16	14	12	8	6	8	18	1	1
18	17	7	16	14	12	8	7	7	18	1	1
18	17	7	16	14	12	8	8	6	18	1	1
18	17	7	16	14	12	8	9	5	18	1	1
18	17	7	16	14	12	9	4	9	18	1	1
18	17	7	16	14	12	9	5	8	18	1	1
18	17	7	16	14	12	9	6	7	18	1	1
18	17	7	16	14	12	9	7	6	18	1	1
18	17	7	16	14	12	9	8	5	18	1	1
18	17	7	16	14	12	9	9	4	18	1	1
18	17	7	16	14	12	9	10	3	18	1	1
18	17	7	16	15	11	4	9	9	18	1	1
18	17	7	16	15	11	5	8	9	18	1	1
18	17	7	16	15	11	5	9	8	18	1	1
18	17	7	16	15	11	6	7	9	18	1	1
18	17	7	16	15	11	6	8	8	18	1	1
18	17	7	16	15	11	6	9	7	18	1	1
18	17	7	16	15	11	7	6	9	18	1	1
18	17	7	16	15	11	7	7	8	18	1	1
18	17	7	16	15	11	7	8	7	18	1	1
18	17	7	16	15	11	8	5	9	18	1	1
18	17	7	16	15	11	8	6	8	18	1	1
18	17	7	16	15	11	8	7	7	18	1	1
18	17	7	16	15	11	8	8	6	18	1	1
18	17	7	16	15	11	9	4	9	18	1	1
18	17	7	16	15	11	9	5	8	18	1	1
18	17	7	16	15	11	9	6	7	18	1	1
18	17	7	16	15	11	9	7	6	18	1	1
18	17	7	16	15	11	9	8	5	18	1	1
18	17	7	16	15	11	9	9	4	18	1	1
18	17	7	17	9	16	4	9	9	18	1	1
18	17	7	17	9	16	5	8	9	18	1	1
18	17	7	17	9	16	5	9	8	18	1	1
18	17	7	17	9	16	6	7	9	18	1	1
18	17	7	17	9	16	6	8	8	18	1	1
18	17	7	17	9	16	6	9	7	18	1	1
18	17	7	17	9	16	7	6	9	18	1	1
18	17	7	17	9	16	7	9	6	18	1	1
18	17	7	17	9	16	8	5	9	18	1	1
18	17	7	17	9	16	8	6	8	18	1	1
18	17	7	17	9	16	8	8	6	18	1	1
18	17	7	17	9	16	8	9	5	18	1	1
18	17	7	17	9	16	9	4	9	18	1	1
18	17	7	17	9	16	9	5	8	18	1	1
18	17	7	17	9	16	9	6	7	18	1	1
18	17	7	17	9	16	9	7	6	18	1	1
18	17	7	17	9	16	9	9	4	18	1	1
18	17	7	17	16	9	4	9	9	18	1	1
18	17	7	17	16	9	5	8	9	18	1	1
18	17	7	17	16	9	5	9	8	18	1	1
18	17	7	17	16	9	6	7	9	18	1	1
18	17	7	17	16	9	7	6	9	18	1	1
18	17	7	17	16	9	7	7	8	18	1	1
18	17	7	17	16	9	7	9	6	18	1	1
18	17	7	17	16	9	8	5	9	18	1	1
18	17	7	17	16	9	8	6	8	18	1	1
18	17	7	17	16	9	8	7	7	18	1	1
18	17	7	17	16	9	8	8	6	18	1	1
18	17	7	17	16	9	8	9	5	18	1	1
18	17	7	17	16	9	9	4	9	18	1	1
18	17	7	17	16	9	9	5	8	18	1	1
18	17	7	17	16	9	9	6	7	18	1	1
18	17	7	17	16	9	9	7	6	18	1	1
18	17	7	17	16	9	9	8	5	18	1	1
18	17	7	17	16	9	9	9	4	18	1	1
18	17	7	17	17	8	4	9	9	18	1	1
18	17	7	17	17	8	5	8	9	18	1	1
18	17	7	17	17	8	5	9	8	18	1	1
18	17	7	17	17	8	6	9	7	18	1	1
18	17	7	17	17	8	7	6	9	18	1	1
18	17	7	17	17	8	7	8	7	18	1	1
18	17	7	17	17	8	7	9	6	18	1	1
18	17	7	17	17	8	8	5	9	18	1	1
18	17	7	17	17	8	8	6	8	18	1	1
18	17	7	17	17	8	8	7	7	18	1	1
18	17	7	17	17	8	8	8	6	18	1	1
18	17	7	17	17	8	8	9	5	18	1	1
18	17	7	17	17	8	9	5	8	18	1	1
18	17	7	17	17	8	9	6	7	18	1	1
18	17	7	17	17	8	9	7	6	18	1	1
18	17	7	17	17	8	9	8	5	18	1	1
18	17	7	17	17	8	9	9	4	18	1	1
18	17	7	18	7	17	5	8	9	18	1	1
18	17	7	18	7	17	5	9	8	18	1	1
18	17	7	18	7	17	6	7	9	18	1	1
18	17	7	18	7	17	6	8	8	18	1	1
18	17	7	18	7	17	6	9	7	18	1	1
18	17	7	18	7	17	7	6	9	18	1	1
18	17	7	18	7	17	7	7	8	18	1	1
18	17	7	18	7	17	7	8	7	18	1	1
18	17	7	18	7	17	7	9	6	18	1	1
18	17	7	18	7	17	8	5	9	18	1	1
18	17	7	18	7	17	8	6	8	18	1	1
18	17	7	18	7	17	8	7	7	18	1	1
18	17	7	18	7	17	8	8	6	18	1	1
18	17	7	18	7	17	8	9	5	18	1	1
18	17	7	18	7	17	9	5	8	18	1	1
18	17	7	18	7	17	9	8	5	18	1	1
18	17	7	18	8	16	4	9	9	18	1	1
18	17	7	18	8	16	5	8	9	18	1	1
18	17	7	18	8	16	5	9	8	18	1	1
18	17	7	18	8	16	6	7	9	18	1	1
18	17	7	18	8	16	6	8	8	18	1	1
18	17	7	18	8	16	6	9	7	18	1	1
18	17	7	18	8	16	7	6	9	18	1	1
18	17	7	18	8	16	7	7	8	18	1	1
18	17	7	18	8	16	7	8	7	18	1	1
18	17	7	18	8	16	7	9	6	18	1	1
18	17	7	18	8	16	8	5	9	18	1	1
18	17	7	18	8	16	8	6	8	18	1	1
18	17	7	18	8	16	9	4	9	18	1	1
18	17	7	18	8	16	9	5	8	18	1	1
18	17	7	18	8	16	9	6	7	18	1	1
18	17	7	18	8	16	9	9	4	18	1	1
18	17	7	18	9	15	4	9	9	18	1	1
18	17	7	18	9	15	5	8	9	18	1	1
18	17	7	18	9	15	5	9	8	18	1	1
18	17	7	18	9	15	6	7	9	18	1	1
18	17	7	18	9	15	6	8	8	18	1	1
18	17	7	18	9	15	6	9	7	18	1	1
18	17	7	18	9	15	7	6	9	18	1	1
18	17	7	18	9	15	7	7	8	18	1	1
18	17	7	18	9	15	8	5	9	18	1	1
18	17	7	18	9	15	8	6	8	18	1	1
18	17	7	18	9	15	8	7	7	18	1	1
18	17	7	18	9	15	8	9	5	18	1	1
18	17	7	18	9	15	9	4	9	18	1	1
18	17	7	18	9	15	9	5	8	18	1	1
18	17	7	18	9	15	9	6	7	18	1	1
18	17	7	18	9	15	9	8	5	18	1	1
18	17	7	18	9	15	9	9	4	18	1	1
18	17	7	18	12	12	1	12	9	18	1	1
18	17	7	18	12	12	2	11	9	18	1	1
18	17	7	18	12	12	2	12	8	18	1	1
18	17	7	18	12	12	3	10	9	18	1	1
18	17	7	18	12	12	3	11	8	18	1	1
18	17	7	18	12	12	3	12	7	18	1	1
18	17	7	18	12	12	4	9	9	18	1	1
18	17	7	18	12	12	4	10	8	18	1	1
18	17	7	18	12	12	5	8	9	18	1	1
18	17	7	18	12	12	5	9	8	18	1	1
18	17	7	18	12	12	5	10	7	18	1	1
18	17	7	18	12	12	6	7	9	18	1	1
18	17	7	18	12	12	6	8	8	18	1	1
18	17	7	18	12	12	6	9	7	18	1	1
18	17	7	18	12	12	6	10	6	18	1	1
18	17	7	18	12	12	6	11	5	18	1	1
18	17	7	18	12	12	7	6	9	18	1	1
18	17	7	18	12	12	7	7	8	18	1	1
18	17	7	18	12	12	7	8	7	18	1	1
18	17	7	18	12	12	7	9	6	18	1	1
18	17	7	18	12	12	7	10	5	18	1	1
18	17	7	18	12	12	7	11	4	18	1	1
18	17	7	18	12	12	7	12	3	18	1	1
18	17	7	18	12	12	8	6	8	18	1	1
18	17	7	18	12	12	8	7	7	18	1	1
18	17	7	18	12	12	8	8	6	18	1	1
18	17	7	18	12	12	8	9	5	18	1	1
18	17	7	18	12	12	8	10	4	18	1	1
18	17	7	18	12	12	8	11	3	18	1	1
18	17	7	18	12	12	8	12	2	18	1	1
18	17	7	18	12	12	9	5	8	18	1	1
18	17	7	18	12	12	9	6	7	18	1	1
18	17	7	18	12	12	9	7	6	18	1	1
18	17	7	18	12	12	9	8	5	18	1	1
18	17	7	18	12	12	9	9	4	18	1	1
18	17	7	18	12	12	9	10	3	18	1	1
18	17	7	18	12	12	9	11	2	18	1	1
18	17	7	18	12	12	9	12	1	18	1	1
18	17	7	18	15	9	4	9	9	18	1	1
18	17	7	18	15	9	5	8	9	18	1	1
18	17	7	18	15	9	6	8	8	18	1	1
18	17	7	18	15	9	7	6	9	18	1	1
18	17	7	18	15	9	7	7	8	18	1	1
18	17	7	18	15	9	7	8	7	18	1	1
18	17	7	18	15	9	7	9	6	18	1	1
18	17	7	18	15	9	8	5	9	18	1	1
18	17	7	18	15	9	8	6	8	18	1	1
18	17	7	18	15	9	8	7	7	18	1	1
18	17	7	18	15	9	8	8	6	18	1	1
18	17	7	18	15	9	8	9	5	18	1	1
18	17	7	18	15	9	9	4	9	18	1	1
18	17	7	18	15	9	9	5	8	18	1	1
18	17	7	18	15	9	9	6	7	18	1	1
18	17	7	18	15	9	9	7	6	18	1	1
18	17	7	18	15	9	9	8	5	18	1	1
18	17	7	18	15	9	9	9	4	18	1	1
18	17	7	18	16	8	4	9	9	18	1	1
18	17	7	18	16	8	6	7	9	18	1	1
18	17	7	18	16	8	6	9	7	18	1	1
18	17	7	18	16	8	7	6	9	18	1	1
18	17	7	18	16	8	7	7	8	18	1	1
18	17	7	18	16	8	7	8	7	18	1	1
18	17	7	18	16	8	7	9	6	18	1	1
18	17	7	18	16	8	8	5	9	18	1	1
18	17	7	18	16	8	8	6	8	18	1	1
18	17	7	18	16	8	8	7	7	18	1	1
18	17	7	18	16	8	8	8	6	18	1	1
18	17	7	18	16	8	8	9	5	18	1	1
18	17	7	18	16	8	9	4	9	18	1	1
18	17	7	18	16	8	9	5	8	18	1	1
18	17	7	18	16	8	9	6	7	18	1	1
18	17	7	18	16	8	9	7	6	18	1	1
18	17	7	18	16	8	9	8	5	18	1	1
18	17	7	18	16	8	9	9	4	18	1	1
18	17	7	18	17	7	5	9	8	18	1	1
18	17	7	18	17	7	6	8	8	18	1	1
18	17	7	18	17	7	6	9	7	18	1	1
18	17	7	18	17	7	7	6	9	18	1	1
18	17	7	18	17	7	7	7	8	18	1	1
18	17	7	18	17	7	7	8	7	18	1	1
18	17	7	18	17	7	7	9	6	18	1	1
18	17	7	18	17	7	8	5	9	18	1	1
18	17	7	18	17	7	8	6	8	18	1	1
18	17	7	18	17	7	8	7	7	18	1	1
18	17	7	18	17	7	8	8	6	18	1	1
18	17	7	18	17	7	8	9	5	18	1	1
18	17	7	18	17	7	9	4	9	18	1	1
18	17	7	18	17	7	9	5	8	18	1	1
18	17	7	18	17	7	9	6	7	18	1	1
18	17	7	18	17	7	9	7	6	18	1	1
18	17	7	18	17	7	9	8	5	18	1	1
18	17	7	18	18	6	4	9	9	18	1	1
18	17	7	18	18	6	6	7	9	18	1	1
18	17	7	18	18	6	6	8	8	18	1	1
18	17	7	18	18	6	6	9	7	18	1	1
18	17	7	18	18	6	7	6	9	18	1	1
18	17	7	18	18	6	7	7	8	18	1	1
18	17	7	18	18	6	7	8	7	18	1	1
18	17	7	18	18	6	7	9	6	18	1	1
18	17	7	18	18	6	8	5	9	18	1	1
18	17	7	18	18	6	8	6	8	18	1	1
18	17	7	18	18	6	8	7	7	18	1	1
18	17	7	18	18	6	8	8	6	18	1	1
18	17	7	18	18	6	9	5	8	18	1	1
18	17	7	18	18	6	9	6	7	18	1	1
18	17	7	18	18	6	9	7	6	18	1	1
18	18	6	14	14	14	8	7	7	9	3	1
18	18	6	14	14	14	8	8	6	9	3	1
18	18	6	14	14	14	9	7	6	18	6	1
18	18	6	14	14	14	9	8	5	18	6	1
18	18	6	15	14	13	4	9	9	18	2	1
18	18	6	15	14	13	5	8	9	18	2	1
18	18	6	15	14	13	5	9	8	18	2	1
18	18	6	15	14	13	6	7	9	18	2	1
18	18	6	15	14	13	6	8	8	18	2	1
18	18	6	15	14	13	6	9	7	18	2	1
18	18	6	15	14	13	7	6	9	18	2	1
18	18	6	15	14	13	7	7	8	18	2	1
18	18	6	15	14	13	7	8	7	18	2	1
18	18	6	15	14	13	7	9	6	18	2	1
18	18	6	15	14	13	8	5	9	18	2	1
18	18	6	15	14	13	8	6	8	18	2	1
18	18	6	15	14	13	8	7	7	18	2	1
18	18	6	15	14	13	8	8	6	18	2	1
18	18	6	15	14	13	9	4	9	18	2	1
18	18	6	15	14	13	9	5	8	18	2	1
18	18	6	15	14	13	9	6	7	18	2	1
18	18	6	15	14	13	9	7	6	18	2	1
18	18	6	15	14	13	9	8	5	18	2	1
18	18	6	15	15	12	7	6	9	18	2	1
18	18	6	15	15	12	7	7	8	9	1	1
18	18	6	15	15	12	8	5	9	18	2	1
18	18	6	15	15	12	8	6	8	18	2	1
18	18	6	15	15	12	8	7	7	18	2	1
18	18	6	15	15	12	9	4	9	18	2	1
18	18	6	15	15	12	9	5	8	18	2	1
18	18	6	15	15	12	9	6	7	18	2	1
18	18	6	15	15	12	9	7	6	18	2	1
18	18	6	15	15	12	9	9	4	9	1	1
18	18	6	16	14	12	4	9	9	18	2	1
18	18	6	16	14	12	5	8	9	18	2	1
18	18	6	16	14	12	5	9	8	18	2	1
18	18	6	16	14	12	6	7	9	18	2	1
18	18	6	16	14	12	6	8	8	18	2	1
18	18	6	16	14	12	6	9	7	18	2	1
18	18	6	16	14	12	7	6	9	18	2	1
18	18	6	16	14	12	7	7	8	18	2	1
18	18	6	16	14	12	7	8	7	18	2	1
18	18	6	16	14	12	8	5	9	18	2	1
18	18	6	16	14	12	8	6	8	18	2	1
18	18	6	16	14	12	8	7	7	18	2	1
18	18	6	16	14	12	8	8	6	18	2	1
18	18	6	16	14	12	9	4	9	18	2	1
18	18	6	16	14	12	9	5	8	18	2	1
18	18	6	16	14	12	9	6	7	18	2	1
18	18	6	16	14	12	9	7	6	18	2	1
18	18	6	16	14	12	9	8	5	18	2	1
18	18	6	16	14	12	9	9	4	18	2	1
18	18	6	16	15	11	4	9	9	18	2	1
18	18	6	16	15	11	5	8	9	18	2	1
18	18	6	16	15	11	5	9	8	18	2	1
18	18	6	16	15	11	6	7	9	18	2	1
18	18	6	16	15	11	6	8	8	18	2	1
18	18	6	16	15	11	6	9	7	18	2	1
18	18	6	16	15	11	7	6	9	18	2	1
18	18	6	16	15	11	7	7	8	18	2	1
18	18	6	16	15	11	8	5	9	18	2	1
18	18	6	16	15	11	8	6	8	18	2	1
18	18	6	16	15	11	8	7	7	18	2	1
18	18	6	16	15	11	8	9	5	18	2	1
18	18	6	16	15	11	9	4	9	18	2	1
18	18	6	16	15	11	9	5	8	18	2	1
18	18	6	16	15	11	9	6	7	18	2	1
18	18	6	16	15	11	9	7	6	18	2	1
18	18	6	16	15	11	9	8	5	18	2	1
18	18	6	16	15	11	9	9	4	18	2	1
18	18	6	17	16	9	4	9	9	18	2	1
18	18	6	17	16	9	5	8	9	18	2	1
18	18	6	17	16	9	5	9	8	18	2	1
18	18	6	17	16	9	6	9	7	18	2	1
18	18	6	17	16	9	7	6	9	18	2	1
18	18	6	17	16	9	7	8	7	18	2	1
18	18	6	17	16	9	7	9	6	18	2	1
18	18	6	17	16	9	8	5	9	18	2	1
18	18	6	17	16	9	8	6	8	18	2	1
18	18	6	17	16	9	8	7	7	18	2	1
18	18	6	17	16	9	8	8	6	18	2	1
18	18	6	17	16	9	8	9	5	18	2	1
18	18	6	17	16	9	9	4	9	18	2	1
18	18	6	17	16	9	9	5	8	18	2	1
18	18	6	17	16	9	9	6	7	18	2	1
18	18	6	17	16	9	9	7	6	18	2	1
18	18	6	17	16	9	9	8	5	18	2	1
18	18	6	17	16	9	9	9	4	18	2	1
18	18	6	17	17	8	7	7	8	9	1	1
18	18	6	17	17	8	8	6	8	18	2	1
18	18	6	17	17	8	8	7	7	18	2	1
18	18	6	17	17	8	8	8	6	9	1	1
18	18	6	17	17	8	9	4	9	18	2	1
18	18	6	17	17	8	9	5	8	18	2	1
18	18	6	17	17	8	9	6	7	18	2	1
18	18	6	17	17	8	9	7	6	18	2	1
18	18	6	17	17	8	9	8	5	18	2	1
18	18	6	18	12	12	6	10	6	9	1	1
18	18	6	18	12	12	6	12	4	18	2	1
18	18	6	18	12	12	7	8	7	9	1	1
18	18	6	18	12	12	7	9	6	18	2	1
18	18	6	18	12	12	7	10	5	18	2	1
18	18	6	18	12	12	7	11	4	18	2	1
18	18	6	18	12	12	7	12	3	18	2	1
18	18	6	18	12	12	8	6	8	9	1	1
18	18	6	18	12	12	8	7	7	18	2	1
18	18	6	18	12	12	8	8	6	18	2	1
18	18	6	18	12	12	8	9	5	18	2	1
18	18	6	18	12	12	8	10	4	18	2	1
18	18	6	18	12	12	8	11	3	18	2	1
18	18	6	18	12	12	8	12	2	18	2	1
18	18	6	18	12	12	9	4	9	9	1	1
18	18	6	18	12	12	9	5	8	18	2	1
18	18	6	18	12	12	9	6	7	18	2	1
18	18	6	18	12	12	9	7	6	18	2	1
18	18	6	18	12	12	9	8	5	18	2	1
18	18	6	18	12	12	9	9	4	18	2	1
18	18	6	18	12	12	9	10	3	18	2	1
18	18	6	18	12	12	9	11	2	18	2	1
18	18	6	18	12	12	9	12	1	18	2	1
18	18	6	18	15	9	4	9	9	18	2	1
18	18	6	18	15	9	6	7	9	18	2	1
18	18	6	18	15	9	6	9	7	18	2	1
18	18	6	18	15	9	7	8	7	18	2	1
18	18	6	18	15	9	7	9	6	18	2	1
18	18	6	18	15	9	8	5	9	18	2	1
18	18	6	18	15	9	8	6	8	18	2	1
18	18	6	18	15	9	8	7	7	18	2	1
18	18	6	18	15	9	8	8	6	18	2	1
18	18	6	18	15	9	8	9	5	18	2	1
18	18	6	18	15	9	9	4	9	18	2	1
18	18	6	18	15	9	9	5	8	18	2	1
18	18	6	18	15	9	9	6	7	18	2	1
18	18	6	18	15	9	9	7	6	18	2	1
18	18	6	18	15	9	9	8	5	18	2	1
18	18	6	18	15	9	9	9	4	18	2	1
18	18	6	18	16	8	4	9	9	18	2	1
18	18	6	18	16	8	5	9	8	18	2	1
18	18	6	18	16	8	6	9	7	18	2	1
18	18	6	18	16	8	7	6	9	18	2	1
18	18	6	18	16	8	7	7	8	18	2	1
18	18	6	18	16	8	7	8	7	18	2	1
18	18	6	18	16	8	7	9	6	18	2	1
18	18	6	18	16	8	8	5	9	18	2	1
18	18	6	18	16	8	8	6	8	18	2	1
18	18	6	18	16	8	8	7	7	18	2	1
18	18	6	18	16	8	8	8	6	18	2	1
18	18	6	18	16	8	8	9	5	18	2	1
18	18	6	18	16	8	9	4	9	18	2	1
18	18	6	18	16	8	9	5	8	18	2	1
18	18	6	18	16	8	9	6	7	18	2	1
18	18	6	18	16	8	9	7	6	18	2	1
18	18	6	18	16	8	9	8	5	18	2	1
18	18	6	18	17	7	4	9	9	18	2	1
18	18	6	18	17	7	6	7	9	18	2	1
18	18	6	18	17	7	6	8	8	18	2	1
18	18	6	18	17	7	6	9	7	18	2	1
18	18	6	18	17	7	7	6	9	18	2	1
18	18	6	18	17	7	7	7	8	18	2	1
18	18	6	18	17	7	7	8	7	18	2	1
18	18	6	18	17	7	7	9	6	18	2	1
18	18	6	18	17	7	8	5	9	18	2	1
18	18	6	18	17	7	8	6	8	18	2	1
18	18	6	18	17	7	8	7	7	18	2	1
18	18	6	18	17	7	8	8	6	18	2	1
18	18	6	18	17	7	9	5	8	18	2	1
18	18	6	18	17	7	9	6	7	18	2	1
18	18	6	18	17	7	9	7	6	18	2	1
18	18	6	18	18	6	7	6	9	18	2	1
18	18	6	18	18	6	7	7	8	9	1	1
18	18	6	18	18	6	8	5	9	18	2	1
18	18	6	18	18	6	8	6	8	18	2	1
18	18	6	18	18	6	8	7	7	18	2	1
18	18	6	18	18	6	9	5	8	18	2	1
18	18	6	18	18	6	9	6	7	18	2	1
20	16	6	16	14	12	6	9	7	18	1	0
